mp-13798,6.287173476882756,6.287173476882756,6.287173476882756,0.33333333333333337,0.33333333333333337,0.33333333333333337,0.25,0.25,0.25,0.75,0.75,0.75,0.5,0.5,0.5,0.0,0.0,0.0,0.754076,0.754076,0.24592399999999903,0.24592399999999903,0.754076,0.754076,0.24592399999999903,0.24592399999999903,0.754076,0.754076,0.24592399999999903,0.754076,0.24592399999999903,0.754076,0.24592399999999903,0.754076,0.24592399999999903,0.24592399999999903
mp-13800,6.492262727698101,6.492262727698101,6.492262727698101,0.3333333333333333,0.3333333333333333,0.3333333333333333,0.75,0.75,0.75,0.25,0.25,0.25,0.5,0.5,0.5,0.0,0.0,0.0,0.759053,0.240947,0.240946,0.240947,0.240947,0.759053,0.240946,0.759053,0.759053,0.240947,0.759053,0.240947,0.759053,0.240947,0.759053,0.759053,0.759054,0.240946
mp-13898,6.27440127579476,6.27440127579476,6.27440127579476,0.33333333333333337,0.33333333333333337,0.33333333333333337,0.75,0.75,0.75,0.25,0.25,0.25,0.5,0.5,0.5,0.0,0.0,0.0,0.76349524,0.23650476,0.23650476,0.23650476,0.23650476,0.76349524,0.23650476,0.76349524,0.76349524,0.23650476,0.76349524,0.23650476,0.76349524,0.23650476,0.76349524,0.76349524,0.76349524,0.23650476
mp-13907,5.8058603200867225,5.805859689883517,5.8058602174303315,0.2989758961341886,0.2989758874155156,0.298975936064886,0.5,0.5,0.5,0.0,0.0,0.0,0.23206133,0.91454072,0.62012287,0.91454072,0.62012287,0.23206133,0.37987713,0.76793867,0.08545928,0.08545928,0.37987713,0.76793867,0.76793867,0.08545928,0.37987713,0.62012287,0.23206133,0.91454072
mp-13925,6.506377993264148,6.506377993264148,6.506377993264148,0.33333333333333337,0.33333333333333337,0.33333333333333337,0.75,0.75,0.75,0.25,0.25,0.25,0.5,0.5,0.5,0.0,0.0,0.0,0.760718999999999,0.239281,0.239281,0.239281,0.760718999999999,0.239281,0.760718999999999,0.239281,0.760718999999999,0.760718999999999,0.760718999999999,0.239281,0.239281,0.760718999999999,0.760718999999999,0.239281,0.239281,0.760718999999999
mp-13948,6.3607443,6.360743624974596,4.97031964,0.5,0.5,0.6666666572774141,0.333333,0.666667,0.6954810100000001,0.666667,0.333333,0.30451899,0.0,0.0,0.0,0.84892582,0.15107418,0.7784677600000001,0.84892582,0.69785265,0.7784677600000001,0.30214735,0.15107418,0.7784677600000001,0.15107418,0.84892582,0.22153224,0.15107418,0.30214735,0.22153224,0.69785265,0.84892582,0.22153224
mp-13949,6.2185065433684965,6.218506185762778,7.402730313000092,0.6379749932312513,0.637974983523407,0.5000000314111361,0.0,0.0,0.0,0.25,0.75,0.5,0.5,0.5,0.0,0.41047066,0.39240904,0.27443458,0.11797346,0.58952934,0.72556542,0.60759096,0.13603708,0.72556542,0.86396292,0.88202654,0.27443458
mp-13984,5.648176928712113,5.648176914050577,5.648177919448836,0.29547702000953346,0.2954769620346726,0.2954770415173268,0.5,0.5,0.5,0.0,0.0,0.0,0.39434027,0.05862013,0.77928568,0.05862013,0.77928568,0.39434027,0.22071432,0.6056597300000001,0.94137987,0.94137987,0.22071432,0.6056597300000001,0.6056597300000001,0.94137987,0.22071432,0.77928568,0.39434027,0.05862013
mp-13992,6.377727884889818,6.377729174959872,7.655057274426302,0.5686209235151345,0.5686208954749903,0.6617226963610399,0.65408657,0.65408657,0.30817414,0.34591343,0.34591343,0.69182586,0.5,0.0,0.0,0.0,0.0,0.0,0.0,0.5,0.0,0.72619788,0.06206771,0.78826659,0.06206771,0.72619788,0.78826659,0.27380212,0.93793229,0.21173341,0.93793229,0.27380212,0.21173341
mp-14006,4.857613499374992,4.857614297976286,4.8576141653824685,0.5455678270388445,0.545567804436294,0.5455678292112848,0.5,0.5,0.5,0.0,0.0,0.0,0.26603919,0.26603919,0.9241793700000001,0.26603919,0.9241793700000001,0.26603919,0.73396081,0.07582063,0.73396081,0.73396081,0.73396081,0.07582063,0.07582063,0.73396081,0.73396081,0.9241793700000001,0.26603919,0.26603919
mp-14017,6.07353031,6.0735304345101815,10.77763774,0.5,0.5,0.6666666632017533,0.333333,0.666667,0.91784076,0.666667,0.333333,0.41784076000000003,0.0,0.0,0.25,0.0,0.0,0.75,0.333333,0.666667,0.58215924,0.666667,0.333333,0.08215924000000001,0.666667,0.333333,0.75,0.333333,0.666667,0.25
mp-14036,6.4243734056363815,6.4243734056363815,6.4243734056363815,0.33333333333333337,0.33333333333333337,0.33333333333333337,0.5,0.5,0.5,0.25,0.25,0.25,0.75,0.75,0.75,0.0,0.0,0.0,0.778177999999999,0.778177999999999,0.221822,0.221822,0.778177999999999,0.778177999999999,0.221822,0.221822,0.778177999999999,0.778177999999999,0.221822,0.778177999999999,0.221822,0.778177999999999,0.221822,0.778177999999999,0.221822,0.221822
mp-14039,6.024341886315716,6.024341886315716,6.024341886315716,0.33333333333333337,0.33333333333333337,0.33333333333333337,0.25,0.25,0.25,0.75,0.75,0.75,0.5,0.5,0.5,0.0,0.0,0.0,0.763867,0.763867,0.236132999999999,0.236132999999999,0.763867,0.763867,0.236132999999999,0.236132999999999,0.763867,0.763867,0.236132999999999,0.763867,0.236132999999999,0.763867,0.236132999999999,0.763867,0.236132999999999,0.236132999999999
mp-14069,5.744490944671352,5.744490429235223,5.7444903499999995,0.333333303556539,0.33333332004624433,0.33333330780086445,0.625,0.625,0.625,0.375,0.375,0.375,0.875,0.875,0.875,0.125,0.125,0.125,0.0,0.5,0.0,0.5,0.0,0.0,0.0,0.0,0.0,0.0,0.0,0.5
mp-14091,5.9752059364763,5.975205728942019,6.944284353004935,0.6415656151416812,0.6415656518505573,0.5000000638027471,0.5,0.5,0.0,0.75,0.25,0.5,0.25,0.75,0.5,0.0,0.0,0.0,0.83754852,0.875,0.25,0.625,0.16245148,0.75,0.41245148,0.375,0.25,0.125,0.58754852,0.75
mp-14092,6.351812684878612,6.351812768772656,7.554261123915128,0.638114659435473,0.638114659664926,0.5000000274734974,0.75,0.25,0.5,0.5,0.5,0.0,0.25,0.75,0.5,0.0,0.0,0.0,0.39626036000000003,0.375,0.25,0.125,0.60373964,0.75,0.625,0.14626036,0.75,0.85373964,0.875,0.25
mp-14115,4.998864065918957,4.998864515498183,4.998863576712594,0.19670604709373285,0.19670597850843588,0.19670608009645546,0.5,0.5,0.5,0.0,0.0,0.0,0.7439209,0.7439209,0.7439209,0.2560791,0.2560791,0.2560791
mp-14116,5.960931135821216,5.960931482593984,5.960931377645338,0.1666834699098516,0.1666834059274034,0.16668346630857236,0.0,0.0,0.0,0.5,0.5,0.5,0.892841,0.892841,0.892841,0.107158999999999,0.107158999999999,0.107158999999999
mp-1415,4.200550113224343,4.200550828397739,4.20055129,0.33333340379359855,0.333333372295142,0.3333333645799164,0.0,0.0,0.0,0.5,0.5,0.5
mp-14175,6.193785751160062,6.1937861418690305,6.193785945774274,0.5699621037267956,0.6278660390838597,0.6278661317380572,0.5,0.25,0.75,0.5,0.75,0.25,0.0,0.5,0.5,0.0,0.0,0.0,0.57123722,0.807269399999999,0.807269399999999,0.0,0.1927306,0.76396782,0.0,0.76396782,0.1927306,0.42876278,0.23603218,0.23603218,0.28438438,0.33470485,0.33470485,0.0,0.6652951500000001,0.94967853,0.0,0.94967853,0.6652951500000001,0.71561562,0.05032147,0.05032147
mp-14205,7.581769014925905,7.581768888300808,7.581768716450823,0.2475271836307845,0.2475272473606221,0.24752717680710892,0.08912218,0.08912218,0.08912218,0.9108778200000001,0.9108778200000001,0.9108778200000001,0.5,0.5,0.5,0.5,0.5,0.0,0.0,0.5,0.5,0.5,0.0,0.5,0.74711846,0.74711846,0.74711846,0.25288154,0.25288154,0.25288154
mp-14206,7.933458113586429,7.933457978615072,7.933457818966418,0.24630125657734842,0.246301279721734,0.24630124321968935,0.09104626,0.09104626,0.09104626,0.9089537400000001,0.9089537400000001,0.9089537400000001,0.5,0.5,0.5,0.5,0.0,0.5,0.5,0.5,0.0,0.0,0.5,0.5,0.75453442,0.75453442,0.75453442,0.24546558000000002,0.24546558000000002,0.24546558000000002
mp-14285,5.5196042,5.514386001530318,5.582605913588771,0.6351460072875581,0.5,0.5,0.50187793,0.72820852,0.21218813,0.00187793,0.27179148000000003,0.28781187,0.49812207000000003,0.27179148000000003,0.78781187,0.99812207,0.72820852,0.71218813,0.12622864,0.84202058,0.13237232000000002,0.62622864,0.15797942,0.36762768,0.87377136,0.15797942,0.86762768,0.37377136,0.84202058,0.63237232,0.62736817,0.66063136,0.8182266300000001,0.12736817,0.33936864,0.68177337,0.37263183,0.33936864,0.18177337000000002,0.87263183,0.66063136,0.31822663
mp-14398,6.143544857128171,6.143544857128171,6.143545832046018,0.2622560337863933,0.2622560337863933,0.2622560070046963,0.0,0.0,0.0,0.5,0.5,0.5,0.760691,0.760691,0.760691,0.239309,0.239309,0.239309,0.49121000000000004,0.730121,0.052652,0.730121,0.052652,0.49121000000000004,0.947348,0.5087900000000001,0.269879,0.5087900000000001,0.269879,0.947348,0.269879,0.947348,0.5087900000000001,0.052652,0.49121000000000004,0.730121
mp-14652,6.928870994480746,6.928870564912402,8.92650557665173,0.6180842744820554,0.6180842740550129,0.5209985467764027,0.75,0.25,0.5,0.25,0.75,0.5,0.71398132,0.28601868,0.0,0.28601868,0.71398132,0.0,0.73307809,0.73307809,0.8581293600000001,0.8749487300000001,0.8749487300000001,0.14187064,0.26692191,0.26692191,0.14187064,0.12505127,0.12505127,0.8581293600000001,0.85747846,0.85747846,0.71495891,0.14252154,0.14252154,0.28504109
mp-1479,3.204709645986926,3.2047104017639794,3.20471056,0.3333333816048594,0.3333333382643132,0.33333334685265736,0.0,0.0,0.0,0.25,0.25,0.25
mp-1500,4.5617934537544,4.561793668426567,4.5617946400000005,0.3333333783047046,0.33333336992892715,0.3333333900630631,0.0,0.0,0.0,0.5,0.5,0.5
mp-15157,4.498533171119997,4.498527782293911,8.069470281004566,0.5898843898819681,0.5898827248233978,0.5000184010230176,0.64930548,0.64927606,0.29862746,0.35069452,0.35072394,0.70137254,0.0,0.0,0.0,0.5,0.0,0.0,0.0,0.5,0.0,0.84793297,0.84793837,0.69579632,0.15206703,0.15206163,0.30420368000000003
mp-1519,4.519620733579659,4.519621404809907,4.51962073,0.3333332762819887,0.3333332487134495,0.33333330425383845,0.0,0.0,0.0,0.5,0.5,0.5
mp-1522,3.37769817,4.42562487,5.39652822,0.5,0.5,0.5,0.5,0.5,0.5,0.0,0.0,0.0,0.5,0.29959281,0.87818467,0.5,0.7004071900000001,0.12181533,0.0,0.20040719,0.37818467,0.0,0.79959281,0.62181533
mp-15349,4.84326376,5.437115266449696,5.4998235212760465,0.6645751907894146,0.5,0.5,0.01122077,0.8337917300000001,0.35046267000000003,0.51122077,0.16620827,0.64953733,0.51122077,0.51667094,0.35046267000000003,0.01122077,0.48332906000000003,0.64953733,0.50316329,0.82049192,0.0,0.00316329,0.17950808000000001,0.0,0.87565193,0.86388116,0.0,0.40842312000000003,0.52707345,0.69233028,0.40842312000000003,0.83474216,0.30766972,0.37565193,0.13611884,0.0,0.90842312,0.16525784000000002,0.69233028,0.90842312,0.47292655,0.30766972
mp-1541,3.654284317881507,3.654283073325434,3.6542833200000002,0.33333332092790713,0.3333333835174311,0.33333333410625077,0.0,0.0,0.0,0.25,0.25,0.25
mp-1550,3.8699723319258843,3.869971937690879,3.86997254,0.3333333522187821,0.33333337094011456,0.33333333968318435,0.0,0.0,0.0,0.25,0.25,0.25
mp-15557,7.180776419745774,7.180777664139275,9.264459384691165,0.6154253881716144,0.6154255098547279,0.5272617320812716,0.75004742,0.2499527,0.49999988,0.2499527,0.75004742,0.49999988,0.272241199999999,0.72775983,2e-08,0.72775983,0.2722402,0.9999990200000001,0.7115804,0.7115804,0.84850988,0.86290627,0.86290627,0.15129185,0.28841894,0.28841894,0.15149039,0.13709351,0.13709351,0.84870842,0.84774726,0.84774726,0.69562314,0.15225246,0.15225246,0.30437752
mp-15649,6.093720307859484,6.09813098,6.194007179814263,0.5,0.6268507592973696,0.5,0.15441666,0.87400115,0.87411563,0.84558334,0.37400115,0.62588437,0.84558334,0.12599885,0.12588437,0.15441666,0.62599885,0.37411563000000003,0.33827041,0.37113815,0.18387911,0.66172959,0.87113815,0.31612089,0.66172959,0.6288618500000001,0.81612089,0.33827041,0.12886185,0.68387911,0.27221259000000003,0.49955255,0.79151832,0.72778741,0.00044745,0.70848168,0.72778741,0.50044745,0.20848168,0.27221259000000003,0.00044745,0.29151832
mp-15684,5.82699999,6.296821075744752,6.296820421017884,0.5880690458492255,0.5,0.5,0.25,0.02176703,0.68413002,0.75,0.97823297,0.31586998,0.75,0.31586998,0.97823297,0.25,0.68413002,0.02176703,0.5,0.5,0.5,0.0,0.5,0.5,0.25,0.26077789,0.26077789,0.75,0.73922211,0.73922211
mp-1569,3.057890265677607,3.057891517763093,3.05789259,0.3333334497909934,0.33333337454190426,0.33333336631145294,0.25,0.25,0.25,0.75,0.75,0.75,0.0,0.0,0.0
mp-15703,3.7527026562711354,3.7527019965392454,4.372435975502595,0.6411803676969018,0.6411803774783448,0.5000000075488293,0.0,0.0,0.0,0.25,0.75,0.5,0.5,0.5,0.0,0.75,0.25,0.5,0.42015301,0.375,0.25,0.125,0.5798469900000001,0.75,0.625,0.17015301,0.75,0.8298469900000001,0.875,0.25
mp-15704,4.053301180693004,4.053300050486338,4.969398248812825,0.6337131502438121,0.6337130433184482,0.49999994553528526,0.0,0.0,0.0,0.25,0.75,0.5,0.5,0.5,0.0,0.75,0.25,0.5,0.38124024,0.375,0.25,0.86875976,0.875,0.25,0.125,0.61875976,0.75,0.625,0.13124024,0.75
mp-15724,5.448000519773195,5.447999945735867,5.448,0.3333333315028521,0.33333335086673704,0.33333328670709617,0.5,0.5,0.5,0.25,0.25,0.25,0.75,0.75,0.75,0.0,0.0,0.0
mp-15781,7.710213388022547,7.710213388022547,7.71021324970624,0.17953384683682047,0.17953384683682047,0.1795339207044396,0.5,0.5,0.5,0.0,0.0,0.0,0.73672226,0.73672226,0.73672226,0.26327774,0.26327774,0.26327774
mp-15788,6.536375110089439,6.536375110089439,6.536374853913139,0.1932092045017723,0.1932092045017723,0.19320918573493734,0.5,0.5,0.5,0.0,0.0,0.0,0.24956317,0.24956317,0.24956317,0.75043683,0.75043683,0.75043683
mp-15794,6.8662681686084674,6.8662681686084674,6.86626883025313,0.19103803453637203,0.19103803453637203,0.19103799591192466,0.5,0.5,0.5,0.0,0.0,0.0,0.24891772,0.24891772,0.24891772,0.75108228,0.75108228,0.75108228
mp-15896,6.685599119298085,6.670976705819921,6.744379175741926,0.33532986987337576,0.44992861026855674,0.3974052784414999,0.50262342,0.23318964,0.50960673,0.00262342,0.74279636,0.49039327,0.50015775,0.58408142,0.82600655,0.00015775,0.41008898,0.17399345,0.52432198,0.88575359,0.16972488,0.02432198,0.05547947,0.83027512,0.12257408,0.6986897400000001,0.83051447,0.62257408,0.5292042,0.16948553,0.62687497,0.86713526,0.48386814,0.12687497,0.351003399999999,0.51613186,0.14494781,0.030647010000000002,0.15708293,0.64494781,0.18773093,0.84291707
mp-1591,8.525228664084809,8.525228830640087,8.525228261341296,0.12525327854154844,0.1252532386617819,0.125253266257768,0.86987806,0.86987806,0.86987806,0.13012194,0.13012194,0.13012194,0.7064868,0.7064868,0.7064868,0.2935132,0.2935132,0.2935132,0.78327526,0.78327526,0.78327526,0.21672474,0.21672474,0.21672474,0.0,0.0,0.0
mp-15951,4.667277861479047,4.667268916179732,5.182796929335205,0.500108560762873,0.49989187651050054,0.6667039380208332,0.46616539,0.00031576,0.33329161,0.00032023,0.46616757000000003,0.66670809,0.53392025,0.5339192700000001,3.899999999999998e-07,0.41147779,0.27759956,0.222273,0.7223661,0.13415306,0.55560578,0.86588164,0.58812008,0.88902895,0.13415384,0.7223667300000001,0.44439474,0.58811798,0.86588137,0.11096984,0.27759678,0.4114756,0.77772838
mp-15954,6.088387121171141,6.10348454,6.178897474753292,0.5,0.6338735485940457,0.5,0.15677599,0.87226389,0.87006083,0.84322401,0.37226389,0.62993917,0.84322401,0.12773611,0.12993917,0.15677599,0.62773611,0.37006083,0.33854258,0.37113188,0.18243857,0.66145742,0.87113188,0.31756143000000003,0.66145742,0.62886812,0.81756143,0.33854258,0.12886812,0.68243857,0.27208909000000003,0.49889887,0.78909876,0.72791091,0.99889887,0.71090124,0.72791091,0.50110113,0.21090124000000002,0.27208909000000003,0.00110113,0.28909876
mp-15988,4.449039666465381,4.449040583081253,4.44904005,0.3333333549402242,0.3333333170776148,0.33333331079467027,0.25,0.25,0.25,0.5,0.5,0.5,0.0,0.0,0.0,0.75,0.75,0.75
mp-15999,5.763417846585195,6.292172006963537,7.048567303081381,0.647274217373084,0.634065201817952,0.49999992761445144,0.773617799999999,0.5236178,0.54723559,0.226382199999999,0.9763822,0.45276441,0.226382199999999,0.4763822,0.45276441,0.773617799999999,0.023617799999999002,0.54723559,0.5,0.75,0.0,0.5,0.25,0.0,0.0,0.5,0.0,0.0,0.0,0.0,0.15311705,0.35874412,0.7174902400000001,0.43562781,0.14125588,0.28250976,0.56437219,0.85874412,0.7174902400000001,0.84688295,0.64125588,0.28250976
mp-160,5.042456865592828,5.042457267320669,5.0424577699287845,0.3228813621186425,0.3228813735971857,0.32288126290819674,0.00997004,0.65428512,0.00997004,0.00997004,0.00997004,0.65428512,0.65428512,0.00997004,0.00997004,0.34571488,0.99002996,0.99002996,0.99002996,0.34571488,0.99002996,0.99002996,0.99002996,0.34571488,0.22056557000000002,0.63163483,0.22056557000000002,0.22056557000000002,0.22056557000000002,0.63163483,0.63163483,0.22056557000000002,0.22056557000000002,0.36836517,0.77943443,0.77943443,0.77943443,0.36836517,0.77943443,0.77943443,0.77943443,0.36836517
mp-16236,4.51645146,4.51645146,7.6982129,0.5,0.5,0.5,0.75,0.75,0.33713702,0.25,0.25,0.66286298,0.75,0.25,0.0,0.25,0.75,0.0,0.25,0.25,0.21701423,0.75,0.75,0.78298577
mp-16264,4.65171675,7.65775752,8.29990894,0.5,0.5,0.5,0.75,0.843731599999999,0.57372808,0.25,0.1562684,0.42627192,0.25,0.6562684,0.07372808,0.75,0.343731599999999,0.92627192,0.75,0.49109938000000003,0.29502072,0.75,0.99109938,0.20497928,0.25,0.50890062,0.70497928,0.25,0.00890062,0.79502072,0.75,0.730673599999999,0.901910099999999,0.25,0.269326399999999,0.0980899,0.75,0.230673599999999,0.5980899,0.25,0.7693264,0.4019101
mp-16337,6.203217312392766,6.203216307761463,7.399264625649918,0.6376816670078784,0.6376816050873052,0.49999998702269405,0.5,0.5,0.0,0.25,0.75,0.5,0.0,0.0,0.0,0.41253692000000003,0.3920588,0.27561286,0.6079412,0.13692406000000001,0.72438714,0.11644594,0.58746308,0.72438714,0.86307594,0.88355406,0.27561286
mp-1639,2.5639706027959823,2.5639706027959823,2.5639706027959823,0.33333333333333337,0.33333333333333337,0.33333333333333337,0.0,0.0,0.0,0.25,0.25,0.25
mp-16577,6.343745368704867,6.343745368704867,6.343745368704867,0.7382067277736017,0.7382067277736017,0.3824835914898683,0.75,0.25,0.5,0.0,0.0,0.0,0.5,0.5,0.0,0.25,0.75,0.5,0.49458625,0.46533729,0.599827,0.23488142,0.8016510800000001,0.85816959,0.53466271,0.13448971,0.029249960000000002,0.10524075000000001,0.50541375,0.97075004,0.86551029,0.89475925,0.400173,0.19834892,0.05651852,0.43323035,0.94348148,0.37671183,0.14183041,0.62328817,0.76511858,0.56676965
mp-1672,4.033866116246554,4.033866704326284,4.03386744,0.33333329981725396,0.3333332730253026,0.33333323842536716,0.0,0.0,0.0,0.5,0.5,0.5
mp-16742,4.583373,4.583373,9.83437,0.5,0.5,0.5,0.5,0.0,0.147971,0.0,0.5,0.852028999999999,0.5,0.5,0.5,0.0,0.0,0.5,0.0,0.5,0.316611,0.5,0.0,0.683389,0.0,0.0,0.0,0.5,0.5,0.0
mp-16763,8.569501100785729,8.569501100785729,8.569501588874626,0.16895426572583494,0.16895426572583494,0.16895429804397374,0.5,0.5,0.5,0.0,0.0,0.0,0.26334175,0.26334175,0.26334175,0.7366582500000001,0.7366582500000001,0.7366582500000001
mp-1700,3.088632925598545,3.0886331568490513,3.08863425,0.3333333271957641,0.3333333134361606,0.3333332651224884,0.0,0.0,0.0,0.25,0.25,0.25
mp-1747,5.785813376347968,5.785813746283467,5.78581246,0.33333337418988634,0.333333362439532,0.3333333828263451,0.25,0.25,0.25,0.75,0.75,0.75,0.0,0.0,0.0
mp-1778,2.6852460180604645,2.6852454973423017,2.6852468,0.3333333126196546,0.3333333482572339,0.333333386671906,0.0,0.0,0.0,0.25,0.25,0.25
mp-1784,4.251323182690102,4.251323061493782,4.25132308,0.33333337662592966,0.3333333818650054,0.33333333499183376,0.0,0.0,0.0,0.5,0.5,0.5
mp-1794,2.5804051786043214,2.5804051786043214,2.5804051786043214,0.33333333333333337,0.33333333333333337,0.33333333333333337,0.0,0.0,0.0,0.5,0.5,0.5
mp-181,6.232858709235614,6.232858334089578,8.57491527720336,0.6183963248162909,0.6183963276478099,0.5000000007377682,0.12654546,0.62654546,0.25308892,0.37345454,0.87345454,0.7469110800000001,0.0,0.0,0.0,0.77816955,0.9838762,0.5563381,0.0161238,0.22183045,0.4436619,0.6982619,0.3922023,0.78440561,0.6077977,0.3017381,0.21559439,0.6077977,0.9138582900000001,0.21559439,0.08614171,0.3922023,0.78440561,0.77816955,0.572460899999999,0.5563381,0.4275391,0.22183045,0.4436619,0.5,0.5,0.0
mp-1960,3.29066929378113,3.2906691688744707,3.290669,0.33333328691688374,0.3333332938926351,0.33333333230746354,0.75,0.75,0.75,0.25,0.25,0.25,0.0,0.0,0.0
mp-1968,3.93077848,3.93077727593967,6.11195352,0.5,0.5,0.6666667229603068,0.666667,0.333333,0.75376432,0.333333,0.666667,0.24623568,0.666667,0.333333,0.35410935,0.333333,0.666667,0.64589065,0.0,0.0,0.0
mp-19734,5.59028791139824,5.590287595472267,5.5902879658751905,0.30311666046304564,0.3031166812708318,0.30311665760089485,0.0,0.0,0.0,0.5,0.5,0.5,0.38401557000000003,0.10179274,0.75849426,0.10179274,0.75849426,0.38401557000000003,0.24150574,0.61598443,0.8982072600000001,0.8982072600000001,0.24150574,0.61598443,0.61598443,0.8982072600000001,0.24150574,0.75849426,0.38401557000000003,0.10179274
mp-19765,6.352131568014335,6.352131903302835,7.735093752889792,0.6346823628085875,0.6346823590963843,0.49999998409994983,0.25,0.75,0.5,0.5,0.5,0.0,0.0,0.0,0.0,0.8626144800000001,0.90563531,0.2737366,0.41112313,0.36810129,0.2737366,0.09436469,0.58887687,0.7262634,0.63189871,0.13738552,0.7262634
mp-19795,3.95493252,4.70697081,10.65114771,0.5,0.5,0.5,0.5,0.37425088,0.61934339,0.5,0.62574912,0.38065661,0.0,0.8742508800000001,0.8806566100000001,0.0,0.12574912,0.11934339000000001,0.5,0.53870943,0.845021399999999,0.5,0.46129057,0.1549786,0.0,0.03870943,0.6549786,0.0,0.9612905700000001,0.3450214
mp-19799,5.073022207889059,5.073023154979576,5.073021955676694,0.5402737199316211,0.5402736744629448,0.5402736908221171,0.5,0.5,0.5,0.0,0.0,0.0,0.7040031800000001,0.7040031800000001,0.06818463,0.7040031800000001,0.06818463,0.7040031800000001,0.29599682,0.93181537,0.29599682,0.29599682,0.29599682,0.93181537,0.93181537,0.29599682,0.29599682,0.06818463,0.7040031800000001,0.7040031800000001
mp-19833,5.8739102937703835,5.873910328766443,7.0509402231759255,0.6367553501627269,0.6367553415904982,0.4999999363355057,0.5,0.5,0.0,0.75,0.25,0.5,0.25,0.75,0.5,0.0,0.0,0.0,0.86374935,0.875,0.25,0.625,0.13625065,0.75,0.38625065000000003,0.375,0.25,0.125,0.61374935,0.75
mp-19851,7.187004774192562,7.187004636625641,7.187004952614242,0.5851461905073125,0.5851461335450696,0.6562396835258274,0.25,0.25,0.0,0.75,0.75,0.0,0.75,0.25,0.5,0.25,0.75,0.5,0.17421384,0.32578616,0.5,0.32578616,0.82578616,0.15157132,0.6742138400000001,0.17421384,0.84842868,0.82578616,0.6742138400000001,0.5
mp-20015,4.89408167,4.894081447169482,5.51676445,0.5,0.5,0.6666666746586066,0.666667,0.333333,0.5,0.333333,0.666667,0.5,0.0,0.0,0.0,0.38425549999999903,0.38425549999999903,0.68791971,0.615744499999999,0.0,0.68791971,0.0,0.615744499999999,0.68791971,0.38425549999999903,0.0,0.31208029,0.0,0.38425549999999903,0.31208029,0.615744499999999,0.615744499999999,0.31208029
mp-20027,2.71536528,4.91822373,5.62703023,0.5,0.5,0.5,0.5,0.5,0.5,0.0,0.0,0.0,0.5,0.32900046,0.86940035,0.5,0.6709995400000001,0.13059965,0.0,0.17099954,0.36940135,0.0,0.82900046,0.6305996500000001
mp-20072,6.054997502834269,6.054997502834269,6.0549974564179045,0.20571799211421973,0.20571799211421973,0.20571795740610715,0.5,0.5,0.5,0.0,0.0,0.0,0.893597699999999,0.893597699999999,0.893597699999999,0.106402299999999,0.106402299999999,0.106402299999999
mp-2008,2.87388077,5.24609782,5.9602176700000005,0.5,0.5,0.5,0.0,0.0,0.0,0.5,0.5,0.5,0.0,0.17883368,0.36276647,0.0,0.82116632,0.63723353,0.5,0.67883368,0.13723353,0.5,0.32116632,0.8627664700000001
mp-20098,4.339554789339323,4.339554907329229,7.353027620330051,0.5953483985224283,0.5953483955012904,0.4999999923614388,0.35581795,0.35581795,0.7116369,0.6441820500000001,0.6441820500000001,0.2883631,0.0,0.0,0.0,0.0,0.5,0.0,0.5,0.0,0.0,0.83831128,0.83831128,0.67662055,0.16168872,0.16168872,0.32337945
mp-20187,5.981418040960378,5.981418528532349,7.244016131474505,0.6354674628216759,0.6354674853420635,0.500000048806555,0.5,0.5,0.0,0.75,0.25,0.5,0.25,0.75,0.5,0.0,0.0,0.0,0.8675922500000001,0.875,0.25,0.625,0.13240775,0.75,0.38240775,0.375,0.25,0.125,0.6175922500000001,0.75
mp-20210,6.19365430284026,6.19365430284026,6.086057587396895,0.3483463369567875,0.3483463369567875,0.5069958975051136,0.5,0.5,0.0,0.5,0.0,0.0,0.5,0.5,0.5,0.0,0.5,0.5,0.87984728,0.12015272,0.25,0.12015272,0.87984728,0.75,0.8630862300000001,0.7530990200000001,0.2605839,0.13691377,0.24690098,0.7394161,0.24690098,0.13691377,0.2394161,0.7530990200000001,0.8630862300000001,0.7605839
mp-20256,6.799754798254451,7.676884098086973,8.889109504817776,0.642126286085631,0.6249287933186934,0.5000000466842555,0.81589338,0.01605249,0.63178776,0.75,0.5,0.0,0.31589338,0.6157352700000001,0.63178776,0.68410662,0.38426473,0.36821224,0.25,0.5,0.0,0.18410662,0.98394751,0.36821224,0.25,0.0,0.0,0.75,0.0,0.0,0.40317086,0.09258266,0.8063407100000001,0.59682914,0.9074173400000001,0.19365929,0.09682914000000001,0.28624195,0.19365929,0.90317086,0.71375805,0.8063407100000001
mp-20282,6.664755130049911,6.664755297791261,6.664756088813605,0.3460496883621913,0.34604965338863697,0.34604965509746205,0.24195867000000001,0.24195867000000001,0.24195867000000001,0.74195867,0.74195867,0.74195867,0.9916368600000001,0.9916368600000001,0.9916368600000001,0.49163686,0.49163686,0.49163686,0.28990644,0.78580692,0.17589211,0.78580692,0.17589211,0.28990644,0.17589211,0.28990644,0.78580692,0.67589211,0.28580692,0.78990644,0.78990644,0.67589211,0.28580692,0.28580692,0.78990644,0.67589211
mp-20329,3.28800579,3.2880058427898153,12.63342042,0.5,0.5,0.6666666642750183,0.0,0.0,0.0,0.0,0.0,0.5,0.666667,0.333333,0.75,0.333333,0.666667,0.25,0.333333,0.666667,0.414762099999999,0.666667,0.333333,0.914762099999999,0.333333,0.666667,0.085237899999999,0.666667,0.333333,0.5852379
mp-20351,4.174725103299528,4.174724893174411,4.17472507,0.3333333251090512,0.33333333435900586,0.3333333501827979,0.0,0.0,0.0,0.25,0.25,0.25
mp-20352,11.316824088574997,11.316824088574997,11.316824088574997,0.8807631492838435,0.8807631492838435,0.16964275828950343,0.68286064,0.68286064,0.0,0.31713936,0.31713936,0.0,0.5,0.5,0.0,0.89752362,0.89752362,0.0,0.10247638,0.10247638,0.0,0.80207069,0.80207069,0.0,0.19792931,0.19792931,0.0,0.41582147,0.91582147,0.5,0.91582147,0.41582147,0.5,0.58417853,0.08417853,0.5,0.08417853,0.58417853,0.5
mp-20463,6.105135782535897,6.105136250887048,6.10513696,0.33333334208959076,0.33333332799132337,0.3333333264909114,0.5,0.5,0.5,0.0,0.0,0.0,0.23988089,0.76011911,0.76011911,0.23988089,0.76011911,0.23988089,0.76011911,0.23988089,0.23988089,0.76011911,0.76011911,0.23988089,0.23988089,0.23988089,0.76011911,0.76011911,0.23988089,0.76011911
mp-20620,5.954072442828521,5.954072442828521,5.954072442828521,0.33333333333333337,0.33333333333333337,0.33333333333333337,0.25,0.25,0.25,0.75,0.75,0.75,0.0,0.0,0.0,0.5,0.5,0.5,0.240089,0.759911,0.240089,0.240089,0.759911,0.759911,0.759911,0.240089,0.240089,0.759911,0.759911,0.240089,0.759911,0.240089,0.759911,0.240089,0.240089,0.759911
mp-2072,5.62797144,5.6279720559057695,12.28782515,0.5,0.5,0.6666666465548254,0.0,0.0,0.0,0.0,0.0,0.5,0.333333,0.666667,0.25,0.666667,0.333333,0.75,0.333333,0.666667,0.63538675,0.666667,0.333333,0.13538675,0.666667,0.333333,0.36461325,0.333333,0.666667,0.86461325
mp-20731,5.93791868684353,5.9379195854520415,7.201039871760373,0.6352729999883908,0.635272996543236,0.49999999754682706,0.25,0.75,0.5,0.5,0.5,0.0,0.0,0.0,0.0,0.86276349,0.89995771,0.27457655000000003,0.62538116,0.13723651,0.72542345,0.10004229,0.58818694,0.72542345,0.41181306,0.37461884,0.27457655000000003
mp-2074,4.627959209506349,4.627958733729667,4.62795882,0.3333333704117487,0.33333338930483924,0.33333337468115987,0.5,0.5,0.5,0.25,0.25,0.25,0.75,0.75,0.75,0.0,0.0,0.0
mp-20782,6.486789505803771,6.486789937863914,7.812293968818259,0.6362764029604807,0.6362763287196866,0.4999999691875656,0.75,0.25,0.5,0.5,0.5,0.0,0.25,0.75,0.5,0.0,0.0,0.0,0.86851331,0.875,0.25,0.625,0.13148669,0.75,0.125,0.61851331,0.75,0.38148669,0.375,0.25
mp-20790,5.727184799285161,5.727184366280669,6.08352201327589,0.6560032800848619,0.65600326394743,0.4999999923410137,0.0,0.0,0.0,0.75,0.25,0.5,0.43636692,0.36325414,0.26192788,0.82556196,0.89867274,0.26192788,0.10132726,0.56363308,0.73807212,0.63674586,0.17443804000000002,0.73807212
mp-20817,6.02894882,6.05269499,6.11051989,0.5,0.5,0.5,0.88147527,0.8824761600000001,0.37477802,0.88147527,0.38247616,0.6252219800000001,0.38147527000000003,0.61752384,0.37477802,0.38147527000000003,0.11752484,0.6252219800000001,0.00253165,0.50935953,0.26019834000000003,0.50253165,0.49064047,0.73980166,0.50253165,0.99064047,0.26019834000000003,0.00253165,0.00935953,0.73980166,0.11409208,0.61668083,0.86326167,0.11409208,0.11668083,0.13673833,0.61409208,0.88331917,0.86326167,0.61409208,0.38331917,0.13673833
mp-21374,6.361499824131317,6.361499826409272,7.743383975877477,0.6347400713939679,0.634740111291612,0.4999999834575788,0.0,0.0,0.0,0.5,0.5,0.0,0.25,0.75,0.5,0.40911682,0.36829815,0.27223384,0.096064299999999,0.5908831800000001,0.72776616,0.63170185,0.13688197,0.72776616,0.86311803,0.9039357,0.27223384
mp-2150,6.857252667681909,6.857251737151557,6.857251198925905,0.5391529386331891,0.6445445424432029,0.6445445025843726,0.0,0.75,0.75,0.0,0.25,0.25,0.22787098,0.36393499,0.8639349900000001,0.5,0.8639349900000001,0.63606501,0.77212902,0.63606501,0.13606501000000001,0.5,0.13606501000000001,0.36393499
mp-21510,9.039281523161447,9.039281523161447,9.039281523161447,0.7557265249838678,0.7549889049756912,0.3557525397651521,0.67537533,0.41508579,0.7397104600000001,0.8246246700000001,0.06433512,0.23971046000000001,0.17537533,0.93566488,0.76028954,0.32462467,0.58491421,0.26028954,0.75,0.0,0.75,0.25,0.0,0.25,0.25,0.5,0.75,0.75,0.5,0.25,0.39889399000000003,0.1803737,0.78147972,0.60110601,0.819626299999999,0.21852028,0.10110601,0.38258573,0.28147972,0.89889399,0.61741427,0.71852028
mp-21511,8.884680865273946,8.884680865273946,8.884680865273946,0.7545603284653452,0.7541480286448425,0.35730474796112704,0.177309,0.939067,0.761757999999999,0.822691,0.060932999999999,0.238241999999999,0.322691,0.584449,0.261758,0.677308999999999,0.415551,0.738242,0.75,0.0,0.75,0.25,0.0,0.25,0.25,0.5,0.75,0.75,0.5,0.25,0.400775,0.185573,0.784798,0.599225,0.814427,0.215201999999999,0.099225,0.384022,0.284798,0.900775,0.615978,0.715202
mp-2172,4.013398250535005,4.013397970922497,4.01339746,0.3333333109381321,0.33333332374178537,0.3333333141353149,0.0,0.0,0.0,0.25,0.25,0.25
mp-22261,6.232636192119159,6.232634778802758,7.644065997756745,0.6336613915638782,0.633661391813905,0.5000000264001015,0.5,0.5,0.0,0.75,0.25,0.5,0.0,0.0,0.0,0.25,0.75,0.5,0.34096096,0.375,0.25,0.125,0.65903904,0.75,0.625,0.09096096000000001,0.75,0.90903904,0.875,0.25
mp-223,4.976294824367528,4.976316251252495,5.670884071019602,0.49998950586646235,0.500008491524394,0.6666954975887326,0.55152125,0.55151624,9.8e-07,1.407e-05,0.448552599999999,0.33336173,0.44853414,1.8880000000000002e-05,0.66663905,0.30592102,0.39508764,0.24468078000000001,0.6050410900000001,0.91094918,0.91135895,0.08901913,0.69393549,0.57816415,0.39508927,0.30591714000000003,0.75531979,0.69393036,0.08901521,0.42184167,0.91095781,0.60504539,0.08863585
mp-22304,5.941377320125192,5.941378558776913,7.194003319182743,0.63549790916067,0.6354979528472507,0.500000012697345,0.0,0.0,0.0,0.5,0.5,0.0,0.25,0.75,0.5,0.86417247,0.89879328,0.27207357,0.62671971,0.13582753,0.72792643,0.10120672,0.5920989,0.72792643,0.407901099999999,0.37328029,0.27207357
mp-22323,5.813629898507624,5.813631014181451,5.813630818714952,0.31468458308005864,0.3146845428917986,0.3146845600945086,0.642884,0.642884,0.642884,0.857116,0.857116,0.857116,0.357116999999999,0.357116999999999,0.357116999999999,0.142882999999999,0.142882999999999,0.142882999999999,0.046495299999999004,0.75,0.4535047,0.75,0.4535047,0.046495299999999004,0.4535047,0.046495299999999004,0.75,0.9535047,0.25,0.5464953,0.5464953,0.9535047,0.25,0.25,0.5464953,0.9535047
mp-22450,5.358909645447916,5.358911108229667,5.456223381017039,0.5557329091229731,0.555732940116613,0.6658509218457538,0.25653064000000003,0.74346936,0.75,0.74346936,0.25653064000000003,0.25,0.58142485,0.41857515,0.75,0.41857515,0.58142485,0.25,0.08933085,0.91066915,0.25,0.91066915,0.08933085,0.75,0.0,0.5,0.0,0.5,0.0,0.5,0.67527593,0.83579295,0.9917876800000001,0.16420705,0.32472407000000003,0.50821232,0.32472407000000003,0.16420705,0.00821232,0.83579295,0.67527593,0.49178768
mp-2251,3.60972717,3.6097276303886248,3.85463861,0.5,0.5,0.6666666946481536,0.0,0.0,0.5,0.333333,0.666667,0.0,0.666667,0.333333,0.0,0.0,0.0,0.0
mp-22583,6.757970178960321,6.757970178960321,6.525571940077667,0.4673469468526945,0.4673469468526945,0.5434587458230086,0.083148,0.916852,0.5,0.498926,0.501074,0.0,0.638316,0.9617,0.086671,0.0383,0.361684,0.913329,0.959433,0.040567,0.0,0.8262600000000001,0.472499,0.752753,0.630745,0.7113400000000001,0.291882,0.28866,0.369255,0.708117999999999,0.5138400000000001,0.88663,0.830951,0.11337000000000001,0.48616000000000004,0.169049,0.527501,0.17374,0.247247
mp-22660,6.597755475261655,6.597755509683491,6.5977545599431915,0.1603557579060538,0.1603556631186353,0.16035577098928183,0.5,0.5,0.5,0.0,0.0,0.0,0.89017746,0.89017746,0.89017746,0.10982254,0.10982254,0.10982254
mp-2286,4.208762164126883,4.208762195466264,4.208762,0.3333333418684001,0.33333334049996083,0.3333333394795242,0.25,0.25,0.25,0.75,0.75,0.75,0.0,0.0,0.0
mp-22865,4.14369834,4.14369834,4.14369834,0.5,0.5,0.5,0.0,0.0,0.0,0.5,0.5,0.5
mp-22888,4.36577197,6.6549723,6.9055278399999995,0.5,0.5,0.5,0.0,0.0,0.0,0.5,0.5,0.5,0.0,0.27544956,0.32747226,0.0,0.72455044,0.67252774,0.5,0.77544956,0.17252774,0.5,0.22455044000000002,0.8274722600000001
mp-22894,4.65855721,4.658555584797037,7.55273917,0.5,0.5,0.6666666060427722,0.333333,0.666667,0.00098414,0.666667,0.333333,0.50098414,0.333333,0.666667,0.37891586,0.666667,0.333333,0.87891586
mp-22895,8.51185989,4.253739429486609,7.370424070602106,0.303930070715928,0.5,0.5,0.37359918000000003,0.80931052,0.73302109,0.62640082,0.80931052,0.23302109000000001,0.8760822500000001,0.79998413,0.73042495,0.12391775000000001,0.79998413,0.23042495000000002,0.37517429,0.05847051,0.98292879,0.62482571,0.05847051,0.48292879,0.87473816,0.050934850000000004,0.98072417,0.12526184,0.050934850000000004,0.48072417
mp-22896,7.544012080000608,7.544012761916093,4.37168074,0.5,0.5,0.6666666703200216,0.666667,0.333333,0.75,0.333333,0.666667,0.25,0.61033399,0.69640628,0.75,0.91392571,0.61033399,0.25,0.38966501000000003,0.30359372,0.25,0.08607429,0.38966501000000003,0.75,0.30359372,0.91392571,0.75,0.69640628,0.08607429,0.25
mp-27999,9.973429700614066,9.973430090104104,9.97343102144258,0.19281401782497593,0.1928139866250109,0.1928140007504831,0.5,0.5,0.5,0.36467337,0.36467337,0.36467337,0.63532663,0.63532663,0.63532663,0.21678925000000002,0.21678925000000002,0.21678925000000002,0.7832107500000001,0.7832107500000001,0.7832107500000001,0.0,0.0,0.0,0.08827792,0.08827792,0.08827792,0.91172208,0.91172208,0.91172208
mp-28020,5.43511276,5.43511276,9.97693899,0.5,0.5,0.5,0.0,0.5,0.25,0.5,0.0,0.75,0.0,0.0,0.0,0.0,0.0,0.5,0.27170175,0.23288343,0.87248764,0.72829825,0.76711657,0.87248764,0.23288343,0.27170175,0.37248764,0.27170175,0.76711657,0.62751236,0.72829825,0.23288343,0.62751236,0.23288343,0.72829825,0.12751236,0.76711657,0.27170175,0.12751236,0.76711657,0.72829825,0.37248764
mp-28069,5.75617461,5.75617461,5.75617461,0.5,0.5,0.5,0.5,0.0,0.0,0.0,0.5,0.0,0.0,0.0,0.5,0.0,0.0,0.0,0.5,0.0,0.5,0.5,0.5,0.0,0.0,0.5,0.5
mp-28075,3.78965654,5.995863309956899,6.619524954194438,0.5516520760317779,0.5,0.6023475994503964,0.59620758,0.19241517,0.34914935,0.40379242,0.80758483,0.65085065,0.85232964,0.70465929,0.09336412000000001,0.14767036,0.29534071,0.9066358800000001,0.677498199999999,0.35499739,0.98525533,0.3225018,0.64500261,0.01474467,0.87414917,0.74829833,0.35745119000000003,0.12585083,0.25170167,0.64254881,0.0,0.0,0.0
mp-28111,7.149028182592261,7.149028463570246,7.235061009737128,0.6644856430369428,0.6644856316649566,0.5000000136025532,0.70134845,0.20134845,0.028720620000000002,0.82737218,0.70134845,0.028720620000000002,0.20134845,0.32737218,0.028720620000000002,0.32737218,0.82737218,0.028720620000000002,0.75360065,0.75360065,0.5072013,0.25360065,0.25360065,0.5072013,0.28561066,0.78561066,0.5712223200000001,0.78561066,0.28561066,0.5712223200000001,0.82538153,0.11286131,0.43824184,0.61286131,0.32538153000000003,0.43824184,0.49982522,0.49982522,0.99965044,0.9998252200000001,0.9998252200000001,0.99965044,0.32538153000000003,0.82538153,0.43824184,0.11286131,0.61286131,0.43824184
mp-28171,5.29423015,5.29423015,5.29423015,0.5,0.5,0.5,0.5,0.0,0.0,0.0,0.0,0.5,0.0,0.5,0.0,0.5,0.5,0.5,0.0,0.0,0.0
mp-28270,5.29802956,6.18889608,10.7231909,0.5,0.5,0.5,0.24746365,0.52448039,0.8455794,0.74746365,0.02448039,0.6544206,0.24746365,0.97551961,0.3455794,0.74746365,0.47551961000000004,0.1544206,0.99939878,6.018e-05,0.99991317,0.99939878,0.49993982000000003,0.49991317,0.49939878,0.50006018,0.50008683,0.49939878,0.99993982,8.683000000000002e-05,0.24913658,0.22444719,0.08842996,0.24913658,0.27555281,0.58842996,0.74913658,0.77555281,0.91157004,0.74913658,0.72444719,0.41157004
mp-28295,4.6690437142666665,6.601774174054499,6.61473721,0.5,0.5,0.4999640870372912,0.50426584,0.48584683,0.0,0.49574727,0.98583032,0.5,0.02144656,0.0029650600000000003,0.0,0.97850865,0.5029379900000001,0.5,0.59326471,0.46939585,0.5,0.01440083,0.67735987,0.28998741,0.01440083,0.67735987,0.71001259,0.9856843200000001,0.17740597,0.7900283,0.40659366,0.96949227,0.0,0.9856843200000001,0.17740597,0.209971699999999
mp-28302,9.60961372031962,9.60961372031962,9.60961304157177,0.1911415831501624,0.1911415831501624,0.19114159571400546,0.89269695,0.89269695,0.89269695,0.70785938,0.70785938,0.70785938,0.29214062,0.29214062,0.29214062,0.10730305,0.10730305,0.10730305,0.5,0.5,0.5,0.41146433,0.41146433,0.41146433,0.5885356700000001,0.5885356700000001,0.5885356700000001
mp-28377,8.706732698398408,6.128081833379224,6.065933977616616,0.5120910409344349,0.7547934784071751,0.4831486732928378,0.08901338,0.586612399999999,0.0,0.62735016,0.13413902,0.0,0.58837884,0.58076908,0.0,0.08007179,0.09323975,0.48888596,0.59118583,0.09323975,0.51111404
mp-28423,7.341016997322593,7.341017560040731,7.489858708910173,0.6630264464904454,0.6630264814437056,0.500000038521753,0.42610494,0.65120117,0.85220989,0.45100871000000003,0.17610494000000002,0.35220989,0.90120117,0.17610494000000002,0.35220989,0.42610494,0.20100871,0.85220989,0.02871218,0.02871218,0.05742436,0.27871218000000003,0.77871218,0.5574243600000001,0.65003847,0.90195904,0.30007893,0.64811989,0.40003847000000003,0.80007893,0.15195904,0.40003847000000003,0.80007893,0.65003847,0.39811989000000003,0.30007893
mp-28453,8.393816809900143,8.393815878830456,8.526452143482844,0.6638152287120052,0.6638152503122764,0.4999999766728464,0.25,0.75,0.5,0.75,0.25,0.5,0.5,0.5,0.0,0.0,0.0,0.0,0.7742802,0.7742802,0.0,0.71246358,0.71246358,0.42492616,0.2257198,0.2257198,0.0,0.28753642,0.28753642,0.5750738400000001,0.2257198,0.7742802,0.0,0.7742802,0.2257198,0.0
mp-2853,3.019678295853714,3.019678295853714,3.019678295853714,0.3333333333333333,0.3333333333333333,0.3333333333333333,0.0,0.0,0.0,0.5,0.5,0.5
mp-28553,3.81315544,3.8131547349968984,14.5364298,0.5,0.5,0.6666666506505158,0.333333,0.666667,0.08235113000000001,0.333333,0.666667,0.41764887,0.666667,0.333333,0.58235113,0.666667,0.333333,0.9176488700000001,0.333333,0.666667,0.75,0.666667,0.333333,0.25,0.0,0.0,0.0,0.0,0.0,0.5
mp-28554,7.871350375066254,7.871350545964966,7.8713509943146205,0.1801863960477716,0.180186405802168,0.18018637133281284,0.23128652,0.23128652,0.23128652,0.7687134800000001,0.7687134800000001,0.7687134800000001,0.5,0.5,0.5,0.0,0.0,0.0
mp-28626,5.93867456,5.94314119,13.24005805,0.5,0.5,0.5,0.49972045,0.24999224,0.08879499,0.50027955,0.75000776,0.58879499,0.00027955,0.24999224,0.91120501,0.00027955,0.24999224,0.58879499,0.49972045,0.24999224,0.41120501,0.50027955,0.75000776,0.91120501,0.99972045,0.75000776,0.41120501,0.99972045,0.75000776,0.08879499,0.87568805,0.62558888,0.75,0.12517542,0.8744782,0.75,0.6243119500000001,0.62558888,0.25,0.37482458,0.8744782,0.25,0.62517542,0.1255218,0.75,0.8748245800000001,0.1255218,0.25,0.12431195,0.37441112,0.25,0.37568805,0.37441112,0.75,0.25,0.00603378,0.0,0.75,0.99396622,0.5,0.25,0.00603378,0.5,0.75,0.49387392,0.0,0.25,0.50612608,0.5,0.75,0.49387392,0.5,0.75,0.99396622,0.0,0.25,0.50612608,0.0
mp-28627,5.142521319858563,5.142521307080184,9.01560084029458,0.5920604850318013,0.5920604706247828,0.5000000027978774,0.15485166,0.15485166,0.30970332,0.0,0.5,0.0,0.84514834,0.84514834,0.69029668,0.5,0.0,0.0,0.35584683,0.35584683,0.71169366,0.64415317,0.64415317,0.28830634,0.0,0.0,0.0
mp-28650,4.27837794,4.27837794,7.29947473,0.5,0.5,0.5,0.0,0.0,0.0,0.5,0.5,0.33710916,0.5,0.5,0.66289084,0.5,0.5,0.0
mp-28873,4.639254736661108,4.639254476299543,4.639254038327179,0.4929169831326722,0.49291693843414336,0.49291697901509635,0.00205166,0.00205166,0.00205166,0.46927195,0.46927195,0.46927195,0.114680899999999,0.52153275,0.52153275,0.52153275,0.52153275,0.114680899999999,0.52153275,0.114680899999999,0.52153275
mp-28994,4.43214156,6.27129076,6.67722181,0.5,0.5,0.5,0.75,0.90080938,0.75,0.25,0.09919062000000001,0.25,0.25,0.59548831,0.44317495,0.75,0.40451169000000003,0.55682505,0.75,0.40451169000000003,0.9431749500000001,0.25,0.59548831,0.05682505,0.25,0.34105447,0.75,0.75,0.65894553,0.25
mp-29025,3.8948333505149413,5.9893740061608485,6.840537700893677,0.6442370226772824,0.5918898622304286,0.5000000173724541,0.12047128,0.9032439800000001,0.24094255,0.87952872,0.09675602,0.75905745,0.87952872,0.66230143,0.75905745,0.5,0.0,0.0,0.12047128,0.33769857000000003,0.24094255,0.32594371,0.32594371,0.65188542,0.67405629,0.67405629,0.34811458,0.0,0.0,0.0
mp-29055,4.280443071232213,7.117106561858236,7.444852117754938,0.5272988550315905,0.5928163671503859,0.500000009496812,0.63174195,0.6279030600000001,0.26348491,0.36825805,0.37209694,0.73651509,0.31378668,0.8710633,0.62757236,0.68621332,0.1289367,0.37242764,0.05430257,0.18135909,0.10860513000000001,0.9456974300000001,0.81864091,0.8913948700000001
mp-29138,3.6917726,7.76354793,7.76354793,0.5,0.5,0.5,0.0,0.5,0.5,0.0,0.0,0.0,0.0,0.0,0.5,0.0,0.5,0.0,0.5,0.34718465,0.15281535000000002,0.5,0.84718465,0.34718465,0.5,0.15281535000000002,0.65281535,0.5,0.65281535,0.84718465
mp-29149,6.852388803236685,6.8523889484372695,6.852388692947028,0.17023909843298418,0.17023907843313985,0.17023912292216067,0.902520099999999,0.902520099999999,0.902520099999999,0.0974799,0.0974799,0.0974799,0.65554547,0.65554547,0.65554547,0.34445453,0.34445453,0.34445453,0.0,0.0,0.0,0.5,0.5,0.5
mp-29151,9.711019044676174,9.71101903669382,9.711018624258982,0.11920025397616164,0.11920026341589277,0.11920023422017477,0.5,0.5,0.5,0.93292666,0.93292666,0.93292666,0.06707334,0.06707334,0.06707334,0.67438427,0.67438427,0.67438427,0.32561573,0.32561573,0.32561573,0.0,0.0,0.0,0.21822532,0.21822532,0.21822532,0.78177468,0.78177468,0.78177468
mp-29163,6.708291130203558,6.708291915441909,7.994193156773622,0.5712898314360773,0.5712898820450665,0.6600218239820373,0.50724058,0.07000052,0.8723663500000001,0.833734499999999,0.73700493,0.91767536,0.07000052,0.50724058,0.37236635,0.73700493,0.833734499999999,0.41767536,0.19400755,0.40442392,0.90161631,0.40442392,0.19400755,0.40161631000000003,0.93739416,0.19488218000000002,0.0540514,0.19488218000000002,0.93739416,0.5540514,0.78708075,0.24261637,0.516966399999999,0.24261637,0.78708075,0.0169664,0.50554328,0.58367125,0.59632517,0.58367125,0.50554328,0.09632517
mp-2920,5.35090684993594,5.350907328927806,5.350905874197635,0.3341501501844019,0.334150099813666,0.3341500781267622,0.75,0.75,0.75,0.25,0.25,0.25,0.5,0.5,0.5,0.0,0.0,0.0,0.2817281,0.75,0.2182719,0.75,0.2182719,0.2817281,0.2182719,0.2817281,0.75,0.7182719,0.25,0.781728099999999,0.781728099999999,0.7182719,0.25,0.25,0.781728099999999,0.7182719
mp-29208,4.76114201,4.761142166925057,7.72860846,0.5,0.5,0.6666666609954766,0.0,0.0,0.0,0.666667,0.333333,0.372342399999999,0.333333,0.666667,0.627657599999999,0.333333,0.666667,0.24181643,0.666667,0.333333,0.75818357
mp-29209,4.89835743,4.898356552925723,8.33225148,0.5,0.5,0.666666661679566,0.0,0.0,0.0,0.666667,0.333333,0.37808546,0.333333,0.666667,0.62191454,0.333333,0.666667,0.2658604,0.666667,0.333333,0.7341396
mp-29266,5.244481874721723,6.370673770068336,6.37067451501409,0.38936883144911805,0.36496619292195753,0.36496612224180536,0.73062419,0.76937581,0.76937581,0.26937581,0.23062419,0.23062419,0.0,0.14417625,0.85582375,0.0,0.85582375,0.14417625
mp-29342,5.68947377,5.68947377,5.68947377,0.5,0.5,0.5,0.0,0.5,0.0,0.0,0.0,0.5,0.5,0.0,0.0,0.0,0.0,0.0,0.5,0.5,0.0,0.0,0.5,0.5,0.5,0.0,0.5
mp-29364,4.00344892,5.224019962882875,5.78230880208753,0.5967848335571933,0.5,0.6251700814458536,0.71301726,0.42603552,0.34395899,0.0,0.0,0.5,0.31101983,0.62204065,0.1406455,0.68898017,0.37795935,0.859354499999999,0.28698274,0.57396448,0.6560420100000001,0.0,0.0,0.0,0.8549209,0.70984081,0.17365965,0.5,0.0,0.0,0.15750514000000002,0.31500927,0.318305,0.8424948600000001,0.68499073,0.681694999999999,0.1450791,0.29015919,0.8263403500000001
mp-29396,5.811423635557982,5.811422805192875,6.03222829030285,0.6571906057930371,0.6571905432891613,0.506632835976129,0.5,0.0,0.0,0.0,0.5,0.5,0.0,0.0,0.5,0.0,0.0,0.0,0.37878761,0.6212123900000001,0.25,0.6212123900000001,0.37878761,0.75,0.0085357,0.64679805,0.29079166,0.35320195,0.9914643,0.20920834,0.9914643,0.35320195,0.70920834,0.64679805,0.0085357,0.79079166
mp-29398,8.34070518935087,8.340704509162277,8.34070551,0.3333333349035782,0.33333334978523965,0.3333333429040204,0.25,0.25,0.25,0.75,0.75,0.75,0.0,0.0,0.0,0.24109445000000002,0.75890555,0.75890555,0.24109445000000002,0.75890555,0.24109445000000002,0.75890555,0.24109445000000002,0.75890555,0.75890555,0.24109445000000002,0.24109445000000002,0.75890555,0.75890555,0.24109445000000002,0.24109445000000002,0.24109445000000002,0.75890555
mp-29403,6.369987331596716,6.369987546209573,7.199582774921159,0.645867888358083,0.6458678181859574,0.4999999701257612,0.25,0.75,0.5,0.5,0.5,0.0,0.61151939,0.63475255,0.75511314,0.87964041,0.38848061,0.24488686,0.36524745000000003,0.85640724,0.24488686,0.14359276,0.12035959,0.75511314
mp-29463,4.5089702043425595,4.71703476,4.862395120537743,0.5,0.5767437800283622,0.5,0.23583326000000002,0.45799116,0.91298375,0.26416674,0.9579911600000001,0.58701625,0.7641667400000001,0.54200884,0.08701625,0.73583326,0.04200884,0.41298375,0.6892907500000001,0.60590243,0.60600025,0.81070925,0.10590243,0.89399975,0.31070925,0.39409757,0.39399975,0.18929075,0.89409757,0.10600025,0.9528627900000001,0.80333655,0.79975985,0.54713721,0.30333655,0.7002401500000001,0.04713721,0.19666345000000002,0.20024015,0.45286279,0.69666345,0.29975985
mp-29484,9.866162612814582,9.866162492069432,9.86616258713977,0.1886856355529958,0.18868565638124918,0.18868565538721505,0.20773479,0.20773479,0.20773479,0.79226521,0.79226521,0.79226521,0.38868213,0.38868213,0.38868213,0.61131787,0.61131787,0.61131787,0.0,0.0,0.0,0.91056311,0.91056311,0.91056311,0.08943689,0.08943689,0.08943689
mp-29506,5.990303854547026,6.241770828735346,6.241770498043744,0.5363399166145004,0.6165016274396006,0.6165015568809582,0.75,0.35851637000000003,0.64148363,0.25,0.64148363,0.35851637000000003,0.25,0.08794933,0.9120506700000001,0.75,0.9120506700000001,0.08794933,0.20544922000000002,0.12212342,0.23019491,0.29455078,0.76980509,0.87787658,0.70544922,0.23019491,0.12212342,0.79455078,0.87787658,0.76980509
mp-29584,9.214744016046826,9.214744114221666,9.214744380757127,0.1995716116479329,0.1995716093889491,0.1995716286479192,0.623781199999999,0.623781199999999,0.623781199999999,0.376218799999999,0.376218799999999,0.376218799999999,0.208557,0.208557,0.208557,0.791443,0.791443,0.791443,0.0,0.0,0.0,0.9197679,0.9197679,0.9197679,0.0802321,0.0802321,0.0802321
mp-29585,9.847054901207057,9.847054666033063,9.84705423299491,0.1902403132672918,0.19024030403677664,0.19024032886770606,0.20833162,0.20833162,0.20833162,0.7916683800000001,0.7916683800000001,0.7916683800000001,0.39171408,0.39171408,0.39171408,0.60828592,0.60828592,0.60828592,0.0,0.0,0.0,0.9105407600000001,0.9105407600000001,0.9105407600000001,0.08945924,0.08945924,0.08945924
mp-29678,4.04974480797309,4.04974480797309,6.785261000073615,0.40353960840315495,0.40353960840315495,0.33333326000214536,0.5,0.5,0.5,0.0,0.0,0.0,0.752593,0.752593,0.742221,0.247407,0.247407,0.257779
mp-29750,7.64834679,7.648346798870048,6.50988533,0.5,0.5,0.6666666916188022,0.666667,0.333333,0.25,0.333333,0.666667,0.75,0.0,0.0,0.5,0.0,0.0,0.0,0.67967955,0.83983977,0.25,0.83983977,0.16016023000000001,0.75,0.16016023000000001,0.83983977,0.25,0.32032045000000003,0.16016023000000001,0.75,0.83983977,0.67967955,0.75,0.16016023000000001,0.32032045000000003,0.25
mp-29751,8.29721548,8.297214954690096,7.03483124,0.5,0.5,0.6666666548830816,0.333333,0.666667,0.75,0.666667,0.333333,0.25,0.0,0.0,0.0,0.0,0.0,0.5,0.16301875,0.83698225,0.25,0.3260345,0.16301875,0.75,0.83698225,0.6739655,0.75,0.16301875,0.3260345,0.25,0.6739655,0.83698225,0.25,0.83698225,0.16301875,0.75
mp-30056,5.70866573,5.70866573,5.70866573,0.5,0.5,0.5,0.0,0.0,0.0,0.5,0.5,0.5,0.5,0.0,0.5,0.0,0.5,0.5,0.5,0.5,0.0
mp-30062,7.647782565556491,7.647782027099608,7.6477826,0.3333332945247698,0.33333330757883173,0.33333330350201185,0.75,0.75,0.75,0.25,0.25,0.25,0.0,0.0,0.0,0.23077114,0.76922886,0.76922886,0.23077114,0.76922886,0.23077114,0.76922886,0.23077114,0.76922886,0.76922886,0.23077114,0.23077114,0.76922886,0.76922886,0.23077114,0.23077114,0.23077114,0.76922886
mp-30315,3.55636632,3.55636632,8.12197555,0.5,0.5,0.5,0.0,0.0,0.0,0.5,0.5,0.722461799999999,0.5,0.5,0.2775382,0.0,0.0,0.5,0.0,0.0,0.66575438,0.0,0.0,0.33424562,0.5,0.5,0.0
mp-3038,5.81371898038272,5.813719415957236,6.802931556377627,0.6405334213930612,0.6405334892584658,0.5000000939386933,0.25,0.75,0.5,0.5,0.5,0.0,0.0,0.0,0.0,0.13281522,0.13441526,0.72504059,0.59222537,0.59062633,0.72504059,0.86558474,0.40777463,0.27495941,0.40937367,0.86718478,0.27495941
mp-304,4.8514652300000005,7.648636619999999,9.01366223,0.5,0.5,0.5,0.75,0.34559482,0.92378257,0.25,0.65440518,0.07621743,0.75,0.84559482,0.57621743,0.25,0.15440518,0.42378257,0.75,0.48183953,0.32173323,0.25,0.51816047,0.67826677,0.75,0.98183953,0.17826677,0.25,0.01816047,0.82173323,0.75,0.74652398,0.897783999999999,0.25,0.25347602,0.102216,0.75,0.24652398,0.602216,0.25,0.75347602,0.397783999999999
mp-3042,5.643990989563315,5.643991332308075,5.64399093,0.33333334610743603,0.3333333349471847,0.33333332658215525,0.75,0.75,0.75,0.25,0.25,0.25,0.0,0.0,0.0,0.21291708,0.78708292,0.78708292,0.21291708,0.78708292,0.21291708,0.78708292,0.21291708,0.78708292,0.78708292,0.21291708,0.21291708,0.78708292,0.78708292,0.21291708,0.21291708,0.21291708,0.78708292
mp-3054,4.829243233511696,4.829243686964751,6.0763172508808925,0.3877763993672215,0.38777632200809425,0.3440243875666204,0.64295592,0.74982744,0.16260976,0.25017256,0.35704408,0.33739024,0.35704408,0.25017256,0.8373902400000001,0.74982744,0.64295592,0.66260976,0.06619574,0.93380426,0.75,0.93380426,0.06619574,0.25,0.3231923,0.6768077,0.75,0.6768077,0.3231923,0.25,0.08250066,0.21240658,0.68576076,0.78759342,0.91749934,0.81423924,0.91749934,0.78759342,0.31423924000000003,0.21240658,0.08250066,0.18576076
mp-3074,5.448483189535678,7.475779789074681,7.475780825095334,0.4576051419302922,0.381271056334715,0.3812710489187933,0.5,0.32119976,0.67880024,0.5,0.67880024,0.32119976,0.17880024,0.32119976,0.32119976,0.8211997600000001,0.67880024,0.67880024,0.8513927800000001,0.0,0.29721344,0.8513927800000001,0.29721344,0.0,0.14860722,0.0,0.7027865600000001,0.14860722,0.7027865600000001,0.0,0.70532603,0.29467397,0.29467397,0.0,0.29467397,0.70532603,0.0,0.70532603,0.29467397,0.29467397,0.70532603,0.70532603
mp-3078,5.914546814350749,5.914546566436613,6.902819498747517,0.6409279537886967,0.6409279086989733,0.5000000429979347,0.25,0.75,0.5,0.0,0.0,0.0,0.75,0.25,0.5,0.5,0.5,0.0,0.125,0.58428197,0.75,0.83428197,0.875,0.25,0.41571703,0.375,0.25,0.625,0.16571803000000002,0.75
mp-3098,2.8427728500000002,2.842772631413512,11.29784621,0.5,0.5,0.6666666814440635,0.0,0.0,0.0,0.0,0.0,0.5,0.666667,0.333333,0.75,0.333333,0.666667,0.25,0.333333,0.666667,0.41487475,0.666667,0.333333,0.9148747500000001,0.333333,0.666667,0.08512525,0.666667,0.333333,0.58512525
mp-30988,5.560342221799039,5.5603424075282755,6.621544697147282,0.6567045179943501,0.6567044833414828,0.5019124476789852,0.37900044,0.62099956,0.75,0.62099956,0.37900044,0.25,0.143609899999999,0.856390099999999,0.25,0.856390099999999,0.143609899999999,0.75,0.09748961,0.46341342,0.22112301,0.53658658,0.90251039,0.27887699,0.46341342,0.09748961,0.72112301,0.90251039,0.53658658,0.77887699
mp-3104,4.18039391,4.18039391,8.43381836,0.5,0.5,0.5,0.75,0.75,0.15296413,0.25,0.25,0.84703587,0.25,0.25,0.41288856,0.75,0.75,0.58711144,0.75,0.75,0.8233135300000001,0.25,0.25,0.17668647,0.75,0.25,0.5,0.25,0.75,0.5
mp-31149,4.90035347,4.90035347,4.90035347,0.5,0.5,0.5,0.5,0.0,0.5,0.0,0.5,0.5,0.5,0.5,0.0,0.0,0.0,0.0,0.5,0.5,0.5
mp-31212,3.9535550270074693,3.9535532914651648,7.130980324148809,0.5894096992186764,0.5894096627905953,0.5000000456691288,0.6476623,0.6476623,0.29532461,0.3523377,0.3523377,0.70467539,0.0,0.0,0.0,0.0,0.5,0.0,0.5,0.0,0.0,0.84752759,0.84752759,0.69505617,0.15247241,0.15247241,0.30494383
mp-31235,8.69672842010737,8.69672842010737,5.16072533,0.5,0.5,0.6666666430037461,0.41778571000000003,0.0,0.0,0.58221429,0.58221429,0.0,0.0,0.41778571000000003,0.0,0.75985143,0.0,0.5,0.0,0.75985143,0.5,0.24014857,0.24014857,0.5,0.0,0.0,0.0,0.333333,0.666667,0.5,0.666667,0.333333,0.5
mp-3125,4.050849475581979,4.050851008917043,10.926264051534966,0.5593776533697857,0.5593776699370747,0.4999372686865827,0.31548033000000003,0.31548025,0.63096685,0.68452167,0.68452175,0.36903715,0.499998999999999,0.499998999999999,0.999996999999999,0.0966148,0.0966148,0.1933809,0.9033852,0.9033852,0.8066181,0.999997999999999,0.999997999999999,0.999996,0.40500046,0.90501287,0.8099389,0.90501283,0.40500048,0.80993896,0.59499954,0.09498713,0.190060099999999,0.09498717,0.59499952,0.19006004,0.19201052000000002,0.19201056,0.38402124,0.80799248,0.80799244,0.61598376
mp-31468,3.647969,5.52501055,8.47816147,0.5,0.5,0.5,0.25,0.57470608,0.04709782,0.75,0.42529392,0.95290218,0.75,0.07470608000000001,0.45290218,0.25,0.92529392,0.54709782,0.25,0.47404325,0.65602265,0.75,0.97404325,0.8439773500000001,0.25,0.02595675,0.15602265,0.75,0.52595675,0.34397735,0.75,0.73867475,0.09223915,0.75,0.7613252500000001,0.59223915,0.25,0.26132525,0.9077608500000001,0.25,0.23867475000000002,0.40776085
mp-3159,5.804803987363248,5.804804472029754,6.789063605065444,0.640609553762532,0.6406097023027685,0.49999998212954255,0.25,0.75,0.5,0.5,0.5,0.0,0.0,0.0,0.0,0.8666791500000001,0.86725426,0.27310909,0.40643094,0.40585382000000003,0.27310909,0.13274574,0.59356906,0.7268909100000001,0.59414618,0.13332085,0.7268909100000001
mp-3163,4.14346542,4.14346542,4.14346542,0.5,0.5,0.5,0.5,0.5,0.5,0.0,0.0,0.0,0.0,0.5,0.0,0.0,0.0,0.5,0.5,0.0,0.0
mp-3167,5.770090732524584,5.770090952600799,7.030958064963599,0.6345880813576993,0.6345881359669111,0.49999998969943676,0.5,0.5,0.0,0.25,0.75,0.5,0.75,0.25,0.5,0.0732833,0.63733554,0.76042047,0.87691507,0.9267167,0.23957953,0.68713918,0.12308493000000001,0.76042047,0.36266446,0.31286082,0.23957953
mp-3216,3.27830705,3.278305891026342,5.43381109,0.5,0.5,0.6666666750178787,0.666667,0.333333,0.38357328,0.333333,0.666667,0.61642672,0.0,0.0,0.0,0.666667,0.333333,0.77689523,0.333333,0.666667,0.22310477
mp-3247,6.56259322,7.799839753825071,7.799838642907343,0.6027773876309317,0.5,0.5,0.25618094,0.00534654,0.31676754,0.75618094,0.99465346,0.68323246,0.75618094,0.68323246,0.99465346,0.25618094,0.31676754,0.00534654,0.75627152,0.42192403,0.42192403,0.25627152000000003,0.57807597,0.57807597,0.50597887,0.37285987,0.62688045,0.00597887,0.62714013,0.37311955,0.75640786,0.17671986,0.17671986,0.25640786,0.82328014,0.82328014,0.00597887,0.37311955,0.62714013,0.50597887,0.62688045,0.37285987
mp-32616,7.448605829162374,11.148338717351887,6.416354826446997,0.16838388367731438,0.30064020377280165,0.33110943261253284,0.00288641,0.99820639,0.01907506,0.999705699999999,0.67349454,0.97756301,0.50288641,0.33512661,0.01369323,0.4997057,0.65983946,0.00195536,0.13674582,0.99459777,0.25286075,0.11989121,0.32593594,0.25679114000000003,0.61989121,0.0073970600000000004,0.23459896,0.11577286,0.66313237,0.26066252,0.63674582,0.33873523,0.23665204,0.61577286,0.67020163,0.25005764
mp-3277,4.491869704740931,4.491870622405348,4.657123837096312,0.660183271777972,0.660183217067134,0.4999998904346204,0.25,0.75,0.5,0.0,0.0,0.0,0.14392095,0.7083299,0.7349697900000001,0.2916701,0.40894916000000003,0.26503021,0.59105084,0.02664188,0.7349697900000001,0.97335812,0.8560790500000001,0.26503021
mp-3288,5.90621212,5.906211906906184,7.92975677,0.5,0.5,0.6666666732972437,0.0,0.69674325,0.666667,0.69674325,0.0,0.333333,0.30325675,0.30325675,0.0,0.6898492900000001,0.0,0.833333,0.0,0.6898492900000001,0.166666999999999,0.31015071,0.31015071,0.5,0.89547254,0.5225592,0.05015575,0.4774408,0.37291334,0.38348875,0.62708666,0.10452746,0.7168227500000001,0.37291334,0.4774408,0.6165112500000001,0.5225592,0.89547254,0.9498442500000001,0.10452746,0.62708666,0.28317725
mp-32880,4.004682615292253,4.004682615292253,4.004682615292253,0.6583386112411919,0.6583386112411919,0.5145369609609547,0.25,0.75,0.5,0.0,0.0,0.0
mp-33526,6.821059298687919,6.821059298687919,6.821059298687919,0.7332647358140986,0.7332647358140986,0.39026960668686406,0.0,0.0,0.0,0.75,0.25,0.5,0.25,0.75,0.5,0.5,0.5,0.0,0.99782496,0.49782496,0.5,0.75217504,0.75217504,0.0,0.50217504,0.00217504,0.5,0.24782496,0.24782496,0.0
mp-33588,6.257176615683546,6.257176615683546,6.257176615683546,0.7428329152654183,0.7428329152654183,0.37523017318886376,0.272092,0.272092,0.0,0.022092,0.522092,0.5,0.727908,0.727908,0.0,0.477908,0.977908,0.5,0.5,0.5,0.0,0.25,0.75,0.5,0.75,0.25,0.5,0.0,0.0,0.0
mp-3359,4.171787272830486,4.1717870257099054,7.319439899957989,0.5919868345752397,0.5919869136342627,0.4999999938525748,0.64604746,0.64604746,0.29209592,0.35395254,0.35395254,0.70790408,0.0,0.0,0.0,0.84533587,0.84533587,0.6906707400000001,0.15466413,0.15466413,0.30932926,0.5,0.0,0.0,0.0,0.5,0.0
mp-34126,7.244239932684398,7.256549740989243,7.256549915249951,0.3333332921798356,0.33302098787820483,0.3330209631348375,0.00201904,0.00067301,0.00067301,0.38083661,0.372170899999999,0.372170899999999,0.38083661,0.87482159,0.372170899999999,0.38083661,0.372170899999999,0.87482159,0.71776929,0.42741124,0.42741124,0.50302611,0.50624712,0.99536388,0.50302611,0.99536388,0.50624712,0.37994668,0.87335177,0.87335177,0.87093826,0.38099167,0.87403604,0.00193504,0.5045893,0.5045893,0.50302611,0.99536388,0.99536388,0.87093826,0.87403604,0.38099167,0.87093826,0.87403604,0.87403604,0.00193504,0.5045893,0.98888737,0.00193504,0.98888737,0.5045893
mp-3427,5.15441713,5.15441713,6.2357861,0.5,0.5,0.5,0.6865336200000001,0.31346638,0.25,0.18653362,0.18653362,0.5,0.31346638,0.6865336200000001,0.75,0.81346638,0.81346638,0.0,0.82495825,0.82495825,0.5,0.67504175,0.32495825,0.75,0.32495825,0.67504175,0.25,0.17504175,0.17504175,0.0,0.29222225,0.33489812,0.22869346000000002,0.16510188,0.79222225,0.47869346,0.79222225,0.16510188,0.52130654,0.83489812,0.20777775,0.97869346,0.20777775,0.83489812,0.02130654,0.66510188,0.70777775,0.27130654,0.33489812,0.29222225,0.77130654,0.70777775,0.66510188,0.72869346
mp-34293,6.236582147006977,6.215255454372535,6.236582244826252,0.3339613932658357,0.3320772223262218,0.33396141562633624,0.5,0.5,0.5,0.75,0.75,0.75,0.0,0.0,0.0,0.25,0.25,0.25,0.625,0.17642865,0.125,0.17642865,0.125,0.07357135000000001,0.125,0.07357135000000001,0.625,0.07357135000000001,0.625,0.17642865
mp-3448,3.97846823,3.97846823,3.97846823,0.5,0.5,0.5,0.5,0.5,0.5,0.0,0.0,0.0,0.0,0.5,0.0,0.0,0.0,0.5,0.5,0.0,0.0
mp-3481,4.14643325,4.146433338304673,12.80406716,0.5,0.5,0.6666667075176217,0.333333,0.666667,0.99521892,0.666667,0.333333,0.49521892,0.0,0.0,0.27638361,0.0,0.0,0.77638361,0.333333,0.666667,0.67349747,0.666667,0.333333,0.17349747000000001
mp-3486,4.41537884,4.415378132265941,13.07731443,0.5,0.5,0.6666666529486623,0.333333,0.666667,0.99882082,0.666667,0.333333,0.49882082,0.0,0.0,0.29717448,0.0,0.0,0.79717448,0.333333,0.666667,0.68850371,0.666667,0.333333,0.18850371
mp-34932,3.779391204759787,3.5280813538877287,3.7793899316335455,0.3454238326514375,0.30915236599678253,0.3454238650669201,0.051715910000000004,0.94828409,0.051715910000000004,0.63993544,0.36006456000000003,0.63993544,0.45834965,0.5416503500000001,0.45834965
mp-3524,4.52383559779818,4.5238351331891495,4.820184169590734,0.6554791170336338,0.6554790971121376,0.49999998375861565,0.5,0.5,0.0,0.75,0.25,0.5,0.0,0.0,0.0,0.25,0.75,0.5,0.29347617,0.375,0.25,0.9565238300000001,0.875,0.25,0.125,0.70652383,0.75,0.625,0.04347617,0.75
mp-35777,6.286889227432605,6.286889227432605,7.783137770820322,0.6324120278309229,0.6324120278309229,0.5002174245473817,0.99884244,0.99884244,0.00050539,0.25077594000000003,0.7503521,0.49998634000000003,0.7503521,0.25077594000000003,0.49998634000000003,0.15529445,0.6163863900000001,0.7704349500000001,0.38391389000000004,0.38391389000000004,0.22879587,0.6163863900000001,0.15529445,0.7704349500000001,0.84443479,0.84443479,0.22985517
mp-3589,4.3438443977915995,4.343844290020225,4.5279220000619596,0.6592447496795744,0.6592447465272512,0.4999999792931315,0.25,0.75,0.5,0.0,0.0,0.0,0.13145154,0.73465559,0.74663141,0.26534441000000003,0.38481812,0.25336859,0.61518188,0.01197683,0.74663141,0.9880231700000001,0.86854846,0.25336859
mp-36111,4.226697,4.226696770698485,4.2266972312443905,0.3333333254914861,0.33333338686769204,0.3333333668432155,0.75,0.75,0.75,0.25,0.25,0.25,0.0,0.0,0.0
mp-3614,3.99488137,3.99488137,3.99488137,0.5,0.5,0.5,0.5,0.5,0.5,0.0,0.0,0.0,0.0,0.5,0.0,0.0,0.0,0.5,0.5,0.0,0.0
mp-3666,5.4768476568179745,5.476847758619139,5.476847362093205,0.3105522503926121,0.3105522663997697,0.31055229871553347,0.28322578,0.28322578,0.28322578,0.78322578,0.78322578,0.78322578,0.9994646500000001,0.9994646500000001,0.9994646500000001,0.49946465,0.49946465,0.49946465,0.61431885,0.22446262,0.86672709,0.7244626200000001,0.11431885,0.36672709000000003,0.11431885,0.36672709000000003,0.7244626200000001,0.36672709000000003,0.7244626200000001,0.11431885,0.86672709,0.61431885,0.22446262,0.22446262,0.86672709,0.61431885
mp-3668,5.7552683530022435,5.755267411585419,6.784661663064508,0.6394229001413586,0.639422850383716,0.5000000351556223,0.25,0.75,0.5,0.0,0.0,0.0,0.5,0.5,0.0,0.75,0.25,0.5,0.84104754,0.875,0.25,0.625,0.15895246,0.75,0.40895246,0.375,0.25,0.125,0.59104754,0.75
mp-370,3.8936750053223497,3.8936750053223497,3.8936750053223497,0.33333333333333337,0.33333333333333337,0.33333333333333337,0.0,0.0,0.0,0.5,0.5,0.5
mp-3700,5.136096865529986,5.15094468289964,6.469788582335196,0.6291167774399258,0.6288705801515267,0.5020414275018221,0.3747174,0.12289802,0.74629568,0.625283599999999,0.8771019800000001,0.25370432,0.12457579,0.374511,0.24941341,0.87542421,0.6254900000000001,0.75058659,0.45864007,0.7638208,0.58695535,0.26431593000000003,0.63215155,0.08815558,0.87098321,0.67661497,0.41236606000000003,0.82331589,0.95599921,0.08824933,0.54135993,0.236179199999999,0.41304465,0.12901679,0.32338503,0.58763394,0.17668411,0.04400079,0.91175067,0.73568407,0.36784845,0.91184442
mp-37153,5.87719323,5.877193860733474,5.8771933451663445,0.3333333333616232,0.3333333685166066,0.3333333846380747,0.5,0.5,0.5,0.0,0.0,0.0,0.21035162000000002,0.78964838,0.21035162000000002,0.21035162000000002,0.21035162000000002,0.78964838,0.78964838,0.21035162000000002,0.21035162000000002,0.21035162000000002,0.78964838,0.78964838,0.78964838,0.78964838,0.21035162000000002,0.78964838,0.21035162000000002,0.78964838
mp-37216,5.9542027766015435,5.954204110956775,5.954203222095441,0.29291605228716017,0.2929160090729024,0.2929159755786877,0.5,0.5,0.5,0.0,0.0,0.0,0.08452981,0.39573695000000003,0.759964899999999,0.39573695000000003,0.759964899999999,0.08452981,0.759964899999999,0.08452981,0.39573695000000003,0.2400351,0.9154701900000001,0.60426305,0.60426305,0.2400351,0.9154701900000001,0.9154701900000001,0.60426305,0.2400351
mp-3731,5.153943290372108,5.5315293056284185,17.212470286130525,0.4865020253831731,0.5479483065054345,0.6542832823786303,0.44015639,0.80784954,0.0735733,0.9393049,0.55733773,0.32341172,0.19250187,0.18436056,0.19890033000000001,0.43942237,0.30738526,0.57340122,0.69229906,0.93311764,0.44859248,0.9390396400000001,0.05720976,0.82336664,0.19178317,0.68415994,0.69890677,0.69235631,0.43324804,0.94856107,0.01759992,0.03199841,0.00293925,0.51734022,0.781890299999999,0.25284971,0.7675849100000001,0.40691916,0.12784411,0.016953199999999002,0.53157592,0.50288201,0.26721066,0.15643452,0.37776417,0.51691147,0.28207397,0.75291988,0.76686327,0.90676937,0.62782866,0.26733411,0.65683178,0.87798356,0.48037091,0.0416131,0.18227583,0.437156,0.19528763000000002,0.02879973,0.91939846,0.12936389,0.09480035,0.5373559800000001,0.57003303,0.15380811,0.05523617,0.50415842,0.21973956,0.98017421,0.79112542,0.43216068,0.99406373,0.66673591,0.05735688,0.93692628,0.9445427999999991,0.27879972000000003,0.41960344,0.87912163,0.34475066,0.03739578,0.31977229,0.4038228,0.55506802,0.25396708,0.46964385000000003,0.47987153,0.5418775100000001,0.68236188,0.49334684,0.41601062,0.30712847,0.43661543,0.69483803,0.52885331,0.91882489,0.62919817,0.59470008,0.53712172,0.07030317,0.6538590200000001,0.054757770000000004,0.00423702,0.71969849,0.98024562,0.291593999999999,0.93233621,0.99342878,0.16630172000000001,0.55724624,0.93631423,0.44506911,0.77893857,0.41885284,0.37941363,0.84479801,0.03673271,0.81977456,0.90391911,0.55509526,0.7546129300000001,0.96979925,0.49297692,0.91648644,0.8072782900000001
mp-3748,5.881352236930663,5.881352334674827,5.881352781567618,0.15535350336316692,0.15535356544013995,0.15535343335923407,0.5,0.5,0.5,0.0,0.0,0.0,0.89010528,0.89010528,0.89010528,0.10989472,0.10989472,0.10989472
mp-3772,5.802257494570335,5.802257838264669,6.800044812717724,0.6403006852897677,0.6403006281969783,0.5000000001683248,0.0,0.0,0.0,0.25,0.75,0.5,0.5,0.5,0.0,0.8651206300000001,0.875454299999999,0.27587901,0.41075738,0.40042371,0.27587901,0.1245457,0.58924262,0.72412099,0.59957629,0.13487937,0.72412099
mp-37906,3.505191,3.5051903593215874,3.505191045560142,0.33333341214240514,0.33333338815179,0.3333333521724785,0.75,0.75,0.75,0.25,0.25,0.25,0.0,0.0,0.0
mp-38011,4.331554726666762,4.331555401960485,4.3315544635766114,0.38888231886719565,0.3888823125202166,0.38888238618262555,0.0036983800000000002,0.0036983800000000002,0.0036983800000000002,0.64266784,0.64266784,0.64266784,0.50463378,0.50463378,0.50463378
mp-3810,4.87428355,4.874282679352636,5.04585867,0.5,0.5,0.6666666621666845,0.0,0.0,0.0,0.666667,0.333333,0.5,0.333333,0.666667,0.5,0.37919847,0.37919847,0.70315739,0.62080153,0.0,0.70315739,0.0,0.62080153,0.70315739,0.37919847,0.0,0.29684261,0.0,0.37919847,0.29684261,0.62080153,0.62080153,0.29684261
mp-38117,6.778220891077443,6.982586907681443,6.982586907681443,0.4242709551144985,0.3386896653553629,0.3386896653553629,0.75,5.36e-06,5.36e-06,0.25,0.49995943000000004,0.50004057,0.75,0.50006824,0.49993176,0.16653044,0.4999496,0.16732783,0.33346956,0.83267217,0.5000504,0.66625378,0.16734489,0.49998996,0.83374622,0.50001004,0.83265511
mp-3813,4.9892002789564955,4.989198794668476,8.68882097400102,0.5926927558589118,0.5926927364892086,0.49999999982510906,0.64183805,0.64183805,0.2836781,0.35816195,0.35816195,0.7163219,0.0,0.0,0.0,0.0,0.5,0.0,0.5,0.0,0.0,0.83733927,0.83733927,0.67468054,0.16266073,0.16266073,0.32531946
mp-3821,5.75991883,5.759918454661915,4.56528553,0.5,0.5,0.6666666783231653,0.666667,0.333333,0.28468714,0.333333,0.666667,0.71531286,0.0,0.0,0.0,0.83435087,0.16564913,0.77145977,0.83435087,0.66870175,0.77145977,0.33129825,0.16564913,0.77145977,0.16564913,0.83435087,0.22854023,0.16564913,0.33129825,0.22854023,0.66870175,0.83435087,0.22854023
mp-3834,4.21238715,4.21238715,4.21238715,0.5,0.5,0.5,0.0,0.0,0.0,0.5,0.5,0.5,0.5,0.0,0.5,0.5,0.5,0.0,0.0,0.5,0.5
mp-3839,6.025319560145295,6.025320572094495,7.369218912668885,0.6340585026275452,0.6340584722855004,0.4999999952664999,0.5,0.5,0.0,0.75,0.25,0.5,0.0,0.0,0.0,0.25,0.75,0.5,0.36358739,0.375,0.25,0.125,0.63641261,0.75,0.625,0.11358739,0.75,0.88641261,0.875,0.25
mp-384,5.10306593,5.1697704781099825,7.546099902357075,0.5485170485196745,0.5,0.5,0.0,0.0,0.0,0.5,0.0,0.5,0.29378222,0.74544623,0.74624377,0.79378222,0.25455377,0.75375623,0.70621778,0.25455377,0.25375623,0.20621778000000002,0.74544623,0.24624377,0.89220879,0.6022276,0.40024622,0.39220879000000003,0.397772399999999,0.09975378,0.10779121,0.397772399999999,0.59975378,0.60779121,0.6022276,0.90024622
mp-38970,8.482558784380757,12.677491474788216,7.297741064017977,0.16836421573528484,0.3007180544717166,0.3311200606097657,0.12244274000000001,0.99241544,0.24584503,0.12482126,0.66456348,0.26440865,0.62184474,0.34057286000000003,0.22401544,0.62513696,0.66886725,0.25780492,0.9817544300000001,0.00319812,0.01024733,0.00817828,0.31981224,0.03399358,0.50855353,0.013715380000000001,0.0063637400000000005,0.01312373,0.6437229,0.01898165,0.48157409,0.336749199999999,0.000246199999999,0.5125702400000001,0.68944837,0.95081694
mp-3915,6.932252308245426,6.932252586112553,6.932253252398,0.19401412576541652,0.1940141440266867,0.1940141185040391,0.5,0.5,0.5,0.0,0.0,0.0,0.89838905,0.89838905,0.89838905,0.10161095,0.10161095,0.10161095
mp-3924,2.921784869999999,2.921784607269662,10.45103486,0.5,0.5,0.6666666196644181,0.0,0.0,0.0,0.0,0.0,0.5,0.333333,0.666667,0.75,0.666667,0.333333,0.25,0.333333,0.666667,0.12182659,0.333333,0.666667,0.37817341,0.666667,0.333333,0.6218265900000001,0.666667,0.333333,0.87817341
mp-3953,6.35844783330001,6.3584472487227615,6.358445890476541,0.25761893928911217,0.2576190144390024,0.2576189618835567,0.5,0.5,0.5,0.0,0.0,0.0,0.75,0.75,0.75,0.25,0.25,0.25,0.75,0.49216771000000004,0.00783229,0.00783229,0.75,0.49216771000000004,0.50783229,0.99216771,0.25,0.25,0.50783229,0.99216771,0.99216771,0.25,0.50783229,0.49216771000000004,0.00783229,0.75
mp-3970,5.68505675,5.6850564105876495,4.59016253,0.5,0.5,0.6666666133094347,0.333333,0.666667,0.69778717,0.666667,0.333333,0.30221283,0.0,0.0,0.0,0.31684026,0.15842013,0.77230011,0.84157987,0.15842013,0.77230011,0.84157987,0.68315974,0.77230011,0.15842013,0.31684026,0.22769989000000002,0.68315974,0.84157987,0.22769989000000002,0.15842013,0.84157987,0.22769989000000002
mp-3980,5.356443361085753,5.35644360114449,5.356443402779759,0.30993147467177806,0.30993143768774717,0.30993152209456293,0.5,0.5,0.5,0.0,0.0,0.0,0.62902533,0.88510029,0.24252119,0.88510029,0.24252119,0.62902533,0.7574788100000001,0.37097467,0.11489971,0.24252119,0.62902533,0.88510029,0.11489971,0.7574788100000001,0.37097467,0.37097467,0.11489971,0.7574788100000001
mp-3982,4.388239131910865,5.40709198,6.2110320618484405,0.5,0.6149274183979847,0.5,0.30117648,0.75,0.60235197,0.69882352,0.25,0.39764803,0.99781111,0.25,0.99562322,0.00218889,0.75,0.00437678,0.89488413,0.50412822,0.78976626,0.10511587,0.49587178,0.21023374,0.89488413,0.99587178,0.78976626,0.10511587,0.00412822,0.21023374
mp-4002,4.93340236,4.9334020486420265,4.62948023,0.5,0.5,0.6666666410137647,0.666667,0.333333,0.5,0.333333,0.666667,0.5,0.0,0.0,0.0,0.0,0.33182832,0.25780369000000003,0.66817168,0.66817168,0.25780369000000003,0.0,0.66817168,0.74219631,0.66817168,0.0,0.74219631,0.33182832,0.33182832,0.74219631,0.33182832,0.0,0.25780369000000003
mp-4009,5.65901306,6.38842381524427,6.388423621578634,0.6407070560339959,0.5,0.5,0.75,0.34854912,0.6514508800000001,0.25,0.6514508800000001,0.34854912,0.5,0.0,0.0,0.0,0.0,0.0,0.75,0.85884041,0.67020367,0.25,0.14115959,0.32979633,0.75,0.32979633,0.14115959,0.25,0.67020367,0.85884041
mp-4047,6.242482634592662,6.242482782249069,6.24248158,0.3333333392874683,0.33333333494052036,0.33333330509773706,0.75,0.75,0.75,0.25,0.25,0.25,0.0,0.0,0.0,0.1930085,0.8069915,0.8069915,0.1930085,0.8069915,0.1930085,0.8069915,0.1930085,0.8069915,0.8069915,0.1930085,0.1930085,0.8069915,0.8069915,0.1930085,0.1930085,0.1930085,0.8069915
mp-406,4.641608438605873,4.641609170455944,4.64161015,0.33333337659128603,0.33333334742561016,0.33333339543879653,0.0,0.0,0.0,0.25,0.25,0.25
mp-4124,5.379377950597595,5.379378789433558,5.379379377908979,0.22306269494030267,0.22306266387426418,0.22306267667911384,0.0,0.0,0.0,0.5,0.5,0.5,0.41697199,0.41697199,0.41697199,0.58302801,0.58302801,0.58302801
mp-4156,5.247199161562476,5.247199712402951,5.384959081612972,0.5605689289498679,0.5605689309764623,0.6594926749991433,0.74026147,0.25973853,0.25,0.25973853,0.74026147,0.75,0.42416294,0.57583706,0.25,0.57583706,0.42416294,0.75,0.09130171000000001,0.90869829,0.25,0.90869829,0.09130171000000001,0.75,0.0,0.5,0.0,0.69200019,0.84375491,0.98826426,0.84375491,0.69200019,0.48826426,0.30799981,0.15624509,0.01173574,0.15624509,0.30799981,0.51173574,0.5,0.0,0.5
mp-4187,5.12683769,5.490459960069818,5.490460091250187,0.6475463744433986,0.5,0.5,0.38233885,0.979915,0.32977837,0.88233885,0.020085,0.67022163,0.88233885,0.67022163,0.020085,0.38233885,0.32977837,0.979915,0.23185786,0.66388192,0.07933798,0.73185786,0.33611808,0.92066202,0.73185786,0.92066202,0.33611808,0.23185786,0.07933798,0.66388192,0.29960858,0.24215794000000002,0.24215794000000002,0.79960858,0.75784206,0.75784206
mp-4190,6.015841626804902,6.015841560999726,6.015841483789569,0.30327148704300727,0.3032714937746409,0.3032714716643416,0.36227676000000003,0.36227676000000003,0.36227676000000003,0.63772324,0.63772324,0.63772324,0.15423012,0.15423012,0.15423012,0.84576988,0.84576988,0.84576988,0.7930423,0.44365957,0.03526645,0.44365957,0.03526645,0.7930423,0.03526645,0.7930423,0.44365957,0.2069577,0.55634043,0.96473355,0.96473355,0.2069577,0.55634043,0.55634043,0.96473355,0.2069577
mp-422,3.4438238808145027,3.4438241675620023,3.44382351,0.3333334779319527,0.33333346237473205,0.33333346665215485,0.0,0.0,0.0,0.25,0.25,0.25
mp-4236,5.90980663,5.909806434347148,6.75263671,0.5,0.5,0.6666666724398835,0.65403572,0.0,0.833333,0.0,0.65403572,0.166666999999999,0.34596428,0.34596428,0.5,0.41623821,0.41623821,0.0,0.0,0.5837617900000001,0.666667,0.5837617900000001,0.0,0.333333,0.12940896,0.42522116,0.87324555,0.57477884,0.70418881,0.20657855,0.29581119,0.87059104,0.53991255,0.70418881,0.57477884,0.79342145,0.42522116,0.12940896,0.12675445,0.87059104,0.29581119,0.46008745
mp-4280,5.9802036186322765,5.9802034644205495,5.980204756067092,0.15980738802534175,0.15980744317146048,0.15980745505402183,0.5,0.5,0.5,0.0,0.0,0.0,0.89220539,0.89220539,0.89220539,0.10779461,0.10779461,0.10779461
mp-4342,4.01297268,4.01297268,4.11029183,0.5,0.5,0.5,0.5,0.5,0.49995451,0.0,0.0,0.01491577,0.5,0.0,0.97414234,0.0,0.5,0.97414234,0.0,0.0,0.47164604
mp-4385,6.145127278074705,6.145126917496629,6.145126562802549,0.2640242273952263,0.2640242711698963,0.2640241838436509,0.5,0.5,0.5,0.0,0.0,0.0,0.75,0.75,0.75,0.25,0.25,0.25,0.75,0.48936811,0.01063189,0.01063189,0.75,0.48936811,0.51063189,0.98936811,0.25,0.25,0.51063189,0.98936811,0.98936811,0.25,0.51063189,0.48936811,0.01063189,0.75
mp-4406,4.6713649834855975,4.671365809265456,7.00520065,0.5,0.5,0.5378076665879195,0.35095202000000003,0.35095202000000003,0.75,0.64904798,0.64904798,0.25,0.84766311,0.84766311,0.75,0.15233689,0.15233689,0.25,0.15852505,0.81840855,0.75,0.84147495,0.18159145000000002,0.25,0.81840855,0.15852505,0.75,0.18159145000000002,0.84147495,0.25,0.29483199,0.29483199,0.08153031000000001,0.7051680100000001,0.7051680100000001,0.58153031,0.29483199,0.29483199,0.41846969,0.7051680100000001,0.7051680100000001,0.91846969
mp-4452,5.591164849618755,5.59116359148018,6.465953318291563,0.6423169328499978,0.6423169792193816,0.49999997983645816,0.0,0.0,0.0,0.25,0.75,0.5,0.5,0.5,0.0,0.86817467,0.862822299999999,0.2711302,0.5916911,0.13182533,0.7288698,0.13717769999999901,0.59704447,0.7288698,0.40295553,0.4083089,0.2711302
mp-4495,4.83709739,4.83709739,7.7010359,0.5,0.5,0.5,0.25,0.25,0.6648719200000001,0.75,0.75,0.33512808,0.25,0.75,0.0,0.75,0.25,0.0,0.25,0.25,0.19883894,0.75,0.75,0.80116106
mp-4511,4.05373495,4.053734310465596,6.9508214,0.5,0.5,0.6666666490863599,0.666667,0.333333,0.78038364,0.333333,0.666667,0.21961636,0.0,0.0,0.5,0.666667,0.333333,0.12817464,0.333333,0.666667,0.87182536
mp-4547,4.128218244825001,4.12821883437277,7.183735157220231,0.5927679022354678,0.5927678938857457,0.5000000107204621,0.65909733,0.65909733,0.31819365,0.34090267,0.34090267,0.68180635,0.0,0.0,0.0,0.25,0.75,0.5,0.75,0.25,0.5
mp-4555,4.84855585,4.848555431228201,5.10058609,0.5,0.5,0.6666666450152277,0.0,0.0,0.0,0.333333,0.666667,0.5,0.666667,0.333333,0.5,0.37747983,0.37747983,0.70207237,0.62252017,0.0,0.70207237,0.0,0.62252017,0.70207237,0.37747983,0.0,0.29792763,0.0,0.37747983,0.29792763,0.62252017,0.62252017,0.29792763
mp-4586,6.376605460805092,6.376604710989432,7.444257355136243,0.6408839615791208,0.640883939361573,0.4999999743728622,0.75,0.25,0.5,0.5,0.5,0.0,0.25,0.75,0.5,0.0,0.0,0.0,0.89383236,0.875,0.25,0.625,0.10616764000000001,0.75,0.125,0.64383236,0.75,0.35616764,0.375,0.25
mp-4609,5.5106582502598265,5.510657271715527,5.510656834750069,0.5946115963251098,0.5946114950074584,0.6359570097694237,0.125,0.875,0.25,0.875,0.125,0.75,0.375,0.625,0.75,0.625,0.375,0.25,0.80579923,0.37068602,0.06488678,0.7409124500000001,0.80579923,0.93511322,0.37068602,0.80579923,0.56488678,0.80579923,0.7409124500000001,0.43511322,0.25908755,0.19420177,0.06488678,0.19420177,0.62931398,0.93511322,0.19420177,0.25908755,0.56488678,0.62931398,0.19420177,0.43511322
mp-4627,5.55797365,5.5635341,5.55363067,0.5,0.5,0.5,0.4945996,0.24068333,0.50182445,0.994599599999999,0.75931667,0.50182445,0.005399399999999,0.24068333,0.00182445,0.5054004,0.75931667,0.00182445,0.8799063500000001,0.36954253,0.38405903,0.62009365,0.36954253,0.88405903,0.37990635,0.63045747,0.38405903,0.12009365,0.63045747,0.88405903,0.11727722,0.13069645,0.62111651,0.38272278,0.13069645,0.12111651,0.88272278,0.86930355,0.12111651,0.61727722,0.86930355,0.62111651
mp-463,3.753907513727353,3.7539066251222017,3.75390707,0.3333333609994621,0.3333334045020059,0.3333334506182727,0.0,0.0,0.0,0.5,0.5,0.5
mp-4666,5.6872275571836095,5.687227410132427,6.612082805943362,0.6415087545553911,0.6415087148286164,0.5000000431499096,0.25,0.75,0.5,0.0,0.0,0.0,0.5,0.5,0.0,0.75,0.25,0.5,0.828128299999999,0.875,0.25,0.625,0.1718717,0.75,0.421871699999999,0.375,0.25,0.125,0.578128299999999,0.75
mp-468,8.774230685850716,6.994526930904145,5.017617117892153,0.7546895287870755,0.8386112821953682,0.19358556626854737,0.49991311,0.75013768,0.00011922,0.4999865,0.24996728000000001,0.00016565000000000001,0.41281156,0.00027007,0.825163,1.4680000000000002e-05,0.91197287,0.4117825,0.41180985000000003,0.08818844,0.41163447000000003,0.5876363,0.50026991,0.17574064,4.1400000000000003e-05,0.58739818,0.58782109,0.58778759,0.41233672,0.58790473
mp-4690,6.187476203352759,6.187476203352759,6.187476203352759,0.6289048461102473,0.6289048461102473,0.5680055102356261,0.25,0.75,0.5,0.75,0.25,0.5,0.5,0.5,0.0,0.0,0.0,0.0,0.33126267,0.33126267,0.2808117,0.66873733,0.94954903,0.0,0.94954903,0.66873733,0.0,0.05045097,0.05045097,0.7191883,0.23237749,0.23237749,0.42649348000000004,0.76762251,0.19411599000000002,0.0,0.19411599000000002,0.76762251,0.0,0.80588401,0.80588401,0.57350652
mp-470,2.87651434,4.41242435,4.41242435,0.5,0.5,0.5,0.5,0.5,0.5,0.0,0.0,0.0,0.0,0.69422923,0.69422923,0.5,0.80577077,0.19422923,0.0,0.30577077,0.30577077,0.5,0.19422923,0.80577077
mp-4782,5.9203758211533275,5.9203751612539905,5.920375399973738,0.32577558095870074,0.32577560465759786,0.32577560275191836,0.0,0.0,0.0,0.5,0.5,0.5,0.19537122,0.73233042,0.33869185,0.73233042,0.33869185,0.19537122,0.66130815,0.80462878,0.26766958,0.26766958,0.66130815,0.80462878,0.80462878,0.26766958,0.66130815,0.33869185,0.19537122,0.73233042
mp-4809,5.58218930245464,5.582189910379103,6.486053192329302,0.6416001479349167,0.6416001959698658,0.5000000277321106,0.25,0.75,0.5,0.5,0.5,0.0,0.0,0.0,0.0,0.86686459,0.86333389,0.27325153,0.59008236,0.13313541,0.72674847,0.13666611,0.59361206,0.72674847,0.40638794,0.40991764,0.27325153
mp-487,5.087782655042803,5.807923968223491,5.837636205046828,0.5957514806217796,0.6436943466638397,0.5205505539514877,0.78574506,0.27588737,0.78441718,0.21425494,0.72411263,0.21558282,0.39991029,0.80308722,0.95486857,0.60008971,0.19691278,0.04513143,0.93838672,0.30503123,0.48858677,0.06161328,0.69496877,0.51141323,0.24491189,0.33147152,0.11861479999999901,0.75508811,0.66852848,0.8813852,0.30127133,0.152439,0.42126705000000003,0.69872867,0.847561,0.57873295
mp-4979,5.286815988364829,5.286816070554619,6.43588437643278,0.6347259564047295,0.6347259943937718,0.4999999948863453,0.5,0.5,0.0,0.75,0.25,0.5,0.25,0.75,0.5,0.0,0.0,0.0,0.86780961,0.875,0.25,0.625,0.13219039,0.75,0.38219039,0.375,0.25,0.125,0.61780961,0.75
mp-5012,4.6502353,5.355966716401203,5.377145042145244,0.6659433372026552,0.5,0.5,0.00448157,0.83003516,0.34778967,0.50448157,0.16996484,0.6522103300000001,0.50448157,0.51775351,0.34778967,0.00448157,0.48224649,0.6522103300000001,0.50207158,0.82771992,0.0,0.00207158,0.17228008,0.0,0.85744145,0.88374102,0.0,0.41816192,0.54380824,0.7087035700000001,0.41816192,0.8351056800000001,0.29129643,0.35744145,0.11625898,0.0,0.91816192,0.16489432,0.7087035700000001,0.91816192,0.45619176,0.29129643
mp-5020,4.033806554507884,4.033805892924775,4.033806146413204,0.49909101555542434,0.4990909420967811,0.4990910405290958,0.99985396,0.99985396,0.99985396,0.48666229,0.48666229,0.48666229,0.020283370000000002,0.51104969,0.51104969,0.51104969,0.51104969,0.020283370000000002,0.51104969,0.020283370000000002,0.51104969
mp-5038,5.933509404658931,7.209523819929181,7.209523875563415,0.6521351423417259,0.5652731963374302,0.5652731870014976,0.25,0.35627096,0.64372904,0.75,0.64372904,0.35627096,0.75,0.00324041,0.99675959,0.25,0.99675959,0.00324041,0.40598348,0.92088271,0.72120962,0.09401652,0.27879038,0.07911729,0.9059834800000001,0.72120962,0.92088271,0.59401652,0.07911729,0.27879038
mp-504535,3.29849903,4.59051876,5.30212675,0.5,0.5,0.5,0.0,0.72794198,0.00035101,0.5,0.27205802,0.50035101,0.0,0.80109702,0.47910534,0.5,0.19890298,0.97910534,0.0,0.52282087,0.63851242,0.5,0.47717913,0.13851242,0.0,0.98157807,0.36403123,0.5,0.01842193,0.86403123
mp-5046,4.506708714377745,4.506708994265672,4.688025148912949,0.6596035297429776,0.6596036615774585,0.499999977251112,0.25,0.75,0.5,0.0,0.0,0.0,0.25463612,0.35291453,0.24016457,0.11274896000000001,0.74536388,0.75983543,0.64708547,0.014469550000000001,0.75983543,0.9855304500000001,0.88725104,0.24016457
mp-504729,6.330566102649256,6.330565345717594,6.33056516,0.33333328066471646,0.3333333026384463,0.3333333074892181,0.25,0.25,0.25,0.75,0.75,0.75,0.0,0.0,0.0,0.78499619,0.21500381000000002,0.21500381000000002,0.78499619,0.78499619,0.21500381000000002,0.21500381000000002,0.21500381000000002,0.78499619,0.78499619,0.21500381000000002,0.78499619,0.21500381000000002,0.78499619,0.21500381000000002,0.21500381000000002,0.78499619,0.78499619
mp-5048,6.357406651837215,6.357407017746545,7.4409870842311925,0.6404959109974525,0.6404959069842941,0.5000000228453433,0.75,0.25,0.5,0.5,0.5,0.0,0.25,0.75,0.5,0.0,0.0,0.0,0.89110152,0.875,0.25,0.625,0.10889848,0.75,0.125,0.64110152,0.75,0.35889848,0.375,0.25
mp-504838,7.245292508964886,7.530680202064742,7.5306800699025365,0.41221674894469934,0.3402549308658863,0.3402549144653837,0.0,0.7377655200000001,0.26223448,0.0,0.26223448,0.7377655200000001,0.34481764,0.65518236,0.65518236,0.65518236,0.34481764,0.34481764,0.5,0.32908421,0.67091579,0.5,0.67091579,0.32908421,0.4726759,0.76050651,0.76050651,0.00631008,0.23949349,0.23949349,0.5273241,0.23949349,0.23949349,0.00631008,0.76050651,0.76050651
mp-505634,7.552935434242106,7.5529360986463825,8.76625977,0.5,0.5,0.6097042026842786,0.09234452,0.9076554800000001,0.869474,0.9076554800000001,0.09234452,0.369473999999999,0.58282613,0.41717387,0.15242855,0.41717387,0.58282613,0.65242855,0.78378994,0.21621006,0.81163737,0.21621006,0.78378994,0.31163737,0.08114471,0.41553715,0.00272904,0.91885529,0.58446285,0.50272904,0.58446285,0.91885529,0.00272904,0.41553715,0.08114471,0.50272904
mp-505825,5.70109949,5.701101645964115,5.21268359,0.5,0.5,0.6666666309292912,0.333333,0.666667,0.27554695,0.666667,0.333333,0.72445305,0.0,0.0,0.0,0.0,0.0,0.37828066,0.0,0.0,0.6217193400000001
mp-5061,5.008195795823577,5.008195795823577,4.992137144110527,0.4450520838708008,0.4450520838708008,0.6653280879774779,0.33338691,0.66661309,0.0,0.66661309,0.33338691,0.0,0.5,0.5,0.5,0.17702654,0.82297346,0.5,0.82297346,0.17702654,0.5,0.0,0.0,0.0,0.92210434,0.61328331,0.23561695,0.61328331,0.92210434,0.23561695,0.38671669000000003,0.07789566,0.7643830500000001,0.07789566,0.38671669000000003,0.7643830500000001,0.77026201,0.77026201,0.77137701,0.22973799,0.22973799,0.22862299
mp-510268,6.2247574913752945,6.227376286694863,7.860427256210406,0.5659087028593053,0.5659117575529419,0.6601580316635823,0.160071699999999,0.16007543,0.320122199999999,0.8399283,0.83992457,0.6798778,0.5,0.5,0.0,0.0,0.5,0.0,0.5,0.0,0.0,0.22648735,0.56259203,0.78884966,0.5624,0.22629955000000002,0.7888501800000001,0.77351265,0.43740797000000003,0.21115034,0.43760000000000004,0.77370045,0.21114982000000002
mp-510273,5.579018626008559,6.42241203354878,6.4224136796236895,0.564086079645019,0.6081550220464497,0.6081550666244152,0.75,0.35169409,0.64830591,0.25,0.64830591,0.35169409,0.75,0.91951126,0.08048874,0.25,0.08048874,0.91951126,0.70005273,0.21278889,0.12763821,0.79994727,0.87236179,0.78721111,0.29994727,0.78721111,0.87236179,0.20005273,0.12763821,0.21278889
mp-5127,3.8137829256716125,6.225078868719455,6.22507822470259,0.47008753670160064,0.4009009592925214,0.4009008951909754,0.24999186,0.14676152,0.85323848,0.24999186,0.85323848,0.14676152,0.89676966,0.85323848,0.85323848,0.60324561,0.14676152,0.14676152,0.90906125,0.5,0.18187551,0.90906125,0.18187551,0.5,0.59093875,0.81812449,0.5,0.59093875,0.5,0.81812449,0.74999786,0.18946038,0.81053962,0.74999786,0.81053962,0.18946038,0.43946152,0.81053962,0.81053962,0.06054176,0.18946038,0.18946038
mp-5213,5.93104729807405,5.931046902262552,7.164859432213996,0.6358331256853779,0.6358330843797966,0.5000000489176425,0.25,0.75,0.5,0.0,0.0,0.0,0.5,0.5,0.0,0.75,0.25,0.5,0.8667664900000001,0.875,0.25,0.625,0.13323351,0.75,0.38323351,0.375,0.25,0.125,0.6167664900000001,0.75
mp-5238,5.314162196324333,5.314161733917241,6.464534746055497,0.6348288732713709,0.634828885589837,0.4999999745848785,0.5,0.5,0.0,0.75,0.25,0.5,0.25,0.75,0.5,0.0,0.0,0.0,0.87518395,0.875,0.25,0.625,0.12481605,0.75,0.37481605,0.375,0.25,0.125,0.62518395,0.75
mp-5280,4.953823641418341,5.545153557731122,5.545152512600043,0.5869231957246247,0.541456147190765,0.5414560590523486,0.0,0.30701739,0.69298261,0.0,0.69298261,0.30701739,0.40715708,0.234097199999999,0.234097199999999,0.59284292,0.7659028,0.7659028,0.78832988,0.92576335,0.59464211,0.21167012000000002,0.40535789,0.07423665,0.21167012000000002,0.07423665,0.40535789,0.78832988,0.59464211,0.92576335,0.5,0.0,0.0,0.27347076,0.59026681,0.59026681,0.72652924,0.40973319,0.40973319
mp-5295,5.419767458603386,5.420850483504083,6.953866479314225,0.6274612116276711,0.6273589024059456,0.49994609865158596,0.37504498000000003,0.12499435,0.75005601,0.62495502,0.87500565,0.24994399,0.87501405,0.62493853,0.74988729,0.12498595,0.37506147,0.25011271,0.95232032,0.78147554,0.5752366,0.7938444100000001,0.45221728,0.07545265,0.28146951,0.1231772,0.07542255,0.62312501,0.29375582,0.57538022,0.37687499,0.70624418,0.42461978,0.71853049,0.8768228,0.92457745,0.20615559,0.5477827200000001,0.92454735,0.04767968,0.21852446,0.424763399999999
mp-5339,5.31929495,5.31929495,8.60440342,0.5,0.5,0.5,0.25,0.25,0.65568028,0.75,0.75,0.34431972,0.25,0.75,0.0,0.75,0.25,0.0,0.25,0.25,0.19912125,0.75,0.75,0.80087875
mp-5342,5.751290025324559,5.751289831990851,6.594583189853688,0.3566717295452827,0.35667170000596876,0.500051584766788,0.61873431,0.36927671,0.9937333500000001,0.36927671,0.61873431,0.49373335,0.11816597000000001,0.87225144,0.99396131,0.87225144,0.11816597000000001,0.49396131,0.49608025,0.28293683000000003,0.74216154,0.70397997,0.99457452,0.24514481000000002,0.28293683000000003,0.49608025,0.24216154,0.99457452,0.70397997,0.74514481
mp-5348,5.63954672253827,5.63954672253827,5.639547315774251,0.2699564745650004,0.2699564745650004,0.2699564799586699,0.5,0.5,0.5,0.0,0.0,0.0,0.75,0.75,0.75,0.25,0.25,0.25,0.027681630682409003,0.7499999999994421,0.47231836923381304,0.472318369317033,0.027681630682967,0.75,0.24999999999944203,0.527681630682409,0.9723183692338131,0.9723183693175901,0.250000000000557,0.527681630766186,0.527681630682966,0.9723183693170331,0.25,0.7500000000005571,0.47231836931759,0.027681630766186002
mp-5380,4.498459313348254,4.498460542449921,8.169460325560127,0.5887843991017243,0.588784392279659,0.49999996255642964,0.82674203,0.82674203,0.65348507,0.17325797,0.17325797,0.34651493,0.0,0.5,0.0,0.5,0.0,0.0,0.63597249,0.63597249,0.27194598000000003,0.36402751,0.36402751,0.72805402,0.0,0.0,0.0
mp-539,6.45523076,6.476590952718589,7.053439390127619,0.6474168233242491,0.499999999999997,0.6660608353904253,0.13653814,0.40574596,0.61964728,0.26920781,0.40574596,0.11964728000000001,0.44718999,0.08814768,0.62905923,0.6409587,0.08814768,0.12905923,0.42851516,0.67989794,0.50284171,0.25138278000000003,0.67989794,0.00284171,0.76053466,0.34699161,0.51185829,0.5864579600000001,0.34699161,0.01185829,0.91099758,0.00121681,0.98559649,0.09021723,0.00121681,0.48559649
mp-5394,4.04866893,4.04866893,6.9627810199999995,0.5,0.5,0.5,0.75,0.75,0.76997462,0.25,0.25,0.23002538,0.25,0.25,0.65128023,0.75,0.75,0.34871977,0.25,0.75,0.0,0.75,0.25,0.0
mp-540584,3.1374797546537145,5.4517537942197105,5.451753545092941,0.3739792673462885,0.4070930294410857,0.4070929863978096,0.17522138,0.32477862,0.32477862,0.82477862,0.67522138,0.67522138,0.0,0.0,0.0,0.5,0.2209438,0.7790562,0.5,0.7790562,0.2209438
mp-540703,5.3896224,8.67889093,10.50526095,0.5,0.5,0.5,0.75,0.9757937600000001,0.82887612,0.25,0.02420624,0.17112388,0.75,0.47579376,0.67112388,0.25,0.52420624,0.32887612,0.75,0.85515434,0.42590942,0.25,0.14484566000000001,0.57409058,0.75,0.35515434,0.07409058,0.25,0.64484566,0.92590942,0.75,0.75470159,0.11089072,0.25,0.24529941,0.88910928,0.75,0.25470159,0.38910928,0.25,0.74529841,0.61089072
mp-540957,8.389574122855349,8.38957367066857,8.38957342,0.3333333155585925,0.3333333255686608,0.3333333183780587,0.25,0.25,0.25,0.75,0.75,0.75,0.0,0.0,0.0,0.7507261900000001,0.24927381,0.24927381,0.7507261900000001,0.7507261900000001,0.24927381,0.24927381,0.24927381,0.7507261900000001,0.7507261900000001,0.24927381,0.7507261900000001,0.24927381,0.7507261900000001,0.24927381,0.24927381,0.7507261900000001,0.7507261900000001
mp-541037,6.021535509231144,6.021535509231144,4.97147784,0.5,0.5,0.6675088655518809,0.81597193,0.18402807000000002,0.75,0.18402807000000002,0.81597193,0.25,0.5,0.5,0.0,0.5,0.5,0.5,0.37269013,0.62730987,0.75,0.62730987,0.37269013,0.25
mp-541044,3.53441255,3.534411708426837,13.66789196,0.5,0.5,0.6666666039722808,0.666667,0.333333,0.5,0.0,0.0,0.0,0.333333,0.666667,0.24984306,0.333333,0.666667,0.75015694,0.666667,0.333333,0.16760137,0.666667,0.333333,0.83239863,0.0,0.0,0.33206513,0.0,0.0,0.6679348700000001
mp-541226,5.245044212501064,5.2450447733760255,5.245044012387299,0.5370266322572698,0.5370267294352649,0.5370266204018073,0.5,0.5,0.5,0.0,0.0,0.0,0.8056327400000001,0.7008521400000001,0.07803105,0.07803105,0.8056327400000001,0.7008521400000001,0.7008521400000001,0.07803105,0.8056327400000001,0.19436726000000001,0.29914786,0.92196895,0.92196895,0.19436726000000001,0.29914786,0.29914786,0.92196895,0.19436726000000001
mp-541899,7.75054773,7.750548518006539,6.75925007,0.5,0.5,0.6666666728153621,0.333333,0.666667,0.75,0.666667,0.333333,0.25,0.0,0.0,0.0,0.0,0.0,0.5,0.16573133,0.83426867,0.25,0.33146266,0.16573133,0.75,0.83426867,0.66853734,0.75,0.16573133,0.33146266,0.25,0.66853734,0.83426867,0.25,0.83426867,0.16573133,0.75
mp-5427,4.498024604302012,5.243664855305937,5.2436648860406985,0.5790369757814915,0.5458890687898317,0.5458891518364735,0.5,0.6879263,0.3120737,0.5,0.3120737,0.6879263,0.09325488,0.78008648,0.78008648,0.9067451200000001,0.21991352,0.21991352,0.27967487,0.92559608,0.62126077,0.72032513,0.37873923,0.07440392,0.72032513,0.07440392,0.37873923,0.27967487,0.62126077,0.92559608,0.0,0.0,0.0,0.78721604,0.61906995,0.61906995,0.21278396,0.38093005,0.38093005
mp-543024,7.660445952316223,7.660445952316223,7.660445952316223,0.6156128308890814,0.6156128308890814,0.5934722856334013,0.75,0.25,0.5,0.25,0.75,0.5,0.0,0.0,0.0,0.342387,0.342387,0.0,0.657613,0.657613,0.0,0.201812,0.201812,0.403624,0.201812,0.798188,0.0,0.798188,0.201812,0.0,0.798188,0.798188,0.596376
mp-5431,4.650439182225438,5.95910517,7.120932753304553,0.5,0.5913725626994458,0.5,0.66019226,0.75,0.31039579,0.33980774,0.25,0.68960421,0.93052636,0.75,0.8519097,0.06947364,0.25,0.148090299999999,0.17606626,0.48656914,0.32639096,0.82393374,0.9865691400000001,0.67360904,0.82393374,0.51343086,0.67360904,0.17606626,0.013430860000000001,0.32639096,0.6542853200000001,0.25,0.11200507,0.34571468,0.75,0.8879949300000001
mp-545359,6.2913861486000044,6.2913861486000044,6.2913861486000044,0.7730974619530335,0.7730974619530335,0.32852617701723413,0.572521,0.572521,0.0,0.7727900000000001,0.27279000000000003,0.5,0.27279000000000003,0.7727900000000001,0.5,0.995311,0.995311,0.0,0.161513,0.161513,0.0,0.830013999999999,0.830013999999999,0.0
mp-545500,7.2021107293726745,7.2021107293726745,5.599245,0.5,0.5,0.7287871484838179,0.372183999999999,0.627815999999999,0.25,0.627815999999999,0.372183999999999,0.75,0.068539,0.931461,0.25,0.931461,0.068539,0.75,0.253023,0.746977,0.75,0.746977,0.253023,0.25,0.216949,0.216949,0.5,0.783050999999999,0.783050999999999,0.0,0.216949,0.216949,0.0,0.783050999999999,0.783050999999999,0.5
mp-545544,6.10526149425264,6.10526149425264,6.166938355868413,0.333285607788571,0.333285607788571,0.33341873437051645,0.750929,0.750929,0.244936,0.249071,0.249071,0.755064,0.5,0.5,0.0,0.0,0.0,0.5,0.300576,0.76522,0.19473000000000001,0.699423999999999,0.23478000000000002,0.80527,0.76522,0.300576,0.19473000000000001,0.729136,0.729136,0.710608999999999,0.23478000000000002,0.699423999999999,0.80527,0.270864,0.270864,0.289391
mp-547792,6.8402809498955195,6.840261048652843,6.840306935576334,0.2582070198425762,0.2582065072753377,0.2582071146381248,0.64183221,0.64184426,0.64183403,0.35816579,0.35815574,0.35816797,0.16389656,0.16389595,0.16389597,0.83610344,0.83610405,0.83610303,0.44276345,0.0370466,0.8331335200000001,0.55723755,0.9629534,0.16686648,0.0370451,0.8331326,0.442764699999999,0.9629559,0.1668674,0.5572353,0.83313329,0.44276194,0.03704656,0.16686671,0.55723806,0.96295344
mp-5488,5.561942173719977,5.561942173719977,5.561942173719977,0.745339542408367,0.745339542408367,0.37131369556604554,0.0,0.0,0.0,0.75,0.25,0.5,0.25,0.75,0.5,0.5,0.5,0.0,0.26467015,0.26467015,0.0,0.01467015,0.51467015,0.5,0.7353298500000001,0.7353298500000001,0.0,0.48532985,0.9853298500000001,0.5
mp-549589,4.110634,4.110634,9.167098,0.5,0.5,0.5,0.5,0.0,0.132862999999999,0.0,0.5,0.867136999999999,0.5,0.5,0.5,0.0,0.0,0.5,0.0,0.5,0.328877,0.5,0.0,0.671123,0.5,0.5,0.0,0.0,0.0,0.0
mp-549737,5.579416471869159,5.579416471869159,6.655052332956857,0.35790172425109457,0.35790172425109457,0.326021709497867,0.21159382000000002,0.21159382000000002,0.31520996,0.7884061800000001,0.7884061800000001,0.68479004,0.0,0.0,0.0,0.56264779,0.56264779,0.24508768,0.43735221,0.43735221,0.75491232,0.72242418,0.72242418,0.17523203,0.73664673,0.29845186,0.72660866,0.70154814,0.26335327000000003,0.27339134,0.27757582000000003,0.27757582000000003,0.82476797,0.29845186,0.73664673,0.72660866,0.26335327000000003,0.70154814,0.27339134
mp-550685,6.016521285315793,6.016521285315793,6.016521285315793,0.33333333333333337,0.33333333333333337,0.33333333333333337,0.75,0.75,0.75,0.25,0.25,0.25,0.0,0.0,0.0,0.5,0.5,0.5,0.729928999999999,0.270071,0.729928999999999,0.729928999999999,0.270071,0.270071,0.729928999999999,0.729928999999999,0.270071,0.270071,0.270071,0.729928999999999,0.270071,0.729928999999999,0.729928999999999,0.270071,0.729928999999999,0.270071
mp-550751,5.12008945975312,5.192987891196069,5.192985875385471,0.33956465966296345,0.3369593814425721,0.33695951495957444,0.026701,0.986545,0.986545999999999,0.263963,0.252012,0.252012,0.515058999999999,0.500773999999999,0.500773999999999,0.440127999999999,0.375838,0.8781200000000001,0.88907,0.328555,0.328555,0.440125999999999,0.8781200000000001,0.375836,0.285653,0.427156,0.427158
mp-551092,5.737993534597264,5.737993534597264,8.334987114828252,0.3410856686528533,0.3410856686528533,0.19073520709368247,0.836515,0.836515,0.629931999999999,0.163485,0.163485,0.370068,0.34112000000000003,0.34112000000000003,0.945006999999999,0.65888,0.65888,0.054993,0.044116999999999004,0.044116999999999004,0.817541,0.955882999999999,0.955882999999999,0.182458999999999,0.461437,0.461437,0.306645,0.538563,0.538563,0.693354999999999,0.837993,0.837993,0.062148999999999004,0.162006999999999,0.162006999999999,0.937851
mp-551243,7.894327926383601,7.894327926383601,5.926346,0.5,0.5,0.7443224606754686,0.601322,0.398678,0.75,0.398678,0.601322,0.25,0.067257,0.932743,0.25,0.932743,0.067257,0.75,0.25199000000000005,0.7480100000000001,0.75,0.7480100000000001,0.25199000000000005,0.25,0.776432,0.776432,0.5,0.223568,0.223568,0.5,0.223568,0.223568,0.0,0.776432,0.776432,0.0
mp-551269,6.09510488033037,6.095379170410338,6.0945475196799475,0.3359128875243202,0.33595044751649883,0.3359223402991483,0.74855985,0.74856093,0.74855978,0.25144155,0.25144084,0.25143987,5e-08,1.2e-07,7.5e-07,0.49999986,0.50000008,0.50000032,0.31292217,0.7263193,0.22896684,0.27367695000000003,0.77103531,0.68707735,0.2289677,0.31292267,0.7263227800000001,0.7710317,0.68707743,0.2736791,0.7263218300000001,0.22896591,0.31292208,0.68707843,0.27367842000000003,0.77103312
mp-551456,9.928465606575168,9.928465606575168,9.928466314410349,0.13995621616945272,0.13995621616945272,0.13995619814880436,0.745134,0.745134,0.745134,0.254866,0.254866,0.254866,0.5,0.5,0.5,0.0,0.0,0.0,0.563016,0.563016,0.563016,0.436984,0.436984,0.436984
mp-5518,5.984695274967464,5.984695803175188,6.978392495737606,0.6410641339691255,0.6410641770572649,0.5000000175345208,0.5,0.5,0.0,0.75,0.25,0.5,0.25,0.75,0.5,0.0,0.0,0.0,0.84336188,0.875,0.25,0.625,0.15663812,0.75,0.40663812,0.375,0.25,0.125,0.59336188,0.75
mp-551835,6.896467403345006,7.61883359597082,8.722264983888417,0.6439484702842032,0.6291788024527272,0.5002384552644541,0.40679201,0.23187485,0.81351014,0.59320799,0.76812515,0.18648986,0.09324826,0.41840959,0.186671199999999,0.90675174,0.58159041,0.8133288,0.35033925,0.69349307,0.70080961,0.85024126,0.00743688,0.7005639100000001,0.14975874,0.99256312,0.29943609,0.64965975,0.30650693,0.29919039000000003,0.25005274,0.5000081,1.107e-05,0.74994826,0.4999919,1.107e-05
mp-551873,4.75323254602354,4.753232477499008,8.925937538309329,0.585787814158996,0.5857878052846681,0.5000000077288708,0.33727765,0.33727765,0.67455729,1e-06,0.500001,2e-06,0.66272135,0.66272135,0.32544271,0.499998999999999,0.999999,0.999997999999999,0.14075692,0.14075692,0.28151585,0.85924308,0.85924308,0.71848415,0.5,0.5,0.0
mp-552488,4.069512,4.069512,8.82454,0.5,0.5,0.5,0.0,0.5,0.859978999999999,0.5,0.0,0.140021,0.5,0.5,0.5,0.0,0.0,0.5,0.0,0.5,0.330794,0.5,0.0,0.669206,0.5,0.5,0.0,0.0,0.0,0.0
mp-552663,4.920342166299515,5.545294638136462,5.545294638136462,0.4272996881838337,0.4520850205170897,0.5479149794829103,0.0,0.248667,0.248667,0.0,0.629495,0.629495,0.408881999999999,0.179703,0.746127,0.591117999999999,0.746127,0.179703,0.720942,0.334414999999999,0.5561900000000001,0.249001,0.965368,0.613763,0.5,0.036406,0.036406,0.813508999999999,0.858981999999999,0.355244,0.186491,0.355244,0.858981999999999,0.279058,0.5561900000000001,0.334414999999999,0.750999,0.613763,0.965368
mp-552806,7.336035372754483,7.336035372754483,5.78393,0.5,0.5,0.7320813935784259,0.617443,0.382557,0.75,0.382557,0.617443,0.25,0.925932,0.074068,0.75,0.074068,0.925932,0.25,0.254142,0.745858,0.75,0.745858,0.254142,0.25,0.772374,0.772374,0.5,0.227626,0.227626,0.5,0.772374,0.772374,0.0,0.227626,0.227626,0.0
mp-552934,4.344574857994047,4.344574857994047,10.181052582408658,0.43155738369540414,0.43155738369540414,0.3333332607467304,0.748452,0.748452,0.754644,0.251548,0.251548,0.245356,0.5,0.5,0.5,0.0,0.0,0.0,0.438820999999999,0.438820999999999,0.683537,0.561179,0.561179,0.316463
mp-553025,4.171462,6.5133980000000005,7.825487312571531,0.4178636239152562,0.5,0.5,0.25,0.6706500000000001,0.078758,0.75,0.32935000000000003,0.921242,0.25,0.675743,0.592851,0.75,0.324256999999999,0.407149,0.25,0.05555,0.184969,0.75,0.9444500000000001,0.815031,0.75,0.529104,0.598058,0.25,0.470896,0.401941999999999,0.75,0.511355999999999,0.142805,0.25,0.488643999999999,0.857194999999999
mp-553281,6.1382464119193685,6.1382464119193685,6.220985197944133,0.33479935164841806,0.33479935164841806,0.3341087761973611,0.246112,0.246112,0.761613,0.753888,0.753888,0.238387,0.0,0.0,0.5,0.5,0.5,0.0,0.727892,0.727892,0.703166,0.272107999999999,0.272107999999999,0.296834,0.228970999999999,0.694033999999999,0.811603,0.305965999999999,0.771029,0.188396999999999,0.771029,0.305965999999999,0.188396999999999,0.694033999999999,0.228970999999999,0.811603
mp-553303,5.109520336729279,5.109521892378977,5.518367164091029,0.4999790563193565,0.500020122554009,0.6666405348370044,0.0,0.0,0.5,0.5,0.5,0.0,0.0,0.5,0.0,0.5,0.0,0.0,0.66666192,0.33333965,0.80114772,0.33333808,0.66666035,0.19885228
mp-553310,5.334302717422634,5.42512717,6.62534717385467,0.5,0.631882166484684,0.5,0.6837478,0.25,0.3674946,0.3162522,0.75,0.6325054,0.998138,0.25,0.99627699,0.001862,0.75,0.00372301,0.89957454,0.99660073,0.79915108,0.10042546000000001,0.0033992700000000002,0.20084892000000001,0.10042546000000001,0.49660073,0.20084892000000001,0.89957454,0.5033992700000001,0.79915108
mp-553342,7.812926587500487,7.812926587500487,7.812927010698615,0.1852271792935519,0.1852271792935519,0.18522715210482701,0.0,0.0,0.0,0.191937,0.191937,0.191937,0.808063,0.808063,0.808063,0.5,0.5,0.5,0.5,0.19134,0.80866,0.19134,0.80866,0.5,0.80866,0.5,0.19134,0.262381,0.262381,0.262381,0.737618999999999,0.737618999999999,0.737618999999999
mp-553374,6.374567960804586,6.374577461483654,8.162993309550028,0.45772494841400135,0.4577253648958389,0.3676955654821024,0.9952765,0.9952755,0.00806698,0.00286982,0.00286982,0.49861136,0.33966678,0.33966578000000003,0.14908774,0.67028806,0.67028806,0.84732522,0.34871119,0.34871119,0.6764320500000001,0.64433997,0.64434097,0.33546363,0.20131218,0.6280778300000001,0.7847893300000001,0.83596411,0.41121738,0.19268088,0.41121738,0.83596411,0.19268088,0.6280778300000001,0.20131218,0.7847893300000001,0.46535717,0.46535717,0.45879262
mp-554155,9.059865456765515,9.059865456765515,9.05986598637353,0.1726488003128304,0.1726488003128304,0.1726487916755162,0.5,0.5,0.5,0.0,0.0,0.0,0.735166,0.735166,0.735166,0.264834,0.264834,0.264834,0.792828,0.792828,0.792828,0.396507,0.998517,0.743078,0.207172,0.207172,0.207172,0.998517,0.743078,0.39650799999999903,0.001483,0.256922,0.603493,0.743078,0.39650799999999903,0.998517,0.256922,0.603491999999999,0.001483,0.603491999999999,0.001483,0.256922
mp-554941,6.80899565398143,6.80899565398143,6.80899565398143,0.33333333333333337,0.33333333333333337,0.33333333333333337,0.5,0.5,0.5,0.25,0.25,0.25,0.75,0.75,0.75,0.0,0.0,0.0,0.235682,0.235682,0.764317999999999,0.764317999999999,0.235682,0.764317999999999,0.235682,0.764317999999999,0.235682,0.764317999999999,0.764317999999999,0.235682,0.764317999999999,0.235682,0.235682,0.235682,0.764317999999999,0.764317999999999
mp-555166,6.467210416448044,6.467210416448044,6.467210416448044,0.6448425673988568,0.6217916627429764,0.5599259955548169,0.0,0.0,0.0,0.31443663,0.81443663,0.5,0.68556337,0.18556337,0.5,0.5,0.5,0.0,0.47840826000000003,0.87234077,0.01241078,0.85992999,0.46599748,0.98758922,0.52159174,0.53400252,0.39393251,0.14007001,0.12765923,0.60606749
mp-555286,5.101280909372689,5.10127988815441,8.77358686406314,0.4837842904792462,0.48378429207309526,0.3449278519394221,0.0,0.0,0.0,0.0,0.0,0.5,0.35660344,0.35660344,0.30474742,0.64339656,0.64339656,0.69525258,0.782914799999999,0.31351849,0.65178457,0.78677316,0.78677316,0.58184969,0.6798128800000001,0.6798128800000001,0.85670621,0.31351849,0.782914799999999,0.65178457,0.32018712,0.32018712,0.14329379,0.21322684,0.21322684,0.41815031,0.68648151,0.217085199999999,0.34821543,0.217085199999999,0.68648151,0.34821543
mp-555874,6.546425428224051,6.546425428224051,5.368529908830547,0.38316078257783964,0.38316078257783964,0.27043915143099106,0.765838999999999,0.23985099000000001,0.99512805,0.23985099000000001,0.765838999999999,0.49512805,0.9397641,0.50059506,0.3210926,0.50059506,0.9397641,0.8210926,0.759286799999999,0.2835084,0.47579063,0.2835084,0.759286799999999,0.97579063,0.960352299999999,0.5578913600000001,0.71423973,0.5578913600000001,0.960352299999999,0.21423973000000002
mp-556405,4.801406341639604,4.801406341639604,7.866349,0.5,0.5,0.7338998255328807,0.222184,0.777816,0.25,0.777816,0.222184,0.75,0.5,0.5,0.5,0.5,0.5,0.0,0.632076,0.367924,0.052619,0.367924,0.632076,0.552619,0.632076,0.367924,0.447381,0.367924,0.632076,0.947380999999999,0.08119000000000001,0.9188100000000001,0.75,0.9188100000000001,0.08119000000000001,0.25
mp-556866,8.03896365298967,8.03896365298967,7.317679,0.5,0.5,0.6828504086664743,0.505795,0.182497,0.229782,0.182497,0.505795,0.229782,0.817503,0.49420499999999906,0.729781999999999,0.49420499999999906,0.817503,0.729781999999999,0.024437,0.024437,0.585805999999999,0.975563,0.975563,0.085806,0.202932,0.202932,0.314872999999999,0.797068,0.797068,0.814873,0.45645,0.138012,0.832777999999999,0.138012,0.45645,0.832777999999999,0.5435500000000001,0.861988,0.332777999999999,0.861988,0.5435500000000001,0.332777999999999
mp-557664,6.908807354106223,6.908807354106223,6.908807354106223,0.3333333333333333,0.3333333333333333,0.3333333333333333,0.75,0.75,0.75,0.25,0.25,0.25,0.5,0.5,0.5,0.0,0.0,0.0,0.76948868,0.23051132,0.23051132,0.23051132,0.23051132,0.76948868,0.23051132,0.76948868,0.76948868,0.23051132,0.76948868,0.23051132,0.76948868,0.23051132,0.76948868,0.76948868,0.76948868,0.23051132
mp-558118,4.86503566,4.865034958041096,5.33233524,0.5,0.5,0.6666666554081888,0.0,0.5,0.666667,0.5,0.0,0.0,0.5,0.5,0.333333,0.79062954,0.58126007,0.5,0.20937046,0.79062954,0.833333,0.79062954,0.20937046,0.833333,0.41873993,0.20937046,0.166666999999999,0.58126007,0.79062954,0.166666999999999,0.20937046,0.41873993,0.5
mp-558430,4.716042517251744,5.018124493900823,6.7394650025619445,0.6215593698655302,0.6104710595057525,0.49993765726035544,0.0,0.0,0.0,0.28651505,0.34784892,0.69557208,0.71348495,0.65215108,0.30442792,0.46531949,0.61475222,0.76919341,0.8583203500000001,0.77104594,0.54227559,0.46556517000000003,0.15466428000000002,0.768952499999999,0.06532431,0.40052674,0.80121546,0.53443483,0.84533572,0.2310475,0.53468051,0.38524778,0.23080659,0.14167865,0.22895406000000001,0.45772441,0.9346756900000001,0.59947326,0.19878354
mp-5588,4.763305681675592,4.763304512226577,4.7633053088990644,0.5451649984769205,0.5451649373270826,0.5451649313451116,0.5,0.5,0.5,0.0,0.0,0.0,0.74664929,0.74664929,0.07689649999999901,0.74664929,0.07689649999999901,0.74664929,0.25335071,0.9231035,0.25335071,0.25335071,0.25335071,0.9231035,0.9231035,0.25335071,0.25335071,0.07689649999999901,0.74664929,0.74664929
mp-559695,7.0531072996233375,7.0531072996233375,7.0531072996233375,0.33333333333333337,0.33333333333333337,0.33333333333333337,0.25,0.25,0.25,0.75,0.75,0.75,0.5,0.5,0.5,0.0,0.0,0.0,0.771461,0.771461,0.228539,0.228539,0.771461,0.771461,0.228539,0.228539,0.771461,0.771461,0.228539,0.771461,0.228539,0.771461,0.228539,0.771461,0.228539,0.228539
mp-560558,7.87829103568496,7.87829103568496,6.224677,0.5,0.5,0.7141367661622897,0.25,0.75,0.230512,0.75,0.25,0.769488,0.75,0.75,0.5,0.25,0.25,0.5,0.0,0.0,0.0,0.5,0.5,0.0,0.105249,0.894751,0.709936,0.394750999999999,0.605248999999999,0.709936,0.605248999999999,0.394750999999999,0.290064,0.894751,0.105249,0.290064
mp-560790,6.608106617446332,6.608106617446332,6.608106617446332,0.33333333333333337,0.33333333333333337,0.33333333333333337,0.75,0.75,0.75,0.25,0.25,0.25,0.5,0.5,0.5,0.0,0.0,0.0,0.244528,0.755471999999999,0.755471999999999,0.244528,0.244528,0.755471999999999,0.755471999999999,0.244528,0.244528,0.755471999999999,0.244528,0.755471999999999,0.244528,0.755471999999999,0.244528,0.755471999999999,0.755471999999999,0.244528
mp-560791,6.456406755467393,6.456406755467393,5.67114,0.5,0.5,0.6881623781297738,0.732337,0.267663,0.75,0.267663,0.732337,0.25,0.573817,0.426183,0.25,0.426183,0.573817,0.75,0.951125999999999,0.048874,0.25,0.048874,0.951125999999999,0.75,0.795766,0.204234,0.25,0.210717,0.210717,0.0,0.789283,0.789283,0.5,0.210717,0.210717,0.5,0.789283,0.789283,0.0,0.204234,0.795766,0.75
mp-561561,6.53548533680491,6.53548533680491,6.53548533680491,0.3333333333333333,0.3333333333333333,0.3333333333333333,0.25,0.25,0.25,0.75,0.75,0.75,0.5,0.5,0.5,0.0,0.0,0.0,0.780851,0.780851,0.219148999999999,0.219148999999999,0.780851,0.780851,0.219148999999999,0.219148999999999,0.780851,0.780851,0.219148999999999,0.780851,0.219148999999999,0.780851,0.219148999999999,0.780851,0.219148999999999,0.219148999999999
mp-561586,8.477958074977536,8.477958074977536,8.477958378360242,0.164469464810078,0.164469464810078,0.16446952073598115,0.0,0.0,0.0,0.5,0.5,0.5,0.22908551,0.22908551,0.22908551,0.77091449,0.77091449,0.77091449
mp-561710,6.806630874789527,7.512150705827201,7.708016993582414,0.5507612343900059,0.6355890074475901,0.5997363000182249,0.7698381,0.81513528,0.14110811,0.2301619,0.18486472,0.85889189,0.22265344,0.51300378,0.42617478000000003,0.77734656,0.48699622000000004,0.57382522,0.17008527,0.60005708,0.11434275,0.78166294,0.30163978,0.28744176,0.33998999,0.24032948,0.43662705,0.66001001,0.75967052,0.56337295,0.82991473,0.39994292000000004,0.8856572500000001,0.21833706,0.69836022,0.71255824
mp-5618,4.7827154143173916,5.379081424746995,5.379080656214564,0.584836023621946,0.5436804928947415,0.543680556456963,0.5,0.6888949400000001,0.31110506,0.5,0.31110506,0.6888949400000001,0.09943376,0.76374496,0.76374496,0.9005662400000001,0.23625504,0.23625504,0.29129552000000003,0.9302573900000001,0.60069499,0.70870348,0.39930501,0.06974261,0.70870348,0.06974261,0.39930501,0.29129652,0.60069499,0.9302573900000001,0.0,0.0,0.0,0.7742123200000001,0.59551926,0.59551926,0.22578768000000002,0.40448074,0.40448074
mp-561827,6.859718456515901,6.859718211451911,7.088202398771632,0.6607738845949331,0.6607738777765573,0.4999999975955688,0.5,0.5,0.0,0.75,0.25,0.5,0.25,0.75,0.5,0.0,0.0,0.0,0.0,0.68917861,0.0,0.77921301,0.77921301,0.55842502,0.68917861,0.0,0.0,0.22078699000000002,0.22078699000000002,0.44157498,0.0,0.31082139000000003,0.0,0.31082139000000003,0.0,0.0
mp-561902,4.32424272,8.353942985876586,9.127481396215344,0.6226463612584661,0.4999999999965632,0.5833318058013761,0.13493308,0.26986615,0.04180063,0.8650669200000001,0.73013385,0.95819937,0.06031928,0.12063956,0.40492675,0.93968072,0.87936044,0.59507325,0.40596537,0.81193174,0.35640743,0.59403463,0.18806826000000001,0.64359257,0.68969695,0.37939389,0.41630012,0.31030305,0.62060611,0.5836998800000001,0.80889823,0.61779647,0.31180812,0.19110177,0.38220253,0.68819188,0.52329873,0.04659746,0.23675614,0.47670127,0.95340254,0.76324386
mp-561947,4.5954497199999995,4.5954497199999995,4.5954497199999995,0.5,0.5,0.5,0.0,0.0,0.0,0.5,0.5,0.5,0.0,0.5,0.5,0.5,0.5,0.0,0.5,0.0,0.5
mp-1000,5.013273241347371,5.013273943429635,5.01327346,0.33333335105486794,0.3333333253179771,0.33333335351500804,0.0,0.0,0.0,0.5,0.5,0.5
mp-1002124,3.565663725879096,3.565663725879096,3.565663725879096,0.33333333333333337,0.33333333333333337,0.33333333333333337,0.0,0.0,0.0,0.25,0.25,0.25
mp-1002164,3.2556285150271678,3.2556285150271678,3.2556285150271678,0.33333333333333337,0.33333333333333337,0.33333333333333337,0.0,0.0,0.0,0.25,0.25,0.25
mp-10044,3.407727183660394,3.407727183660394,3.407727183660394,0.33333333333333337,0.33333333333333337,0.33333333333333337,0.75,0.75,0.75,0.0,0.0,0.0
mp-1008223,4.666904755831213,4.666904755831213,4.666904755831213,0.33333333333333337,0.33333333333333337,0.33333333333333337,0.0,0.0,0.0,0.25,0.25,0.25
mp-1008506,4.277147807570198,4.277147807570198,5.2846988,0.5,0.5,0.6666666466930343,0.0,0.0,0.00094534,0.666667,0.333333,0.54272342,0.333333,0.666667,0.45864049,0.666667,0.333333,0.87139075
mp-1008556,3.140877048687329,3.140877048687329,4.42383794,0.5,0.5,0.5,0.5,0.5,0.5,0.0,0.0,0.0,0.0,0.5,0.26173519,0.5,0.0,0.73826481
mp-1008559,3.18831404,3.1883172322718467,5.29007353,0.5,0.5,0.6666664826624529,0.66666783,0.33333767000000003,0.50040734,0.33333217,0.66666233,0.00040734,0.66666552,0.33332905,0.87459266,0.33333448,0.66667095,0.37459266
mp-1008786,4.20360163285696,4.20360163285696,4.20360163285696,0.3333333333333333,0.3333333333333333,0.3333333333333333,0.0,0.0,0.0,0.5,0.5,0.5
mp-1009009,2.559533,2.559533,2.559533,0.5,0.5,0.5,0.0,0.0,0.0,0.5,0.5,0.5
mp-1009082,6.09679163,6.09679163,7.356138262037086,0.6360090690444609,0.6360090690444609,0.5,0.5,0.5,0.0,0.75,0.25,0.5,0.25,0.75,0.5,0.0,0.0,0.0,0.37497582,0.375,0.25,0.625,0.12497582,0.75,0.87502418,0.875,0.25,0.125,0.62502418,0.75
mp-1009084,5.6113687,5.6113687,6.909434256719767,0.6330995718735434,0.6330995718735434,0.5,0.5,0.5,0.0,0.75,0.25,0.5,0.25,0.75,0.5,0.0,0.0,0.0,0.42756001,0.375,0.25,0.625,0.17756001,0.75,0.82243999,0.875,0.25,0.125,0.57243999,0.75
mp-1009085,5.11196259,5.11196259,6.247798645066255,0.6341576936197909,0.6341576936197909,0.5,0.75,0.25,0.5,0.0,0.0,0.0,0.25,0.75,0.5,0.5,0.5,0.0,0.11245649,0.125,0.75,0.875,0.36245649,0.25,0.375,0.88754351,0.25,0.63754351,0.625,0.75
mp-1009087,5.33761396,5.33761396,6.524818357542103,0.6341307802043389,0.6341307802043389,0.5,0.5,0.5,0.0,0.75,0.25,0.5,0.0,0.0,0.0,0.25,0.75,0.5,0.125,0.60837384,0.75,0.39162616,0.375,0.25,0.85837384,0.875,0.25,0.625,0.14162616,0.75
mp-1009088,5.40130583,5.40130583,6.635786150523389,0.6334191909021599,0.6334191909021599,0.5,0.0,0.0,0.0,0.25,0.75,0.5,0.75,0.25,0.5,0.5,0.5,0.0,0.125,0.65340991,0.75,0.90340991,0.875,0.25,0.625,0.09659009,0.75,0.34658909,0.375,0.25
mp-1009127,2.66137,2.66137,2.66137,0.5,0.5,0.5,0.0,0.0,0.0,0.5,0.5,0.5
mp-1009129,2.938020903414576,2.938020903414576,2.6796800000000003,0.5,0.5,0.6666667796857252,0.0,0.0,0.0,0.333333,0.666667,0.5
mp-1009220,2.955124,2.955124,2.955124,0.5,0.5,0.5,0.0,0.0,0.0,0.5,0.5,0.5
mp-1009540,3.2614805307482673,3.2614805307482673,3.2614805307482673,0.33333333333333337,0.33333333333333337,0.33333333333333337,0.0,0.0,0.0,0.25,0.25,0.25
mp-1009733,5.070284878309137,5.070284878309137,5.070284878309137,0.33333333333333337,0.33333333333333337,0.33333333333333337,0.25,0.25,0.25,0.75,0.75,0.75,0.0,0.0,0.0
mp-1011695,5.977892676518731,5.97789288,5.970116028905178,0.3330938561228748,0.33309396299637434,0.33333329457293664,0.25055078000000003,0.25055078000000003,0.24834965,0.74944922,0.74944922,0.75165035,0.0,0.0,0.0
mp-10159,5.978678874818682,5.978679092083448,5.97867967,0.3333333158763664,0.33333330919794785,0.33333334166843887,0.5,0.5,0.5,0.25,0.25,0.25,0.75,0.75,0.75,0.0,0.0,0.0
mp-10163,6.850563729863328,6.773669444463056,6.77366985946835,0.4176914116116254,0.3312431635158759,0.33124320217190073,0.25,0.0,0.0,0.75,0.0,0.0,0.25,0.5,0.5,0.75,0.5,0.5,0.17225884,0.5,0.15548232,0.32774116000000003,0.84451768,0.5,0.67225884,0.15548232,0.5,0.82774116,0.5,0.84451768
mp-10167,6.206800903052785,6.206800988083489,6.20680118,0.6081734880750883,0.6081734896168359,0.6081733786253354,0.5,0.5,0.0,0.0,0.5,0.5,0.5,0.0,0.5,0.0,0.0,0.0,0.0,0.0,0.62188529,0.37811471,0.37811471,0.37811471,0.62188529,0.0,0.0,0.0,0.62188529,0.0
mp-1018040,4.221600250795409,4.221334175872532,6.816717830000074,0.4999999595618314,0.5000000000009064,0.6666905702039798,0.6666805100000001,0.3333363,0.49831224,0.33331949,0.666662699999999,0.9983122400000001,0.66668165,0.33336723,0.87668776,0.33331935,0.66663377,0.37668776
mp-1018096,4.021645035859997,4.02164518,7.06740484643807,0.40816554584531123,0.40816559618980547,0.3333332793443692,0.7576406800000001,0.7576406800000001,0.72707995,0.24235932000000002,0.24235932000000002,0.27292005,0.5,0.5,0.5,0.0,0.0,0.0
mp-1018100,4.361820560001969,4.36181759827258,7.175696500000142,0.5000002078847264,0.49999988149077673,0.6666672120597155,0.666666,0.333333,0.50037827,0.333333999999999,0.666667999999999,0.00037827,0.666667,0.333333999999999,0.87472173,0.333333999999999,0.666666,0.37472173000000003
mp-10182,4.030526118458237,4.0305261657578,4.0305247,0.33333335457007496,0.33333335241339934,0.33333329529695216,0.75,0.75,0.75,0.25,0.25,0.25,0.0,0.0,0.0
mp-1020019,5.330401575071525,5.330401575071525,4.748969,0.5,0.5,0.6576221909667526,0.325136,0.993792999999999,0.501556,0.993792999999999,0.325136,0.501556,0.674864,0.006207,0.001555999999999,0.006207,0.674864,0.001555999999999,0.65375,0.65375,0.498511,0.34625,0.34625,0.998510999999999,0.387,0.387,0.341176,0.613,0.613,0.841175999999999,0.944496999999999,0.666403,0.419101,0.666403,0.944496999999999,0.419101,0.055503,0.333597,0.919101,0.333597,0.055503,0.919101
mp-1020059,5.04899466,5.51326646,5.512816997024159,0.6666816502521039,0.5,0.5,0.49625129999999906,0.341381899999999,0.0,0.9962513,0.6586181,0.0,0.49198751,0.66969502,0.6734498600000001,0.49198751,0.99624515,0.32655014,0.9919875100000001,0.33030498,0.32655014,0.9919875100000001,0.00375485,0.6734498600000001,0.1230965,0.66445438,0.6264221,0.1230965,0.03803228,0.373577899999999,0.623096499999999,0.33554562,0.373577899999999,0.623096499999999,0.96196772,0.6264221,0.09457868,0.29927528000000003,0.0,0.59457868,0.70072472,0.0
mp-1022,5.242404296084911,5.24240407050407,5.24240345,0.3333333196792693,0.33333332758717066,0.3333334041368203,0.75,0.75,0.75,0.25,0.25,0.25,0.0,0.0,0.0
mp-10223,3.55543821936779,5.441900789925528,10.856563890000011,0.4999999736420358,0.5000000126873323,0.6060092977106551,0.43042903,0.86352415,0.87584891,0.56957107,0.13647577,0.37584903000000003,0.8269038200000001,0.65475766,0.58751496,0.17309606,0.34524234,0.08751498,0.13300758000000001,0.26780251,0.75159712,0.86699246,0.73219756,0.25159705,0.54595174,0.0931723,0.63406671,0.45404826000000004,0.90682775,0.13406665,0.7190818,0.43927893,0.8709733,0.28091819,0.56072105,0.3709733
mp-10226,6.988533504547011,6.988533504547011,6.988534491865664,0.1836097936154837,0.1836097936154837,0.1836097566741811,0.0,0.0,0.0,0.5,0.5,0.5,0.75708413,0.75708413,0.75708413,0.24291587,0.24291587,0.24291587
mp-10246,3.56145915,5.455239840641878,10.82806315,0.5,0.5,0.6058442077052782,0.17199074,0.34398148,0.09365227,0.82800926,0.65601852,0.59365227,0.43146065,0.8629203,0.87603595,0.56853935,0.1370797,0.37603595,0.86520745,0.7304159,0.25458335,0.13479255,0.2695841,0.75458335,0.5505259100000001,0.10105183,0.63624255,0.44947409,0.89894817,0.13624255,0.71885813,0.43771727,0.87348488,0.28114187,0.5622827300000001,0.37348488
mp-10250,3.98858164,3.98858164,3.98858164,0.5,0.5,0.5,0.0,0.0,0.0,0.5,0.5,0.5,0.0,0.5,0.5,0.5,0.5,0.0,0.5,0.0,0.5
mp-10289,5.293460916988419,5.293461076709495,5.293461505389714,0.5066186082434387,0.6628587352285839,0.6628587481223661,0.0,0.75,0.75,0.0,0.25,0.25,0.22300861,0.3615043,0.8615043,0.5,0.8615043,0.6384957,0.5,0.1384957,0.3615043,0.7769913900000001,0.6384957,0.1384957,0.5,0.6596327200000001,0.84036728,0.8192634400000001,0.15963272,0.6596327200000001,0.5,0.34036728,0.15963272,0.18073656,0.84036728,0.34036728
mp-1029,4.402255516494255,4.4022563287645236,4.40225758,0.33333332368019253,0.33333328977120247,0.33333338829175074,0.0,0.0,0.0,0.75,0.75,0.75,0.25,0.25,0.25
mp-10322,4.13241419,4.13241419,8.42759229,0.5,0.5,0.5,0.75,0.75,0.15228486,0.25,0.25,0.84771514,0.25,0.25,0.41538643000000003,0.75,0.75,0.58461357,0.75,0.75,0.81902593,0.25,0.25,0.18097407000000001,0.75,0.25,0.5,0.25,0.75,0.5
mp-10336,7.817018821802849,7.817018821802849,11.449826,0.5,0.5,0.816568076470036,0.750621,0.249379,0.25,0.249379,0.750621,0.75,0.0,0.0,0.5,0.0,0.0,0.0,0.532466,0.467534,0.75,0.467534,0.532466,0.25,0.636377,0.363623,0.9387759999999991,0.070303999999999,0.929696,0.25,0.363623,0.636377,0.438776,0.363623,0.636377,0.061224,0.636377,0.363623,0.561224,0.929696,0.070303999999999,0.75
mp-10378,6.537599270933274,6.537598355805057,6.53759826,0.3333333061700337,0.33333333202935705,0.33333335845621237,0.25,0.25,0.25,0.75,0.75,0.75,0.5,0.5,0.5,0.0,0.0,0.0
mp-10381,6.2211532,6.598510020298628,6.598510789448823,0.5913109024185597,0.5,0.5,0.25,0.01107995,0.675053,0.75,0.98892005,0.324947,0.75,0.324947,0.98892005,0.25,0.675053,0.01107995,0.5,0.5,0.5,0.0,0.5,0.5,0.25,0.25233967,0.25233967,0.75,0.74766033,0.74766033
mp-1039,4.5902025,4.590202578751011,7.43780571,0.5,0.5,0.666666704351117,0.333333,0.666667,0.99599117,0.666667,0.333333,0.49599117000000004,0.333333,0.666667,0.37400883,0.666667,0.333333,0.8740088300000001
mp-10408,4.048097941511403,4.048097832973899,5.770783143801709,0.42753762991388206,0.42753767246431773,0.4948681328477109,0.67396174,0.67396174,0.71212393,0.32603826,0.32603826,0.28787607,0.0,0.0,0.0,0.84290955,0.84290955,0.20420337,0.15709045,0.15709045,0.79579663
mp-10417,5.582750706188163,5.711734926323143,5.711734774600983,0.516460960110625,0.6281606534022873,0.6281605991365952,0.25,0.63431736,0.36568264,0.75,0.36568264,0.63431736,0.75,0.90119622,0.09880378000000001,0.25,0.09880378000000001,0.90119622,0.21786595,0.12978201,0.23255229,0.28213405,0.76744771,0.87021799,0.71786595,0.23255229,0.12978201,0.78213405,0.87021799,0.76744771
mp-10474,5.451083934107645,5.451084007364289,5.45108266,0.33333334591319486,0.33333334383273383,0.33333332408325256,0.5,0.5,0.5,0.0,0.0,0.0,0.2094323,0.7905677,0.7905677,0.2094323,0.7905677,0.2094323,0.7905677,0.2094323,0.2094323,0.7905677,0.7905677,0.2094323,0.2094323,0.2094323,0.7905677,0.7905677,0.2094323,0.7905677
mp-10485,4.94040769,4.940407506657881,9.18028967,0.5,0.5,0.666666673858725,0.0,0.0,0.5,0.0,0.0,0.0,0.666667,0.333333,0.75,0.333333,0.666667,0.25,0.666667,0.333333,0.25,0.333333,0.666667,0.75
mp-10572,4.935257844519994,4.935258467439348,4.935258277341491,0.5015729527102727,0.6657593430565822,0.6657592245131114,0.0,0.5,0.5,0.5,0.25,0.75,0.5,0.75,0.25,0.0,0.0,0.0,0.62393193,0.875,0.99893193,0.87606807,0.00106807,0.625,0.37606807000000003,0.375,0.25106807000000003,0.12393193,0.74893193,0.125
mp-10615,4.415399,4.415399508210327,4.523694,0.5,0.5,0.6666666871357743,0.0,0.0,0.0,0.333333,0.666667,0.5,0.666667,0.333333,0.5
mp-10616,4.53227881,4.5322786633120495,4.60523575,0.5,0.5,0.6666666722091339,0.0,0.0,0.0,0.333333,0.666667,0.5,0.666667,0.333333,0.5
mp-10680,4.014544,4.014544,4.014544,0.5,0.5,0.5,0.0,0.0,0.0,0.5,0.5,0.5
mp-1070,4.34608591,4.346084856348898,7.08983988,0.5,0.5,0.6666666677800689,0.666667,0.333333,0.49995336,0.333333,0.666667,4.664e-05,0.666667,0.333333,0.8759066400000001,0.333333,0.666667,0.37590664
mp-10760,3.866069139029127,3.8660684332541955,3.86606907,0.33333330354052726,0.3333333370900381,0.33333335800114244,0.0,0.0,0.0,0.5,0.5,0.5
mp-10776,6.784985791875249,6.784985791875249,7.399015,0.5,0.5,0.6666666553922448,0.333333,0.666667,0.601683,0.666667,0.333333,0.398317,0.0,0.0,0.0,0.333333,0.666667,0.066012,0.666667,0.333333,0.933987999999999,0.229137999999999,0.890728,0.221794,0.890728,0.66159,0.778206,0.770861999999999,0.109272,0.778206,0.33841000000000004,0.229137999999999,0.778206,0.66159,0.770861999999999,0.221794,0.109272,0.33841000000000004,0.221794
mp-10969,5.275998823453023,5.275999100691469,5.275999519115483,0.2188705657484623,0.21887056621786166,0.21887050839913333,0.0,0.0,0.0,0.5,0.5,0.5,0.5843668200000001,0.5843668200000001,0.5843668200000001,0.41563318,0.41563318,0.41563318
mp-11019,2.97185305,2.971853996239126,11.44881994,0.5,0.5,0.6666667324485146,0.0,0.0,0.0,0.0,0.0,0.5,0.666667,0.333333,0.75,0.333333,0.666667,0.25,0.333333,0.666667,0.4116898,0.666667,0.333333,0.9116898,0.333333,0.666667,0.088310199999999,0.666667,0.333333,0.5883102
mp-11020,2.99061624,2.990617158454621,12.42136296,0.5,0.5,0.6666667331286736,0.0,0.0,0.0,0.0,0.0,0.5,0.666667,0.333333,0.75,0.333333,0.666667,0.25,0.333333,0.666667,0.41899011,0.666667,0.333333,0.91899011,0.333333,0.666667,0.08100989,0.666667,0.333333,0.58100989
mp-1105,3.8380151228495394,3.83801452304376,4.388789527710842,0.6440483326279197,0.6440483216465286,0.4999999554614982,0.0,0.0,0.0,0.39166473,0.39166473,0.78332846,0.60833527,0.60833527,0.21667154
mp-11123,4.3082840000000004,8.484372323836336,11.189746,0.5,0.5,0.581711858681551,0.255343,0.510686,0.25,0.744657,0.489313999999999,0.75,0.0,0.0,0.0,0.0,0.0,0.5,0.545115,0.09023,0.25,0.454885,0.9097700000000001,0.75,0.939426,0.878852,0.25,0.060573999999999004,0.121147999999999,0.75,0.382123999999999,0.764247999999999,0.540683999999999,0.382123999999999,0.764247999999999,0.959316,0.617876,0.235752,0.040684,0.617876,0.235752,0.459316
mp-11175,6.132025613669597,6.132025613669597,6.132025613669597,0.685200709943769,0.685200709943769,0.46840380380551716,0.5,0.5,0.0,0.0,0.0,0.0,0.25,0.75,0.5,0.926095999999999,0.857533,0.513952,0.587855,0.073904,0.931435999999999,0.142466999999999,0.656419,0.068564,0.343580999999999,0.412145,0.486048
mp-11265,5.31984239,8.92568558,9.71541841,0.5,0.5,0.5,0.25,0.02150276,0.81901995,0.75,0.97849724,0.18098005,0.25,0.5215027600000001,0.6809800500000001,0.75,0.47849724,0.31901995,0.75,0.85686713,0.57157839,0.25,0.64313287,0.07157839,0.75,0.35686713000000003,0.92842161,0.25,0.14313287,0.42842161,0.25,0.27664576,0.10829536000000001,0.75,0.22335424,0.6082953600000001,0.25,0.77664576,0.39170464,0.75,0.72335424,0.89170464
mp-1138,2.8874190721445334,2.887419441542915,2.887419,0.3333332977890761,0.3333332742778765,0.33333331747421935,0.0,0.0,0.0,0.5,0.5,0.5
mp-1143,5.177954762867189,5.1779542327472345,5.177956034949119,0.3071645980064582,0.30716449664479273,0.3071644162605941,0.647903999999999,0.647903,0.647903,0.852097,0.852097,0.852097,0.147903999999999,0.147903,0.147903,0.352097,0.352095999999999,0.352095999999999,0.443855,0.056145,0.750000999999999,0.943855,0.250001,0.556145,0.056144,0.75,0.443855,0.750000999999999,0.443856,0.056144,0.25,0.556144,0.943855,0.556144,0.943855999999999,0.249999
mp-1153,4.009533739034128,4.009532307134338,4.009533,0.3333332557410898,0.3333333213720068,0.3333333126537259,0.25,0.25,0.25,0.75,0.75,0.75,0.0,0.0,0.0
mp-11659,6.325423615478492,6.325423615478492,6.325424418804244,0.26274577735420096,0.26274577735420096,0.262745743935602,0.0,0.0,0.0,0.5,0.5,0.5,0.767238,0.767238,0.767238,0.232762,0.232762,0.232762,0.072981999999999,0.560171,0.659355,0.659355,0.072981999999999,0.560171,0.439828999999999,0.340645,0.927018,0.927018,0.439828999999999,0.340645,0.340645,0.927018,0.439828999999999,0.560171,0.659355,0.072981999999999
mp-11674,6.77603462,6.796515763144811,7.380781423650373,0.6473666667387767,0.4999999999997022,0.6661131106728726,0.6371605100000001,0.08360766,0.12872702,0.44644715,0.08360766,0.62872702,0.26593505,0.40067517,0.11732339,0.13474112,0.40067517,0.61732339,0.9082253,0.99579156,0.98857913,0.08756626,0.99579156,0.48857913000000003,0.58557247,0.34397636,0.01313823,0.75840389,0.34397636,0.51313823,0.2472982,0.67574724,0.00223122,0.42845004000000003,0.67574724,0.50223222
mp-11703,6.389081419049709,6.389080474930323,6.911178940959772,0.6199397212970852,0.6199396851906652,0.5119959798821121,0.85681273,0.14318727,0.75,0.14318727,0.85681273,0.25,0.59129259,0.40870741,0.25,0.40870741,0.59129259,0.75,0.22297758,0.37089556,0.27795477,0.62910444,0.77702242,0.22204523,0.37089556,0.22297758,0.77795477,0.77702242,0.62910444,0.72204523
mp-11715,5.756900811116776,5.756900811116776,5.75690104235751,0.2718674938376187,0.2718674938376187,0.27186754983989025,0.0,0.0,0.0,0.5,0.5,0.5,0.752396,0.752396,0.752396,0.247604,0.247604,0.247604,0.461652,0.749931999999999,0.043214999999999004,0.749931999999999,0.043214999999999004,0.461652,0.956785,0.538347999999999,0.250068,0.538347999999999,0.250068,0.956785,0.250068,0.956785,0.538347999999999,0.043214999999999004,0.461652,0.749931999999999
mp-11719,9.285239870185691,9.28523904674189,9.285238791864083,0.19631135109047537,0.19631138977383294,0.1963113574954315,0.20857183,0.20857183,0.20857183,0.79142817,0.79142817,0.79142817,0.38530445,0.38530445,0.38530445,0.61469555,0.61469555,0.61469555,0.0,0.0,0.0,0.08421057,0.08421057,0.08421057,0.91578943,0.91578943,0.91578943
mp-11739,8.627448933573376,8.627448933573376,8.627449578336227,0.17598544726174226,0.17598544726174226,0.1759854652856751,0.5,0.5,0.5,0.0,0.0,0.0,0.26073622,0.26073622,0.26073622,0.73926378,0.73926378,0.73926378
mp-11824,4.71165792,4.71165792,4.71165792,0.5,0.5,0.5,0.5,0.0,0.5,0.5,0.5,0.0,0.0,0.5,0.5,0.0,0.0,0.0,0.5,0.5,0.5
mp-11869,4.467966292589535,4.467965860384157,4.46796603,0.33333336789999957,0.3333333856774576,0.3333333749119412,0.0,0.0,0.0,0.5,0.5,0.5,0.25,0.25,0.25
mp-11917,2.9409186800000002,2.940917167902917,5.06363173,0.5,0.5,0.6666666986673331,0.0,0.0,0.0,0.666667,0.333333,0.37214721,0.333333,0.666667,0.62785279,0.666667,0.333333,0.72295508,0.333333,0.666667,0.27704492000000003
mp-11918,5.214537045620507,5.214537523430599,5.214537650549549,0.5417712750815493,0.6431010108064557,0.6431010987803717,0.0,0.75,0.75,0.0,0.25,0.25,0.75267975,0.12633988000000002,0.62633988,0.5,0.62633988,0.87366012,0.24732025,0.87366012,0.37366012,0.5,0.37366012,0.12633988000000002,0.5,0.169341599999999,0.330658399999999,0.8386832,0.6693416,0.169341599999999,0.161316799999999,0.330658399999999,0.830658399999999,0.5,0.830658399999999,0.6693416
mp-12015,5.571010068915779,5.571010068915779,5.571010068915779,0.6374727310120669,0.6374727310120669,0.5520641867380242,0.5,0.5,0.0,0.75,0.25,0.5,0.25,0.75,0.5,0.0,0.0,0.0,0.694425,0.030427,0.0,0.9695729999999991,0.9695729999999991,0.663998,0.305575,0.305575,0.336001999999999,0.030427,0.694425,0.0
mp-12385,6.025464,6.04146329995449,6.025464,0.6661801956753587,0.5,0.6661801956753587,0.25,0.5,0.75,0.75,0.5,0.25,0.0,0.0,0.0,0.5,0.0,0.5,0.761405,0.0,0.291010999999999,0.291010999999999,0.0,0.238595,0.708989,0.0,0.761405,0.238595,0.0,0.708989,0.264498,0.528996,0.264498,0.735502,0.471004,0.735502
mp-1243,5.331686612558964,5.331686667709659,5.3316862632796,0.31051947145108066,0.31051942441471014,0.3105194828568164,0.8555855800000001,0.8555855800000001,0.8555855800000001,0.64441442,0.64441442,0.64441442,0.14441442000000002,0.14441442000000002,0.14441442000000002,0.35558558,0.35558558,0.35558558,0.75,0.44683282,0.05316718,0.44683282,0.05316718,0.75,0.05316718,0.75,0.44683282,0.25,0.55316718,0.94683282,0.94683282,0.25,0.55316718,0.55316718,0.94683282,0.25
mp-12442,4.980145581825592,4.9801447039879205,4.9801459937839585,0.5480918669306383,0.5480918460592364,0.5480918796570176,0.5,0.5,0.5,0.0,0.0,0.0,0.7225254,0.07325887,0.7225254,0.07325887,0.7225254,0.7225254,0.277474599999999,0.277474599999999,0.92674113,0.92674113,0.277474599999999,0.277474599999999,0.277474599999999,0.92674113,0.277474599999999,0.7225254,0.7225254,0.07325887
mp-1249,3.04778351,4.61519661,4.61519661,0.5,0.5,0.5,0.5,0.5,0.5,0.0,0.0,0.0,0.0,0.69707986,0.69707986,0.5,0.80292014,0.19707986,0.0,0.30292014,0.30292014,0.5,0.19707986,0.80292014
mp-12491,8.836657429293195,8.836657429293195,12.28456919,0.5,0.5,0.8282345245259075,0.25070134,0.74929866,0.75,0.74929866,0.25070134,0.25,0.0,0.0,0.5,0.0,0.0,0.0,0.5347197300000001,0.46528027,0.75,0.46528027,0.5347197300000001,0.25,0.3752877,0.6247123,0.44277582,0.6247123,0.3752877,0.55722418,0.6247123,0.3752877,0.94277582,0.3752877,0.6247123,0.05722418,0.93369363,0.06630637,0.75,0.06630637,0.93369363,0.25
mp-1253,4.714452457280579,4.714452988261567,4.71445379,0.33333338307908333,0.33333336264434316,0.3333333501662212,0.0,0.0,0.0,0.5,0.5,0.5
mp-12532,6.351571961189056,6.351571961189056,6.351571961189056,0.5285175882356336,0.6504553273831442,0.6504553273831442,0.0,0.5,0.5,0.5,0.25,0.75,0.5,0.75,0.25,0.0,0.0,0.0,0.0,0.681412,0.044781,0.0,0.044781,0.681412,0.636631,0.955218999999999,0.955218999999999,0.363369,0.318588,0.318588
mp-12535,6.950795381444028,7.287042954424787,8.660750581878657,0.6382132155847878,0.6314350434801573,0.5000000169385981,0.85947023,0.17597431,0.71894046,0.14052977,0.82402569,0.28105954,0.64052977,0.45703385,0.28105954,0.35947023,0.54296615,0.71894046,0.25,0.0,0.0,0.75,0.0,0.0,0.60690849,0.91295286,0.21381598000000002,0.39309151000000003,0.08704714,0.78618402,0.89309151,0.69913488,0.78618402,0.10690849000000001,0.30086512,0.21381598000000002
mp-12558,4.353097251953211,4.35309750341856,4.35309675,0.33333328028377573,0.33333326966756693,0.3333332766440004,0.0,0.0,0.0,0.5,0.5,0.5,0.25,0.25,0.25
mp-12623,6.2032971910370405,6.203297386003722,6.9918490145036145,0.6463021255856387,0.6463022346762778,0.5000000281311596,0.75,0.75,0.5,0.25,0.25,0.5,0.5,0.0,0.0,0.0,0.5,0.0,0.96715217,0.46715217000000003,0.25577882,0.71137435,0.21137435000000002,0.74422118,0.03284783,0.53284783,0.74422118,0.21137435000000002,0.03284783,0.74422118,0.28862565,0.7886256500000001,0.25577882,0.46715217000000003,0.28862565,0.25577882,0.7886256500000001,0.96715217,0.25577882,0.53284783,0.71137435,0.74422118
mp-1265,2.965608463297897,2.9656084142286705,2.96560719,0.3333332862368954,0.33333328999323425,0.33333326562123194,0.0,0.0,0.0,0.5,0.5,0.5
mp-1266,4.7797231474600075,4.779723933066742,4.779725,0.3333334076580917,0.333333377452195,0.3333334151504278,0.75,0.75,0.75,0.25,0.25,0.25,0.0,0.0,0.0
mp-12779,4.63326713,4.633267178313249,7.60243218,0.5,0.5,0.6666666651469902,0.333333,0.666667,0.00036456,0.666667,0.333333,0.50036456,0.333333,0.666667,0.37463544,0.666667,0.333333,0.87463544
mp-12814,7.62952326,7.629524375506333,6.73699565,0.5,0.5,0.6666666397968897,0.68012726,0.84006313,0.25,0.84006313,0.15993687,0.75,0.15993687,0.31987274,0.25,0.84006313,0.68012726,0.75,0.31987274,0.15993687,0.75,0.15993687,0.84006313,0.25,0.666667,0.333333,0.25,0.333333,0.666667,0.75,0.0,0.0,0.5,0.0,0.0,0.0
mp-1287,8.51254391,8.512543491795485,5.84614012,0.5,0.5,0.6666666314958746,0.0,0.64213592,0.5,0.35786408000000003,0.35786408000000003,0.5,0.64213592,0.0,0.5,0.0,0.30714325,0.0,0.69285675,0.69285675,0.0,0.30714325,0.0,0.0,0.666667,0.333333,0.18223921,0.666667,0.333333,0.81776079,0.333333,0.666667,0.81776079,0.333333,0.666667,0.18223921,0.0,0.0,0.68097611,0.0,0.0,0.31902389000000003
mp-12885,8.769110510592279,8.769110510592279,8.769110311249655,0.20350549874933377,0.20350549874933377,0.2035054988730127,0.5,0.5,0.5,0.929315,0.929315,0.929315,0.070685,0.070685,0.070685,0.720715,0.720715,0.720715,0.279285,0.279285,0.279285,0.975331,0.57123,0.162093,0.162093,0.975331,0.57123,0.57123,0.162093,0.975331,0.024669,0.837907,0.42877000000000004,0.42877000000000004,0.024669,0.837907,0.0,0.0,0.0,0.837907,0.42877000000000004,0.024669
mp-12927,5.83220745829742,5.83220745829742,5.83220745829742,0.6773046566903554,0.6773046566903554,0.48174563195878933,0.75,0.75,0.0,0.25,0.25,0.0,0.12856008,0.62856008,0.75712016,0.62856008,0.87143992,0.5,0.37143992000000003,0.12856008,0.5,0.87143992,0.37143992000000003,0.24287984,0.16605692,0.33394308,0.5,0.66605692,0.16605692,0.83211484,0.8339430800000001,0.66605692,0.5,0.33394308,0.8339430800000001,0.16788516
mp-12954,4.984760566259418,4.984759920528812,5.73009074297018,0.6432386763583583,0.6432386828508961,0.500000012643417,0.25,0.75,0.5,0.0,0.0,0.0,0.5,0.5,0.0,0.75,0.25,0.5,0.82208718,0.875,0.25,0.625,0.17791282,0.75,0.42791282,0.375,0.25,0.125,0.57208718,0.75
mp-13031,4.198698088572831,4.198697142593317,4.19869809,0.33333329230319214,0.3333333337085647,0.3333333935129322,0.0,0.0,0.0,0.25,0.25,0.25
mp-13032,4.0066372933984065,4.006636733351311,4.00663559,0.3333333394498874,0.33333336513810613,0.3333334358351072,0.0,0.0,0.0,0.25,0.25,0.25
mp-13033,4.570736628186195,4.570736004346762,4.57073689,0.3333333383329631,0.3333333634157679,0.3333333285376177,0.0,0.0,0.0,0.25,0.25,0.25
mp-13055,6.0891369339503845,6.089136003860261,6.136956421637404,0.5019968892311569,0.6632119089867293,0.6663922529471342,0.50591895,0.7519531700000001,0.25787212,0.49408105,0.24804683,0.74212788,0.0,0.0,0.0,0.0,0.5,0.5,0.54384912,0.30567964000000003,0.31128719,0.99439244,0.23256293,0.6887128100000001,0.45615088000000004,0.69432136,0.6887128100000001,0.00560756,0.76743707,0.31128719,0.06667808,0.72659938,0.79327746,0.93332192,0.27340062,0.20672254
mp-13056,6.13586882455427,6.13586882455427,6.1358689280454,0.3372052271466171,0.3372052271466171,0.3372052411545083,0.747676,0.747676,0.747676,0.252324,0.252324,0.252324,0.0,0.0,0.0,0.5,0.5,0.5,0.723202999999999,0.214416,0.329105,0.214416,0.329105,0.723202999999999,0.329105,0.723202999999999,0.214416,0.276796999999999,0.785584,0.670895,0.670895,0.276796999999999,0.785584,0.785584,0.670895,0.276796999999999
mp-13097,4.14144251,4.14144251,7.03559276,0.5,0.5,0.5,0.75,0.75,0.65049662,0.25,0.25,0.34950338000000003,0.25,0.75,0.0,0.75,0.25,0.0,0.25,0.25,0.78180696,0.75,0.75,0.21819304
mp-13133,5.45298663,6.1074582767620695,6.107458076550818,0.6142036502173552,0.5,0.5,0.25,0.48595629999999906,0.81066277,0.25,0.81066277,0.48595629999999906,0.75,0.5140437,0.18933723,0.75,0.18933723,0.5140437,0.75,0.91482818,0.91482818,0.25,0.08517182,0.08517182,0.75,0.66077696,0.66077696,0.25,0.33922304000000003,0.33922304000000003,0.5,0.12648973,0.87351027,0.0,0.87351027,0.12648973,0.0,0.12648973,0.87351027,0.5,0.87351027,0.12648973
mp-1315,3.683174605926628,3.683174666561613,3.68317402,0.3333333147001889,0.3333333116747351,0.33333332220779643,0.0,0.0,0.0,0.5,0.5,0.5
mp-13190,6.192201723980884,6.192201332148297,6.19220107,0.3333333414103328,0.33333335303940115,0.3333333508065804,0.5,0.5,0.5,0.75,0.75,0.75,0.25,0.25,0.25,0.0,0.0,0.0,0.21655905,0.78344095,0.78344095,0.21655905,0.78344095,0.21655905,0.78344095,0.21655905,0.78344095,0.21655905,0.21655905,0.78344095,0.78344095,0.21655905,0.21655905,0.78344095,0.78344095,0.21655905
mp-13275,7.66479957,7.664799082624282,4.48604454,0.5,0.5,0.6666666297439319,0.75833195,0.0,0.0,0.24166805,0.24166805,0.0,0.0,0.75833195,0.0,0.0,0.41479077000000003,0.5,0.41479077000000003,0.0,0.5,0.58520923,0.58520923,0.5,0.333333,0.666667,0.0,0.0,0.0,0.5,0.666667,0.333333,0.0
mp-13277,4.52361713,4.523618260822141,8.75238429,0.5,0.5,0.6666666632743335,0.0,0.0,0.0,0.0,0.0,0.5,0.333333,0.666667,0.25,0.666667,0.333333,0.75,0.333333,0.666667,0.75,0.666667,0.333333,0.25
mp-13287,4.448809,4.448809,9.526645,0.5,0.5,0.5,0.0,0.5,0.658833,0.5,0.0,0.341167,0.0,0.0,0.0,0.5,0.5,0.0,0.5,0.0,0.840878,0.0,0.5,0.15912199999999901,0.5,0.5,0.5,0.0,0.0,0.5
mp-1330,2.877242948492184,2.877242948492184,2.877242948492184,0.33333333333333337,0.33333333333333337,0.33333333333333337,0.5,0.5,0.5,0.0,0.0,0.0
mp-13356,6.118406055241594,6.118406055241594,6.118406030560656,0.3375788670597545,0.3375788670597545,0.3375788621250363,0.25206,0.25206,0.25206,0.74794,0.74794,0.74794,0.0,0.0,0.0,0.5,0.5,0.5,0.328441,0.717506,0.22634,0.717506,0.22634,0.328441,0.22634,0.328441,0.717506,0.671559,0.282493999999999,0.77366,0.77366,0.671559,0.282493999999999,0.282493999999999,0.77366,0.671559
mp-1340,6.7247940839693845,6.691013353893916,6.79535988223316,0.4493459078853474,0.33524269472049545,0.39622367002171266,0.7206283,0.50424219,0.49702354,0.21765582,0.00424918,0.50298829,0.41457165,0.50132712,0.17106752,0.58565258,0.00133234,0.82894377,0.25958749000000003,0.88678089,0.15656495,0.41616766,0.38677797,0.84341771,0.78156398,0.36395532,0.17005395,0.95162002,0.86400301,0.82992869,0.09843246,0.39127649000000003,0.51528636,0.61372005,0.8912565,0.48472322
mp-1342,3.946210029550849,3.9462094746618206,3.94621046,0.33333328744580204,0.3333333132871745,0.3333332941278555,0.0,0.0,0.0,0.5,0.5,0.5
mp-1345,7.65361331,7.653612712557437,5.72148439,0.5,0.5,0.6666667061602354,0.0,0.64259831,0.5,0.35740169,0.35740169,0.5,0.64259831,0.0,0.5,0.0,0.30822097,0.0,0.69177903,0.69177903,0.0,0.30822097,0.0,0.0,0.666667,0.333333,0.20044715,0.666667,0.333333,0.79955285,0.333333,0.666667,0.79955285,0.333333,0.666667,0.20044715,0.0,0.0,0.6953120700000001,0.0,0.0,0.30468793
mp-13548,5.80714491,5.807144230689771,7.89728909,0.5,0.5,0.666666653206399,0.666667,0.333333,0.25,0.333333,0.666667,0.75,0.0,0.0,0.0,0.0,0.0,0.5,0.666667,0.333333,0.75,0.333333,0.666667,0.25
mp-13660,4.70004730921033,4.700047950393777,8.801464863445199,0.5860336469517478,0.5860336456992923,0.5000000050632422,0.66493596,0.66493596,0.32987092,0.33506404,0.33506404,0.67012908,0.5,0.0,0.0,0.0,0.5,0.0,0.86100906,0.86100906,0.72201912,0.13899094,0.13899094,0.27798088,0.5,0.5,0.0
mp-1367,4.482798706125442,4.482798959558671,4.48279971,0.33333338520673955,0.33333337529040374,0.33333341993854293,0.75,0.75,0.75,0.25,0.25,0.25,0.0,0.0,0.0
mp-7100,4.06924407,4.06924407,5.81392154,0.5,0.5,0.5,0.25,0.25,0.71570579,0.75,0.75,0.28429421,0.75,0.25,0.5,0.25,0.75,0.5,0.25,0.75,0.0,0.75,0.25,0.0
mp-7104,4.52053103,4.52053103,4.52053103,0.5,0.5,0.5,0.0,0.0,0.0,0.5,0.5,0.5,0.0,0.5,0.5,0.5,0.0,0.5,0.5,0.5,0.0
mp-7128,4.8531583099999995,4.853159237288759,4.89477796,0.5,0.5,0.6666666690413754,0.0,0.0,0.0,0.666667,0.333333,0.5,0.333333,0.666667,0.5,0.62393742,0.62393742,0.70896518,0.37606258000000004,0.0,0.70896518,0.0,0.37606258000000004,0.70896518,0.62393742,0.0,0.29103482,0.0,0.62393742,0.29103482,0.37606258000000004,0.37606258000000004,0.29103482
mp-7148,11.40392244619929,11.40392244619929,11.40392244619929,0.8872635855696636,0.8872635855696636,0.16028959714888746,0.80683,0.80683,0.0,0.19317,0.19317,0.0,0.0,0.0,0.0,0.596066,0.596066,0.0,0.403933999999999,0.403933999999999,0.0,0.5,0.5,0.0,0.319089,0.319089,0.0,0.680910999999999,0.680910999999999,0.0,0.912617,0.412616999999999,0.5,0.412616999999999,0.912617,0.5,0.587383,0.087383,0.5,0.087383,0.587383,0.5
mp-7188,3.1553268183011434,3.155326820127623,4.713009520458075,0.6086651320223208,0.6086650836792499,0.5000064785014674,0.33861522,0.33861523,0.67733634,0.66138474,0.6613847700000001,0.32266365,4e-08,0.0,1e-08
mp-7232,4.439155179233716,4.439154792271431,7.91302742509317,0.5904991302683869,0.5904991469200952,0.5000000127711649,0.66364324,0.66364324,0.32728549,0.33635676000000003,0.33635676000000003,0.67271451,0.0,0.0,0.0,0.86334949,0.86334949,0.72669798,0.13665051,0.13665051,0.27330202
mp-7233,4.08729761,4.087298055351818,7.16384495,0.5,0.5,0.6666666937328555,0.666667,0.333333,0.71158045,0.333333,0.666667,0.28841955,0.0,0.0,0.0,0.666667,0.333333,0.37596082000000003,0.333333,0.666667,0.62403918
mp-7251,6.056238059001479,6.056238059001479,6.056238059001479,0.3333333333333333,0.3333333333333333,0.3333333333333333,0.75,0.75,0.75,0.25,0.25,0.25,0.0,0.0,0.0,0.5,0.5,0.5,0.736633,0.263366999999999,0.263366999999999,0.263366999999999,0.736633,0.263366999999999,0.736633,0.263366999999999,0.736633,0.736633,0.736633,0.263366999999999,0.263366999999999,0.736633,0.736633,0.263366999999999,0.263366999999999,0.736633
mp-7297,6.30441264,6.304411877157322,5.00400148,0.5,0.5,0.6666666597534295,0.666667,0.333333,0.69693414,0.333333,0.666667,0.30306586,0.0,0.0,0.0,0.84832566,0.15167434,0.219029199999999,0.84832566,0.69665032,0.219029199999999,0.30334968,0.15167434,0.219029199999999,0.15167434,0.84832566,0.7809708,0.15167434,0.30334968,0.7809708,0.69665032,0.84832566,0.7809708
mp-733,4.98695007,4.986950109999179,5.67479619,0.5,0.5,0.6666666287097139,0.55064575,0.55064575,0.0,0.0,0.44935425,0.666667,0.44935425,0.0,0.333333,0.30465434,0.39560363,0.75600123,0.60439637,0.90905071,0.08933423,0.09094929,0.69534566,0.42266723,0.39560363,0.30465434,0.24399877,0.69534566,0.09094929,0.57733277,0.90905071,0.60439637,0.91066577
mp-736,4.21927393,4.2192736811532745,7.54705753,0.5,0.5,0.666666721497479,0.0,0.0,0.25,0.0,0.0,0.75,0.333333,0.666667,0.58360181,0.666667,0.333333,0.08360181,0.666667,0.333333,0.41639819,0.333333,0.666667,0.91639819,0.333333,0.666667,0.25,0.666667,0.333333,0.75
mp-7374,5.73915136086816,5.739152098766729,6.485793503986997,0.6458870254004606,0.645887005539769,0.5000000679685214,0.875,0.125,0.75,0.125,0.875,0.25,0.5,0.5,0.5,0.5,0.0,0.0,0.0,0.5,0.5,0.5,0.5,0.0,0.61217328,0.86217328,0.22434656,0.86217328,0.61217328,0.72434656,0.38782672,0.13782672,0.77565344,0.13782672,0.38782672,0.27565344
mp-7375,4.049923854879114,4.0499238731574305,4.0499247414557855,0.49909372833138255,0.49909377361414037,0.499093678100616,0.01326228,0.01326228,0.01326228,0.50305267,0.50305267,0.50305267,0.03114225,0.5295219,0.5295219,0.5295219,0.5295219,0.03114225,0.5295219,0.03114225,0.5295219
mp-7392,5.76311298,6.06089945153198,6.060898721781689,0.5500463040456347,0.5,0.5,0.25,0.67226072,0.02747186,0.75,0.32773928,0.97252814,0.25,0.02747186,0.67226072,0.75,0.97252814,0.32773928,0.0,0.5,0.5,0.5,0.5,0.5,0.25,0.20920321,0.20920321,0.75,0.7907977900000001,0.7907977900000001
mp-7394,6.385538580395079,6.385538580395079,6.385538580395079,0.6388676556257259,0.6388676556257259,0.54950050770137,0.0,0.0,0.0,0.25,0.75,0.5,0.75,0.25,0.5,0.5,0.5,0.0,0.155527,0.155527,0.622120999999999,0.844472999999999,0.466593999999999,0.0,0.466593999999999,0.844472999999999,0.0,0.533405999999999,0.533405999999999,0.377878999999999
mp-7421,4.20899699,4.208997097187693,10.22833453,0.5,0.5,0.666666706085917,0.0,0.0,0.0,0.0,0.0,0.5,0.333333,0.666667,0.75,0.666667,0.333333,0.25,0.333333,0.666667,0.25,0.666667,0.333333,0.75
mp-7436,4.43921955,4.439219480380415,10.05900949,0.5,0.5,0.666666669962785,0.0,0.0,0.0,0.0,0.0,0.5,0.333333,0.666667,0.75,0.666667,0.333333,0.25,0.333333,0.666667,0.25,0.666667,0.333333,0.75
mp-7437,4.06375843,4.063758227643455,10.1455352,0.5,0.5,0.6666667214933559,0.0,0.0,0.5,0.0,0.0,0.0,0.333333,0.666667,0.75,0.666667,0.333333,0.25,0.666667,0.333333,0.75,0.333333,0.666667,0.25
mp-7438,4.52584926,4.525851221299385,10.5598079,0.5,0.5,0.6666667111716017,0.0,0.0,0.0,0.0,0.0,0.5,0.333333,0.666667,0.75,0.666667,0.333333,0.25,0.333333,0.666667,0.25,0.666667,0.333333,0.75
mp-7439,7.41985541727002,7.419855812371281,7.419855812034903,0.24903484566086106,0.24903482671885166,0.24903482061630217,0.90814348,0.90814348,0.90814348,0.5,0.5,0.5,0.09185652,0.09185652,0.09185652,0.5,0.0,0.5,0.5,0.5,0.0,0.0,0.5,0.5,0.25702121,0.25702121,0.25702121,0.74297879,0.74297879,0.74297879
mp-7449,7.072416432383518,7.0724168908493015,8.38335134,0.5,0.5,0.6161226672293881,0.41952972,0.58047028,0.82004247,0.58047028,0.41952972,0.32004247,0.902332999999999,0.097666999999999,0.54279882,0.097666999999999,0.902332999999999,0.04279882,0.39937873,0.07184293,0.6665371800000001,0.60062127,0.92815707,0.16653718,0.92815707,0.60062127,0.6665371800000001,0.07184293,0.39937873,0.16653718,0.79219351,0.20780649,0.0050843500000000005,0.20780649,0.79219351,0.50508435
mp-7505,5.89100634,6.3405511854757,7.755706372409686,0.6340410303572962,0.5,0.5,0.75,0.78909892,0.57819584,0.75,0.42344274,0.84688347,0.25,0.21090108,0.42180416,0.25,0.57655726,0.15311653,0.75,0.28120832,0.22190022,0.25,0.05930909,0.77809978,0.25,0.71879168,0.77809978,0.75,0.94069091,0.22190022,0.0,0.0,0.0,0.5,0.0,0.0
mp-753098,2.8506227334432737,2.8506232562977227,6.670126605290475,0.3594083365374544,0.359408338549927,0.3333246737504331,0.0,0.0,0.5,0.0,0.0,0.0,0.79007644,0.79007644,0.31484553,0.20992356,0.20992356,0.68515447
mp-753260,3.815189799999999,6.525200538066687,3.81519026058533,0.5944348071464454,0.3333332564191872,0.5944348503192973,0.5,0.5,0.5,0.0,0.0,0.0,0.11051397,0.3315439,0.11051397,0.88948603,0.6684561,0.88948603
mp-753287,3.3680642066586204,3.3680642066586204,4.7502443,0.5,0.5,0.5,0.5,0.5,0.5,0.0,0.0,0.0,0.5,0.5,0.0,0.0,0.0,0.5
mp-753946,3.37949169,5.703218733494529,5.853800382872153,0.49983852201940027,0.5,0.5,0.25496508,0.5,0.75,0.74503492,0.5,0.25,0.74960486,0.0,0.25,0.25039514,0.0,0.75,0.24961839,0.20574911,0.08310835,0.75038161,0.20574911,0.58310835,0.75038161,0.79425089,0.9168916500000001,0.24961839,0.79425089,0.41689165
mp-754212,8.365564022066735,8.37339505212211,7.484173790294462,0.49974563238047714,0.49980546443211327,0.6660130405845789,4.9000000000000005e-06,2.6790000000000006e-05,0.99998814,0.33337922000000003,0.6668523,0.500053699999999,0.66675753,0.333088699999999,0.49999102,0.0009544800000000001,0.65023798,0.7461192600000001,1.00083356,0.34982376,0.25371781,0.3494053,0.34924987,0.74638171,0.65071368,0.65052457,0.25323777000000003,0.34985356,1.00066368,0.25394838000000003,0.65000671,0.00046766,0.74656221
mp-754329,5.933372170789357,5.933372292533809,5.933373282982338,0.3063804080348824,0.30638044809121906,0.3063804694984771,0.365736399999999,0.365736399999999,0.365736399999999,0.634263599999999,0.634263599999999,0.634263599999999,0.15405739000000002,0.15405739000000002,0.15405739000000002,0.84594261,0.84594261,0.84594261,0.03836702,0.78842522,0.44379762,0.55620238,0.96163298,0.21157478000000002,0.21157478000000002,0.55620238,0.96163298,0.78842522,0.44379762,0.03836702,0.44379762,0.03836702,0.78842522,0.96163298,0.21157478000000002,0.55620238
mp-754363,4.16058973,4.16058973,7.3888498962291,0.4091531241575216,0.4091531241575216,0.5,0.35256068,0.35256068,0.29487665,0.64743932,0.64743932,0.70512335,0.0,0.0,0.0,0.5,0.0,0.0,0.0,0.5,0.0,0.1546122,0.1546122,0.69077561,0.845387799999999,0.845387799999999,0.30922439
mp-754535,3.81644699021351,3.8164830306590605,12.2811925031836,0.5000125165365655,0.49999306356109685,0.6666679840223064,7.589999999999998e-06,0.00010774000000000001,0.99999814,0.9999964800000001,0.99996376,0.50000254,0.33331967,0.66666673,0.24999999,0.66667524,0.33335169000000003,0.7499997700000001,0.33333004,0.66676169,0.08416111,0.33332477,0.66661578,0.415839099999999,0.66666963,0.33331731000000003,0.58416325,0.66667758,0.33341629,0.915836099999999
mp-7547,4.987827358210006,5.50106594299849,8.731990419518581,0.4415938579709938,0.4078049717002464,0.3502284953337836,0.12802229,0.25,0.75,0.87197771,0.75,0.25,0.47303523000000003,0.28736039,0.0250273,0.78542392,0.21263961,0.474972699999999,0.21457608,0.78736039,0.5250273,0.52696477,0.71263961,0.974972699999999
mp-7548,4.29675126,7.38597746,7.38597746,0.5,0.5,0.5,0.0,0.5,0.5,0.0,0.0,0.0,0.48444576,0.80974977,0.30974977,0.51555424,0.30974977,0.19025023,0.17891909,0.0,0.5,0.82108091,0.5,0.0,0.48444576,0.19025023,0.69025023,0.51555424,0.69025023,0.80974977
mp-754826,6.390173111361986,6.390173111361986,6.390173111361986,0.3333333333333333,0.5,0.6666666666666667,0.5,0.0,0.5,0.75,0.5,0.75,0.0,0.0,0.0,0.25,0.5,0.25,0.125,0.25,0.125,0.625,0.75,0.125,0.125,0.75,0.125,0.125,0.25,0.625
mp-755013,5.233604413201878,5.233604413201878,5.787065976376081,0.4044044331468051,0.5955955668531948,0.7506614817361978,0.28623656000000003,0.71376344,0.65446114,0.30898475000000003,0.69101525,0.13912903000000001,0.0,0.0,0.5,0.69101525,0.30898475000000003,0.86087097,0.71376344,0.28623656000000003,0.34553886,0.0,0.0,0.0,0.14672342,0.8532765800000001,0.826568099999999,0.15740394,0.84259606,0.31881776,0.5,0.5,0.0,0.84259606,0.15740394,0.68118224,0.8532765800000001,0.14672342,0.1734319
mp-755287,3.3923067686819053,5.846264609833553,5.846264609833553,0.39074110074850893,0.5,0.5,0.0,0.5,0.5,0.5,0.0,0.5,0.5,0.5,0.0,0.0,0.0,0.0,0.0,0.74740258,0.74740258,0.5,0.25270534,0.74729466,0.5,0.74729466,0.25270534,0.0,0.25259742,0.25259742
mp-755309,6.05017648,6.05017648,6.05017648,0.5,0.5,0.5,0.0,0.0,0.5,0.0,0.5,0.0,0.5,0.0,0.0,0.0,0.0,0.0,0.21762479,0.21762479,0.21762479,0.21762479,0.78237521,0.78237521,0.78237521,0.21762479,0.78237521,0.78237521,0.78237521,0.21762479
mp-755478,5.829561945778875,5.830423031049121,5.9722270156755,0.3376397606503081,0.6620844026416982,0.6665517111978984,0.63746289,0.36235626,0.91275783,0.36708135000000003,0.63288539,0.10124387,0.86141947,0.13839973,0.5846913300000001,0.14971077,0.85024579,0.44918714,0.95544388,0.73525489,0.73241716,0.51170123,0.044626099999999,0.7319337,0.26461001,0.48790443,0.73190127,0.78614956,0.56821646,0.25181657,0.43264396,0.96615227,0.25232106,0.03377588,0.21395866,0.25172808
mp-755895,4.21105874,11.370180497616506,4.21105874,0.44071320215957127,0.5,0.5592867978404288,0.0,0.0,0.0,0.81410613,0.62821226,0.18589387000000002,0.18589387000000002,0.37178774000000003,0.81410613,0.597044799999999,0.1940896,0.402955199999999,0.402955199999999,0.805910399999999,0.597044799999999,0.09608801,0.19217502,0.40391199,0.5,0.0,0.5,0.69247587,0.38495074,0.30752413,0.40391199,0.80782498,0.09608801,0.59608801,0.19217502,0.90391199,0.30752413,0.61504926,0.69247587,0.90391199,0.80782498,0.59608801
mp-7566,4.8199077783583,4.819905973438072,6.81120021,0.5,0.5,0.6268832967095032,0.0,0.0,0.5,0.0,0.0,0.0,0.6471446200000001,0.35285538,0.25,0.35285538,0.6471446200000001,0.75,0.25395042,0.74604958,0.56136106,0.74604958,0.25395042,0.06136106,0.74604958,0.25395042,0.43863894000000003,0.25395042,0.74604958,0.93863894,0.70484892,0.77227757,0.75,0.29515108,0.22772243,0.25,0.77227757,0.70484892,0.25,0.22772243,0.29515108,0.75
mp-7569,4.8574814052185715,4.857481766118602,4.857482138027149,0.5450103257620126,0.5450102934357862,0.5450102422419139,0.5,0.5,0.5,0.0,0.0,0.0,0.74550096,0.07931381,0.74550096,0.07931381,0.74550096,0.74550096,0.25449904,0.25449904,0.9206861900000001,0.9206861900000001,0.25449904,0.25449904,0.25449904,0.9206861900000001,0.25449904,0.74550096,0.74550096,0.07931381
mp-757,4.341471,4.3414719637838255,7.745609,0.5,0.5,0.6666666681997123,0.0,0.0,0.25,0.0,0.0,0.75,0.333333,0.666667,0.585214999999999,0.666667,0.333333,0.085215,0.666667,0.333333,0.414784999999999,0.333333,0.666667,0.914785,0.333333,0.666667,0.25,0.666667,0.333333,0.75
mp-7572,4.713871167230331,4.713871761130044,6.44744954,0.5,0.5,0.6298994143894524,0.0,0.0,0.0,0.0,0.0,0.5,0.35096641,0.64903359,0.75,0.64903359,0.35096641,0.25,0.22781191,0.30388798,0.75,0.77218809,0.69611202,0.25,0.30388798,0.22781191,0.25,0.69611202,0.77218809,0.75,0.24925673,0.75074327,0.9375098900000001,0.75074327,0.24925673,0.43751089,0.75074327,0.24925673,0.06248911,0.24925673,0.75074327,0.56249011
mp-7575,3.439930144185033,3.4399298931428417,3.43992825,0.33333326030976207,0.3333332737215544,0.33333324871884873,0.25,0.25,0.25,0.75,0.75,0.75,0.0,0.0,0.0
mp-7581,7.122577169060601,7.122577169060601,7.12257726929665,0.14975512036732522,0.14975512036732522,0.14975514307539936,0.66675996,0.66675996,0.66675996,0.41384459,0.41384459,0.41384459,0.25306245,0.25306245,0.25306245
mp-760,3.58090064,4.77959329,5.75626371,0.5,0.5,0.5,0.0,0.0,0.0,0.5,0.5,0.5,0.0,0.21326136,0.36977222,0.0,0.78673864,0.63022778,0.5,0.7132613600000001,0.13022778000000002,0.5,0.28673864,0.86977222
mp-760375,5.9330639099999996,5.9330639099999996,5.9330639099999996,0.5,0.5,0.5,0.0,0.0,0.5,0.0,0.5,0.0,0.5,0.0,0.0,0.0,0.0,0.0,0.20900201000000002,0.20900201000000002,0.20900201000000002,0.20900201000000002,0.79099799,0.79099799,0.79099799,0.20900201000000002,0.79099799,0.79099799,0.79099799,0.20900201000000002
mp-7604,4.20115045,4.20115045,4.20115045,0.5,0.5,0.5,0.5,0.0,0.5,0.5,0.5,0.0,0.0,0.5,0.5,0.5,0.5,0.5,0.0,0.5,0.0,0.0,0.0,0.5,0.5,0.0,0.0
mp-7608,5.190011268347802,5.190011268347802,5.190011268347802,0.8138802191181425,0.7664375967232435,0.30440487741821765,0.70619937,0.70619937,0.0,0.29380063,0.29380063,0.0,0.0,0.0,0.0,0.15101207,0.65101207,0.5,0.8489879300000001,0.34898793,0.5
mp-7610,4.8772633879308795,4.8772633879308795,4.8772633879308795,0.6535590290646837,0.6535590290646837,0.5229864926748556,0.25,0.75,0.5,0.75,0.25,0.5,0.5,0.5,0.0,0.0,0.0,0.0,0.947924999999999,0.331602,0.0,0.331602,0.947924999999999,0.0,0.668397999999999,0.668397999999999,0.616321999999999,0.052074999999999004,0.052074999999999004,0.383677999999999
mp-7611,4.997180082161538,4.997180082161538,4.997180082161538,0.5209767674537652,0.6546916979381912,0.6546916979381912,0.5,0.25,0.75,0.5,0.75,0.25,0.0,0.5,0.5,0.0,0.0,0.0,0.0,0.059142999999999,0.651706999999999,0.0,0.651706999999999,0.059142999999999,0.592563,0.940855999999999,0.940855999999999,0.407437,0.348294,0.348294
mp-7618,7.231951435102561,7.231951435102561,7.231951435102561,0.6629660520206887,0.6629660520206887,0.506431456894104,0.75,0.25,0.5,0.5,0.5,0.0,0.25,0.75,0.5,0.0,0.0,0.0,0.0,0.701106999999999,0.701106999999999,0.701106999999999,0.0,0.701106999999999,0.298892999999999,0.0,0.298892999999999,0.0,0.298892999999999,0.298892999999999,0.220946,0.220946,0.0,0.779053999999999,0.779053999999999,0.0
mp-7622,5.161798,5.856887921893333,7.027344701977056,0.5829068662363984,0.579081331697297,0.510164577757515,0.408197,0.193237,0.279406,0.591803,0.806763,0.720594,0.092393999999999,0.286496,0.751382999999999,0.907605999999999,0.713503999999999,0.248616999999999,0.22863000000000003,0.126058,0.861985999999999,0.7713700000000001,0.873942,0.138014,0.817403999999999,0.196220999999999,0.634944,0.182595999999999,0.803778999999999,0.365056,0.926497999999999,0.464819,0.070979,0.073502,0.535181,0.929021,0.749644,0.602166,0.351877999999999,0.250355999999999,0.397833999999999,0.648122
mp-7642,6.01103224,6.382530747136016,6.382530297068194,0.5749131693845273,0.5,0.5,0.24975459,0.68513489,0.02765353,0.74975459,0.31486511,0.9723464700000001,0.25024541,0.02765353,0.68513489,0.75024541,0.9723464700000001,0.31486511,0.5,0.50000097,0.49999903,0.0,0.49999903,0.50000097,0.75,0.75905858,0.75905858,0.25,0.24094142000000002,0.24094142000000002
mp-7643,6.28888665,6.701440412648056,6.701440535954306,0.5735466972558538,0.5,0.5,0.25017325,0.6791721,0.02162552,0.75017325,0.3208279,0.97837448,0.24982675000000001,0.02162552,0.6791721,0.74982675,0.97837448,0.3208279,0.0,0.5000576,0.49994239999999907,0.5,0.49994239999999907,0.5000576,0.25,0.23628908,0.23628908,0.75,0.7637109200000001,0.7637109200000001
mp-766,3.00114582,5.43556299,6.20594752,0.5,0.5,0.5,0.5,0.32922482000000003,0.86634677,0.5,0.67077518,0.13365323,0.0,0.17077518,0.36634677,0.0,0.82922482,0.6336532300000001,0.5,0.5,0.5,0.0,0.0,0.0
mp-7667,6.222219040426546,6.222220883650234,7.41468415,0.5,0.5,0.6021676047021055,0.41909838,0.58090162,0.65698545,0.58090162,0.41909838,0.15698545,0.89420491,0.10579509000000001,0.38741179000000003,0.10579509000000001,0.89420491,0.88741179,0.38687688000000003,0.07227146,0.50130253,0.61312312,0.92772854,0.00130253,0.92772854,0.61312312,0.50130253,0.07227146,0.38687688000000003,0.00130253,0.799202899999999,0.200797099999999,0.84369771,0.200797099999999,0.799202899999999,0.34369771
mp-7670,6.510950414462846,6.510950250958493,7.6902294,0.5,0.5,0.5992552732319583,0.09853718,0.90146282,0.87164736,0.90146282,0.09853718,0.37164736,0.58657893,0.41342107,0.14975867,0.41342107,0.58657893,0.64975867,0.79228323,0.20771677,0.81790703,0.20771677,0.79228323,0.31790703,0.08569378,0.40438108,0.00075653,0.9143062200000001,0.59561892,0.49924347,0.59561892,0.9143062200000001,0.00075653,0.40438108,0.08569378,0.49924347
mp-768368,9.502075666145005,9.502075666145005,9.502075666145005,0.8206637761564947,0.8206637761564947,0.2572202403847617,0.5,0.0,0.5,0.14706708000000002,0.14706708000000002,0.0,0.85293292,0.85293292,0.0,0.0,0.5,0.5,0.35306837,0.35306837,0.0,0.64693163,0.64693163,0.0,0.0,0.0,0.0
mp-770932,6.622148019328278,5.234383648656895,9.702363772289358,0.48303588283825716,0.23879717774630105,0.2842841262340895,0.04301408,0.45666429000000003,0.15557633,0.95511736,0.54341457,0.84523534,0.33755852000000003,0.499822,0.33126193,0.66078495,0.50005948,0.66948618,0.20724578,0.29151581,0.27926871000000003,0.79102962,0.70834665,0.72151906,0.67580777,0.17936264000000002,0.55282124,0.03573988,0.82023912,0.09138268000000001,0.32243631,0.82050897,0.44797948,0.9624867300000001,0.17967748,0.90944306
mp-772290,6.736214245034993,6.736214245034993,6.736214245034993,0.5247958574377443,0.5247958574377443,0.8200193829673247,0.13410008,0.5,0.6341000800000001,0.5,0.13410008,0.6341000800000001,0.5,0.86589992,0.36589992,0.86589992,0.5,0.36589992,0.83829953,0.16170047,0.0,0.83829953,0.83829953,0.67659906,0.16170047,0.83829953,0.0,0.16170047,0.16170047,0.32340094,0.67706102,0.0,0.67706102,0.0,0.67706102,0.67706102,0.0,0.32293898,0.32293898,0.32293898,0.0,0.32293898
mp-773137,5.40489026,5.40489026,8.45874323,0.5,0.5,0.5,0.25,0.25,0.86641234,0.75,0.75,0.13358766,0.25,0.75,0.5,0.75,0.25,0.5,0.25,0.25,0.29139903,0.75,0.75,0.70860097
mp-7738,4.22076396,4.220764022103438,8.22761741,0.5,0.5,0.6666667091285975,0.333333,0.666667,0.25,0.666667,0.333333,0.75,0.0,0.0,0.5,0.0,0.0,0.0,0.666667,0.333333,0.25,0.333333,0.666667,0.75
mp-774907,7.237576891829061,7.237576891829061,7.237576891829061,0.8226553246120485,0.8226553246120485,0.25427942562394446,0.0,0.0,0.0,0.75,0.25,0.5,0.25,0.75,0.5,0.648143,0.648143,0.0,0.351857,0.351857,0.0
mp-776532,4.81353299,4.81353299,3.20541541,0.5,0.5,0.5,0.0,0.0,0.0,0.5,0.5,0.5,0.19495512,0.80504488,0.5,0.30504488,0.30504488,0.0,0.69495512,0.69495512,0.0,0.80504488,0.19495512,0.5
mp-7773,5.636556418898698,5.6365557406667115,5.75763997,0.5,0.5,0.5674151978943598,0.66756271,0.025830799999999002,0.25,0.33243729,0.9741692,0.75,0.025830799999999002,0.66756271,0.25,0.9741692,0.33243729,0.75,0.79034316,0.79034316,0.75,0.20965684,0.20965684,0.25,0.5,0.5,0.5,0.5,0.5,0.0
mp-7786,5.359391589999999,5.359390535568462,6.53667338,0.5,0.5,0.6666666313402474,0.0,0.0,0.5,0.5,0.0,0.0,0.5,0.5,0.0,0.0,0.5,0.0,0.666667,0.333333,0.770045299999999,0.333333,0.666667,0.229954699999999
mp-7801,5.25029254934762,5.250293172153287,5.250292790806605,0.52251210255955,0.6538261602946834,0.6538261792374347,0.5,0.25,0.75,0.0,0.5,0.5,0.0,0.0,0.0,0.5,0.75,0.25,0.58002564,0.875,0.95502564,0.91997436,0.04497436,0.625,0.41997436,0.375,0.29497436,0.08002564,0.70502564,0.125
mp-7808,4.787662869138693,7.054321724101955,7.054323381935816,0.36934647185887126,0.3963574604252672,0.396357422791675,0.31542423,0.8261450300000001,0.8261450300000001,0.68457577,0.17385497,0.17385497,0.02374969,0.59042138,0.59042138,0.9762503100000001,0.40957862,0.40957862,0.70830229,0.6483591,0.18681179,0.29169771,0.81318821,0.3516409,0.29169771,0.3516409,0.81318821,0.70830229,0.18681179,0.6483591
mp-7825,5.60579197,5.60579151954625,4.60766092,0.5,0.5,0.666666648978565,0.333333,0.666667,0.70112459,0.666667,0.333333,0.29887541,0.0,0.0,0.0,0.84537979,0.15462021,0.78005591,0.84537979,0.69075957,0.78005591,0.30924043,0.15462021,0.78005591,0.15462021,0.84537979,0.21994409,0.15462021,0.30924043,0.21994409,0.69075957,0.84537979,0.21994409
mp-7848,5.119872348382667,5.1198714534749445,5.119873317666324,0.48778655660540743,0.6737626108897856,0.6737626354902605,0.0,0.0,0.0,0.5,0.25,0.75,0.6361331100000001,0.03802137,0.86294571,0.17507567000000002,0.13705429,0.773189399999999,0.36386689,0.2268106,0.40188626,0.82492433,0.5981137400000001,0.9619786300000001
mp-7849,5.202096023973696,5.202096418444277,5.20209608276609,0.48499995481558644,0.6753939430376585,0.6753938657398494,0.0,0.0,0.0,0.5,0.25,0.75,0.61093975,0.99457947,0.86716556,0.12741291,0.13283444,0.74377319,0.38906025,0.25622681,0.38363872,0.87258709,0.61636128,0.00542053
mp-7886,6.946783895577003,6.946783895577003,6.946783895577003,0.33333333333333337,0.33333333333333337,0.33333333333333337,0.75,0.75,0.75,0.25,0.25,0.25,0.5,0.5,0.5,0.0,0.0,0.0,0.776486,0.223514,0.223514,0.223514,0.223514,0.776486,0.223514,0.776486,0.776486,0.223514,0.776486,0.223514,0.776486,0.223514,0.776486,0.776486,0.776486,0.223514
mp-7891,4.26097949,4.260978947449942,6.73838534,0.5,0.5,0.6666665611080019,0.666667,0.333333,0.3572573,0.333333,0.666667,0.6427427,0.0,0.0,0.0,0.666667,0.333333,0.76703904,0.333333,0.666667,0.23296096
mp-7896,4.33370958994754,5.416156878651859,5.416157139532602,0.405121405554264,0.3689848494454374,0.36898501018089347,0.74643967,0.25356033,0.25356033,0.25356033,0.74643967,0.74643967,0.0,0.6171968,0.3828032,0.0,0.3828032,0.6171968
mp-7903,6.38815355,6.388152599266286,4.96062357,0.5,0.5,0.6666666356950944,0.666667,0.333333,0.30315925,0.333333,0.666667,0.69684075,0.0,0.0,0.0,0.84716701,0.15283299,0.7769204,0.84716701,0.69433301,0.7769204,0.30566699,0.15283299,0.7769204,0.15283299,0.84716701,0.2230796,0.15283299,0.30566699,0.2230796,0.69433301,0.84716701,0.2230796
mp-7906,5.575833600857784,5.575833512861561,6.4645197678085315,0.6419324230143855,0.6419324311866416,0.4999998781751776,0.25,0.75,0.5,0.5,0.5,0.0,0.0,0.0,0.0,0.868186599999999,0.85463855,0.27072578,0.40253918,0.41608722000000004,0.27072578,0.14536145,0.59746082,0.72927422,0.58391278,0.1318134,0.72927422
mp-7907,5.565882806437961,5.565883673355827,6.7279285594873395,0.6357428737940456,0.6357429061342367,0.49999994130395636,0.25,0.75,0.5,0.5,0.5,0.0,0.0,0.0,0.0,0.3931812,0.38044255,0.262633499999999,0.11781005,0.6068188,0.737366499999999,0.6195574500000001,0.13054869,0.737366499999999,0.86945131,0.88218995,0.262633499999999
mp-7908,6.032661658585765,6.032661346707323,7.323293348368161,0.6351283116987347,0.6351283640391276,0.499999983179115,0.25,0.75,0.5,0.5,0.5,0.0,0.0,0.0,0.0,0.39568165,0.37268524000000003,0.26379723,0.10888801000000001,0.60431835,0.73620277,0.62731476,0.13188342,0.73620277,0.86811658,0.89111199,0.26379723
mp-7909,6.245187161588777,6.245188002456547,7.4009800495628815,0.6386423220245748,0.6386424076085712,0.49999999365103903,0.25,0.75,0.5,0.5,0.5,0.0,0.0,0.0,0.0,0.40792445,0.39469037,0.27316568,0.12152369,0.59207555,0.72683432,0.60530963,0.13475977,0.72683432,0.86524023,0.87847631,0.27316568
mp-7910,6.22638848580163,6.226389195914504,7.40470651374596,0.6381223801975661,0.6381223468824472,0.5000000012212903,0.25,0.75,0.5,0.5,0.5,0.0,0.0,0.0,0.0,0.86418878,0.87941427,0.274287799999999,0.41010002,0.39487453,0.274287799999999,0.12058573,0.58989998,0.725712199999999,0.60512547,0.13581122,0.725712199999999
mp-7911,5.484766290382501,7.091235101024129,7.091236043748812,0.4522146371620904,0.37360510311284567,0.37360505899608587,0.25001586,0.18968501000000001,0.8103149900000001,0.25001586,0.8103149900000001,0.18968501000000001,0.93966715,0.8103149900000001,0.8103149900000001,0.5602981300000001,0.18968501000000001,0.18968501000000001,0.88950849,0.5,0.22098302,0.61049151,0.77901698,0.5,0.61049151,0.5,0.77901698,0.88950849,0.22098302,0.5,0.47109036,0.77886907,0.77886907,0.75004157,0.22113093,0.77886907,0.75004157,0.77886907,0.22113093,0.0288275,0.22113093,0.22113093
mp-7921,5.333471876766249,5.333471673398081,5.333471456388856,0.3059494135408131,0.30594945250666,0.3059494624090576,0.5,0.5,0.5,0.0,0.0,0.0,0.38905901,0.10032975,0.75740819,0.10032975,0.75740819,0.38905901,0.24259181000000002,0.61094099,0.89967025,0.89967025,0.24259181000000002,0.61094099,0.61094099,0.89967025,0.24259181000000002,0.75740819,0.38905901,0.10032975
mp-7922,5.721855107580208,5.721855435763159,5.7218553351518375,0.29661252026729645,0.2966125714921375,0.2966125658077288,0.5,0.5,0.5,0.0,0.0,0.0,0.38449129,0.06380574,0.78173593,0.06380574,0.78173593,0.38449129,0.21826407,0.61550871,0.9361942600000001,0.9361942600000001,0.21826407,0.61550871,0.61550871,0.9361942600000001,0.21826407,0.78173593,0.38449129,0.06380574
mp-7928,3.6186655897013416,6.165753389856733,6.1657541541356675,0.3904732070931019,0.4051969635558899,0.40519698947778243,0.8062972700000001,0.69370273,0.69370273,0.19370273000000002,0.30629727,0.30629727,0.0,0.0,0.0,0.5,0.78357284,0.21642716,0.5,0.21642716,0.78357284
mp-7936,3.37951122,3.3795118444956658,12.88272117,0.5,0.5,0.6666666327068809,0.0,0.0,0.0,0.0,0.0,0.5,0.0,0.0,0.25,0.0,0.0,0.75,0.333333,0.666667,0.12728645,0.333333,0.666667,0.37271355,0.666667,0.333333,0.62728645,0.666667,0.333333,0.8727135500000001
mp-7938,3.4758258300000002,3.47582684275198,15.55420047,0.5,0.5,0.6666666684943978,0.0,0.0,0.5,0.0,0.0,0.0,0.0,0.0,0.25,0.0,0.0,0.75,0.333333,0.666667,0.34915214,0.666667,0.333333,0.84915114,0.333333,0.666667,0.15084886,0.666667,0.333333,0.65084886
mp-7940,3.6370319078748805,3.6370319078748805,16.368432,0.5,0.5,0.6666666573566504,0.0,0.0,0.0,0.0,0.0,0.5,0.0,0.0,0.25,0.0,0.0,0.75,0.333333,0.666667,0.150441,0.333333,0.666667,0.349559,0.666667,0.333333,0.650440999999999,0.666667,0.333333,0.849559
mp-7955,4.67231893,4.672317857687423,8.30315915,0.5,0.5,0.6666666297846043,0.333333,0.666667,0.91263067,0.666667,0.333333,0.41263067000000003,0.0,0.0,0.25,0.0,0.0,0.75,0.333333,0.666667,0.58736933,0.666667,0.333333,0.08736933,0.666667,0.333333,0.75,0.333333,0.666667,0.25
mp-7958,6.562440725709731,6.562440725709731,6.562441174691472,0.1826925858678244,0.1826925858678244,0.18269264382133754,0.0,0.0,0.0,0.5,0.5,0.5,0.76902246,0.76902246,0.76902246,0.23097754,0.23097754,0.23097754
mp-7979,5.69202993,5.692030292545854,4.60172173,0.5,0.5,0.6666666546384282,0.333333,0.666667,0.7169226200000001,0.666667,0.333333,0.28307738,0.0,0.0,0.0,0.83642285,0.16357715,0.7727105,0.83642285,0.67284671,0.7727105,0.32715329,0.16357715,0.7727105,0.16357715,0.83642285,0.227289499999999,0.16357715,0.32715329,0.227289499999999,0.67284671,0.83642285,0.227289499999999
mp-7988,7.123017870926066,7.123017166335718,7.12301844374294,0.19042176115772216,0.1904218744131689,0.19042177694913037,0.25788143,0.25788143,0.25788143,0.74211857,0.74211857,0.74211857,0.0,0.0,0.0
mp-8016,5.586895731559774,5.586895458914948,6.795045292544539,0.634855519789538,0.6348555181095473,0.5000000445245991,0.75,0.25,0.5,0.5,0.5,0.0,0.25,0.75,0.5,0.0,0.0,0.0,0.37789564000000003,0.375,0.25,0.125,0.62210436,0.75,0.625,0.12789564,0.75,0.87210436,0.875,0.25
mp-8017,6.034586344720993,6.034586700333153,7.3674374798383475,0.6343123330306919,0.6343124143454112,0.4999999875524915,0.75,0.25,0.5,0.5,0.5,0.0,0.25,0.75,0.5,0.0,0.0,0.0,0.36664375,0.375,0.25,0.125,0.6333562500000001,0.75,0.625,0.11664375,0.75,0.8833562500000001,0.875,0.25
mp-8039,3.58945264,3.58945264,3.58945264,0.5,0.5,0.5,0.0,0.0,0.0,0.0,0.0,0.5,0.0,0.5,0.0,0.5,0.0,0.0
mp-804,3.18892989,3.188930917049292,5.19235725,0.5,0.5,0.6666666656841256,0.666667,0.333333,0.49908371,0.333333,0.666667,0.9990837100000001,0.666667,0.333333,0.87591629,0.333333,0.666667,0.37591629
mp-8098,3.32960934,3.329608836152431,12.06608203,0.5,0.5,0.6666666392817516,0.0,0.0,0.5,0.0,0.0,0.0,0.666667,0.333333,0.75,0.333333,0.666667,0.25,0.333333,0.666667,0.41255627,0.666667,0.333333,0.9125562700000001,0.666667,0.333333,0.58744373,0.333333,0.666667,0.08744373,0.0,0.0,0.25,0.0,0.0,0.75
mp-8127,5.1564545341862935,5.1564545341862935,6.4754029525801915,0.3646701231519619,0.3646701231519619,0.33391379975923735,0.7881982126640991,0.7881982126640991,0.631298236470435,0.21180178733590002,0.21180178733590002,0.368701763529564,0.0,0.0,0.0,0.40111077226080005,0.40111077226080005,0.7879373837766861,0.5988892277391991,0.5988892277391991,0.21206261622331302,0.26122615963143403,0.26122615963143403,0.773777908110709,0.7387738403685661,0.7387738403685661,0.22622209188929002,0.255788134560411,0.689717090462536,0.7891573368320051,0.689717090462536,0.255788134560411,0.7891573368320051,0.7442118654395881,0.310282909537456,0.21084266316799402,0.310282909537456,0.7442118654395881,0.21084266316799402
mp-8147,6.00301851,6.517989052076365,7.93549515446278,0.6347106755872096,0.5,0.5,0.75,0.4201449,0.8402888,0.25,0.5798551,0.1597112,0.75,0.7946975900000001,0.58939618,0.25,0.20530241,0.41060382,0.25,0.70354399,0.7766474800000001,0.75,0.29645601,0.22335252,0.75,0.92689652,0.22335252,0.25,0.07310348,0.7766474800000001,0.0,0.0,0.0,0.5,0.0,0.0
mp-8161,5.543757965002398,5.543757779868252,6.556008932753292,0.6389526273150449,0.6389525966169368,0.49999997435676186,0.25,0.25,0.5,0.75,0.75,0.5,0.0,0.5,0.0,0.5,0.0,0.0,0.96002893,0.46002893,0.27255495,0.68747398,0.18747398,0.72744505,0.03997107,0.53997107,0.72744505,0.18747398,0.03997107,0.72744505,0.31252602,0.8125260200000001,0.27255495,0.46002893,0.31252602,0.27255495,0.8125260200000001,0.96002893,0.27255495,0.53997107,0.68747398,0.72744505
mp-8175,6.419730726741983,6.419730596042346,6.419730981490203,0.17337133943151237,0.17337136139844503,0.17337137609851358,0.5,0.5,0.5,0.0,0.0,0.0,0.73208426,0.73208426,0.73208426,0.26791574,0.26791574,0.26791574
mp-8177,3.9289414766692476,3.9289405985749077,3.92894126,0.3333333491701832,0.3333333902430533,0.33333327564899784,0.0,0.0,0.0,0.75,0.75,0.75,0.25,0.25,0.25
mp-8180,5.6282986995685285,5.628299004691612,5.628298959259521,0.27141246533117935,0.2714124505878176,0.27141248665545425,0.0,0.0,0.0,0.5,0.5,0.5,0.25,0.25,0.25,0.75,0.75,0.75,0.52022679,0.9797732100000001,0.25,0.25,0.52022679,0.9797732100000001,0.9797732100000001,0.25,0.52022679,0.47977321,0.02022679,0.75,0.75,0.47977321,0.02022679,0.02022679,0.75,0.47977321
mp-8187,5.380883682172428,5.976296925939035,6.586575529720114,0.649886467772504,0.6339387626351547,0.5000000094513393,0.34776256,0.21160576,0.69552412,0.6522374400000001,0.78839424,0.30447588000000003,0.84776256,0.48391736,0.69552412,0.15223744,0.51608264,0.30447588000000003,0.75,0.0,0.0,0.25,0.0,0.0,0.40429564,0.7181339,0.80859228,0.59570436,0.2818661,0.19140772,0.09570436,0.90954062,0.19140772,0.9042956400000001,0.09045938,0.80859228
mp-8188,6.384679520614815,6.384679748833191,6.384680091640306,0.16234902260558445,0.16234901690790887,0.16234904805094474,0.0,0.0,0.0,0.5,0.5,0.5,0.77382971,0.77382971,0.77382971,0.22617029,0.22617029,0.22617029
mp-8200,5.07451564,6.210740925891787,7.82116781460885,0.629367056751151,0.5,0.5,0.047756230000000004,0.7589670900000001,0.90185538,0.5477562300000001,0.74103291,0.59814462,0.95224377,0.24103291000000002,0.09814462,0.45224377,0.25896709,0.40185538,0.40599863,0.67268535,0.08425481,0.90599863,0.82731465,0.41574519,0.59400137,0.32731465,0.91574519,0.09400137,0.17268435000000001,0.58425481,0.7703440300000001,0.42289671,0.69963054,0.27034403,0.07710329,0.80036946,0.22965597000000001,0.57710329,0.30036946000000003,0.72965597,0.9228967100000001,0.19963054
mp-8208,3.19415951,6.103436738262342,6.103436894964008,0.6045130301956068,0.5,0.5,0.0,0.5,0.5,0.5,0.5,0.0,0.0,0.0,0.0,0.5,0.0,0.5,0.0,0.9141269,0.65977322,0.0,0.0858731,0.34022678,0.0,0.65977322,0.9141269,0.0,0.34022678,0.0858731,0.5,0.35220263,0.64779737,0.5,0.64779737,0.35220263
mp-8212,3.19592825,6.262579204109432,6.262580212215037,0.6076502130778769,0.5,0.5,0.0,0.5,0.5,0.5,0.5,0.0,0.0,0.0,0.0,0.5,0.0,0.5,0.0,0.92324067,0.6644301,0.0,0.07675933,0.3355699,0.0,0.6644301,0.92324067,0.0,0.3355699,0.07675933,0.5,0.33758195,0.66241805,0.5,0.66241805,0.33758195
mp-8217,6.3116225667143,6.311622092164542,6.31162339,0.3333333243700494,0.3333333381875743,0.33333332275196875,0.25,0.25,0.25,0.75,0.75,0.75,0.0,0.0,0.0,0.20322358000000001,0.79677642,0.79677642,0.20322358000000001,0.79677642,0.20322358000000001,0.79677642,0.20322358000000001,0.79677642,0.79677642,0.20322358000000001,0.20322358000000001,0.79677642,0.79677642,0.20322358000000001,0.20322358000000001,0.20322358000000001,0.79677642
mp-8224,5.966460570021228,5.9664611458436285,5.96646011,0.33333336554694554,0.33333334781072066,0.3333333608989828,0.0,0.0,0.0,0.5,0.5,0.5,0.26605945000000003,0.73394055,0.73394055,0.26605945000000003,0.73394055,0.26605945000000003,0.73394055,0.26605945000000003,0.26605945000000003,0.73394055,0.73394055,0.26605945000000003,0.26605945000000003,0.26605945000000003,0.73394055,0.73394055,0.26605945000000003,0.73394055
mp-8235,6.094685848476272,6.870207507883946,7.95282321450225,0.6421691021341909,0.6251702445443941,0.5000000183943809,0.14598025,0.9844635500000001,0.29195949,0.85401975,0.01553645,0.70804051,0.35401975,0.69250506,0.70804051,0.64598025,0.30749494,0.29195949,0.75,0.5,0.0,0.25,0.5,0.0,0.5960899,0.76013432,0.19217881,0.903910099999999,0.56795552,0.80782119,0.096089899999999,0.43204448,0.19217881,0.4039101,0.23986568,0.80782119
mp-8255,5.801999702335114,5.801999937296233,5.802000716569292,0.2953183819250216,0.2953183376281513,0.29531836611756007,0.5,0.5,0.5,0.0,0.0,0.0,0.38285761,0.07137991,0.77755345,0.07137991,0.77755345,0.38285761,0.22244655,0.61714239,0.92862009,0.92862009,0.22244655,0.61714239,0.61714239,0.92862009,0.22244655,0.77755345,0.38285761,0.07137991
mp-567290,4.13622277,4.136222292069147,5.9225931,0.5,0.5,0.6666666413681424,0.333333,0.666667,0.9975476600000001,0.666667,0.333333,0.49754766,0.333333,0.666667,0.41245234000000003,0.666667,0.333333,0.91245234
mp-567373,4.038459,5.363572,7.629752257389817,0.4425469893165128,0.5,0.5,0.75,0.822772,0.735918,0.25,0.177228,0.264082,0.75,0.653084,0.358249,0.25,0.346916,0.641751,0.25,0.568238,0.660771,0.25,0.122609,0.618451,0.75,0.877390999999999,0.38154899999999903,0.75,0.431762,0.339229,0.75,0.254783,0.958006999999999,0.25,0.745217,0.041992999999999
mp-567558,5.06837042,5.06837042,9.85872638,0.5,0.5,0.5,0.25,0.25,0.70471874,0.75,0.75,0.29528126,0.75,0.75,0.90106535,0.25,0.25,0.09893465,0.75,0.75,0.64527789,0.25,0.25,0.35472211000000003,0.25,0.75,0.0,0.75,0.25,0.0
mp-567652,7.514890454145024,7.514890454145024,7.514890454145024,0.33333333333333337,0.33333333333333337,0.33333333333333337,0.75,0.75,0.75,0.25,0.25,0.25,0.5,0.5,0.5,0.0,0.0,0.0,0.750319,0.249681,0.249681,0.249681,0.249681,0.750319,0.249681,0.750319,0.750319,0.249681,0.750319,0.249681,0.750319,0.249681,0.750319,0.750319,0.750319,0.249681
mp-567666,7.72798537,7.727984756809015,6.77933811,0.5,0.5,0.6666666311990558,0.15809635,0.84190365,0.25,0.84190365,0.68380831,0.75,0.31619169,0.15809635,0.75,0.84190365,0.15809635,0.75,0.68380831,0.84190365,0.25,0.15809635,0.31619169,0.25,0.333333,0.666667,0.75,0.666667,0.333333,0.25,0.0,0.0,0.0,0.0,0.0,0.5
mp-567680,8.14862161,8.14862033532244,4.67518941,0.5,0.5,0.6666666483995151,0.0,0.0,0.5,0.666667,0.333333,0.0,0.333333,0.666667,0.0,0.0,0.2563429,0.0,0.58988082,0.0,0.5,0.41012018,0.41012018,0.5,0.2563429,0.0,0.0,0.0,0.58988082,0.5,0.7436571,0.7436571,0.0
mp-567776,7.776037330523112,7.776037330523112,7.776037330523112,0.6817133320341033,0.6817133320341033,0.47427568895627265,0.75,0.25,0.5,0.25,0.75,0.5,0.5,0.5,0.0,0.0,0.0,0.0,0.28992,0.28992,0.0,0.776117,0.223883,0.0,0.223883,0.776117,0.0,0.776117,0.776117,0.552234,0.71008,0.71008,0.0,0.223883,0.223883,0.447766
mp-567841,8.828611048917852,8.828610918924797,8.8286103,0.6081734270777892,0.6081734254207499,0.6081734719948021,0.5045791,0.24847095,0.9954021200000001,0.75306984,0.50917798,0.50459788,0.99082202,0.74389185,0.995420899999999,0.74693016,0.25152905000000003,0.75610815,0.0045791,0.00917798,0.25610815,0.50459788,0.75306984,0.50917798,0.24389185,0.25306984,0.74847095,0.49082202,0.49540212,0.24693016,0.75610815,0.74693016,0.25152905000000003,0.75152905,0.00459788,0.4954209,0.00917798,0.25610815,0.0045791,0.00459788,0.4954209,0.75152905,0.25306984,0.74847095,0.24389185,0.24847095,0.9954021200000001,0.5045791,0.25152905000000003,0.75610815,0.74693016,0.74847095,0.24389185,0.25306984,0.4954209,0.75152905,0.00459788,0.74389185,0.995420899999999,0.99082202,0.995420899999999,0.99082202,0.74389185,0.9954021200000001,0.5045791,0.24847095,0.50917798,0.50459788,0.75306984,0.49540212,0.24693016,0.49082202,0.24693016,0.49082202,0.49540212,0.25610815,0.0045791,0.00917798,0.24364236,0.9936423600000001,0.25,0.7436423600000001,0.49364236,0.25,0.49364236,0.25,0.7436423600000001,0.75635764,0.00635764,0.75,0.25,0.7436423600000001,0.49364236,0.9936423600000001,0.25,0.24364236,0.25,0.24364236,0.9936423600000001,0.50635764,0.75,0.25635764,0.75,0.75635764,0.00635764,0.5,0.5,0.5,0.00635764,0.75,0.75635764,0.0,0.0,0.5,0.75,0.25635764,0.50635764,0.25635764,0.50635764,0.75,0.0,0.5,0.0,0.5,0.0,0.0
mp-567913,6.592005255842975,7.6952562019305235,7.732700027366858,0.4501216475769326,0.3812980555106909,0.3591360624155483,0.85035464,0.29956034,0.25000554,0.14964536,0.70043966,0.74999446,0.42357826,0.15272918,0.75014461,0.57642174,0.84727082,0.24985539,0.80674594,0.82550804,0.44067579,0.63195973,0.17443166000000002,0.9411597500000001,0.19325406,0.17449196,0.55932421,0.36804027,0.82556834,0.058840250000000004,0.19190578,0.61553393,0.24953712,0.80809422,0.38446607,0.75046288
mp-568032,5.84280841,5.84280841,6.02749675,0.5,0.5,0.5,0.0,0.0,0.0,0.5,0.0,0.5,0.0,0.5,0.5,0.72793865,0.27206135,0.76361093,0.27206135,0.27206135,0.23638907,0.27206135,0.72793865,0.76361093,0.72793865,0.72793865,0.23638907
mp-568052,6.093071250767917,6.093071186764461,8.514752421947753,0.6164643923528155,0.6164643983775652,0.5000103485893865,0.39056346000000003,0.39056346000000003,0.78116018,0.25000197,0.74999803,0.5,0.60943654,0.60943654,0.21883982000000002,0.74999803,0.25000197,0.5,8.47e-06,0.29443821000000003,0.99997771,0.13861035,0.13861035,0.27714881,0.29443821000000003,8.47e-06,0.99997771,0.9999915300000001,0.70556179,2.2290000000000002e-05,0.86138965,0.86138965,0.72285119,0.70556179,0.9999915300000001,2.2290000000000002e-05
mp-568273,4.21458945,4.2145879463786375,6.9587321,0.5,0.5,0.6666666429587706,0.0,0.0,0.0,0.0,0.0,0.5,0.333333,0.666667,0.25,0.666667,0.333333,0.75
mp-568536,9.24779625,9.247795406329304,5.24446703,0.5,0.5,0.6666667042452852,0.0,0.0,0.5,0.666667,0.333333,0.0,0.333333,0.666667,0.0,0.59313505,0.0,0.5,0.0,0.25717171,0.0,0.25717171,0.0,0.0,0.0,0.59313505,0.5,0.40686495,0.40686495,0.5,0.7428282900000001,0.7428282900000001,0.0
mp-568544,5.26440167,5.26440167,5.26440167,0.5,0.5,0.5,0.0,0.0,0.0,0.5,0.5,0.5,0.0,0.5,0.5,0.5,0.5,0.0,0.5,0.0,0.5
mp-568661,5.839272300321926,5.8392715727294355,7.278790096849699,0.6313774352082683,0.6313773818128093,0.5000000950549303,0.5,0.5,0.0,0.25,0.75,0.5,0.75,0.25,0.5,0.34343257,0.34343257,0.23484047,0.6565674300000001,0.10859309,0.76515953,0.89140691,0.89140691,0.23484047,0.10859309,0.6565674300000001,0.76515953
mp-568662,5.215165113123648,5.215163298845463,5.21516398,0.3333333093302379,0.33333337326327955,0.33333327526818773,0.0,0.0,0.0,0.75,0.75,0.75,0.25,0.25,0.25
mp-568968,6.831497033699201,6.831497033699201,6.831497033699201,0.5880076363672814,0.5880076363672814,0.6500212460907767,0.5,0.0,0.5,0.0,0.5,0.5,0.5,0.5,0.0,0.0,0.0,0.0,0.9018200000000001,0.559371,0.0,0.559371,0.9018200000000001,0.0,0.09818,0.09818,0.657552,0.440629,0.440629,0.342448
mp-569149,7.172105792463456,7.172106148686672,7.176213207000581,0.666561437631349,0.6665614719997829,0.5000000721058855,0.75,0.25,0.5,0.25,0.75,0.5,0.0,0.0,0.0,0.7494789900000001,0.7494789900000001,0.0,0.74975944,0.74975944,0.49951687,0.7494789900000001,0.25052101,0.0,0.25052101,0.25052101,0.0,0.25024056,0.25024056,0.50048313,0.25052101,0.7494789900000001,0.0
mp-569346,4.243696625353232,4.243696625353232,6.9883561499999995,0.5,0.5,0.6666666446113482,0.333333,0.666667,0.37267872,0.666667,0.333333,0.87267872,0.333333,0.666667,0.0023212800000000002,0.666667,0.333333,0.50232128
mp-569548,7.810130999334652,7.810131921184077,7.95857072136076,0.6632494832683544,0.6632494789299076,0.4999999579829033,0.75,0.25,0.5,0.25,0.75,0.5,0.0,0.0,0.0,0.5,0.5,0.0,0.28690852,0.28690852,0.57381604,0.774555,0.225444999999999,0.0,0.71309148,0.71309148,0.42618396000000003,0.225444999999999,0.225444999999999,0.0,0.225444999999999,0.774555,0.0,0.774555,0.774555,0.0
mp-569812,4.54043195,5.627126612904617,7.8623473870747365,0.5647739853900493,0.5,0.5,0.25,0.31697751,0.23701407,0.75,0.68302249,0.76298593,0.75,0.64037065,0.37866477,0.25,0.94811741,0.6437911,0.75,0.84708215,0.36654851,0.75,0.05188259,0.3562089,0.25,0.15291785,0.63345149,0.25,0.35962935,0.62133523,0.25,0.76291608,0.053544510000000003,0.75,0.23708392,0.9464554900000001
mp-570256,6.47862847,6.47862847,6.38218304,0.5,0.5,0.5,0.0,0.5,0.5,0.5,0.0,0.5,0.0,0.0,0.0,0.73704558,0.73704558,0.23763762,0.26295442,0.73704558,0.76236238,0.26295442,0.26295442,0.23763762,0.73704558,0.26295442,0.76236238
mp-570354,3.7939998192327318,3.7939998192327318,3.7939998192327318,0.33333333333333337,0.33333333333333337,0.33333333333333337,0.0,0.0,0.0,0.5,0.5,0.5
mp-5707,4.75925138,6.596278339380863,8.437247572627335,0.6194797431387195,0.5,0.5,0.69831141,0.09966688,0.78339295,0.19831141,0.90033312,0.21660705,0.19095344,0.54142968,0.68917934,0.69095344,0.45857032000000003,0.31082066,0.20378583,0.84316656,0.83634576,0.7037858300000001,0.15683344,0.16365424,0.56157115,0.54543195,0.71630349,0.06157115,0.45456805,0.28369651,0.7238041900000001,0.76938796,0.41479086,0.22380419000000001,0.23061204000000002,0.58520914,0.61877399,0.50883603,0.12331128000000001,0.11877399,0.49116397,0.87668872
mp-570844,6.48603931,6.48603931,6.79483224,0.5,0.5,0.5,0.15438456,0.34561544,0.9839046300000001,0.15438456,0.34561544,0.51609537,0.34561544,0.84561544,0.01609537,0.65438456,0.15438456,0.01609537,0.5,0.5,0.25,0.0,0.0,0.75,0.34561544,0.84561544,0.48390463,0.84561544,0.65438456,0.9839046300000001,0.65438456,0.15438456,0.48390463,0.0,0.0,0.25,0.84561544,0.65438456,0.51609537,0.5,0.5,0.75,0.33877359,0.16122641000000001,0.25,0.16122641000000001,0.66122641,0.75,0.66122641,0.8387735900000001,0.25,0.8387735900000001,0.33877359,0.75
mp-570891,4.043499,4.043499,4.043499,0.5,0.5,0.5,0.0,0.0,0.0,0.5,0.5,0.5
mp-570935,4.54406925,4.544069352415347,7.29169756,0.5,0.5,0.6666665392815664,0.333333,0.666667,0.9968416600000001,0.666667,0.333333,0.49684166,0.333333,0.666667,0.37815834,0.666667,0.333333,0.87815834
mp-571093,4.334227520400492,4.334227520400492,5.262552,0.5,0.5,0.6666666259955097,0.0,0.0,0.000435999999999,0.666667,0.333333,0.465248,0.333333,0.666667,0.542307,0.666667,0.333333,0.13491
mp-571124,7.83791521656735,7.83791521656735,7.83791521656735,0.33333333333333337,0.33333333333333337,0.33333333333333337,0.75,0.75,0.75,0.25,0.25,0.25,0.5,0.5,0.5,0.0,0.0,0.0,0.774087,0.225913,0.225913,0.225913,0.225913,0.774087,0.225913,0.774087,0.774087,0.225913,0.774087,0.225913,0.774087,0.225913,0.774087,0.774087,0.774087,0.225913
mp-571166,6.80812474,6.80812474,4.37986693,0.5,0.5,0.5,0.0,0.0,0.0,0.5,0.5,0.5,0.80228098,0.19771902,0.5,0.69771902,0.69771902,0.0,0.30228098000000003,0.30228098000000003,0.0,0.19771902,0.80228098,0.5
mp-571222,5.177485691762583,5.1774852734662025,5.17748479,0.33333335084905497,0.33333336569659955,0.33333336075943987,0.0,0.0,0.0,0.5,0.5,0.5
mp-571306,4.044339842780401,4.044339842780401,21.534383,0.5,0.5,0.6666666523784333,0.0,0.0,0.658647,0.0,0.0,0.341352999999999,0.0,0.0,0.158646999999999,0.0,0.0,0.841352999999999,0.333333,0.666667,0.957720999999999,0.666667,0.333333,0.457721,0.666667,0.333333,0.042279,0.333333,0.666667,0.542279,0.666667,0.333333,0.75,0.333333,0.666667,0.25,0.666667,0.333333,0.575564,0.333333,0.666667,0.424436,0.333333,0.666667,0.75,0.666667,0.333333,0.924435999999999,0.333333,0.666667,0.07556399999999901,0.666667,0.333333,0.25
mp-571386,3.6145856156422687,3.6145856156422687,3.6145856156422687,0.3333333333333333,0.3333333333333333,0.3333333333333333,0.0,0.0,0.0,0.5,0.5,0.5
mp-571461,9.524572887491736,9.52457272134563,9.524574017945708,0.19514942509950772,0.19514943699537313,0.19514945098922046,0.384585199999999,0.384585199999999,0.384585199999999,0.20879029000000002,0.20879029000000002,0.20879029000000002,0.7912097100000001,0.7912097100000001,0.7912097100000001,0.615414799999999,0.615414799999999,0.615414799999999,0.0,0.0,0.0,0.08545257,0.08545257,0.08545257,0.91454743,0.91454743,0.91454743
mp-571467,8.140170838612663,8.140170838612663,8.140170838612663,0.33333333333333337,0.33333333333333337,0.33333333333333337,0.75,0.75,0.75,0.25,0.25,0.25,0.5,0.5,0.5,0.0,0.0,0.0,0.756591999999999,0.24340799999999901,0.24340799999999901,0.24340799999999901,0.24340799999999901,0.756591999999999,0.24340799999999901,0.756591999999999,0.756591999999999,0.24340799999999901,0.756591999999999,0.24340799999999901,0.756591999999999,0.24340799999999901,0.756591999999999,0.756591999999999,0.756591999999999,0.24340799999999901
mp-573204,6.906978026436887,6.906978026436887,6.906978026436887,0.3333333333333333,0.3333333333333333,0.3333333333333333,0.25,0.25,0.25,0.75,0.75,0.75,0.5,0.5,0.5,0.0,0.0,0.0,0.766532,0.766532,0.233467999999999,0.233467999999999,0.766532,0.766532,0.233467999999999,0.233467999999999,0.766532,0.766532,0.233467999999999,0.766532,0.233467999999999,0.766532,0.233467999999999,0.766532,0.233467999999999,0.233467999999999
mp-573658,7.083005510950584,7.083006149011283,10.146128674380103,0.4202722483451095,0.42027226585097766,0.4948892071324445,0.25798573,0.15200359,0.01872376,0.34452784000000003,0.65547216,0.75,0.74201427,0.84799641,0.98127624,0.65547216,0.34452784000000003,0.25,0.15200359,0.25798573,0.51872376,0.84799641,0.74201427,0.48127624,0.71302237,0.28697763,0.75,0.28697763,0.71302237,0.25,0.40559312000000003,0.83661286,0.353889399999999,0.83661286,0.40559312000000003,0.853889399999999,0.16338714000000001,0.59440688,0.1461106,0.59440688,0.16338714000000001,0.6461106
mp-573697,4.959012071623912,4.959011409367148,4.95901232,0.33333329958613533,0.3333333241287502,0.3333332797972567,0.0,0.0,0.0,0.5,0.5,0.5
mp-573721,6.469839746998562,7.658145661290172,8.855697947373296,0.6424115113084612,0.6189675100688333,0.5000190776694945,0.85400251,0.02080698,0.70799316,0.35405344,0.68715537,0.70807911,0.6459465600000001,0.31284463,0.29192089,0.14599749,0.97919302,0.29200684,0.75003129,0.49998577,0.9999986200000001,0.24996871,0.50001423,1.38e-06,0.90992952,0.56407065,0.8200558,0.09007048000000001,0.43592935,0.1799442,0.59033588,0.7437772300000001,0.18049981,0.40966412,0.25622277,0.81950019
mp-573755,5.40637089,6.28707151,7.30254586,0.5,0.5,0.5,0.5,0.25,0.7140288300000001,0.5,0.75,0.28597117,0.0,0.75,0.71415588,0.0,0.25,0.28584412,0.0,0.0,0.0,0.0,0.5,0.0
mp-573763,5.82121553,9.44850141,11.65246224,0.5,0.5,0.5,0.75,0.46834924,0.67581068,0.25,0.03165076,0.17581068,0.75,0.85230924,0.42795166,0.25,0.14769076,0.57204834,0.25,0.53165076,0.32418832000000003,0.25,0.64769076,0.9279516600000001,0.75,0.35230924,0.07204834,0.75,0.96834924,0.82418932,0.25,0.24541893,0.883998699999999,0.75,0.25458007,0.383998699999999,0.25,0.74541893,0.6160013,0.75,0.75458107,0.1160013
mp-574599,5.645032685764125,5.645031604267954,7.070208519999999,0.5,0.5,0.557093857514184,0.63164212,0.36835788,0.25,0.36835788,0.63164212,0.75,0.0,0.0,0.0,0.0,0.0,0.5,0.19357695,0.80642305,0.25,0.80642305,0.19357695,0.75
mp-5782,5.70249387055302,5.702493725607133,6.588432650633701,0.6424622514411291,0.6424622360915536,0.49999998324675293,0.5,0.5,0.0,0.75,0.25,0.5,0.25,0.75,0.5,0.0,0.0,0.0,0.8299012100000001,0.875,0.25,0.625,0.17009879,0.75,0.42009879,0.375,0.25,0.125,0.5799012100000001,0.75
mp-5795,3.53665757,3.53665801178607,6.05850889,0.5,0.5,0.6666667481561892,0.0,0.0,0.5,0.333333,0.666667,0.859905199999999,0.666667,0.333333,0.1400948,0.333333,0.666667,0.23250568,0.666667,0.333333,0.7674943200000001
mp-581024,6.0981291284690595,6.098128142050544,6.09812838,0.33333338721210765,0.3333334172872881,0.3333333594014321,0.5,0.5,0.5,0.75,0.75,0.75,0.25,0.25,0.25,0.0,0.0,0.0
mp-5858,5.703337532894895,5.703337139871551,5.703336733300078,0.29348851669280357,0.29348844293225884,0.29348848210805234,0.0,0.0,0.0,0.5,0.5,0.5,0.10179401,0.44069604,0.72311457,0.44069604,0.72311457,0.10179401,0.27688543,0.89820599,0.55930396,0.55930396,0.27688543,0.89820599,0.89820599,0.55930396,0.27688543,0.72311457,0.10179401,0.44069604
mp-5860,3.9055672603111415,3.905567798526636,7.525940517615151,0.5835490814769221,0.5835491697521092,0.4999999959083202,0.66944678,0.66944678,0.33889456,0.33055322,0.33055322,0.66110544,0.0,0.0,0.0,0.85806562,0.85806562,0.71613225,0.14193438,0.14193438,0.28386775000000003
mp-5878,4.04741679,4.04741679,4.04741679,0.5,0.5,0.5,0.0,0.0,0.0,0.5,0.5,0.5,0.0,0.5,0.5,0.5,0.0,0.5,0.5,0.5,0.0
mp-588,5.225548654407691,5.225548822485039,5.225548502683075,0.3110773577844406,0.3110773600184113,0.3110774284650054,0.5,0.5,0.5,0.0,0.0,0.0,0.25,0.62384664,0.87615336,0.62384664,0.87615336,0.25,0.12384664000000001,0.75,0.37615336,0.37615336,0.12384664000000001,0.75,0.75,0.37615336,0.12384664000000001,0.87615336,0.25,0.62384664
mp-5928,5.589843421512778,5.589586244813023,6.4412440662682595,0.6428545108716658,0.6428866187869726,0.4999491260753195,0.25003024,0.75003263,0.50000297,7.0199999999999955e-06,8.89e-06,1.6510000000000003e-05,0.50005278,0.50002228,4.194e-05,0.91414806,0.89893073,0.26854955,0.35434621,0.36962434,0.26854444,0.10111314,0.645543299999999,0.7314855100000001,0.630317599999999,0.08583682000000001,0.731390099999999
mp-5986,3.99037921,3.99037921,4.10265539,0.5,0.5,0.5,0.5,0.5,0.5825414600000001,0.0,0.0,0.1000427,0.0,0.5,0.06422054,0.5,0.0,0.06422054,0.0,0.0,0.54897175
mp-6058,6.0879843250496295,6.0879843250496295,6.0879843250496295,0.3333333333333333,0.3333333333333333,0.3333333333333333,0.25,0.25,0.25,0.75,0.75,0.75,0.5,0.5,0.5,0.0,0.0,0.0,0.235825999999999,0.235825999999999,0.764174,0.235825999999999,0.764174,0.764174,0.764174999999999,0.764174999999999,0.235825999999999,0.235825999999999,0.764174999999999,0.235825999999999,0.764174,0.235825999999999,0.764174,0.764174,0.235825999999999,0.235825999999999
mp-6059,6.803268089053819,6.803268089053819,6.803268089053819,0.33333333333333337,0.33333333333333337,0.33333333333333337,0.75,0.75,0.75,0.25,0.25,0.25,0.5,0.5,0.5,0.0,0.0,0.0,0.771801,0.228198999999999,0.228198999999999,0.228198999999999,0.228198999999999,0.771801,0.228198999999999,0.771801,0.771801,0.228198999999999,0.771801,0.228198999999999,0.771801,0.228198999999999,0.771801,0.771801,0.771801,0.228198999999999
mp-608555,7.4197315150204375,7.419733217718878,7.419733150001971,0.3333332757140811,0.3333336575520777,0.3333336162816702,0.25,0.25,0.25,0.75,0.75,0.75,0.0,0.0,0.0,0.23384155,0.76615845,0.23384155,0.23384155,0.23384155,0.76615845,0.76615745,0.23384255,0.23384155,0.76615845,0.23384155,0.76615845,0.76615845,0.76615845,0.23384155,0.23384155,0.76615845,0.76615845
mp-6088,3.989429,3.989429,8.535204,0.5,0.5,0.5,0.0,0.5,0.85152,0.5,0.0,0.14848,0.5,0.5,0.5,0.0,0.0,0.5,0.5,0.0,0.660119,0.0,0.5,0.339881,0.0,0.0,0.0,0.5,0.5,0.0
mp-614603,5.522618506961773,5.522618589312506,5.52261952,0.33333330236282455,0.33333329962243674,0.3333333966580401,0.0,0.0,0.0,0.5,0.5,0.5
mp-616378,6.36120441,8.66038717,8.66038717,0.5,0.5,0.5,0.0,0.0,0.5,0.0,0.5,0.0,0.5,0.5,0.5,0.5,0.0,0.0,0.5,0.80658712,0.69341288,0.5,0.69341288,0.19341288,0.0,0.5,0.5,0.0,0.0,0.0,0.5,0.19341288,0.30658712,0.5,0.30658712,0.80658712
mp-6204,6.358937744105378,6.358937744105378,6.358937744105378,0.33333333333333337,0.33333333333333337,0.33333333333333337,0.25,0.25,0.25,0.75,0.75,0.75,0.5,0.5,0.5,0.0,0.0,0.0,0.771444,0.771444,0.228555999999999,0.228555999999999,0.771444,0.771444,0.228555999999999,0.228555999999999,0.771444,0.771444,0.228555999999999,0.771444,0.228555999999999,0.771444,0.228555999999999,0.771444,0.228555999999999,0.228555999999999
mp-625136,6.087842798546771,6.087842798546771,4.50427281,0.5,0.5,0.23103370670361748,0.13837108,0.13837108,0.26331059,0.86162892,0.86162892,0.76331059,0.46698733000000003,0.46698733000000003,0.3923973,0.53301267,0.53301267,0.8923973,0.40834096000000003,0.40834096000000003,0.23457711,0.59165904,0.59165904,0.73457711
mp-626724,4.441350113394976,3.93499345,6.6136878202105605,0.5,0.6240881159220988,0.5,0.63769264,0.25,0.30678924,0.36230736,0.75,0.69321076,0.09131736,0.75,0.07280055,0.90868264,0.25,0.92719945,0.77811984,0.75,0.53799947,0.22188016,0.25,0.46200053,0.30134982,0.75,0.06065281,0.69865018,0.25,0.93934719
mp-626785,5.5392827836455005,3.97296462,5.5392827836455005,0.5,0.23012748058340035,0.5,0.36090911000000003,0.23944287,0.36090911000000003,0.63909089,0.73944287,0.63909089,0.03189946,0.09633622,0.03189946,0.96810054,0.59633622,0.96810054,0.10279283,0.25880591000000003,0.10279283,0.89720717,0.75880591,0.89720717
mp-6270,5.8231516222918325,5.8231516222918325,5.8231516222918325,0.33333333333333337,0.33333333333333337,0.33333333333333337,0.25,0.25,0.25,0.75,0.75,0.75,0.0,0.0,0.0,0.5,0.5,0.5,0.731799,0.731799,0.268200999999999,0.731799,0.268200999999999,0.731799,0.268200999999999,0.268200999999999,0.731799,0.268200999999999,0.731799,0.268200999999999,0.268200999999999,0.731799,0.731799,0.731799,0.268200999999999,0.268200999999999
mp-632319,3.81840854,3.81840854,3.81840854,0.5,0.5,0.5,0.0,0.0,0.0,0.5,0.5,0.5
mp-634676,4.365705258410099,4.9274772,6.591164511573031,0.5,0.5617634251460477,0.5,0.232681199999999,0.25,0.762010899999999,0.7673188,0.75,0.237989099999999,0.52950832,0.25,0.39552653,0.47049168,0.75,0.60447347,0.25953143,0.25,0.25761832,0.74046857,0.75,0.74238168
mp-638729,7.451490315745043,7.451489720507006,7.45149016,0.33333329679267826,0.3333333115910144,0.33333328937373563,0.25,0.25,0.25,0.75,0.75,0.75,0.0,0.0,0.0,0.76492579,0.76492579,0.23507421,0.76492579,0.23507421,0.23507421,0.23507421,0.76492579,0.76492579,0.23507421,0.23507421,0.76492579,0.76492579,0.23507421,0.76492579,0.23507421,0.76492579,0.23507421
mp-641923,7.768474793669625,7.768475173361934,7.76847615,0.3333333342591476,0.333333325550053,0.333333336990156,0.25,0.25,0.25,0.75,0.75,0.75,0.0,0.0,0.0,0.76064939,0.23935161,0.23935161,0.23935161,0.76064939,0.76064939,0.23935161,0.23935161,0.76064939,0.76064939,0.23935161,0.76064939,0.76064939,0.76064939,0.23935161,0.23935161,0.76064939,0.23935161
mp-642648,5.255890232555851,5.255890232555851,7.288889362284491,0.4027283772041769,0.4027283772041769,0.5016593523920834,0.643022,0.356977999999999,0.25,0.356977999999999,0.643022,0.75,0.182195,0.817805,0.25,0.817805,0.182195,0.75,0.189078,0.06947,0.100842,0.9305300000000001,0.810921999999999,0.399157999999999,0.810921999999999,0.9305300000000001,0.899158,0.06947,0.189078,0.600842,0.167282,0.594263,0.160021,0.405736999999999,0.832718,0.339979,0.832718,0.405736999999999,0.839978999999999,0.594263,0.167282,0.660021
mp-642725,3.8698375475753934,3.8698375475753934,9.80982907,0.5,0.5,0.666666674984474,0.666667,0.333333,0.50007235,0.333333,0.666667,7.235000000000002e-05,0.0,0.0,0.66693797,0.0,0.0,0.16693797,0.666667,0.333333,0.816666,0.333333,0.666667,0.316666,0.0,0.0,0.56812268,0.0,0.0,0.06812268
mp-643243,6.344409103915051,6.344409103915051,6.344409103915051,0.33333333333333337,0.33333333333333337,0.33333333333333337,0.75,0.75,0.75,0.25,0.25,0.25,0.18313823,0.81686177,0.81686177,0.18313823,0.18313823,0.81686177,0.18313823,0.81686177,0.18313823,0.81686177,0.18313823,0.18313823,0.81686177,0.81686177,0.18313823,0.81686177,0.18313823,0.81686177,0.0,0.0,0.0
mp-643257,5.604277935433238,5.604277935433238,5.604277935433238,0.6515419897781777,0.6515419897781777,0.5265769820657167,0.25,0.75,0.5,0.75,0.25,0.5,0.19980584,0.19980584,0.39961067,0.80019416,0.80019416,0.60038933,0.19980584,0.80019416,0.0,0.80019416,0.19980584,0.0,0.0,0.0,0.0
mp-643264,4.556551319594348,4.556551319594348,6.969866,0.5,0.5,0.6666666117819845,0.0,0.0,0.5,0.666667,0.333333,0.888042,0.333333,0.666667,0.111957999999999,0.0,0.0,0.0,0.318843,0.159420999999999,0.13642,0.840579,0.681157,0.13642,0.840579,0.159420999999999,0.13642,0.681157,0.840579,0.86358,0.159420999999999,0.318843,0.86358,0.159420999999999,0.840579,0.86358,0.666667,0.333333,0.609197,0.333333,0.666667,0.390802999999999
mp-643279,5.741736125323473,5.741736125323473,5.741736125323473,0.33333333333333337,0.33333333333333337,0.33333333333333337,0.75,0.75,0.75,0.25,0.25,0.25,0.202137799999999,0.7978622,0.7978622,0.202137799999999,0.202137799999999,0.7978622,0.202137799999999,0.7978622,0.202137799999999,0.7978622,0.202137799999999,0.202137799999999,0.7978622,0.7978622,0.202137799999999,0.7978622,0.202137799999999,0.7978622,0.0,0.0,0.0
mp-643370,5.717784240200379,5.717853533638598,4.538310090017386,0.49999825735688375,0.5000010378412871,0.6666696767727157,0.66666505,0.33333303000000003,0.26703826,0.33333495,0.66666697,0.73296174,0.0,0.0,0.0,0.82963093,0.6592688,0.77532671,0.82963093,0.17036613,0.7753257100000001,0.34072838,0.17036619,0.77532573,0.17036907,0.3407312,0.22467329,0.17036907,0.82963387,0.22467429,0.6592716200000001,0.82963381,0.22467427
mp-644203,4.621186,4.621186,4.621186,0.5,0.5,0.5,0.0,0.0,0.0,0.5,0.5,0.5,0.5,0.0,0.5,0.0,0.5,0.5,0.5,0.5,0.0
mp-6450,6.124202,6.162562,8.629138717687763,0.616227180461843,0.6154700811443719,0.5,0.826847,0.09954299999999901,0.653694,0.173153,0.900457,0.346306,0.673153,0.445849,0.346306,0.326847,0.554151,0.653694,0.25,0.5,0.0,0.75,0.5,0.0,0.25,0.0,0.0,0.75,0.0,0.0,0.911636,0.690583,0.823272999999999,0.411636,0.13269,0.823272,0.588364,0.86731,0.176728,0.088364,0.309417,0.176727
mp-6459,5.993605636189024,5.993605636189023,5.9936051928946705,0.2632640799738864,0.26326407997388634,0.2632640979371302,0.0,0.0,0.0,0.5,0.5,0.5,0.24257952453882503,0.24257952453882503,0.242579524538612,0.7574204754611741,0.7574204754611741,0.757420475461387,0.27814639683090503,0.49243490505611404,0.9604213557683751,0.9604213557673511,0.278146396833022,0.49243490505479304,0.49243490505728,0.9604213557663991,0.278146396831495,0.7218536031690941,0.507565094943885,0.039578644231625,0.039578644232648,0.7218536031669771,0.5075650949452061,0.50756509494272,0.039578644233600004,0.7218536031685041
mp-6492,6.031864088253978,6.031864088253978,6.031864088253978,0.33333333333333337,0.33333333333333337,0.33333333333333337,0.25,0.25,0.25,0.75,0.75,0.75,0.0,0.0,0.0,0.5,0.5,0.5,0.263433,0.736567,0.263433,0.263433,0.736567,0.736567,0.736567,0.263433,0.263433,0.736567,0.736567,0.263433,0.736567,0.263433,0.736567,0.263433,0.263433,0.736567
mp-6494,6.731696222943784,6.731696222943784,6.731696299918773,0.26227495805613016,0.26227495805613016,0.2622749511188723,0.20918015,0.20918015,0.20918015,0.79081985,0.79081985,0.79081985,0.0,0.0,0.0,0.587379,0.587379,0.587379,0.412620999999999,0.412620999999999,0.412620999999999,0.27462029,0.6898700600000001,0.27462029,0.27462029,0.27462029,0.6898700600000001,0.6898700600000001,0.27462029,0.27462029,0.31012994,0.72537971,0.72537971,0.72537971,0.72537971,0.31012994,0.72537971,0.31012994,0.72537971
mp-6560,5.815997,4.7090440000000005,7.151261781392847,0.3980788825213782,0.5,0.5,0.75,0.843528,0.289361,0.25,0.156472,0.710639,0.75,0.600553,0.815379,0.25,0.399447,0.184620999999999,0.53978,0.665455999999999,0.692417,0.03978,0.334544,0.307583,0.46022,0.334544,0.307583,0.9602200000000001,0.665455999999999,0.692417,0.25,0.808952,0.11703000000000001,0.75,0.191048,0.882969
mp-6586,5.83612986015373,5.83612986015373,5.83612986015373,0.33333333333333337,0.33333333333333337,0.33333333333333337,0.25,0.25,0.25,0.75,0.75,0.75,0.5,0.5,0.5,0.0,0.0,0.0,0.777308999999999,0.777308999999999,0.222691,0.222691,0.777308999999999,0.777308999999999,0.222691,0.222691,0.777308999999999,0.777308999999999,0.222691,0.777308999999999,0.222691,0.777308999999999,0.222691,0.777308999999999,0.222691,0.222691
mp-66,2.5178271667719256,2.5178269134954783,2.51782692,0.333333332858568,0.33333335134522507,0.33333332685460276,0.875,0.875,0.875,0.125,0.125,0.125
mp-661,3.128588,3.1285882719535016,5.016955,0.5,0.5,0.6666666506918554,0.666667,0.333333,0.499287,0.333333,0.666667,0.999286999999999,0.666667,0.333333,0.880713,0.333333,0.666667,0.380712999999999
mp-6613,6.041953087807949,6.041953087807949,6.041953087807949,0.33333333333333337,0.33333333333333337,0.33333333333333337,0.75,0.75,0.75,0.25,0.25,0.25,0.0,0.0,0.0,0.5,0.5,0.5,0.264359,0.735641,0.264359,0.264359,0.735641,0.735641,0.735641,0.264359,0.264359,0.735641,0.735641,0.264359,0.735641,0.264359,0.735641,0.264359,0.264359,0.735641
mp-6654,6.360875821319262,6.360875821319262,5.179597,0.5,0.5,0.6666666563418983,0.666667,0.333333,0.73177,0.333333,0.666667,0.26823,0.0,0.0,0.5,0.0,0.0,0.0,0.276704,0.138352,0.22929000000000002,0.861648,0.138352,0.22929000000000002,0.861648,0.723295999999999,0.22929000000000002,0.138352,0.861648,0.77071,0.138352,0.276704,0.77071,0.723295999999999,0.861648,0.77071
mp-6660,5.605217372716691,5.605217372716691,6.269548030911637,0.4567833676791626,0.4567833676791626,0.3352397986287593,0.832627999999999,0.832627999999999,0.242275,0.167372,0.167372,0.757725,0.5,0.5,0.5,0.5,0.5,0.0,0.833075,0.833075,0.7512500000000001,0.166925,0.166925,0.24875000000000003,0.315544999999999,0.888791999999999,0.20931000000000002,0.111208,0.684454999999999,0.7906900000000001,0.684454999999999,0.111208,0.7906900000000001,0.888791999999999,0.315544999999999,0.20931000000000002,0.704148999999999,0.704148999999999,0.677415,0.295851,0.295851,0.322585
mp-6686,6.174162256899959,6.174162256899959,6.174162256899959,0.33333333333333337,0.33333333333333337,0.33333333333333337,0.25,0.25,0.25,0.75,0.75,0.75,0.5,0.5,0.5,0.0,0.0,0.0,0.759483999999999,0.759483999999999,0.240515999999999,0.240515999999999,0.759483999999999,0.759483999999999,0.240515999999999,0.240515999999999,0.759483999999999,0.759483999999999,0.240515999999999,0.759483999999999,0.240515999999999,0.759483999999999,0.240515999999999,0.759483999999999,0.240515999999999,0.240515999999999
mp-672,4.16883814,4.16883805902189,6.77961741,0.5,0.5,0.6666666702364521,0.666667,0.333333,0.50022437,0.333333,0.666667,0.00022437,0.666667,0.333333,0.87677563,0.333333,0.666667,0.37677563000000003
mp-675011,5.622276826031015,5.793885994003767,5.62227692,0.3387502847358367,0.3333333629489192,0.3387503115230215,0.5,0.5,0.5,0.0,0.0,0.0,0.07120265,0.19441385,0.07120265,0.07120265,0.19441385,0.66317984,0.66317984,0.19441385,0.07120265,0.33682016,0.80558615,0.92879735,0.92879735,0.80558615,0.33682016,0.92879735,0.80558615,0.92879735
mp-676464,4.55754617,9.082758074600772,7.4756302966906745,0.49659777045790005,0.5,0.6673212922390329,0.35565635,0.8556563500000001,0.60413099,0.69623557,0.69623557,0.04433302,0.61993905,0.11993905,0.06966424,0.31733562,0.81733562,0.94596335,0.32690854,0.32690854,0.94019379,0.6679795,0.6679795,0.44574553,0.68261236,0.18261236,0.44197008
mp-676861,3.01452656,4.499536915390255,4.499536915390255,0.5076904695776103,0.5,0.5,0.5,0.5,0.5,0.0,0.0,0.0,0.0,0.68922426,0.68922426,0.5,0.20195179,0.79804821,0.5,0.79804821,0.20195179,0.0,0.31077574,0.31077574
mp-677335,5.073877383060018,5.073877073993383,4.898737583199773,0.3396411704932628,0.3396411577925559,0.3207175612696751,0.0,0.0,0.0,0.25,0.25,0.25,0.27235638,0.00243795,0.14496694000000002,0.00243795,0.27235638,0.58511663,0.14496694000000002,0.58511663,0.00243795,0.58511663,0.14496694000000002,0.27235638
mp-6798,5.954762579046959,5.954762579046959,5.954762579046959,0.33333333333333337,0.33333333333333337,0.33333333333333337,0.75,0.75,0.75,0.25,0.25,0.25,0.0,0.0,0.0,0.5,0.5,0.5,0.72606,0.72606,0.27394,0.72606,0.27394,0.72606,0.27394,0.72606,0.27394,0.72606,0.27394,0.27394,0.27394,0.27394,0.72606,0.27394,0.72606,0.72606
mp-684,4.807359339516213,5.266235862509966,8.403187331142602,0.4441186228004432,0.407659723248974,0.34912714041995935,0.14243005,0.25,0.75,0.85756995,0.75,0.25,0.4846908,0.30295389,0.020361090000000002,0.80800478,0.19704611,0.47963891000000003,0.19199522,0.8029538900000001,0.52036109,0.5153092,0.69704611,0.97963891
mp-684580,4.655598916823592,4.655598916823592,4.655598916823592,0.6560708204465548,0.6560708204465548,0.5185359691340315,0.25,0.75,0.5,0.0,0.0,0.0
mp-6867,5.16420276013268,5.16420276013268,4.507312,0.5,0.5,0.6666667207677057,0.0,0.0,0.0,0.333333,0.666667,0.5,0.666667,0.333333,0.5,0.811835,0.623671,0.5,0.376328999999999,0.188165,0.5,0.811835,0.188165,0.5,0.333333,0.666667,0.0
mp-6870,6.57509382979694,6.575093151963723,6.575093928995202,0.2184359692165986,0.2184360088981411,0.21843594679420097,0.0,0.0,0.0,0.19817789,0.19817789,0.19817789,0.80182211,0.80182211,0.80182211,0.5,0.5,0.5,0.5,0.19060281,0.80939719,0.80939719,0.5,0.19060281,0.19060281,0.80939719,0.5,0.28193286,0.28193286,0.28193286,0.71806714,0.71806714,0.71806714
mp-6920,4.2814102106257055,4.281409785183117,4.28140972804081,0.43863755156623857,0.4386376798851704,0.4386375667529118,0.00062882,0.00062882,0.00062882,0.43453625,0.43453625,0.43453625,0.56666352,0.16550589000000002,0.56666352,0.56666352,0.56666352,0.16550589000000002,0.16550589000000002,0.56666352,0.56666352
mp-6929,4.92614709603532,5.862365513075515,5.862365961111245,0.5880598190363161,0.5381066296581385,0.5381065115993925,0.5,0.69322466,0.30677534,0.5,0.30677534,0.69322466,0.09052029,0.77371285,0.77371285,0.90947971,0.22628715,0.22628715,0.27677045,0.91564369,0.61648008,0.72322955,0.38351992,0.08435631,0.72322955,0.08435631,0.38351992,0.27677045,0.61648008,0.91564369,0.0,0.0,0.0,0.7862619200000001,0.6178422,0.6178422,0.21373808,0.3821578,0.3821578
mp-6949,5.754285150578733,5.754285946468117,5.754285026112125,0.2987279628666626,0.29872791397097953,0.29872795329597623,0.5,0.5,0.5,0.0,0.0,0.0,0.39570922000000003,0.75,0.10429078,0.75,0.10429078,0.39570922000000003,0.89570922,0.60429078,0.25,0.25,0.89570922,0.60429078,0.60429078,0.25,0.89570922,0.10429078,0.39570922000000003,0.75
mp-697038,5.704447796740688,5.704447796740688,5.704447796740688,0.33333333333333337,0.33333333333333337,0.33333333333333337,0.75,0.75,0.75,0.25,0.25,0.25,0.21423294,0.78576706,0.78576706,0.21423294,0.21423294,0.78576706,0.21423294,0.78576706,0.21423294,0.78576706,0.21423294,0.21423294,0.78576706,0.78576706,0.21423294,0.78576706,0.21423294,0.78576706,0.0,0.0,0.0
mp-697044,5.722202003508347,5.722202003508347,5.722202003508347,0.33333333333333337,0.33333333333333337,0.33333333333333337,0.75,0.75,0.75,0.25,0.25,0.25,0.21408291000000002,0.78591709,0.78591709,0.21408291000000002,0.21408291000000002,0.78591709,0.21408291000000002,0.78591709,0.21408291000000002,0.78591709,0.21408291000000002,0.21408291000000002,0.78591709,0.78591709,0.21408291000000002,0.78591709,0.21408291000000002,0.78591709,0.0,0.0,0.0
mp-697133,8.409342007885433,8.409342007885433,8.409342007885433,0.823511384954732,0.823511384954732,0.25301628159887246,0.64805889,0.64805889,0.0,0.35194211000000003,0.35194211000000003,0.0,0.0,0.0,0.0,0.85147726,0.85147726,0.0,0.14852274000000001,0.14852274000000001,0.0,0.0,0.5,0.5,0.5,0.0,0.5
mp-6973,4.79937057,4.79937057,7.87704659,0.5,0.5,0.5,0.25,0.25,0.64944936,0.75,0.75,0.35055064,0.25,0.75,0.0,0.75,0.25,0.0,0.75,0.75,0.8097001500000001,0.25,0.25,0.19029985
mp-6984,6.360172473264296,7.008891204383827,8.170157440664196,0.6411101650482518,0.6272595163628882,0.5000000264267728,0.8566284,0.021053040000000002,0.71325681,0.356628399999999,0.6922037600000001,0.71325681,0.643371599999999,0.30779624,0.28674319,0.1433716,0.97894696,0.28674319,0.25,0.5,0.0,0.75,0.5,0.0,0.60035739,0.76670199,0.20071578,0.10035739,0.43401379,0.20071578,0.89964261,0.56598621,0.79928422,0.39964261,0.23329801,0.79928422
mp-6989,4.727316926583802,5.68404761,6.881633588802252,0.5,0.5948677913044358,0.5,0.34446315,0.75,0.70797578,0.65553785,0.25,0.29202422,0.93414266,0.25,0.83892834,0.06585734,0.75,0.16107166,0.175013,0.98294497,0.32215971,0.824986999999999,0.48294497000000003,0.67784029,0.824986999999999,0.01705503,0.67784029,0.175013,0.51705503,0.32215971,0.69157402,0.75,0.12040279,0.30842598,0.25,0.87959721
mp-7027,5.882060383972727,5.882060642712598,5.88206128879219,0.2704928887203648,0.2704928951003579,0.2704929009462191,0.5,0.5,0.5,0.0,0.0,0.0,0.75,0.75,0.75,0.25,0.25,0.25,0.9657234,0.5342766,0.25,0.25,0.9657234,0.5342766,0.5342766,0.25,0.9657234,0.0342766,0.465723399999999,0.75,0.75,0.0342766,0.465723399999999,0.465723399999999,0.75,0.0342766
mp-7041,6.5951799626087535,6.59518042819883,6.595180245382065,0.17542814825879482,0.17542812921186204,0.17542814641120513,0.5,0.5,0.5,0.0,0.0,0.0,0.89434808,0.89434808,0.89434808,0.10565192,0.10565192,0.10565192
mp-7060,4.045602,4.045602,8.958775,0.5,0.5,0.5,0.0,0.5,0.861231,0.5,0.0,0.138769,0.0,0.0,0.5,0.5,0.5,0.5,0.5,0.0,0.663926,0.0,0.5,0.336074,0.5,0.5,0.0,0.0,0.0,0.0
mp-7067,4.41387899,4.413878290721612,7.20605862,0.5,0.5,0.6666666953654722,0.0,0.0,0.0,0.333333,0.666667,0.63325409,0.666667,0.333333,0.36674591,0.333333,0.666667,0.23765983000000002,0.666667,0.333333,0.76234017
mp-7077,5.045621253181041,5.0456212298714815,6.6852625,0.5,0.5,0.5696629860693362,0.62691854,0.37308046,0.25,0.37308046,0.62691854,0.75,0.0,0.0,0.0,0.0,0.0,0.5,0.20387686,0.7961231400000001,0.25,0.7961231400000001,0.20387686,0.75
mp-7089,4.8260220700000005,4.8260220700000005,8.23016661,0.5,0.5,0.5,0.25,0.25,0.64862653,0.75,0.75,0.35137347,0.75,0.25,0.0,0.25,0.75,0.0,0.25,0.25,0.20018392000000002,0.75,0.75,0.79981608
mp-22898,5.009760335896005,5.00975985195726,5.00976072,0.33333337640216837,0.3333333939793472,0.33333331280555417,0.0,0.0,0.0,0.5,0.5,0.5
mp-22899,4.220264767622628,4.220264341868191,4.22026429,0.3333332904880353,0.3333333085251812,0.33333324650646884,0.0,0.0,0.0,0.5,0.5,0.5
mp-22901,4.29119666,4.29119666,4.29119666,0.5,0.5,0.5,0.0,0.0,0.0,0.5,0.5,0.5
mp-22904,4.18432545,6.40523845,6.40523845,0.5,0.5,0.5,0.5,0.5,0.5,0.0,0.0,0.0,0.0,0.6967961300000001,0.6967961300000001,0.5,0.80320387,0.19679613,0.0,0.30320387,0.30320387,0.5,0.19679613,0.80320387
mp-22905,5.08424468,5.08424468,5.08424468,0.5,0.5,0.5000000000000001,0.0,0.0,0.0,0.0,0.5,0.5,0.5,0.0,0.5,0.5,0.5,0.0,0.5,0.0,0.0,0.5,0.5,0.5,0.0,0.0,0.5,0.0,0.5,0.0
mp-22906,4.32562222,4.32562222,4.32562222,0.5,0.5,0.5,0.0,0.0,0.0,0.5,0.5,0.5
mp-22913,3.9828043963110837,3.982804579645612,3.9828031191940587,0.6617714770880073,0.5085172264742168,0.6617713380022444,0.75,0.5,0.25,0.0,0.0,0.0
mp-22914,3.7641950652086873,3.8105941870314823,3.764195072279485,0.49999999999269634,0.3378734767204618,0.6689367385272232,0.02261306,0.011307030000000001,0.011307030000000001,0.51138694,0.75569297,0.75569297
mp-22919,4.362141733139811,4.362141733139811,4.362141733139811,0.33333333333333337,0.33333333333333337,0.33333333333333337,0.0,0.0,0.0,0.5,0.5,0.5
mp-22922,3.921137907804589,3.921137272339849,3.92113719,0.33333333766112766,0.3333333674441533,0.333333383339583,0.0,0.0,0.0,0.5,0.5,0.5
mp-22925,4.641584484463345,4.64158374875185,4.64158458,0.33333334247368956,0.33333337141366365,0.33333332959086887,0.0,0.0,0.0,0.25,0.25,0.25
mp-22934,4.14656115,7.01463468,7.01463468,0.5,0.5,0.5,0.5,0.0,0.5,0.5,0.5,0.0,0.0,0.0,0.0,0.0,0.23346077,0.76653923,0.0,0.23346077,0.23346077,0.0,0.76653923,0.76653923,0.0,0.76653923,0.23346077
mp-22935,4.309097960876789,4.309096846877346,10.427669433742597,0.5662234004437644,0.5662232500097847,0.5000232250258453,0.66931042,0.66931058,0.33856902,0.33068958,0.33068942,0.66143098,0.06025722,0.06025758,0.1198142,0.93974278,0.93974242,0.880185799999999,0.8161302500000001,0.81612966,0.63189671,0.18386975,0.18387034,0.36810329
mp-22936,6.906254583247127,6.906254438631563,6.906253992968177,0.17062529608723553,0.17062531709335507,0.1706252954331426,0.77112642,0.77112642,0.77112642,0.22887358,0.22887358,0.22887358,0.5,0.5,0.5,0.0,0.0,0.0
mp-22951,4.70410576,4.70410576,8.00429698,0.5,0.5,0.5,0.75,0.75,0.83067256,0.25,0.25,0.16932744,0.25,0.25,0.65082611,0.75,0.75,0.34917389,0.25,0.75,0.0,0.75,0.25,0.0
mp-22956,4.09634545,7.05764687,7.05764687,0.5,0.5,0.5,0.5,0.5,0.0,0.5,0.0,0.5,0.0,0.0,0.0,0.0,0.23222437,0.76777563,0.0,0.23222437,0.23222437,0.0,0.76777563,0.76777563,0.0,0.76777563,0.23222437
mp-22988,5.461891123863339,5.461891123863339,5.461891073079682,0.4974790636042546,0.4974790636042546,0.4974789833811064,0.99840335,0.99840335,0.99840335,0.51553315,0.51553315,0.51553315,0.9486381700000001,0.49671267,0.49671267,0.49671267,0.49671267,0.9486381700000001,0.49671267,0.9486381700000001,0.49671267
mp-22990,5.541027512876145,5.541027162511033,5.5410276929016975,0.3896637154623438,0.38966379059689715,0.38966369715955995,0.0,0.0,0.0,0.5,0.5,0.5,0.70555472,0.70555472,0.70555472,0.29444528000000003,0.29444528000000003,0.29444528000000003
mp-23004,7.29291267,7.292912736954026,6.18159097,0.5,0.5,0.666666664727479,0.333333,0.666667,0.75,0.666667,0.333333,0.25,0.0,0.0,0.0,0.0,0.0,0.5,0.84407251,0.68814701,0.75,0.84407251,0.15592749,0.75,0.15592749,0.31185299,0.25,0.31185299,0.15592749,0.75,0.68814701,0.84407251,0.25,0.15592749,0.84407251,0.25
mp-23009,7.189292581433738,7.189292665010562,7.1892928277891714,0.16611941888168089,0.166119413249636,0.16611941259392274,0.2258267,0.2258267,0.2258267,0.7741733,0.7741733,0.7741733,0.0,0.0,0.0,0.5,0.5,0.5
mp-23017,5.53673147,8.100783333893402,8.100783848319368,0.569969378647267,0.5,0.5,0.25,0.32055012,0.6794498800000001,0.75,0.6794498800000001,0.32055012,0.0,0.15029537,0.15029537,0.5,0.8497046300000001,0.8497046300000001,0.0,0.8497046300000001,0.8497046300000001,0.5,0.15029537,0.15029537,0.25,0.88219837,0.11780163,0.75,0.11780163,0.88219837,0.25,0.39891833,0.159827,0.75,0.60108167,0.840173,0.75,0.159827,0.39891833,0.25,0.840173,0.60108167
mp-23018,4.919839246947319,5.49144797553286,6.495611980130491,0.5786388550744317,0.6236303929969348,0.49999997129766305,0.7584871400000001,0.25,0.5,0.24151286,0.75,0.5,0.0,0.0,0.0,0.5,0.5,0.0,0.8108019200000001,0.53790753,0.30772523,0.00307568,0.96209247,0.69227477,0.18919808,0.46209247000000003,0.69227477,0.99692432,0.03790753,0.30772523,0.35580893,0.820677,0.12599627,0.72981266,0.679323,0.87400373,0.64419107,0.179322999999999,0.87400373,0.27018734,0.320677,0.12599627
mp-23023,4.1405593,4.1405593,7.59027008,0.5,0.5,0.5,0.75,0.75,0.8420554100000001,0.25,0.25,0.15794459,0.25,0.25,0.6414329,0.75,0.75,0.35856709999999903,0.75,0.25,0.0,0.25,0.75,0.0
mp-23025,4.11542769,4.11542769,6.92503718,0.5,0.5,0.5,0.75,0.75,0.82539496,0.25,0.25,0.17460504000000002,0.25,0.25,0.63088519,0.75,0.75,0.36911481,0.75,0.25,0.0,0.25,0.75,0.0
mp-23036,7.4102091691880565,7.410208562937422,7.4102088,0.3333333020144649,0.3333333167633678,0.33333332199950255,0.25,0.25,0.25,0.75,0.75,0.75,0.0,0.0,0.0,0.75389353,0.24610647,0.24610647,0.75389353,0.75389353,0.24610647,0.24610647,0.24610647,0.75389353,0.75389353,0.24610647,0.75389353,0.24610647,0.75389353,0.24610647,0.24610647,0.75389353,0.75389353
mp-23040,7.828366215892203,7.828366152745209,7.828366782299683,0.1775925831442187,0.17759260474333102,0.17759260385094724,0.77011847,0.77011847,0.77011847,0.22988153,0.22988153,0.22988153,0.5,0.5,0.5,0.0,0.0,0.0
mp-23060,8.172233458086465,8.172233939474497,8.17223333,0.3333333233795424,0.3333333126616977,0.33333333050747826,0.25,0.25,0.25,0.75,0.75,0.75,0.0,0.0,0.0,0.76621523,0.23378477,0.76621523,0.23378477,0.23378477,0.76621523,0.76621523,0.23378477,0.23378477,0.23378477,0.76621523,0.23378477,0.23378477,0.76621523,0.76621523,0.76621523,0.76621523,0.23378477
mp-23067,6.886813019787471,6.886813400552577,6.88681317,0.3333333392188328,0.33333332905802254,0.3333333096764027,0.75,0.75,0.75,0.25,0.25,0.25,0.0,0.0,0.0,0.23886855,0.76113145,0.76113145,0.23886855,0.76113145,0.23886855,0.76113145,0.23886855,0.76113145,0.76113145,0.23886855,0.23886855,0.76113145,0.76113145,0.23886855,0.23886855,0.23886855,0.76113145
mp-23070,4.5399233500000005,4.5399233500000005,7.49539352,0.5,0.5,0.5,0.75,0.75,0.8083826,0.25,0.25,0.1916174,0.25,0.25,0.6496090800000001,0.75,0.75,0.35039092,0.25,0.75,0.0,0.75,0.25,0.0
mp-23091,6.103001957349269,6.103001957349269,6.103002719112044,0.3359905263747348,0.3359905263747348,0.33599053557170544,0.251295999999999,0.251295999999999,0.251295999999999,0.748703999999999,0.748703999999999,0.748703999999999,0.0,0.0,0.0,0.5,0.5,0.5,0.728704,0.221147999999999,0.314983,0.221147999999999,0.314983,0.728704,0.314983,0.728704,0.221147999999999,0.271296,0.778852,0.685017,0.685017,0.271296,0.778852,0.778852,0.685017,0.271296
mp-23092,6.09727723741163,6.09727723741163,6.097276714910683,0.3365919349105084,0.3365919349105084,0.3365919590621913,0.748815999999999,0.748815999999999,0.748815999999999,0.251183999999999,0.251183999999999,0.251183999999999,0.5,0.5,0.5,0.0,0.0,0.0,0.7255100000000001,0.218856,0.322034999999999,0.218856,0.322034999999999,0.7255100000000001,0.322034999999999,0.7255100000000001,0.218856,0.27449,0.781144,0.677964999999999,0.677964999999999,0.27449,0.781144,0.781144,0.677964999999999,0.27449
mp-23097,6.73929148593374,6.73929148593374,6.73929148593374,0.6397701661713636,0.6397701661713636,0.5478463323944501,0.75,0.25,0.5,0.25,0.75,0.5,0.0,0.0,0.0,0.763512,0.763512,0.527023,0.236487999999999,0.236487999999999,0.472977,0.236487999999999,0.763512,0.0,0.763512,0.236487999999999,0.0,0.800151,0.800151,0.0,0.199849,0.199849,0.0
mp-23116,3.949713,3.949713,9.067505,0.5,0.5,0.5,0.0,0.0,0.5,0.5,0.5,0.5,0.0,0.5,0.860178999999999,0.5,0.0,0.139821,0.5,0.0,0.672824,0.0,0.5,0.327175999999999,0.5,0.5,0.0,0.0,0.0,0.0
mp-23120,7.717104608788065,7.717104608788065,7.717104608788065,0.33333333333333337,0.33333333333333337,0.33333333333333337,0.75,0.75,0.75,0.25,0.25,0.25,0.5,0.5,0.5,0.0,0.0,0.0,0.757504,0.242496,0.242496,0.242496,0.242496,0.757504,0.242496,0.757504,0.757504,0.242496,0.757504,0.242496,0.757504,0.242496,0.757504,0.757504,0.757504,0.242496
mp-23127,6.10849442049381,6.10849442049381,6.1565815491265115,0.33341278764558147,0.33341278764558147,0.3333457032726374,0.24915,0.24915,0.254845,0.75085,0.75085,0.745155,0.0,0.0,0.0,0.5,0.5,0.5,0.29558,0.7636400000000001,0.700894,0.23636000000000001,0.70442,0.299106,0.70442,0.23636000000000001,0.299106,0.7636400000000001,0.29558,0.700894,0.731421,0.731421,0.213815999999999,0.268579,0.268579,0.786184
mp-23137,6.166357212249223,6.166357212249223,6.166357212249223,0.33333333333333337,0.33333333333333337,0.33333333333333337,0.75,0.75,0.75,0.25,0.25,0.25,0.5,0.5,0.5,0.0,0.0,0.0,0.243966,0.243966,0.756034,0.243966,0.756034,0.243966,0.756034,0.243966,0.756034,0.756034,0.243966,0.243966,0.756034,0.756034,0.243966,0.243966,0.756034,0.756034
mp-23193,4.4432770640082975,4.4432770147909,4.44327718,0.33333332650019715,0.33333332853585496,0.333333303981047,0.0,0.0,0.0,0.5,0.5,0.5
mp-23214,4.1787938,6.31136079,6.46567372,0.5,0.5,0.5,0.5,0.5,0.5,0.0,0.0,0.0,0.5,0.78189359,0.17534073,0.5,0.21810641,0.82465927,0.0,0.71810641,0.6753407300000001,0.0,0.28189359,0.32465927
mp-23222,4.731246117644317,4.731246069532135,4.73124571,0.33333334768710954,0.3333333495559359,0.33333336448139234,0.75,0.75,0.75,0.5,0.5,0.5,0.25,0.25,0.25,0.0,0.0,0.0
mp-23231,4.0901443391195125,4.090145303000964,4.09014583,0.33333340464893235,0.33333336091050997,0.3333333125782107,0.0,0.0,0.0,0.5,0.5,0.5
mp-23251,4.659184086635859,4.65918493577361,4.65918374,0.33333338049927363,0.33333334700599637,0.3333333989423783,0.0,0.0,0.0,0.5,0.5,0.5
mp-23259,3.850466143465868,3.8504669521582735,3.85046572,0.3333332937214478,0.333333255352183,0.33333326322544315,0.0,0.0,0.0,0.5,0.5,0.5
mp-23260,5.37241696,8.996316,10.82613439,0.5,0.5,0.5,0.25,0.74699665,0.38415234,0.75,0.25300335,0.61584766,0.25,0.24699665,0.11584766,0.75,0.7530033500000001,0.88415234,0.25,0.5237963800000001,0.66578757,0.75,0.47620362,0.33421243,0.25,0.02379638,0.83421243,0.75,0.97620362,0.16578757,0.75,0.8573739300000001,0.57276256,0.25,0.14262607,0.42723744,0.75,0.35737393,0.92723744,0.25,0.64262607,0.07276256
mp-23263,8.053956170872643,8.053954862273216,4.51034726,0.5,0.5,0.666666680966669,0.666667,0.333333,0.75,0.333333,0.666667,0.25,0.61344222,0.70019377,0.75,0.91324845,0.61344222,0.25,0.38655778,0.29980623,0.25,0.08675155,0.38655778,0.75,0.29980623,0.91324845,0.75,0.70019377,0.08675155,0.25
mp-23289,3.839196,3.839196,3.839196,0.5,0.5,0.5,0.0,0.0,0.0,0.5,0.5,0.5
mp-23349,4.354720350038607,4.357825941579675,6.527862358673317,0.4328051371989474,0.4316258146804432,0.39242987689646247,0.9185727100000001,0.048688010000000004,0.04072588,0.62353185,0.340517099999999,0.54211846,0.221054299999999,0.24564346,0.34639003,0.71999798,0.74384109,0.73686362,0.30963794,0.35988825,0.49314393,0.60385648,0.6543980500000001,0.591336299999999,0.70830123,0.07247252,0.72509703,0.89269754,0.25502379000000003,0.35858794,0.40743182,0.13977975,0.16317826,0.8293171500000001,0.55834799,0.91866055
mp-23353,7.6249841525128295,7.6249841525128295,7.6249841525128295,0.7383898937522634,0.7383898937522634,0.3821957698923255,0.25,0.75,0.5,0.75,0.25,0.5,0.5,0.5,0.0,0.6349665800000001,0.6349665800000001,0.53660597,0.9016394,0.36503342,0.0,0.09836059999999901,0.09836059999999901,0.46339403,0.36503342,0.9016394,0.0
mp-23364,4.90104196,4.90104196,9.45464709,0.5,0.5,0.5,0.75,0.75,0.30266295,0.25,0.25,0.69733705,0.25,0.25,0.08060423,0.75,0.75,0.9193957700000001,0.75,0.75,0.67140097,0.25,0.25,0.32859903,0.75,0.25,0.0,0.25,0.75,0.0
mp-23405,7.834677298503789,7.834678305185239,7.83467693,0.33333334091179084,0.3333333174104789,0.3333333604160863,0.75,0.75,0.75,0.25,0.25,0.25,0.0,0.0,0.0,0.24583522,0.75416478,0.75416478,0.24583522,0.75416478,0.24583522,0.75416478,0.24583522,0.75416478,0.75416478,0.24583522,0.24583522,0.75416478,0.75416478,0.24583522,0.24583522,0.24583522,0.75416478
mp-23406,7.310576144350641,7.310576572665236,7.31057662,0.33333333214341243,0.33333332137626215,0.33333330596557037,0.25,0.25,0.25,0.75,0.75,0.75,0.0,0.0,0.0,0.22634526,0.77365474,0.77365474,0.22634526,0.77365474,0.22634526,0.77365474,0.22634526,0.77365474,0.77365474,0.22634526,0.22634526,0.77365474,0.77365474,0.22634526,0.22634526,0.22634526,0.77365474
mp-23425,7.459137486827692,7.459138236614552,7.45913803,0.333333338670226,0.3333333201971719,0.333333328824341,0.75,0.75,0.75,0.25,0.25,0.25,0.0,0.0,0.0,0.24165883000000002,0.75834117,0.75834117,0.24165883000000002,0.75834117,0.24165883000000002,0.75834117,0.24165883000000002,0.75834117,0.75834117,0.24165883000000002,0.24165883000000002,0.75834117,0.75834117,0.24165883000000002,0.24165883000000002,0.24165883000000002,0.75834117
mp-23432,4.41830891,4.41830891,7.280968899999999,0.5,0.5,0.5,0.75,0.75,0.7949955400000001,0.25,0.25,0.20500446,0.25,0.25,0.6486362800000001,0.75,0.75,0.35136372,0.75,0.25,0.0,0.25,0.75,0.0
mp-23465,7.465975367211191,7.465975847726573,7.46597685,0.33333335917508156,0.3333333472293803,0.33333332543371474,0.25,0.25,0.25,0.75,0.75,0.75,0.0,0.0,0.0,0.24212909,0.7578709100000001,0.7578709100000001,0.24212909,0.7578709100000001,0.24212909,0.7578709100000001,0.24212909,0.7578709100000001,0.7578709100000001,0.24212909,0.24212909,0.7578709100000001,0.7578709100000001,0.24212909,0.24212909,0.24212909,0.7578709100000001
mp-23484,7.46498904955907,7.464989608542521,7.615689598496833,0.663041879536904,0.6630419277899687,0.5000000169198289,0.75,0.25,0.5,0.25,0.75,0.5,0.5,0.5,0.0,0.0,0.0,0.0,0.29007867,0.29007867,0.58015734,0.70992133,0.70992133,0.41984266000000003,0.7785643800000001,0.7785643800000001,0.0,0.22143562,0.7785643800000001,0.0,0.22143562,0.22143562,0.0,0.7785643800000001,0.22143562,0.0
mp-23485,7.897748804147402,7.897748804147402,7.897748804147402,0.7332763604381504,0.7332763604381504,0.3902512456528391,0.25,0.75,0.5,0.5,0.5,0.0,0.0,0.0,0.0,0.63146423,0.13227296,0.02843016,0.86772704,0.89615721,0.49919128,0.10384279,0.60303407,0.97156984,0.39696593,0.36853577,0.50080872
mp-23513,6.916577324396509,6.916577318069066,6.91657785,0.33333334603582454,0.3333333462039473,0.3333333415922153,0.25,0.25,0.25,0.75,0.75,0.75,0.0,0.0,0.0,0.23832294,0.76167706,0.76167706,0.23832294,0.76167706,0.23832294,0.76167706,0.23832294,0.76167706,0.76167706,0.23832294,0.23832294,0.76167706,0.76167706,0.23832294,0.23832294,0.23832294,0.76167706
mp-23550,6.139466233285575,6.139466105032812,7.028687026320984,0.6438682466177272,0.643868243865422,0.4999999910200564,0.25,0.25,0.5,0.75,0.75,0.5,0.0,0.5,0.0,0.5,0.0,0.0,0.9666909100000001,0.46669091,0.24534484,0.72134707,0.22134707,0.75465516,0.03330909,0.53330909,0.75465516,0.22134707,0.03330909,0.75465516,0.27865293,0.77865293,0.24534484,0.46669091,0.27865293,0.24534484,0.77865293,0.9666909100000001,0.24534484,0.53330909,0.72134707,0.75465516
mp-23703,2.8406163304782996,2.8406165514558626,2.840617,0.3333333690102761,0.3333333547139319,0.33333339923561445,0.0,0.0,0.0,0.5,0.5,0.5
mp-2371,6.714032320795957,6.714420433261444,6.708926566304539,0.5855111472006306,0.5855291762506787,0.6554232398634642,0.25002969,0.749964699999999,0.5000125400000001,0.74997031,0.2500353,0.49998746,0.177954199999999,0.67128296,0.84966733,0.822045799999999,0.32871704,0.15033267,0.67135282,0.82183523,0.49301331000000004,0.32864718,0.17816477,0.50698669,0.0,0.0,0.0
mp-23737,3.988098,3.988098,3.988098,0.5,0.5,0.5,0.0,0.0,0.0,0.5,0.5,0.5,0.5,0.0,0.5,0.5,0.5,0.0,0.0,0.5,0.5
mp-23818,4.01142218,4.01142218,4.01142218,0.5,0.5,0.5,0.0,0.0,0.0,0.5,0.5,0.5,0.5,0.0,0.5,0.5,0.5,0.0,0.0,0.5,0.5
mp-23859,3.8166786,3.8166786,6.90281062,0.5,0.5,0.5,0.75,0.75,0.80792328,0.25,0.25,0.19207672,0.25,0.75,0.0,0.75,0.25,0.0,0.25,0.25,0.65283955,0.75,0.75,0.34716045
mp-23861,4.42149759,4.42149759,7.26851667,0.5,0.5,0.5,0.75,0.75,0.79181555,0.25,0.25,0.20818445,0.25,0.75,0.0,0.75,0.25,0.0,0.25,0.25,0.65365116,0.75,0.75,0.34634884
mp-23862,4.77580877,4.77580877,7.80022709,0.5,0.5,0.5,0.5,0.0,0.8268958,0.0,0.5,0.17310419999999901,0.5,0.5,0.0,0.0,0.0,0.0,0.0,0.5,0.659566,0.5,0.0,0.340433999999999
mp-239,4.21601149,6.9519550500000005,6.9519550500000005,0.5,0.5,0.5,0.0,0.5,0.5,0.0,0.0,0.0,0.47518716,0.82212087,0.32212087,0.5248128400000001,0.32212087,0.17787913,0.2115096,0.0,0.5,0.788490399999999,0.5,0.0,0.47518716,0.17787913,0.67787913,0.5248128400000001,0.67787913,0.82212087
mp-23933,4.659681324933373,4.659680784702849,4.659681039079138,0.31360719644057544,0.31360720687832755,0.31360724896105596,0.5,0.5,0.5,0.0,0.0,0.0,0.38261977,0.75,0.11738023,0.75,0.11738023,0.38261977,0.88261977,0.61738023,0.25,0.25,0.88261977,0.61738023,0.61738023,0.25,0.88261977,0.11738023,0.38261977,0.75
mp-23956,4.008933822917682,4.008935529933093,7.345489493769116,0.5879775426743008,0.5879775498038116,0.5000000070250212,0.64392006,0.64392006,0.28783912,0.35607994,0.35607994,0.71216088,0.0,0.0,0.0,0.5,0.0,0.0,0.0,0.5,0.0,0.85194795,0.85194795,0.70389391,0.14805205,0.14805205,0.29610609
mp-24084,4.01106146025869,4.011061273379959,4.01106081,0.3333334008397313,0.3333334094020195,0.33333337521896494,0.0,0.0,0.0,0.5,0.5,0.5
mp-241,3.8191093774786213,3.819110736075878,3.81911039,0.3333333985879457,0.33333333321200415,0.33333342641058394,0.0,0.0,0.0,0.75,0.75,0.75,0.25,0.25,0.25
mp-24341,5.070669726859577,5.9128653700000005,7.80634952246779,0.5,0.6047991553482273,0.5,0.81859242,0.25,0.23178819,0.18140758,0.75,0.76821181,0.23690673,0.75,0.23883906,0.76309327,0.25,0.76116094,0.69731844,0.045343430000000004,0.82830883,0.30268156,0.54534343,0.17169117,0.30268156,0.95465657,0.17169117,0.69731844,0.45465657,0.82830883,0.91289956,0.25,0.63833874,0.08710044,0.75,0.36166126
mp-24424,4.56529887,4.56529887,7.44013322,0.5,0.5,0.5,0.5,0.0,0.80598992,0.0,0.5,0.19401008,0.5,0.5,0.0,0.0,0.0,0.0,0.0,0.5,0.65621643,0.5,0.0,0.34378357
mp-24428,3.7393237999999993,4.547558725577861,6.185545727238432,0.5294961458719688,0.5,0.5,0.25,0.22486855,0.30965656,0.75,0.77513145,0.6903444400000001,0.5390259900000001,0.70094842,0.13032181,0.03902599,0.29905158,0.86967819,0.96097401,0.70094842,0.13032181,0.46097401,0.29905158,0.86967819,0.75,0.72744028,0.2364693,0.25,0.27255972,0.7635307
mp-2455,3.04327858,5.41927134,6.20976018,0.5,0.5,0.5,0.5,0.32910561,0.86618519,0.5,0.6708943900000001,0.13381481,0.0,0.17089439,0.36618519,0.0,0.82910561,0.6338148100000001,0.5,0.5,0.5,0.0,0.0,0.0
mp-24589,4.317045,6.83197,8.593347515434308,0.6008057535436512,0.5,0.5,0.25,0.290891,0.035446,0.75,0.709109,0.964553999999999,0.75,0.705766,0.383768999999999,0.25,0.294234,0.616231,0.75,0.163817,0.788669,0.25,0.836183,0.211331,0.75,0.180579,0.300091999999999,0.25,0.819421,0.699908,0.75,0.314187,0.827191,0.25,0.685813,0.172809
mp-2469,4.161964433164861,4.161964334149085,4.16196485,0.33333335515305124,0.33333335952520543,0.33333337242585903,0.0,0.0,0.0,0.25,0.25,0.25
mp-2490,3.854881055853414,3.8548803686949604,3.8548812,0.3333333413756414,0.33333337413499875,0.33333335502424466,0.0,0.0,0.0,0.25,0.25,0.25
mp-2517,4.83215368,7.6054511300000005,9.02186365,0.5,0.5,0.5,0.75,0.34566195,0.9249300300000001,0.25,0.65433805,0.07506997,0.75,0.84566195,0.57506997,0.25,0.15433805,0.42493003,0.25,0.019091,0.82141002,0.75,0.980908999999999,0.17858998,0.25,0.519091,0.67858998,0.75,0.480909,0.32141002,0.25,0.7530510300000001,0.39599024,0.75,0.24694897000000002,0.6040097600000001,0.25,0.25305103,0.10400976,0.75,0.74694897,0.89599024
mp-252,4.004286976894119,4.004287530867143,4.00428684,0.3333334121183455,0.33333338722377853,0.33333336739246616,0.0,0.0,0.0,0.25,0.25,0.25
mp-2530,4.6059164641890495,4.605916222488369,4.60591536,0.33333332704861096,0.3333333366924806,0.33333337246223216,0.25,0.25,0.25,0.75,0.75,0.75,0.0,0.0,0.0
mp-2534,4.065993051152201,4.065992915533793,4.065993,0.33333328431721393,0.3333332904469484,0.33333329861267325,0.0,0.0,0.0,0.25,0.25,0.25
mp-2542,2.69427722,2.694276202673103,4.37601889,0.5,0.5,0.6666665996386409,0.333333,0.666667,0.00016017,0.666667,0.333333,0.50016017,0.333333,0.666667,0.37733983,0.666667,0.333333,0.87733983
mp-2600,4.262466,4.262466,4.262466,0.5,0.5,0.5,0.0,0.0,0.0,0.5,0.5,0.5
mp-2605,3.399141033706305,3.399141301541578,3.39914011,0.33333339721397426,0.33333338273332985,0.333333381059454,0.0,0.0,0.0,0.5,0.5,0.5
mp-2624,4.373485081071866,4.3734846273844985,4.373485889999999,0.33333336473885194,0.33333338380304517,0.33333332389762704,0.0,0.0,0.0,0.25,0.25,0.25
mp-2667,4.28285436,4.28285436,4.28285436,0.5,0.5,0.5,0.0,0.0,0.0,0.5,0.5,0.5
mp-2672,4.829321643732155,4.829322266381286,6.45041428,0.5,0.5,0.5128536752849384,0.90919476,0.59080524,0.75,0.59080524,0.90919476,0.25,0.09080524,0.40919476,0.25,0.40919476,0.09080524,0.75,0.5879353900000001,0.41206461,0.43077975,0.91206461,0.08793539,0.93077975,0.41206461,0.5879353900000001,0.56922025,0.08793539,0.91206461,0.06922025
mp-2691,4.342020118267332,4.342019108842718,4.34201861,0.3333333114541968,0.33333335368943984,0.33333327905253374,0.0,0.0,0.0,0.25,0.25,0.25
mp-27138,4.33208369,7.43238468,7.43238468,0.5,0.5,0.5,0.5,0.0,0.5,0.5,0.5,0.0,0.0,0.0,0.0,0.0,0.76603272,0.76603272,0.0,0.23396728,0.23396728,0.0,0.76603272,0.23396728,0.0,0.23396728,0.76603272
mp-27207,4.928353061203008,4.928353204956026,8.551626916053129,0.5930411734649661,0.593041154987515,0.4999999833455841,0.64194081,0.64194081,0.28388061000000003,0.35805919,0.35805919,0.71611939,0.0,0.0,0.0,0.83966811,0.83966811,0.67933822,0.16033189,0.16033189,0.32066178,0.0,0.5,0.0,0.5,0.0,0.0
mp-27227,5.6550613831904,5.967894888686553,6.446345290048761,0.6531874102838899,0.644534447566052,0.5000000633342693,0.25,0.5,0.0,0.75,0.5,0.0,0.0,0.5,0.5,0.5,0.0,0.5,0.5,0.5,0.5,0.5,0.0,0.0,0.0,0.0,0.0,0.0,0.0,0.5,0.90453238,0.58554676,0.80906376,0.40453238,0.223517,0.80906376,0.09546762,0.41445324,0.19093624,0.59546762,0.776482999999999,0.19093624
mp-27243,4.36522548,7.40550514,7.40550514,0.5,0.5,0.5,0.5,0.0,0.5,0.5,0.5,0.0,0.0,0.0,0.0,0.0,0.76573019,0.76573019,0.0,0.23426981,0.23426981,0.0,0.76573019,0.23426981,0.0,0.23426981,0.76573019
mp-27253,3.9106853548765947,5.619265492230601,6.7292685048604834,0.4677602492572586,0.4061541364933471,0.3868707087191162,0.9342077,0.23363909,0.40875231,0.5765981,0.7663609100000001,0.59124769,0.41784679,0.26636091,0.90875231,0.5929590100000001,0.73363909,0.09124769,0.43786933,0.5,0.5,0.18786933,0.0,0.0,0.77185062,0.03624394,0.66428169,0.47237425,0.96375606,0.33571831,0.68613131,0.53624394,0.83571831,0.05809456,0.46375606,0.16428169
mp-27255,7.144493972556106,7.144494413030619,7.176486320386037,0.6658480026498513,0.6658480059433625,0.5000000150690874,0.88263812,0.16064776,0.32129553,0.41064776000000003,0.18865641,0.82129553,0.43865641,0.16064776,0.32129553,0.41064776000000003,0.63263812,0.82129553,0.25145073,0.7514507300000001,0.50290146,0.0014507300000000001,0.0014507300000000001,0.0029014600000000002,0.63442737,0.37376144,0.26885474,0.145093299999999,0.38442737,0.76885474,0.62376144,0.38442737,0.76885474,0.63442737,0.8950933,0.26885474
mp-27294,5.93247235,5.93247235,5.93247235,0.5,0.5,0.5,0.5,0.0,0.0,0.0,0.5,0.0,0.0,0.0,0.5,0.0,0.0,0.0,0.0,0.5,0.5,0.5,0.0,0.5,0.5,0.5,0.0
mp-27315,5.845330970500309,5.845330833009772,5.845331337832804,0.3320238711314306,0.3320239363680509,0.33202389600201293,0.5,0.5,0.5,0.0,0.0,0.0,0.7729193400000001,0.7729193400000001,0.22789334,0.7729193400000001,0.22789334,0.7729193400000001,0.22708066000000002,0.7721066600000001,0.22708066000000002,0.22708066000000002,0.22708066000000002,0.7721066600000001,0.7721066600000001,0.22708066000000002,0.22708066000000002,0.22789334,0.7729193400000001,0.7729193400000001
mp-27385,6.961684873432008,6.961684356776125,9.070638888986347,0.6253669963561226,0.6253670152626071,0.5000000430602628,0.625,0.875,0.25,0.375,0.125,0.75,0.875,0.625,0.75,0.125,0.375,0.25,0.62133691,0.29118895,0.57615006,0.79118895,0.45481415000000003,0.07615006,0.37866309000000004,0.70881105,0.42384994000000004,0.71503889,0.87866309,0.92384994,0.28496111,0.12133691,0.07615006,0.04518585,0.21503889,0.42384994000000004,0.20881105,0.54518585,0.92384994,0.95481415,0.78496111,0.57615006
mp-2741,3.9004376588845773,3.900437628174305,3.900438,0.3333333158140811,0.33333331726105214,0.3333333483744276,0.0,0.0,0.0,0.75,0.75,0.75,0.25,0.25,0.25
mp-27419,5.505181575518636,5.5055714656951595,5.5053196952992955,0.3041260964478509,0.304108487796658,0.3041280165329632,0.49997481,0.50001626,0.49998558,1.561e-05,3.168e-05,3.9840000000000005e-05,0.74709057,0.10786852,0.39679737,0.39677195,0.74706772,0.10789175000000001,0.10788338,0.39676473,0.74705505,0.60322072,0.25289549,0.8921621,0.8921516500000001,0.6032434600000001,0.25290033,0.2528893,0.89211313,0.60324666
mp-27422,5.319483866017751,5.319483594587524,5.31948351591925,0.5333290471512461,0.5333289938969545,0.5333290346529022,0.5,0.5,0.5,0.0,0.0,0.0,0.19519143,0.92078006,0.32407008,0.92078006,0.32407008,0.19519143,0.67592992,0.8048085700000001,0.07921994,0.07921994,0.67592992,0.8048085700000001,0.8048085700000001,0.07921994,0.67592992,0.32407008,0.19519143,0.92078006
mp-27456,5.01365732,8.33781658,10.04336814,0.5,0.5,0.5,0.25,0.74776887,0.3834063,0.75,0.25223113,0.6165937,0.25,0.24776887,0.1165937,0.75,0.75223113,0.8834063,0.25,0.52627313,0.66914662,0.75,0.47372687,0.33085338000000003,0.25,0.026273130000000002,0.83085338,0.75,0.97372687,0.16914662,0.75,0.85664709,0.57130788,0.25,0.14335291,0.42869212,0.75,0.35664709,0.92869212,0.25,0.6433529100000001,0.07130788
mp-27546,3.87646669,3.87646669,6.84262114,0.5,0.5,0.5,0.75,0.75,0.8048321900000001,0.25,0.25,0.19516781,0.25,0.25,0.64509582,0.75,0.75,0.35490418,0.25,0.75,0.0,0.75,0.25,0.0
mp-27549,6.38135701,6.805351496219003,6.80535175965951,0.5753493832645473,0.5,0.5,0.25093927,0.67367099,0.01901208,0.75093927,0.32632901000000003,0.98098792,0.24906073,0.01901208,0.67367099,0.7490607300000001,0.98098792,0.32632901000000003,0.0,0.49935659,0.50064341,0.5,0.50064341,0.49935659,0.25,0.22874174,0.22874174,0.75,0.77125826,0.77125826
mp-27608,5.3588082944124755,5.358808329629484,5.35881017,0.3333333384647639,0.33333333725702313,0.33333335656066393,0.62710617,0.62710617,0.62710617,0.62710617,0.11868148,0.62710617,0.62710617,0.62710617,0.11868148,0.11868148,0.62710617,0.62710617,0.0,0.0,0.0,0.75,0.75,0.75,0.74702421,0.25297579,0.25297579,0.25297579,0.25297579,0.74702421,0.74702421,0.74702421,0.25297579,0.25297579,0.74702421,0.74702421,0.25297579,0.74702421,0.25297579,0.74702421,0.25297579,0.74702421
mp-27691,7.3313002201888695,7.331299956499958,7.33129942,0.33333332121326603,0.3333333278232499,0.33333335242942763,0.25,0.25,0.25,0.75,0.75,0.75,0.0,0.0,0.0,0.7604678500000001,0.23953215,0.23953215,0.7604678500000001,0.7604678500000001,0.23953215,0.7604678500000001,0.23953215,0.7604678500000001,0.23953215,0.23953215,0.7604678500000001,0.23953215,0.7604678500000001,0.23953215,0.23953215,0.7604678500000001,0.7604678500000001
mp-27716,3.6259509167816297,6.256612633351044,6.727599019444179,0.59047499704241,0.5868012212428342,0.4999796154356257,0.12969744,0.34735852,0.25919387,0.8703025600000001,0.65264148,0.7408061300000001,0.63722749,0.84789176,0.27456305000000003,0.36277251,0.15210824,0.72543695,0.74980534,0.21681375,0.49968519,0.25019466,0.78318625,0.50031481
mp-27828,7.317391876258006,7.317392445878366,7.31739247,0.33333333247636865,0.33333331817035294,0.3333333073952589,0.25,0.25,0.25,0.75,0.75,0.75,0.0,0.0,0.0,0.22763402,0.77236598,0.77236598,0.22763402,0.77236598,0.22763402,0.77236598,0.22763402,0.77236598,0.77236598,0.22763402,0.22763402,0.77236598,0.77236598,0.22763402,0.22763402,0.22763402,0.77236598
mp-27830,7.354412776632542,7.354412192595404,7.354413,0.33333331315744075,0.3333333277516987,0.333333344713186,0.25,0.25,0.25,0.75,0.75,0.75,0.0,0.0,0.0,0.23288782,0.76711218,0.76711218,0.23288782,0.76711218,0.23288782,0.76711218,0.23288782,0.76711218,0.76711218,0.23288782,0.23288782,0.76711218,0.76711218,0.23288782,0.23288782,0.23288782,0.76711218
mp-27839,6.936034981155192,6.936034476273952,6.93603395,0.333333347012463,0.3333333603897305,0.3333333072458853,0.25,0.25,0.25,0.75,0.75,0.75,0.0,0.0,0.0,0.23918284,0.76081716,0.76081716,0.23918284,0.76081716,0.23918284,0.76081716,0.23918284,0.76081716,0.76081716,0.23918284,0.23918284,0.76081716,0.76081716,0.23918284,0.23918284,0.23918284,0.76081716
mp-27869,8.043017478261618,8.043017444170406,8.043017453991347,0.18798188940726202,0.18798188724800427,0.18798190719851512,0.75859317,0.75859317,0.75859317,0.24140683000000002,0.24140683000000002,0.24140683000000002,0.5,0.5,0.5,0.0,0.0,0.0
mp-27882,7.3111853666038416,7.311185241496435,7.31118516,0.33333328354815805,0.3333332868131241,0.33333331397782684,0.75,0.75,0.75,0.25,0.25,0.25,0.0,0.0,0.0,0.22399766000000002,0.77600234,0.77600234,0.22399766000000002,0.77600234,0.22399766000000002,0.77600234,0.22399766000000002,0.77600234,0.77600234,0.22399766000000002,0.22399766000000002,0.77600234,0.77600234,0.22399766000000002,0.22399766000000002,0.22399766000000002,0.77600234
mp-27904,5.90214957,6.012994247827274,5.995064823439198,0.6234391071494849,0.5,0.5,0.98293414,0.69879184,0.69739746,0.51706586,0.69879184,0.19739646,0.01706586,0.30120816,0.30260254000000003,0.48293414,0.30120816,0.80260254,0.36796299,0.85246023,0.63040666,0.63203701,0.14753977000000001,0.36959334,0.13203701,0.85246023,0.13040666,0.86796299,0.14753977000000001,0.86959334,0.36267873,0.35833276000000003,0.17082874,0.63732127,0.64166724,0.82917126,0.8626787300000001,0.64166724,0.32917126,0.13732127,0.35833276000000003,0.67082874
mp-8257,5.847928716924193,6.381080906133648,7.053820952782438,0.649401304813627,0.6360512800861531,0.4999999583614476,0.14176644,0.48938942,0.28353187,0.8582335600000001,0.51061058,0.71646813,0.35823356,0.20585754,0.71646813,0.64176644,0.79414246,0.28353187,0.25,0.0,0.0,0.75,0.0,0.0,0.61166621,0.32567443,0.22333341,0.38833379,0.67432557,0.77666659,0.88833379,0.10234201,0.77666659,0.11166621,0.89765799,0.22333341
mp-8262,6.353250626133738,6.35325010060737,8.326274572710076,0.6136504610429185,0.6136504161365676,0.5267403894108523,0.75,0.25,0.5,0.25,0.75,0.5,0.72718067,0.27281933,0.0,0.27281933,0.72718067,0.0,0.70845004,0.70845004,0.849194599999999,0.85925544,0.85925544,0.1508054,0.29154996,0.29154996,0.1508054,0.14074456,0.14074456,0.849194599999999,0.8484959200000001,0.8484959200000001,0.69699285,0.15150408,0.15150408,0.30300715
mp-8267,6.907587079333171,7.0964710618809725,7.096471552055883,0.40041005950006775,0.33820355403510327,0.3382035542825428,0.0,0.25549917,0.74450083,0.0,0.74450083,0.25549917,0.66066051,0.33933949,0.33933949,0.33933949,0.66066051,0.66066051,0.52759023,0.22851656,0.22851656,0.98462235,0.77148344,0.77148344,0.5,0.31353892,0.6864610800000001,0.5,0.6864610800000001,0.31353892,0.47240977,0.77148344,0.77148344,0.01537765,0.22851656,0.22851656
mp-827,5.565934429486587,5.565932879709853,5.565933693212678,0.5646861512718393,0.6306735540430091,0.6306736766439976,0.0,0.75,0.75,0.0,0.25,0.25,0.5,0.0,0.5,0.5,0.5,0.0,0.77388763,0.63694281,0.13694281,0.5,0.13694281,0.36305719000000003,0.5,0.86305719,0.63694281,0.22611237,0.36305719000000003,0.86305719
mp-8278,4.37427633,4.374277685768247,7.62668553,0.5,0.5,0.6666667385740266,0.0,0.0,0.0,0.666667,0.333333,0.37813727,0.333333,0.666667,0.62186273,0.666667,0.333333,0.72124853,0.333333,0.666667,0.27875147
mp-8279,4.4372007700000005,4.437200630224693,7.6148527900000005,0.5,0.5,0.6666666720415928,0.0,0.0,0.0,0.666667,0.333333,0.36968804,0.333333,0.666667,0.63031196,0.666667,0.333333,0.73157145,0.333333,0.666667,0.26842855
mp-8280,4.49298382,4.492983290545777,7.77005598,0.5,0.5,0.6666666466018947,0.0,0.0,0.0,0.666667,0.333333,0.3772635,0.333333,0.666667,0.6227365,0.666667,0.333333,0.72476472,0.333333,0.666667,0.27523528
mp-8291,4.912110375968154,4.912109722316624,4.912109997528113,0.5439372040048125,0.5439371504460238,0.5439371290765386,0.0,0.0,0.0,0.5,0.5,0.5,0.42298831000000003,0.7729007800000001,0.7729007800000001,0.7729007800000001,0.7729007800000001,0.42298831000000003,0.57701169,0.22709922000000002,0.22709922000000002,0.22709922000000002,0.57701169,0.22709922000000002,0.22709922000000002,0.22709922000000002,0.57701169,0.7729007800000001,0.42298831000000003,0.7729007800000001
mp-830,3.1869302910053827,3.1869318608166335,3.18693158,0.33333334952678934,0.3333332590026597,0.33333330705131536,0.0,0.0,0.0,0.25,0.25,0.25
mp-8300,5.202142942356387,5.202143958342751,9.447718670613341,0.5887811440159334,0.5887811448316272,0.5000000591880991,0.67539508,0.67539508,0.35078817,0.32460492,0.32460492,0.64921183,0.0,0.5,0.0,0.5,0.0,0.0,0.864381899999999,0.864381899999999,0.7287638,0.1356181,0.1356181,0.2712362,0.5,0.5,0.0
mp-8335,4.20354289748628,4.203543466680352,7.401386308199354,0.5916516423689585,0.5916516263681113,0.4999998981862936,0.6471699200000001,0.6471699200000001,0.29433984,0.35283008,0.35283008,0.70566016,0.0,0.0,0.0,0.84361869,0.84361869,0.68723837,0.15638131,0.15638131,0.31276163,0.0,0.5,0.0,0.5,0.0,0.0
mp-8361,5.08394028,6.19884308,11.68160658,0.5,0.5,0.5,0.5,0.83140866,0.36278268,0.5,0.16859134,0.63721732,0.5,0.33140866,0.13721732,0.5,0.66859134,0.86278268,0.0,0.36409665,0.40359037000000003,0.0,0.63590335,0.59640963,0.0,0.86409665,0.09640963,0.0,0.13590335,0.90359037
mp-8399,4.48681068,4.48681068,4.48681068,0.5,0.5,0.5,0.0,0.0,0.0,0.5,0.5,0.5,0.0,0.5,0.5,0.5,0.0,0.5,0.5,0.5,0.0
mp-8405,4.63793087,4.637930192983387,7.47384481,0.5,0.5,0.6666666519935096,0.0,0.0,0.5,0.666667,0.333333,0.35705648,0.333333,0.666667,0.64294352,0.0,0.0,0.0,0.333333,0.666667,0.25864128000000003,0.666667,0.333333,0.74135872
mp-8407,4.22756992,4.227570549993381,6.88330997,0.5,0.5,0.666666684373544,0.0,0.0,0.5,0.666667,0.333333,0.36212146,0.333333,0.666667,0.63787854,0.0,0.0,0.0,0.333333,0.666667,0.26270303,0.666667,0.333333,0.73729697
mp-8409,6.507632161021971,6.507632161021971,6.507631873457462,0.1711218981884435,0.1711218981884435,0.17112191760539186,0.0,0.0,0.0,0.5,0.5,0.5,0.22872689000000002,0.22872689000000002,0.22872689000000002,0.77127311,0.77127311,0.77127311
mp-841,3.10263483,3.102633828952688,7.56992946,0.5,0.5,0.6666666080886763,0.0,0.0,0.0,0.0,0.0,0.5,0.333333,0.666667,0.25,0.666667,0.333333,0.75,0.333333,0.666667,0.64856887,0.666667,0.333333,0.14856887,0.666667,0.333333,0.35143113,0.333333,0.666667,0.85143113
mp-8411,5.59684731,5.728558426090852,5.728557697035386,0.5538765256478027,0.5,0.5,0.25026255000000003,0.6789454500000001,0.0318614,0.75026255,0.32105455,0.9681386,0.24973745,0.0318614,0.6789454500000001,0.74973745,0.9681386,0.32105455,0.5,0.4999357,0.5000643,0.0,0.5000643,0.4999357,0.75,0.78674212,0.78674212,0.25,0.21325788,0.21325788
mp-8426,5.424861450296607,5.42486102391063,5.42486023,0.33333329213625745,0.3333333065808032,0.33333328129946743,0.75,0.75,0.75,0.25,0.25,0.25,0.0,0.0,0.0
mp-8430,4.31172379,4.31172379,6.9418714999999995,0.5,0.5,0.5,0.25,0.25,0.66023995,0.75,0.75,0.33976005,0.25,0.75,0.0,0.75,0.25,0.0,0.25,0.25,0.187272499999999,0.75,0.75,0.812727499999999
mp-8446,5.70443117,6.176825363273417,6.176824378189269,0.590377699582479,0.5,0.5,0.75,0.31232211,0.97548687,0.75,0.97548687,0.31232211,0.25,0.68767789,0.02451313,0.25,0.02451313,0.68767789,0.5,0.5,0.5,0.0,0.5,0.5,0.75,0.73106015,0.73106015,0.25,0.26893985,0.26893985
mp-8452,4.00926097,4.00926097,6.47945416,0.5,0.5,0.5,0.25,0.25,0.6485520300000001,0.75,0.75,0.35144797,0.25,0.75,0.0,0.75,0.25,0.0,0.25,0.25,0.21674588,0.75,0.75,0.78325412
mp-8454,3.258955,3.258955,3.258955,0.5,0.5,0.5,0.0,0.0,0.0,0.5,0.5,0.5
mp-8455,3.702137,3.702137,3.702137,0.5,0.5,0.5,0.0,0.0,0.0,0.5,0.5,0.5
mp-8459,4.890577340014013,4.8905766357956875,7.18375609,0.5,0.5,0.632259099677088,0.0,0.0,0.5,0.0,0.0,0.0,0.63816894,0.36183106,0.25,0.36183106,0.63816894,0.75,0.24205239,0.30382625,0.75,0.75794761,0.69617375,0.25,0.30382625,0.24205239,0.25,0.69617375,0.75794761,0.75,0.26639597,0.73360403,0.92104949,0.73360403,0.26639597,0.42104949,0.73360403,0.26639597,0.07895051,0.26639597,0.73360403,0.57895051
mp-8579,4.39565241,4.395653137325032,7.26815684,0.5,0.5,0.6666666808814169,0.0,0.0,0.0,0.666667,0.333333,0.37456881000000003,0.333333,0.666667,0.62543119,0.666667,0.333333,0.74216187,0.333333,0.666667,0.25783813
mp-8615,5.2252151426193665,5.225214787044518,5.22521488559328,0.5897696967311649,0.5897696906002367,0.6462305365732306,0.125,0.875,0.25,0.875,0.125,0.75,0.625,0.375,0.25,0.375,0.625,0.75,0.79909909,0.37165503,0.07255593,0.72654316,0.79909909,0.9274440700000001,0.27345684,0.20090091000000002,0.07255593,0.20090091000000002,0.62834497,0.9274440700000001,0.20090091000000002,0.27345684,0.57255593,0.62834497,0.20090091000000002,0.42744407,0.79909909,0.72654316,0.42744407,0.37165503,0.79909909,0.57255593
mp-861937,5.6732930679414055,5.6732930679414055,5.6732930679414055,0.33333333333333337,0.33333333333333337,0.33333333333333337,0.5,0.5,0.5,0.0,0.0,0.0,0.249999,0.249999,0.249999,0.75,0.75,0.75
mp-861979,6.012023601899633,6.012023098015248,6.302723642345855,0.6582547454433577,0.3417452618912694,0.6666682143128759,0.64819549,0.35180426,0.05541545,0.85180395,0.14819528,0.44458593,0.14819505,0.85180372,0.55541407,0.35180451,0.64819474,0.94458555,0.54665176,0.74999826,0.24999484,0.25000589,0.04665449,0.25000142000000003,0.95334872,0.45335091,0.2499981,0.04665128,0.54665009,0.750002899999999,0.74999311,0.95334551,0.74999958,0.45334624,0.25000174000000003,0.75000616
mp-8621,3.7690503513755385,6.38687444052263,6.3868753671704805,0.39233336280528663,0.40465968518341905,0.40465968939944574,0.20002361,0.29997639,0.29997639,0.79997639,0.70002361,0.70002361,0.0,0.0,0.0,0.5,0.778865199999999,0.2211348,0.5,0.2211348,0.778865199999999
mp-8623,3.9882502869959247,6.808543279822142,6.808542686302845,0.39579235353273934,0.40538446246944637,0.40538445923055655,0.20646917,0.29353083,0.29353083,0.79353083,0.70646917,0.70646917,0.5,0.77844682,0.22155318000000002,0.5,0.22155318000000002,0.77844682,0.0,0.0,0.0
mp-862631,5.872050064394141,5.872050064394141,5.872050064394141,0.33333333333333337,0.33333333333333337,0.33333333333333337,0.0,0.0,0.0,0.5,0.5,0.5,0.750000999999999,0.750000999999999,0.750000999999999,0.25,0.25,0.25
mp-862868,7.10686483,7.10686483,4.58252113,0.5,0.5,0.5,0.0,0.0,0.0,0.5,0.5,0.499998999999999,0.30115605,0.30115605,0.0,0.69884495,0.69884495,0.0,0.8011540500000001,0.19884395,0.499998999999999,0.19884395,0.8011540500000001,0.499998999999999
mp-862871,6.74784753,6.74784753,4.4347712,0.5,0.5,0.5,0.0,0.0,0.0,0.5,0.5,0.500001,0.30290689,0.30290689,0.0,0.69709311,0.69709311,0.0,0.80290689,0.19709111,0.500001,0.19709111,0.80290689,0.500001
mp-862947,5.934072535634492,5.934072535634492,5.934072535634492,0.33333333333333337,0.33333333333333337,0.33333333333333337,0.5,0.5,0.5,0.0,0.0,0.0,0.750000999999999,0.750000999999999,0.750000999999999,0.250001,0.250001,0.250001
mp-864954,2.91087386,2.910873862729689,10.52584666,0.5,0.5,0.6666667951193684,0.0,0.0,0.0,0.0,0.0,0.5,0.666666,0.333331,0.25,0.333335,0.6666700000000001,0.75,0.333333,0.666666,0.12743637,0.333333,0.666666,0.37256363000000003,0.666667999999999,0.333335,0.62743637,0.666667999999999,0.333335,0.87256363
mp-865185,3.784969971160967,3.784985902470796,6.414493850617873,0.5000059333668389,0.49999170220218203,0.6666522402160923,4e-08,1e-08,1e-08,0.66669571,0.3333469,0.37386033,0.33330409,0.66665327,0.62613967,0.33337638,0.66668781,0.2637991,0.66662277,0.33331301,0.736200899999999
mp-865427,4.766392,5.314263457506883,5.314263457506883,0.6666666291459907,0.5,0.5,0.0,0.666667,0.333333,0.5,0.333333,0.666667,0.5,0.0,0.0,0.5,0.283219,0.14161,0.5,0.8583900000000001,0.14161,0.5,0.8583900000000001,0.716781,0.0,0.333333,0.666667
mp-865500,7.94834719,3.94986172,3.94986172,0.5,0.5,0.5,0.0,0.0,0.0,0.5,0.0,0.0,0.25163683,0.5,0.5,0.74836417,0.5,0.5,0.19948253,0.5,0.0,0.80051647,0.5,0.0,0.5,0.5,0.5,0.19948253,0.0,0.5,0.80051647,0.0,0.5
mp-8658,4.9949251,4.9949251,8.1072423,0.5,0.5,0.5,0.25,0.25,0.65137117,0.75,0.75,0.34862883,0.25,0.75,0.0,0.75,0.25,0.0,0.75,0.75,0.80636536,0.25,0.25,0.19363464
mp-866132,5.325356113374011,5.325356113374011,5.325356113374011,0.33333333333333337,0.33333333333333337,0.33333333333333337,0.0,0.0,0.0,0.500001,0.500001,0.500001,0.75,0.75,0.75,0.25,0.25,0.25
mp-866291,4.412199717226181,4.412199717226181,4.412199717226181,0.33333333333333337,0.33333333333333337,0.33333333333333337,0.0,0.0,0.0,0.25,0.25,0.25
mp-8703,6.487318526727798,6.487318622952881,6.48731779,0.6081734870344091,0.6081734885898267,0.6081733550273509,0.0,0.5,0.5,0.5,0.0,0.5,0.5,0.5,0.0,0.0,0.0,0.0,0.38417576000000003,0.38417576000000003,0.38417576000000003,0.0,0.61582424,0.0,0.61582424,0.0,0.0,0.0,0.0,0.61582424
mp-8724,6.2913570100000795,6.291358110589314,7.02773718,0.5,0.5,0.6666666128414622,0.0,0.0,0.0,0.333333,0.666667,0.62217139,0.0,0.0,0.5,0.666667,0.333333,0.37782861,0.666667,0.333333,0.85856473,0.333333,0.666667,0.14143527,0.89460576,0.27411053,0.73634741,0.37950478,0.10539424,0.73634741,0.72588947,0.62049522,0.73634741,0.10539424,0.72588947,0.26365259,0.27411053,0.37950478,0.26365259,0.62049522,0.89460576,0.26365259
mp-8752,8.97946618396072,8.979465601994773,8.979466040208194,0.17915503507421954,0.17915506834202896,0.17915503497788457,0.79312847,0.79312847,0.79312847,0.59309003,0.59309003,0.59309003,0.20687153,0.20687153,0.20687153,0.40690897,0.40690897,0.40690897,0.0,0.0,0.0,0.09395307,0.09395307,0.09395307,0.90604693,0.90604693,0.90604693
mp-8753,9.600603902830636,9.600604061683494,9.600603995829271,0.19084135553104448,0.19084134664215185,0.19084135008990044,0.20753849,0.20753849,0.20753849,0.79246151,0.79246151,0.79246151,0.39031279,0.39031279,0.39031279,0.60968721,0.60968721,0.60968721,0.0,0.0,0.0,0.08840669,0.08840669,0.08840669,0.91159331,0.91159331,0.91159331
mp-8756,4.50147408,4.50147408,7.20714494,0.5,0.5,0.5,0.25,0.25,0.66235907,0.75,0.75,0.33764093,0.25,0.75,0.0,0.75,0.25,0.0,0.25,0.25,0.19201154,0.75,0.75,0.80798846
mp-8759,5.9518464700000004,6.871475805840863,6.871474622349654,0.6196037638993283,0.5,0.5,0.25,0.8090088400000001,0.48261464,0.75,0.19099116,0.51738536,0.75,0.51738536,0.19099116,0.25,0.48261464,0.8090088400000001,0.25,0.08360847,0.08360847,0.75,0.9163915300000001,0.9163915300000001,0.75,0.667953399999999,0.667953399999999,0.25,0.332046599999999,0.332046599999999,0.5,0.11751907,0.88248093,0.0,0.11751907,0.88248093,0.5,0.88248093,0.11751907,0.0,0.88248093,0.11751907
mp-8789,4.546088593648021,4.546089036021199,8.347040942131278,0.5877900321485564,0.5877900067465576,0.5000000221253333,0.6713968,0.6713968,0.3427936,0.3286032,0.3286032,0.6572064,0.5,0.0,0.0,0.0,0.5,0.0,0.86314396,0.86314396,0.72628793,0.13685604,0.13685604,0.27371207000000003,0.5,0.5,0.0
mp-8812,5.969870962416878,5.969871342997854,5.96987042,0.33333330017893814,0.33333328846314375,0.33333336809958375,0.25,0.25,0.25,0.75,0.75,0.75,0.0,0.0,0.0,0.21455416,0.7854458400000001,0.7854458400000001,0.21455416,0.7854458400000001,0.21455416,0.7854458400000001,0.21455416,0.7854458400000001,0.7854458400000001,0.21455416,0.21455416,0.7854458400000001,0.7854458400000001,0.21455416,0.21455416,0.21455416,0.7854458400000001
mp-8818,3.5796304648508874,3.579630998810148,6.767507428132559,0.5851976390509352,0.585197631801272,0.49999999682667484,0.66285743,0.66285743,0.32571485,0.33714257000000003,0.33714257000000003,0.67428515,0.0,0.0,0.0,0.85432864,0.85432864,0.70865829,0.14567136,0.14567136,0.29134171000000003
mp-8830,5.400422330886958,5.400422476224173,5.4004219987292075,0.1863927195301199,0.18639268204276122,0.18639273061838071,0.0,0.0,0.0,0.5,0.5,0.5,0.7659173300000001,0.7659173300000001,0.7659173300000001,0.23408267,0.23408267,0.23408267
mp-8857,6.38183078,7.088017931937238,8.405551314091058,0.6385409190354955,0.5,0.5,0.25,0.20815035,0.416300699999999,0.75,0.7918496500000001,0.583699299999999,0.25,0.58623935,0.17247871,0.75,0.41376065,0.82752129,0.75,0.26971697,0.20071237,0.25,0.73028303,0.79928763,0.25,0.0690046,0.79928763,0.75,0.930995399999999,0.20071237,0.0,0.0,0.0,0.5,0.0,0.0
mp-886,3.0475673512436487,5.817410123235171,6.326485869472479,0.5741750482070105,0.5774287536006668,0.4999999889313466,0.6588383,0.31473034,0.31767659,0.3411617,0.68526966,0.68232341,0.0904734,0.794786,0.18094879,0.9095266,0.205213999999999,0.81905121,0.49646913000000004,0.25666409,0.99293825,0.50353087,0.74333591,0.00706175,0.17337106,0.56323016,0.34674212,0.82662894,0.43676984,0.6532578800000001,0.83549552,0.8908459200000001,0.67099003,0.16450448,0.10915408,0.32900997
mp-8873,4.756144511223665,4.756144511223665,4.756144511223665,0.6816092954556658,0.6816092954556658,0.4744513560854074,0.5,0.5,0.0,0.0,0.0,0.0,0.25,0.75,0.5,0.300664,0.419616999999999,0.455084999999999,0.964532,0.845579,0.544914999999999,0.154421,0.699336,0.118952999999999,0.580383,0.035468,0.881046999999999
mp-8874,4.668738324383687,4.668738324383687,4.668738324383687,0.6837024634986897,0.6837024634986897,0.47092256008367617,0.5,0.5,0.0,0.0,0.0,0.0,0.25,0.75,0.5,0.144236,0.024950000000000003,0.425114,0.599835999999999,0.719121999999999,0.574886,0.9750500000000001,0.400163999999999,0.119286999999999,0.280877999999999,0.855764,0.880713
mp-8880,3.86348275,3.8634828278168944,6.34144315,0.5,0.5,0.6666666149219167,0.333333,0.666667,6.900000000000002e-05,0.666667,0.333333,0.500069,0.333333,0.666667,0.374930999999999,0.666667,0.333333,0.874931
mp-8881,4.002394,4.002394103962526,6.577805,0.5,0.5,0.6666666618930618,0.333333,0.666667,0.000683,0.666667,0.333333,0.500683,0.333333,0.666667,0.375316999999999,0.666667,0.333333,0.875317
mp-8882,3.8417198200000002,3.841717949263,6.33293273,0.5,0.5,0.6666666116893641,0.666667,0.333333,0.50005449,0.333333,0.666667,5.449e-05,0.666667,0.333333,0.87394551,0.333333,0.666667,0.37394551
mp-8891,6.738690790483416,6.738690790483416,6.738690090663764,0.2599823335514395,0.2599823335514395,0.25998231185959003,0.789582999999999,0.789582999999999,0.789582999999999,0.210417,0.210417,0.210417,0.0,0.0,0.0,0.597299,0.597299,0.597299,0.402701,0.402701,0.402701,0.297327,0.74624,0.74624,0.25376000000000004,0.25376000000000004,0.702673,0.25376000000000004,0.702673,0.25376000000000004,0.702673,0.25376000000000004,0.25376000000000004,0.74624,0.74624,0.297327,0.74624,0.297327,0.74624
mp-8922,5.26329933,5.263299733035355,4.8221408,0.5,0.5,0.6666666529432259,0.0,0.0,0.0,0.333333,0.666667,0.5,0.666667,0.333333,0.5,0.36588076,0.36588076,0.7238038800000001,0.63411924,0.0,0.7238038800000001,0.0,0.63411924,0.7238038800000001,0.36588076,0.0,0.27619612,0.0,0.36588076,0.27619612,0.63411924,0.63411924,0.27619612
mp-8930,6.572512913423478,7.028890678366191,8.254060070304059,0.6400016070434864,0.630343531156909,0.500000000141859,0.64224254,0.30849138,0.28448508,0.35775746,0.69150862,0.71551492,0.85775746,0.02400631,0.71551492,0.14224254,0.97599369,0.28448508,0.25,0.5,0.0,0.75,0.5,0.0,0.8971729700000001,0.56913302,0.79434695,0.10282703,0.43086698,0.20565305,0.60282703,0.77478707,0.20565305,0.39717297,0.22521293,0.79434695
mp-8932,6.198924609074064,7.5370126755807325,8.665071580827403,0.6432189814611345,0.6164376533452507,0.4999999892545683,0.14861126,0.9821156600000001,0.29722252,0.85138874,0.017884340000000002,0.7027774800000001,0.35138874000000003,0.68489414,0.7027774800000001,0.64861126,0.31510586,0.29722252,0.75,0.5,0.0,0.25,0.5,0.0,0.58599155,0.7360691500000001,0.17198409,0.91400845,0.56408706,0.82801591,0.08599155,0.43591294,0.17198409,0.41400845000000003,0.26393085,0.82801591
mp-8934,6.9856087369894695,7.806428767497029,9.107334752637072,0.6409856603944155,0.6252867194619118,0.5000000683421371,0.14693961,0.98389465,0.29388023,0.85306039,0.01610535,0.70611977,0.35306039,0.69001542,0.70611977,0.64693961,0.30998458,0.29388023,0.25,0.5,0.0,0.75,0.5,0.0,0.40261362,0.22818235,0.80522824,0.59738638,0.77181765,0.19477176000000002,0.09738638000000001,0.4229541,0.19477176000000002,0.90261362,0.5770459,0.80522824
mp-8943,5.444334324400733,5.4443353131789,5.568626663420406,0.585259856964936,0.5852598956223862,0.6516471099569848,0.75559752,0.25559752,0.5,0.00559752,0.00559752,0.0,0.9824096600000001,0.74206943,0.16816139,0.57390703,0.81424827,0.83183861,0.05349851,0.31045258000000003,0.3278663,0.98258628,0.72563121,0.6721337,0.06045258,0.30349851,0.8278662999999991,0.47563121,0.23258628,0.1721337,0.56424827,0.82390703,0.33183861000000003,0.49206943000000003,0.23240966000000002,0.66816139
mp-8963,4.651847435185158,4.65184740634632,7.959759512219642,0.5943907079353741,0.5943906713536624,0.5000000112991841,0.35662697,0.35662697,0.71325594,0.64337303,0.64337303,0.28674406,0.0,0.0,0.0,0.155361399999999,0.155361399999999,0.3107238,0.8446386,0.8446386,0.6892762,0.5,0.0,0.0,0.0,0.5,0.0
mp-8978,6.337315615390607,6.33731616926021,6.33731633,0.33333335796109215,0.333333341899388,0.3333333720157894,0.375,0.375,0.375,0.625,0.625,0.625,0.875,0.875,0.875,0.125,0.125,0.125,0.0,0.5,0.0,0.5,0.0,0.0,0.0,0.0,0.0,0.0,0.0,0.5
mp-9107,6.811932176342994,6.811932176342994,9.80788,0.5,0.5,0.8243405729524754,0.249156,0.750844,0.75,0.750844,0.249156,0.25,0.0,0.0,0.5,0.0,0.0,0.0,0.529663,0.470337,0.75,0.470337,0.529663,0.25,0.078026,0.921974,0.25,0.630593,0.369407,0.93991,0.921974,0.078026,0.75,0.630593,0.369407,0.5600900000000001,0.369407,0.630593,0.060090000000000005,0.369407,0.630593,0.43991
mp-9124,4.175410796312467,4.175411316923127,4.17541176,0.33333340185964844,0.33333337894553067,0.33333338690969644,0.25,0.25,0.25,0.75,0.75,0.75,0.0,0.0,0.0
mp-9125,5.25791554,5.257915548731438,5.02144323,0.5,0.5,0.6666667013137946,0.0,0.0,0.0,0.333333,0.666667,0.5,0.666667,0.333333,0.5,0.36817111,0.36817111,0.71712232,0.63182889,0.0,0.71712232,0.0,0.63182889,0.71712232,0.36817111,0.0,0.28287768,0.0,0.36817111,0.28287768,0.63182889,0.63182889,0.28287768
mp-9127,5.32814826,5.32814695493004,5.81558169,0.5,0.5,0.666666677189017,0.0,0.0,0.0,0.666667,0.333333,0.5,0.333333,0.666667,0.5,0.38629843,0.38629843,0.69293191,0.61370157,0.0,0.69293191,0.0,0.61370157,0.69293191,0.38629843,0.0,0.30706809,0.0,0.38629843,0.30706809,0.61370157,0.61370157,0.30706809
mp-9143,4.9941894246198135,4.994189474997569,4.994189861388688,0.31931560406125153,0.31931562525052065,0.31931560420726945,0.5,0.5,0.5,0.0,0.0,0.0,0.32608429,0.7813682,0.116938599999999,0.116938599999999,0.32608429,0.7813682,0.7813682,0.116938599999999,0.32608429,0.8830614,0.6739157100000001,0.2186318,0.2186318,0.8830614,0.6739157100000001,0.6739157100000001,0.2186318,0.8830614
mp-9144,5.1629293016465985,5.16292930501557,5.162929549617902,0.3138090021492956,0.3138090022289877,0.31380902820551443,0.5,0.5,0.5,0.0,0.0,0.0,0.22922947000000002,0.88810436,0.64998616,0.64998616,0.22922947000000002,0.88810436,0.88810436,0.64998616,0.22922947000000002,0.35001384,0.7707705300000001,0.11189564,0.11189564,0.35001384,0.7707705300000001,0.7707705300000001,0.11189564,0.35001384
mp-9158,2.697145853197322,3.1555873237129743,4.988408512420158,0.45474869525390293,0.4128634794234128,0.35944367199698357,0.0,0.5,0.5,0.0,0.0,0.0,0.57527605,0.10159011,0.7478558,0.42472395,0.89840989,0.2521442
mp-9166,5.077432978872589,5.077433405614756,5.077433430123213,0.20806288254923022,0.2080628339061474,0.20806283455426414,0.0,0.0,0.0,0.5,0.5,0.5,0.41340268,0.41340268,0.41340268,0.58659732,0.58659732,0.58659732
mp-9195,4.263533,4.263533,9.246547,0.5,0.5,0.5,0.0,0.5,0.672423,0.5,0.0,0.327577,0.5,0.5,0.0,0.0,0.0,0.0,0.0,0.5,0.151154999999999,0.5,0.0,0.848845,0.0,0.0,0.5,0.5,0.5,0.5
mp-9198,4.868479046753362,5.537692698396196,6.054658777838359,0.4742670231564631,0.3798684257685734,0.3911668798765224,0.00039349000000000003,0.00011742,2.6410000000000003e-05,0.68036704,0.77703523,0.21706465,0.23821603,0.33831726,0.43106713,0.34590716,0.59924646,0.88523417,0.84662108,0.97133088,0.6971789700000001,0.15641867,0.01146392,0.30925273000000003,0.6334675200000001,0.3998733,0.1179853,0.7635004400000001,0.64198802,0.56459587,0.32909455,0.21916034,0.76839378
mp-9200,5.22438571,5.22438571,5.22438571,0.5,0.5,0.5,0.0,0.5,0.5,0.5,0.5,0.0,0.5,0.0,0.5,0.0,0.0,0.0,0.5,0.5,0.5
mp-9205,4.569794,6.17178,7.376983577337623,0.5,0.5972949872157993,0.5,0.841854999999999,0.25,0.674607,0.158144999999999,0.75,0.325393,0.572392,0.25,0.160013,0.427608,0.75,0.839986999999999,0.353852,0.532754,0.698813,0.646148,0.032754,0.301187,0.646148,0.467246,0.301187,0.353852,0.967245999999999,0.698813,0.944106999999999,0.25,0.083937,0.055893,0.75,0.916063
mp-924128,4.291112859495807,4.291112334278054,4.29111276,0.333333358784594,0.333333381278189,0.3333333939439705,0.0,0.0,0.0,0.25,0.25,0.25,0.5,0.5,0.5
mp-9244,2.73782834,2.7378282664174898,6.97399677,0.5,0.5,0.6666667387307312,0.0,0.0,0.0,0.0,0.0,0.5,0.333333,0.666667,0.25,0.666667,0.333333,0.75,0.333333,0.666667,0.75,0.666667,0.333333,0.25
mp-9259,6.336322776825068,6.336322776825068,6.336323076407596,0.2787073163782405,0.2787073163782405,0.2787073155945851,0.7764409800000001,0.7764409800000001,0.7764409800000001,0.22355902,0.22355902,0.22355902,0.0,0.0,0.0,0.4100098,0.4100098,0.4100098,0.5899902,0.5899902,0.5899902,0.740157,0.29242818,0.740157,0.740157,0.740157,0.29242818,0.29242818,0.740157,0.740157,0.70757182,0.259843,0.259843,0.259843,0.259843,0.70757182,0.259843,0.70757182,0.259843
mp-9262,6.353992884150104,6.353992932188881,6.35399339,0.33333332038130903,0.3333333189918852,0.3333333082961244,0.75,0.75,0.75,0.25,0.25,0.25,0.0,0.0,0.0,0.21778198000000001,0.7822180200000001,0.7822180200000001,0.21778198000000001,0.7822180200000001,0.21778198000000001,0.7822180200000001,0.21778198000000001,0.7822180200000001,0.7822180200000001,0.21778198000000001,0.21778198000000001,0.7822180200000001,0.7822180200000001,0.21778198000000001,0.21778198000000001,0.21778198000000001,0.7822180200000001
mp-9268,8.936869560077985,8.936869803621235,6.054211820000178,0.49999997962999093,0.4999999075659013,0.6666693337258021,0.649470099999999,0.0,0.0,0.3505279,0.3505279,0.0,0.0,0.649470099999999,0.0,0.31523676,1e-06,0.5,0.68476424,0.68476424,0.5,1e-06,0.31523676,0.5,0.0,0.0,0.19896903,0.0,0.0,0.80103097,0.333333,0.666667,0.30002218,0.333333,0.666667,0.69997782,0.666667,0.333333,0.69997782,0.666667,0.333333,0.30002218
mp-927,4.78337532,5.766545905637777,7.49791674590338,0.6255581762606852,0.5,0.5,0.04048855,0.77427506,0.91845882,0.54048855,0.72572494,0.58154118,0.95951145,0.22572494,0.08154118,0.45951145,0.27427506,0.41845882,0.38393146,0.67330889,0.08040032,0.88393146,0.8266911100000001,0.41959968000000003,0.61606854,0.32669111,0.91959968,0.11606854,0.17330889,0.58040032,0.78035616,0.45381907,0.69971911,0.28035616,0.04618093,0.80028089,0.21964384,0.54618093,0.30028089,0.71964384,0.95381907,0.19971911
mp-9273,8.059538579515957,8.059537996877715,8.059537278853924,0.2540185659680509,0.2540186024927912,0.25401861439635626,0.5,0.5,0.5,0.9201334,0.9201334,0.9201334,0.0798666,0.0798666,0.0798666,0.24185725,0.24185725,0.24185725,0.75814275,0.75814275,0.75814275,0.5,0.0,0.5,0.0,0.5,0.5,0.5,0.5,0.0
mp-9307,4.1967492379126945,4.1967481116337755,7.137977581462442,0.5949776607380622,0.5949776356742941,0.4999999740066268,0.65471746,0.65471746,0.30943491,0.34528254,0.34528254,0.69056509,0.0,0.0,0.0,0.85929431,0.85929431,0.71858963,0.14070569,0.14070569,0.28141037
mp-9317,7.29990429723547,7.29990429723547,9.80710794,0.5,0.5,0.8344760964568892,0.74502969,0.25497031,0.25,0.25497031,0.74502969,0.75,0.0,0.0,0.0,0.0,0.0,0.5,0.46651415,0.53348585,0.25,0.53348585,0.46651415,0.75,0.06357907,0.93642093,0.25,0.93642093,0.06357907,0.75,0.62085748,0.37914252,0.55493024,0.62085748,0.37914252,0.94506976,0.37914252,0.62085748,0.05493024,0.37914252,0.62085748,0.44506976000000004
mp-9321,4.947177832101396,4.947177911057475,8.663863416630534,0.5921436530449343,0.5921436603842604,0.5000114310522501,0.35778869,0.35778873,0.71560457,0.64221132,0.64221129,0.28439544,5.599999999999997e-07,5.2e-07,2e-08,1.6e-07,0.50000024,1e-08,0.49999974,1.3e-07,0.0,0.83870201,0.83870214,0.67728256,0.16129785,0.16129799,0.32271746
mp-9348,6.272388396218299,6.272388415164086,6.356408523264334,0.6642427943967875,0.6642427864847456,0.49999999133206124,0.5,0.5,0.0,0.25,0.75,0.5,0.75,0.25,0.5,0.0,0.0,0.0,0.8384923400000001,0.72203918,0.0,0.27796082,0.8384923400000001,0.0,0.72203918,0.16150766,0.0,0.16150766,0.27796082,0.0,0.22226896000000002,0.22226896000000002,0.44453692,0.77773104,0.77773104,0.55546308
mp-9384,6.3330557,6.333056658009254,5.19175498,0.5,0.5,0.6666666706315263,0.0,0.0,0.5,0.0,0.5,0.0,0.5,0.0,0.0,0.5,0.5,0.0,0.333333,0.666667,0.72354085,0.666667,0.333333,0.27645915
mp-9386,6.43627982,6.436280564794736,5.27461582,0.5,0.5,0.6666666454004065,0.0,0.0,0.5,0.0,0.5,0.0,0.5,0.0,0.0,0.5,0.5,0.0,0.333333,0.666667,0.69785682,0.666667,0.333333,0.30214318
mp-9437,4.201163902880328,4.201163772018423,4.20116406,0.3333333207358266,0.3333333264602685,0.3333333745484565,0.0,0.0,0.0,0.25,0.25,0.25,0.5,0.5,0.5
mp-9486,3.68302049,5.89109005,5.89109005,0.5,0.5,0.5,0.5,0.5,0.0,0.5,0.0,0.5,0.0,0.0,0.0,0.0,0.78548275,0.78548275,0.0,0.21451725,0.78548275,0.0,0.78548275,0.21451725,0.5,0.0,0.0,0.0,0.21451725,0.21451725
mp-9514,3.3906463713169783,3.3906463713169783,5.823716,0.5,0.5,0.6666667069181414,0.0,0.0,0.0,0.333333,0.666667,0.649991,0.666667,0.333333,0.350008999999999,0.666667,0.333333,0.72992,0.333333,0.666667,0.27008000000000004
mp-9562,3.73657199,3.73657199,6.16510828,0.5,0.5,0.5,0.25,0.25,0.34689442,0.75,0.75,0.65310558,0.25,0.75,0.0,0.75,0.25,0.0,0.25,0.25,0.77650437,0.75,0.75,0.22349563
mp-9564,4.35434578,4.354346698664385,7.11395737,0.5,0.5,0.666666713879832,0.0,0.0,0.0,0.666667,0.333333,0.36502777000000003,0.333333,0.666667,0.63497223,0.333333,0.666667,0.25097891,0.666667,0.333333,0.7490210900000001
mp-9565,4.6687030499999995,4.668702883321332,7.55267646,0.5,0.5,0.6666667129848121,0.0,0.0,0.0,0.666667,0.333333,0.36872006,0.333333,0.666667,0.63127994,0.333333,0.666667,0.24514664,0.666667,0.333333,0.75485336
mp-9567,4.79853976,4.798539091318505,8.20590387,0.5,0.5,0.6666666134840374,0.0,0.0,0.0,0.666667,0.333333,0.3766579,0.333333,0.666667,0.6233421,0.666667,0.333333,0.7305075600000001,0.333333,0.666667,0.26949244
mp-9569,4.01543383,4.015433201648926,6.81288469,0.5,0.5,0.6666666491995535,0.0,0.0,0.0,0.333333,0.666667,0.63327501,0.666667,0.333333,0.36672499000000003,0.666667,0.333333,0.736249199999999,0.333333,0.666667,0.2637508
mp-9570,4.29230708,4.292306623974901,7.05544856,0.5,0.5,0.6666666425199255,0.0,0.0,0.0,0.333333,0.666667,0.63810599,0.666667,0.333333,0.36189401,0.666667,0.333333,0.75947215,0.333333,0.666667,0.24052785000000002
mp-9571,4.14855242,4.148552355349982,7.00734228,0.5,0.5,0.6666666695305912,0.0,0.0,0.0,0.333333,0.666667,0.630466499999999,0.666667,0.333333,0.369533499999999,0.333333,0.666667,0.26048876,0.666667,0.333333,0.73951124
mp-9573,3.81814943,3.818150417041033,8.84438782,0.5,0.5,0.6666666677717342,0.0,0.0,0.0,0.0,0.0,0.5,0.666667,0.333333,0.25,0.333333,0.666667,0.75,0.333333,0.666667,0.25,0.666667,0.333333,0.75
mp-9575,4.172425210695214,4.172425210695214,6.780787,0.5,0.5,0.6666665971361135,0.0,0.0,0.152597999999999,0.0,0.0,0.652598,0.333333,0.666667,0.007226,0.666667,0.333333,0.507226,0.333333,0.666667,0.390175,0.666667,0.333333,0.890174999999999
mp-9583,4.044589745472856,4.044590435860276,7.11934875630127,0.5916801965246805,0.5916801918331026,0.5000000303203664,0.35478815,0.35478815,0.7095753,0.64521185,0.64521185,0.2904247,0.0,0.0,0.0,0.5,0.0,0.0,0.0,0.5,0.0,0.8446341900000001,0.8446341900000001,0.68926738,0.15536581,0.15536581,0.31073262
mp-9595,4.878777709708911,5.184824140390205,5.82994811,0.5,0.5,0.5047800442441926,0.0,0.75,0.17928201,0.0,0.25,0.82071799,0.5,0.75,0.68065609,0.5,0.25,0.31934391,0.26128054,0.40289892,0.61712216,0.73871946,0.09710108,0.61712216,0.73871946,0.5971010800000001,0.38287784,0.26128054,0.90289892,0.38287784,0.21611699,0.43666812,0.10285143000000001,0.78388301,0.06333188000000001,0.10285143000000001,0.78388301,0.56333188,0.89714857,0.21611699,0.93666812,0.89714857
mp-9610,3.636013439188596,3.6360142476597135,5.054893898770275,0.6171048835254588,0.6171048651289232,0.5000000463135769,0.75,0.25,0.5,0.25,0.75,0.5,0.0,0.0,0.0,0.14128495,0.14128495,0.2825679,0.85871505,0.85871505,0.7174321
mp-961648,5.20761941190963,5.20761941190963,5.20761941190963,0.33333333333333337,0.33333333333333337,0.33333333333333337,0.75,0.75,0.75,0.5,0.5,0.5,0.0,0.0,0.0
mp-961683,4.258535033346795,4.258535033346795,4.258535033346795,0.33333333333333337,0.33333333333333337,0.33333333333333337,0.5,0.5,0.5,0.25,0.25,0.25,0.0,0.0,0.0
mp-961684,4.72466689457278,4.72466689457278,4.72466689457278,0.3333333333333333,0.3333333333333333,0.3333333333333333,0.5,0.5,0.5,0.0,0.0,0.0,0.25,0.25,0.25
mp-961685,4.894251791442135,4.8942518872674645,4.89425333,0.33333335485068627,0.33333335168608486,0.333333393571777,0.5,0.5,0.5,0.0,0.0,0.0,0.25,0.25,0.25
mp-961698,4.052922523513372,4.052922523513372,4.052922523513372,0.33333333333333337,0.33333333333333337,0.33333333333333337,0.0,0.0,0.0,0.25,0.25,0.25,0.5,0.5,0.5
mp-961774,5.340436692833461,5.340436692833461,5.340436692833461,0.3333333333333333,0.3333333333333333,0.3333333333333333,0.5,0.5,0.5,0.75,0.75,0.75,0.0,0.0,0.0
mp-9631,2.877864289999999,2.877865097139417,12.24930776,0.5,0.5,0.6666666783438789,0.0,0.0,0.0,0.0,0.0,0.5,0.666667,0.333333,0.75,0.333333,0.666667,0.25,0.333333,0.666667,0.42217883,0.666667,0.333333,0.92217883,0.333333,0.666667,0.07782117,0.666667,0.333333,0.57782117
mp-9636,5.2536946338053765,5.253695028608011,5.253695856780608,0.5350128775018222,0.5350128845796276,0.5350129224959534,0.5,0.5,0.5,0.0,0.0,0.0,0.69557008,0.07818751,0.81084108,0.07818751,0.81084108,0.69557008,0.18915892,0.30442992,0.92181249,0.92181249,0.18915892,0.30442992,0.30442992,0.92181249,0.18915892,0.81084108,0.69557008,0.07818751
mp-9657,5.462122368526257,5.4621236784222456,5.462122762241012,0.29056210664737814,0.29056209403217637,0.2905620705516521,0.86580979,0.86580979,0.86580979,0.13419021,0.13419021,0.13419021,0.66120175,0.66120175,0.66120175,0.33879825,0.33879825,0.33879825,0.06469451,0.70529402,0.44928381,0.44928381,0.06469451,0.70529402,0.29470598,0.55071619,0.9353054900000001,0.9353054900000001,0.29470598,0.55071619,0.55071619,0.9353054900000001,0.29470598,0.70529402,0.44928381,0.06469451
mp-9664,6.463430169577588,6.4634302923770335,8.951776894307011,0.4164313833733965,0.416431370220694,0.48163086066539335,0.65050411,0.34949589000000003,0.25,0.34949589000000003,0.65050411,0.75,0.25264679,0.15271869,0.01823534,0.8472813100000001,0.74735321,0.48176466,0.74735321,0.8472813100000001,0.9817646600000001,0.15271869,0.25264679,0.51823534,0.28260354,0.71739646,0.25,0.71739646,0.28260354,0.75,0.40768834,0.85190382,0.3520972,0.14809618,0.59231166,0.1479028,0.85190382,0.40768834,0.8520972,0.59231166,0.14809618,0.6479028
mp-966800,4.168109266588783,4.168109266588783,6.83999007,0.5,0.5,0.6666664221014351,0.0,0.0,0.00019625,0.333333999999999,0.666667,0.50019625,0.0,0.0,0.37480475,0.333333999999999,0.666667,0.87480375
mp-9672,5.55337962,6.407595828434326,7.568086202464872,0.6391388370169303,0.5,0.5,0.75,0.41547978,0.83095956,0.75,0.78755597,0.5751129500000001,0.25,0.58452022,0.16904044000000001,0.25,0.21244403,0.42488705,0.0,0.0,0.0,0.5,0.0,0.0,0.75,0.26939656,0.20052308,0.25,0.06887347,0.79947692,0.25,0.73060344,0.79947692,0.75,0.93112653,0.20052308
mp-9675,6.942751319767856,6.942750403309338,9.893861526019219,0.42307193559797296,0.423071955539259,0.4964427433330904,0.65759382,0.34240618,0.25,0.34240618,0.65759382,0.75,0.25605824,0.15350725,0.020779910000000002,0.84649275,0.74394176,0.47922009,0.74394176,0.84649275,0.97922009,0.15350725,0.25605824,0.52077991,0.28762689,0.71237311,0.25,0.71237311,0.28762689,0.75,0.40299546,0.8330424200000001,0.35058937,0.16695758,0.59700454,0.14941063000000002,0.8330424200000001,0.40299546,0.85058937,0.59700454,0.16695758,0.64941063
mp-9687,6.134710590470573,6.134708657703509,6.19794041,0.5,0.5,0.5878042061730873,0.9739888800000001,0.31804187,0.75,0.026011120000000002,0.68195813,0.25,0.68195813,0.026011120000000002,0.25,0.31804187,0.9739888800000001,0.75,0.25194705,0.25194705,0.25,0.74805295,0.74805295,0.75,0.5,0.5,0.5,0.5,0.5,0.0
mp-9692,6.8788755419543826,7.432302371446629,8.644469588471685,0.41854328573104416,0.4069040455112241,0.3712515106592684,0.38857922,0.79753531,0.89029504,0.61142078,0.20246469,0.10970496,0.15260934,0.46280122,0.68033393,0.84739066,0.53719878,0.31966607,0.86018785,0.05847009,0.68371379,0.13981115,0.94152991,0.31628621,0.6645001500000001,0.38443361,0.71572011,0.33549985,0.61556639,0.28427989,0.86629817,0.81558844,0.91128991,0.13370183,0.18441156,0.08871009,0.22378926000000002,0.03619283,0.53492123,0.77621074,0.96380717,0.46507877000000003
mp-971,6.37500949,4.51565428,4.50201309,0.5,0.5,0.5,0.24990177,0.99754293,0.5,0.25009823000000003,0.49754293,0.0,0.74990177,0.5024570700000001,0.0,0.75009823,0.00245707,0.5,0.0,0.0,0.0,0.5,0.5,0.5
mp-9718,6.836485025875225,6.836485406998466,9.615098437506509,0.4181415959568854,0.41814163533630744,0.487981190710272,0.8516902900000001,0.14830971,0.75,0.14830971,0.8516902900000001,0.25,0.24328614,0.34935526,0.98150488,0.65064474,0.75671386,0.51849512,0.75671386,0.65064474,0.01849512,0.34935526,0.24328614,0.48150488,0.78330379,0.21669621,0.25,0.21669621,0.78330379,0.75,0.90631489,0.34817204,0.3558201,0.65182796,0.09368511,0.1441799,0.34817204,0.90631489,0.8558201,0.09368511,0.65182796,0.644179899999999
mp-9720,6.664308268501439,6.66430761605456,9.475298267404483,0.41810366831976126,0.4181037184836213,0.4893973317544435,0.24187719,0.34333703,0.9831975900000001,0.6566629700000001,0.75812281,0.51680241,0.75812281,0.6566629700000001,0.01680241,0.34333703,0.24187719,0.48319759,0.843606699999999,0.156393299999999,0.75,0.156393299999999,0.843606699999999,0.25,0.78289882,0.21710118,0.25,0.21710118,0.78289882,0.75,0.90151971,0.34146172,0.35367892,0.65853828,0.09848029,0.14632108,0.34146172,0.90151971,0.85367892,0.09848029,0.65853828,0.64632108
mp-9731,5.408041130267697,5.408040988217127,6.90944789,0.5,0.5,0.5642613458326106,0.6336569200000001,0.36634308,0.25,0.36634308,0.6336569200000001,0.75,0.0,0.0,0.0,0.0,0.0,0.5,0.20483926,0.79516074,0.25,0.79516074,0.20483926,0.75
mp-9732,7.96893375,7.968934173086372,4.69856292,0.5,0.5,0.6666666566790062,0.0,0.58782111,0.5,0.58782111,0.0,0.5,0.41217889,0.41217889,0.5,0.24176981,0.0,0.0,0.75823019,0.75823019,0.0,0.0,0.24176981,0.0,0.666667,0.333333,0.0,0.0,0.0,0.5,0.333333,0.666667,0.0
mp-974603,5.16786896,5.16786896,3.75936033,0.5,0.5,0.5,0.0,0.0,0.0,0.500001,0.500001,0.500001,0.30600878,0.30600878,0.0,0.69399122,0.69399122,0.0,0.80601078,0.19399022,0.500001,0.19399022,0.80601078,0.500001
mp-975115,7.788300370636797,5.7914692600003495,5.7914692600003495,0.5,0.6212612657618996,0.6212612657619146,0.250001,0.625,0.375,0.75,0.375,0.625,0.75,0.875,0.125,0.250001,0.125,0.875000999999999,0.89769392,0.73203308,0.09068496,0.39769292,0.09068396000000001,0.16565984,0.60230708,0.69299204,0.26796692,0.89769392,0.16566084,0.30700796,0.10230708000000001,0.83434016,0.69299204,0.39769292,0.30700796,0.73203308,0.60230708,0.90931604,0.83434016,0.10230708000000001,0.26796692,0.90931604
mp-975140,4.03390773,4.03390773,10.09839462,0.5,0.5,0.5,0.0,0.0,0.500001,0.0,0.500001,0.15649044,0.0,0.500001,0.84350856,0.500001,0.0,0.84350856,0.500001,0.0,0.15649044,0.0,0.0,0.0,0.500001,0.500001,0.28371354,0.500001,0.500001,0.7162864600000001
mp-9755,4.841601406346634,4.841601251719089,6.260329082620218,0.6263813126693881,0.6263813393988261,0.5000000714199974,0.375,0.125,0.75,0.625,0.875,0.25,0.875,0.625,0.75,0.125,0.375,0.25,0.31205218,0.46685098,0.08591008,0.6190591,0.81205218,0.58591008,0.96685098,0.2738579,0.58591008,0.7738579,0.1190591,0.08591008,0.226142099999999,0.880940899999999,0.91408992,0.03314902,0.7261421,0.41408992,0.380940899999999,0.18794782000000002,0.41408992,0.68794782,0.53314902,0.91408992
mp-976280,4.139868916782453,4.139868916782453,6.69329149,0.5,0.5,0.6666663005923779,0.0,0.0,0.37687524,0.333331999999999,0.666665,0.8768752400000001,0.0,0.0,0.99812276,0.333331999999999,0.666665,0.49812276
mp-976876,5.138368790018304,5.13830985160922,5.194543300031988,0.5000003452857446,0.500001695547891,0.6666688644575979,0.33330263,0.66666419,0.2782363,0.6666363,0.33333248,0.72176522,0.99998925,6.3e-07,1.429999999999999e-06,0.99998704,1.58e-06,0.3778851,0.99998578,8.8e-07,0.62211381
mp-9774,5.313311212809964,5.313311006765197,9.938710913992594,0.5861326777639464,0.5861326844356021,0.5000000186937381,0.67066324,0.67066324,0.34132848,0.32933676,0.32933676,0.6586715200000001,0.0,0.5,0.0,0.5,0.0,0.0,0.8625042900000001,0.8625042900000001,0.72500759,0.13749571,0.13749571,0.27499241,0.5,0.5,0.0
mp-9775,7.82717363,7.827174537724723,4.5846817600000005,0.5,0.5,0.666666669068015,0.24212468,0.0,0.0,0.75787532,0.75787532,0.0,0.0,0.24212468,0.0,0.0,0.58478902,0.5,0.58478902,0.0,0.5,0.41521098,0.41521098,0.5,0.666667,0.333333,0.0,0.0,0.0,0.5,0.333333,0.666667,0.0
mp-9778,5.93323237,6.248831749108729,6.248832413462716,0.5765984306870574,0.5,0.5,0.75,0.31050117,0.96950006,0.75,0.96950006,0.31050117,0.25,0.68949883,0.03049994,0.25,0.03049994,0.68949883,0.5,0.5,0.5,0.0,0.5,0.5,0.75,0.75177932,0.75177932,0.25,0.24822068,0.24822068
mp-9780,4.246102,9.274198,11.072397186246977,0.37419159719842054,0.5,0.5,0.75,0.747869,0.282327,0.25,0.252131,0.717673,0.25,0.693533,0.832257999999999,0.75,0.306467,0.167742,0.25,0.075421,0.398627,0.75,0.924578999999999,0.601372999999999,0.25,0.7388,0.5641700000000001,0.75,0.894386999999999,0.862240999999999,0.75,0.456397,0.8750800000000001,0.75,0.2612,0.43583000000000005,0.25,0.543603,0.12492,0.25,0.105613,0.137759
mp-9794,7.204778109606807,7.868010642238466,9.159848220688088,0.40034195930656696,0.3713401761067073,0.3486187737354796,0.81116553,0.55861867,0.81905027,0.18883447,0.44138133,0.18094973,0.58755306,0.19573581,0.62915907,0.41244694,0.80426419,0.37084093,0.88043832,0.05422146,0.184902899999999,0.11956168,0.9457785400000001,0.815097099999999,0.29889192000000003,0.62695733,0.7752588300000001,0.70110808,0.37304267,0.22474117000000002,0.24824097,0.0,0.0,0.75175903,0.0,0.0,0.88761166,0.81712876,0.40764792,0.11238834,0.18287124,0.5923520800000001
mp-9821,5.046214532630899,5.046214759996878,5.046215462206524,0.5379704288852774,0.5379703674643757,0.5379703552693782,0.5,0.5,0.5,0.0,0.0,0.0,0.20261545,0.31607388000000003,0.92236736,0.31607388000000003,0.92236736,0.20261545,0.07763264,0.79738455,0.68392612,0.68392612,0.07763264,0.79738455,0.79738455,0.68392612,0.07763264,0.92236736,0.20261545,0.31607388000000003
mp-983565,6.1122489303110905,6.1122489303110905,6.1122489303110905,0.7153406283891438,0.7153406283891438,0.41886075187839117,0.0,0.0,0.0,0.75,0.25,0.5,0.5,0.5,0.0,0.25,0.75,0.5,0.875,0.82880431,0.45380431,0.375,0.42119569,0.54619569,0.17119569,0.625,0.04619569,0.57880431,0.125,0.95380431
mp-9839,5.641768833422546,5.641768833422546,5.641768833422546,0.3333333333333333,0.3333333333333333,0.3333333333333333,0.25,0.25,0.25,0.75,0.75,0.75,0.5,0.5,0.5,0.0,0.0,0.0,0.768782,0.768782,0.231217999999999,0.231217999999999,0.768782,0.768782,0.231217999999999,0.231217999999999,0.768782,0.768782,0.231217999999999,0.768782,0.231217999999999,0.768782,0.231217999999999,0.768782,0.231217999999999,0.231217999999999
mp-9844,8.809153798502612,8.809153798502612,8.809153974419111,0.18522550550410108,0.18522550550410108,0.1852254850749258,0.0,0.0,0.0,0.567825,0.567825,0.567825,0.432175,0.432175,0.432175,0.737775,0.737775,0.737775,0.262225,0.262225,0.262225,0.959407999999999,0.483738,0.352315999999999,0.483738,0.352315999999999,0.959407999999999,0.352315999999999,0.959407999999999,0.483738,0.5,0.5,0.5,0.516262,0.040591999999999004,0.647683999999999,0.040591999999999004,0.647683999999999,0.516262,0.647683999999999,0.516262,0.040591999999999004
mp-9845,5.15632712,5.15632712,7.93134729,0.5,0.5,0.5,0.75,0.75,0.37296639,0.25,0.25,0.62703361,0.25,0.75,0.0,0.75,0.25,0.0,0.25,0.25,0.18465812,0.75,0.75,0.81534188
mp-9846,5.38931429,5.38931429,8.52838083,0.5,0.5,0.5,0.25,0.25,0.634084299999999,0.75,0.75,0.3659157,0.25,0.75,0.0,0.75,0.25,0.0,0.75,0.75,0.80406899,0.25,0.25,0.19593101000000002
mp-984761,6.315417598607182,6.315417598607182,6.315417598607182,0.33333333333333337,0.33333333333333337,0.33333333333333337,0.249999,0.249999,0.249999,0.0,0.0,0.0,0.5,0.5,0.5,0.75,0.75,0.75
mp-9855,3.732264,7.390573708182133,9.762008999999999,0.5,0.5,0.5812533112198566,0.254681999999999,0.509363999999999,0.25,0.745317999999999,0.490635999999999,0.75,0.0,0.0,0.0,0.0,0.0,0.5,0.534552,0.069104,0.25,0.465448,0.930896,0.75,0.380623999999999,0.761247999999999,0.551186,0.619375999999999,0.238752,0.448814,0.619375999999999,0.238752,0.051185999999999,0.063108,0.126216,0.75,0.936892,0.873784,0.25,0.380623999999999,0.761247999999999,0.948813999999999
mp-985586,4.53313,4.53313,4.53313,0.5,0.5,0.5,0.0,0.5,0.5,0.5,0.0,0.5,0.5,0.5,0.0,0.0,0.0,0.0,0.5,0.5,0.5
mp-9856,7.18261606,8.175874118192363,8.175874798086284,0.6012050109271184,0.5,0.5,0.25,0.81805776,0.5075712,0.75,0.18194224,0.4924288,0.75,0.4924288,0.18194224,0.25,0.5075712,0.81805776,0.25,0.08224193,0.08224193,0.75,0.91775807,0.91775807,0.75,0.6584049,0.6584049,0.25,0.3415951,0.3415951,0.5,0.13596489,0.86403511,0.0,0.13596489,0.86403511,0.5,0.86403511,0.13596489,0.0,0.86403511,0.13596489
mp-9872,8.981421477804442,8.981422025478679,8.981422801848463,0.2009228967175872,0.20092285393656364,0.20092290807363816,0.62310468,0.62310468,0.62310468,0.37689532000000003,0.37689532000000003,0.37689532000000003,0.7913638900000001,0.7913638900000001,0.7913638900000001,0.20863611,0.20863611,0.20863611,0.0,0.0,0.0,0.92103626,0.92103626,0.92103626,0.07896374,0.07896374,0.07896374
mp-9881,5.18435620338557,5.184356150901668,6.86853415,0.5,0.5,0.5679734961325282,0.3643049,0.6356951,0.75,0.6356951,0.3643049,0.25,0.0,0.0,0.0,0.0,0.0,0.5,0.78604948,0.21395052,0.75,0.21395052,0.78604948,0.25
mp-989400,6.059241848607959,6.059241848607959,6.059241848607959,0.3333333333333333,0.3333333333333333,0.3333333333333333,0.75,0.75,0.75,0.25,0.25,0.25,0.5,0.5,0.5,0.0,0.0,0.0,0.773772,0.226227999999999,0.226227999999999,0.226227999999999,0.226227999999999,0.773772,0.226227999999999,0.773772,0.773772,0.226227999999999,0.773772,0.226227999999999,0.773772,0.226227999999999,0.773772,0.773772,0.773772,0.226227999999999
mp-989405,7.843788445491884,7.843788445491884,7.843788445491884,0.3333333333333333,0.3333333333333333,0.3333333333333333,0.75,0.75,0.75,0.25,0.25,0.25,0.0,0.0,0.0,0.5,0.5,0.5,0.254073999999999,0.254073999999999,0.745926,0.745926,0.254073999999999,0.745926,0.254073999999999,0.745926,0.254073999999999,0.745926,0.254073999999999,0.254073999999999,0.254073999999999,0.745926,0.745926,0.745926,0.745926,0.254073999999999
mp-989514,7.749697988760078,7.749697988760078,7.749697988760078,0.3333333333333333,0.3333333333333333,0.3333333333333333,0.75,0.75,0.75,0.25,0.25,0.25,0.5,0.5,0.5,0.0,0.0,0.0,0.756537999999999,0.243461999999999,0.243461999999999,0.243461999999999,0.243461999999999,0.756537999999999,0.243461999999999,0.756537999999999,0.756537999999999,0.243461999999999,0.756537999999999,0.243461999999999,0.756537999999999,0.243461999999999,0.756537999999999,0.756537999999999,0.756537999999999,0.243461999999999
mp-989520,7.7442659944670025,7.7442659944670025,7.7442659944670025,0.33333333333333337,0.33333333333333337,0.33333333333333337,0.75,0.75,0.75,0.25,0.25,0.25,0.5,0.5,0.5,0.0,0.0,0.0,0.752236,0.247763999999999,0.247763999999999,0.247763999999999,0.247763999999999,0.752236,0.247763999999999,0.752236,0.752236,0.247763999999999,0.752236,0.247763999999999,0.752236,0.247763999999999,0.752236,0.752236,0.752236,0.247763999999999
mp-989522,6.611920751424052,6.611920751424052,6.611920751424052,0.33333333333333337,0.33333333333333337,0.33333333333333337,0.230132999999999,0.769867,0.769867,0.230132999999999,0.769867,0.230132999999999,0.769867,0.230132999999999,0.769867,0.769867,0.769867,0.230132999999999,0.230132999999999,0.230132999999999,0.769867,0.769867,0.230132999999999,0.230132999999999,0.25,0.25,0.25,0.75,0.75,0.75,0.5,0.5,0.5,0.0,0.0,0.0
mp-989523,6.0812653398462535,6.0812653398462535,6.0812653398462535,0.33333333333333337,0.33333333333333337,0.33333333333333337,0.75,0.75,0.75,0.25,0.25,0.25,0.5,0.5,0.5,0.0,0.0,0.0,0.76119904,0.23880096,0.23880096,0.23880096,0.23880096,0.76119904,0.23880096,0.76119904,0.76119904,0.23880096,0.76119904,0.23880096,0.76119904,0.23880096,0.76119904,0.76119904,0.76119904,0.23880096
mp-989526,6.764941487299946,6.764941487299946,6.764941487299946,0.33333333333333337,0.33333333333333337,0.33333333333333337,0.25,0.25,0.25,0.75,0.75,0.75,0.5,0.5,0.5,0.0,0.0,0.0,0.230307999999999,0.769691999999999,0.769691999999999,0.230307999999999,0.769691999999999,0.230307999999999,0.769691999999999,0.230307999999999,0.769691999999999,0.769691999999999,0.769691999999999,0.230307999999999,0.230307999999999,0.230307999999999,0.769691999999999,0.769691999999999,0.230307999999999,0.230307999999999
mp-989527,6.153499182540126,6.153499182540126,6.153499182540126,0.3333333333333333,0.3333333333333333,0.3333333333333333,0.25,0.25,0.25,0.75,0.75,0.75,0.5,0.5,0.5,0.0,0.0,0.0,0.214756,0.785243999999999,0.785243999999999,0.214756,0.785243999999999,0.214756,0.785243999999999,0.214756,0.785243999999999,0.785243999999999,0.785243999999999,0.214756,0.214756,0.214756,0.785243999999999,0.785243999999999,0.214756,0.214756
mp-989529,7.822266943499691,7.822266943499691,7.822266943499691,0.33333333333333337,0.33333333333333337,0.33333333333333337,0.5,0.5,0.5,0.75,0.75,0.75,0.25,0.25,0.25,0.0,0.0,0.0,0.770197999999999,0.229801999999999,0.229801999999999,0.229801999999999,0.229801999999999,0.770197999999999,0.229801999999999,0.770197999999999,0.770197999999999,0.229801999999999,0.770197999999999,0.229801999999999,0.770197999999999,0.229801999999999,0.770197999999999,0.770197999999999,0.770197999999999,0.229801999999999
mp-989531,6.4751465009527,6.4751465009527,6.4751465009527,0.33333333333333337,0.33333333333333337,0.33333333333333337,0.25,0.25,0.25,0.75,0.75,0.75,0.5,0.5,0.5,0.0,0.0,0.0,0.211891,0.788109,0.788109,0.211891,0.788109,0.211891,0.788109,0.211891,0.788109,0.788109,0.788109,0.211891,0.211891,0.211891,0.788109,0.788109,0.211891,0.211891
mp-989532,6.735190676588303,6.735190676588303,6.735190676588303,0.33333333333333337,0.33333333333333337,0.33333333333333337,0.75,0.75,0.75,0.25,0.25,0.25,0.0,0.0,0.0,0.5,0.5,0.5,0.721587,0.278412999999999,0.278412999999999,0.278412999999999,0.278414,0.721587,0.278412999999999,0.721587,0.721586,0.278412999999999,0.721586,0.278414,0.721587,0.278412999999999,0.721586,0.721587,0.721587,0.278412999999999
mp-989535,6.253710355569884,6.253710355569884,6.253710355569884,0.33333333333333337,0.33333333333333337,0.33333333333333337,0.25,0.25,0.25,0.75,0.75,0.75,0.5,0.5,0.5,0.0,0.0,0.0,0.296409,0.703591,0.703591,0.296409,0.703591,0.296409,0.703591,0.296409,0.703591,0.703591,0.703591,0.296409,0.296409,0.296409,0.703591,0.703591,0.296409,0.296409
mp-989536,6.042899196681176,6.042899196681176,6.042899196681176,0.33333333333333337,0.33333333333333337,0.33333333333333337,0.25,0.25,0.25,0.75,0.75,0.75,0.0,0.0,0.0,0.5,0.5,0.5,0.279756,0.720244,0.720244,0.279756,0.720244,0.279756,0.720244,0.279756,0.720244,0.720244,0.720244,0.279756,0.279756,0.279756,0.720244,0.720244,0.279756,0.279756
mp-989537,6.818111674604486,6.818111674604486,6.818111674604486,0.3333333333333333,0.3333333333333333,0.3333333333333333,0.75,0.75,0.75,0.25,0.25,0.25,0.0,0.0,0.0,0.5,0.5,0.5,0.719657,0.280343,0.280343,0.280343,0.280343,0.719657,0.280343,0.719657,0.719657,0.280343,0.719657,0.280343,0.719657,0.280343,0.719657,0.719657,0.719657,0.280343
mp-989538,6.9744756113418305,6.9744756113418305,6.9744756113418305,0.33333333333333337,0.33333333333333337,0.33333333333333337,0.75,0.75,0.75,0.25,0.25,0.25,0.5,0.5,0.5,0.0,0.0,0.0,0.768265,0.231735,0.231735,0.231735,0.231735,0.768265,0.231735,0.768265,0.768265,0.231735,0.768265,0.231735,0.768265,0.231735,0.768265,0.768265,0.768265,0.231735
mp-989539,6.142445689336618,6.142445689336618,6.142445689336618,0.33333333333333337,0.33333333333333337,0.33333333333333337,0.25,0.25,0.25,0.75,0.75,0.75,0.5,0.5,0.5,0.0,0.0,0.0,0.294156,0.705843999999999,0.705843999999999,0.294156,0.705843999999999,0.294156,0.705843999999999,0.294156,0.705843999999999,0.705843999999999,0.705843999999999,0.294156,0.294156,0.294156,0.705843999999999,0.705843999999999,0.294156,0.294156
mp-989541,6.408957063592953,6.408957063592953,6.408957063592953,0.33333333333333337,0.33333333333333337,0.33333333333333337,0.75,0.75,0.75,0.25,0.25,0.25,0.5,0.5,0.5,0.0,0.0,0.0,0.756297999999999,0.243702,0.243702,0.243702,0.243702,0.756297999999999,0.243702,0.756297999999999,0.756297999999999,0.243702,0.756297999999999,0.243702,0.756297999999999,0.243702,0.756297999999999,0.756297999999999,0.756297999999999,0.243702
mp-989545,7.67071416130154,7.67071416130154,7.67071416130154,0.33333333333333337,0.33333333333333337,0.33333333333333337,0.75,0.75,0.75,0.25,0.25,0.25,0.5,0.5,0.5,0.0,0.0,0.0,0.754937,0.24506299999999903,0.24506299999999903,0.24506299999999903,0.24506299999999903,0.754937,0.24506299999999903,0.754937,0.754937,0.24506299999999903,0.754937,0.24506299999999903,0.754937,0.24506299999999903,0.754937,0.754937,0.754937,0.24506299999999903
mp-989547,7.500073738652039,7.500073738652039,7.500073738652039,0.33333333333333337,0.33333333333333337,0.33333333333333337,0.25,0.25,0.25,0.75,0.75,0.75,0.5,0.5,0.5,0.0,0.0,0.0,0.239469,0.760531,0.760531,0.239469,0.760531,0.239469,0.760531,0.239469,0.760531,0.760531,0.760531,0.239469,0.239469,0.239469,0.760531,0.760531,0.239469,0.239469
mp-989548,6.359879610337918,6.359879610337918,6.359879610337918,0.3333333333333333,0.3333333333333333,0.3333333333333333,0.75,0.75,0.75,0.25,0.25,0.25,0.5,0.5,0.5,0.0,0.0,0.0,0.755821,0.244178999999999,0.244178999999999,0.244178999999999,0.244178999999999,0.755821,0.244178999999999,0.755821,0.755821,0.244178999999999,0.755821,0.244178999999999,0.755821,0.244178999999999,0.755821,0.755821,0.755821,0.244178999999999
mp-989558,6.598381070777891,6.598381070777891,6.598381070777891,0.3333333333333333,0.3333333333333333,0.3333333333333333,0.25,0.25,0.25,0.75,0.75,0.75,0.0,0.0,0.0,0.5,0.5,0.5,0.292048,0.707951999999999,0.707951999999999,0.292048,0.707951999999999,0.292048,0.707951999999999,0.292048,0.707951999999999,0.707951999999999,0.707951999999999,0.292048,0.292048,0.292048,0.707951999999999,0.707951999999999,0.292048,0.292048
mp-989561,6.057594289807795,6.057594289807795,6.057594289807795,0.33333333333333337,0.33333333333333337,0.33333333333333337,0.5,0.5,0.5,0.25,0.25,0.25,0.75,0.75,0.75,0.0,0.0,0.0,0.226330999999999,0.773668999999999,0.773668999999999,0.226330999999999,0.773668999999999,0.226330999999999,0.773668999999999,0.226330999999999,0.773668999999999,0.773668999999999,0.773668999999999,0.226330999999999,0.226330999999999,0.226330999999999,0.773668999999999,0.773668999999999,0.226330999999999,0.226330999999999
mp-989562,6.315633110611952,6.315633110611952,6.315633110611952,0.3333333333333333,0.3333333333333333,0.3333333333333333,0.75,0.75,0.75,0.25,0.25,0.25,0.5,0.5,0.5,0.0,0.0,0.0,0.751003,0.248997,0.248997,0.248997,0.248997,0.751003,0.248997,0.751003,0.751003,0.248997,0.751003,0.248997,0.751003,0.248997,0.751003,0.751003,0.751003,0.248997
mp-989563,7.607126876896559,7.607126876896559,7.607126876896559,0.33333333333333337,0.33333333333333337,0.33333333333333337,0.75,0.75,0.75,0.25,0.25,0.25,0.5,0.5,0.5,0.0,0.0,0.0,0.756676999999999,0.243322999999999,0.243322999999999,0.243322999999999,0.243322999999999,0.756676999999999,0.243322999999999,0.756676999999999,0.756676999999999,0.243322999999999,0.756676999999999,0.243322999999999,0.756676999999999,0.243322999999999,0.756676999999999,0.756676999999999,0.756676999999999,0.243322999999999
mp-989565,6.498753967949394,6.498753967949394,6.498753967949394,0.33333333333333337,0.33333333333333337,0.33333333333333337,0.75,0.75,0.75,0.25,0.25,0.25,0.5,0.5,0.5,0.0,0.0,0.0,0.789721999999999,0.210278,0.210278,0.210278,0.210278,0.789721999999999,0.210278,0.789721999999999,0.789721999999999,0.210278,0.789721999999999,0.210278,0.789721999999999,0.210278,0.789721999999999,0.789721999999999,0.789721999999999,0.210278
mp-989566,6.431783884703216,6.431783884703216,6.431783884703216,0.3333333333333333,0.3333333333333333,0.3333333333333333,0.25,0.25,0.25,0.75,0.75,0.75,0.0,0.0,0.0,0.5,0.5,0.5,0.286947,0.713052999999999,0.713052999999999,0.286947,0.713052999999999,0.286947,0.713052999999999,0.286947,0.713052999999999,0.713052999999999,0.713052999999999,0.286947,0.286947,0.286947,0.713052999999999,0.713052999999999,0.286947,0.286947
mp-989567,6.9169538889058675,6.9169538889058675,6.9169538889058675,0.33333333333333337,0.33333333333333337,0.33333333333333337,0.25,0.25,0.25,0.75,0.75,0.75,0.5,0.5,0.5,0.0,0.0,0.0,0.225367999999999,0.774632,0.774632,0.225367999999999,0.774632,0.225367999999999,0.774632,0.225367999999999,0.774632,0.774632,0.774632,0.225367999999999,0.225367999999999,0.225367999999999,0.774632,0.774632,0.225367999999999,0.225367999999999
mp-989570,7.868404246758551,7.868404246758551,7.868404246758551,0.33333333333333337,0.33333333333333337,0.33333333333333337,0.25,0.25,0.25,0.75,0.75,0.75,0.5,0.5,0.5,0.0,0.0,0.0,0.254692,0.745308,0.745308,0.254692,0.745308,0.254692,0.745308,0.254692,0.745308,0.745308,0.745308,0.254692,0.254692,0.254692,0.745308,0.745308,0.254692,0.254692
mp-989571,7.604944745369817,7.604944745369817,7.604944745369817,0.33333333333333337,0.33333333333333337,0.33333333333333337,0.75,0.75,0.75,0.25,0.25,0.25,0.5,0.5,0.5,0.0,0.0,0.0,0.762274999999999,0.237725,0.237725,0.237725,0.237725,0.762274999999999,0.237725,0.762274999999999,0.762274999999999,0.237725,0.762274999999999,0.237725,0.762274999999999,0.237725,0.762274999999999,0.762274999999999,0.762274999999999,0.237725
mp-989575,6.30544794453574,6.30544794453574,6.30544794453574,0.3333333333333333,0.3333333333333333,0.3333333333333333,0.25,0.25,0.25,0.75,0.75,0.75,0.5,0.5,0.5,0.0,0.0,0.0,0.298342999999999,0.701657,0.701657,0.298342999999999,0.701657,0.298342999999999,0.701657,0.298342999999999,0.701657,0.701657,0.701657,0.298342999999999,0.298342999999999,0.298342999999999,0.701657,0.701657,0.298342999999999,0.298342999999999
mp-989579,7.3918015483167565,7.3918015483167565,7.3918015483167565,0.33333333333333337,0.33333333333333337,0.33333333333333337,0.75,0.75,0.75,0.25,0.25,0.25,0.5,0.5,0.5,0.0,0.0,0.0,0.749066999999999,0.250932999999999,0.250932999999999,0.250932999999999,0.250932999999999,0.749066999999999,0.250932999999999,0.749066999999999,0.749066999999999,0.250932999999999,0.749066999999999,0.250932999999999,0.749066999999999,0.250932999999999,0.749066999999999,0.749066999999999,0.749066999999999,0.250932999999999
mp-989583,7.295379053420596,7.295379053420596,7.295379053420596,0.3333333333333333,0.3333333333333333,0.3333333333333333,0.75,0.75,0.75,0.25,0.25,0.25,0.5,0.5,0.5,0.0,0.0,0.0,0.752981,0.247019,0.247019,0.247019,0.247019,0.752981,0.247019,0.752981,0.752981,0.247019,0.752981,0.247019,0.752981,0.247019,0.752981,0.752981,0.752981,0.247019
mp-989605,6.815461438388599,6.815461438388599,6.815461438388599,0.33333333333333337,0.33333333333333337,0.33333333333333337,0.75,0.75,0.75,0.25,0.25,0.25,0.5,0.5,0.5,0.0,0.0,0.0,0.780571,0.219428999999999,0.219428999999999,0.219428999999999,0.219428999999999,0.780571,0.219428999999999,0.780571,0.780571,0.219428999999999,0.780571,0.219428999999999,0.780571,0.219428999999999,0.780571,0.780571,0.780571,0.219428999999999
mp-989608,7.56026266786664,7.56026266786664,7.56026266786664,0.3333333333333333,0.3333333333333333,0.3333333333333333,0.25,0.25,0.25,0.75,0.75,0.75,0.5,0.5,0.5,0.0,0.0,0.0,0.236041,0.763958999999999,0.763958999999999,0.236041,0.763958999999999,0.236041,0.763958999999999,0.236041,0.763958999999999,0.763958999999999,0.763958999999999,0.236041,0.236041,0.236041,0.763958999999999,0.763958999999999,0.236041,0.236041
mp-989610,6.261668050432543,6.261668050432543,6.261668050432543,0.3333333333333333,0.3333333333333333,0.3333333333333333,0.25,0.25,0.25,0.75,0.75,0.75,0.5,0.5,0.5,0.0,0.0,0.0,0.22301537000000002,0.7769846300000001,0.7769846300000001,0.22301537000000002,0.7769846300000001,0.22301537000000002,0.7769846300000001,0.22301537000000002,0.7769846300000001,0.7769846300000001,0.7769846300000001,0.22301537000000002,0.22301537000000002,0.22301537000000002,0.7769846300000001,0.7769846300000001,0.22301537000000002,0.22301537000000002
mp-989616,3.629991135669576,5.796946248869757,7.449862649503886,0.5875835540485689,0.5783376022192956,0.5000000166276639,0.58976187,0.29086894,0.17952473,0.41023813000000003,0.70913106,0.82047527,0.15691627,0.87458843,0.31383254,0.84308373,0.12541157,0.6861674600000001,0.12984482,0.55555767,0.25968964,0.87015518,0.44444233,0.7403103600000001,0.9655163800000001,0.05603333,0.93103376,0.30819026,0.9791721600000001,0.61637951,0.03448362,0.94396667,0.06896624,0.6918097400000001,0.02082784,0.38362049
mp-989618,6.597157776046439,6.597157776046439,6.597157776046439,0.33333333333333337,0.33333333333333337,0.33333333333333337,0.75,0.75,0.75,0.25,0.25,0.25,0.5,0.5,0.5,0.0,0.0,0.0,0.792165999999999,0.207834,0.207834,0.207834,0.207834,0.792165999999999,0.207834,0.792165999999999,0.792165999999999,0.207834,0.792165999999999,0.207834,0.792165999999999,0.207834,0.792165999999999,0.792165999999999,0.792165999999999,0.207834
mp-989629,6.683916949670904,6.683916949670904,6.683916949670904,0.3333333333333333,0.3333333333333333,0.3333333333333333,0.5,0.5,0.5,0.75,0.75,0.75,0.25,0.25,0.25,0.0,0.0,0.0,0.795713999999999,0.204286,0.204286,0.204286,0.204286,0.795713999999999,0.204286,0.795713999999999,0.795713999999999,0.204286,0.795713999999999,0.204286,0.795713999999999,0.204286,0.795713999999999,0.795713999999999,0.795713999999999,0.204286
mp-989635,3.7040494959886985,6.379600388823734,6.404047547032617,0.5782979073408862,0.5933879051825405,0.5000000238396053,0.62316312,0.33104291,0.24632524,0.37683688,0.66895709,0.75367476,0.84918986,0.14134761,0.69837872,0.15081014,0.85865239,0.30162128,0.32180256,0.01503854,0.64360513,0.1562454,0.58596364,0.31249281,0.99698041,0.8908654500000001,0.9939618100000001,0.00301959,0.10913455,0.00603819,0.67819744,0.9849614600000001,0.35639487000000003,0.843754599999999,0.41403636,0.68750719
mp-989638,3.6389063115988884,6.367023436859787,6.43767375164263,0.5837285159335769,0.5000000069756386,0.5922467253825558,0.37993576,0.75987051,0.67239795,0.62006424,0.24012949,0.32760205000000003,0.15475858,0.30951915,0.849544899999999,0.84524142,0.69048085,0.150455099999999,0.15631575,0.31263049,0.58122295,0.67964787,0.35929574000000003,0.99113711,0.99809119,0.99618238,0.09857927,0.84368425,0.68736951,0.41877705,0.00190881,0.00381762,0.90142073,0.32035213,0.64070426,0.00886289
mp-989639,6.684062613667828,6.684062613667828,6.684062613667828,0.33333333333333337,0.33333333333333337,0.33333333333333337,0.25,0.25,0.25,0.75,0.75,0.75,0.5,0.5,0.5,0.0,0.0,0.0,0.223985,0.776015,0.776015,0.223985,0.776015,0.223985,0.776015,0.223985,0.776015,0.776015,0.776015,0.223985,0.223985,0.223985,0.776015,0.776015,0.223985,0.223985
mp-989642,6.099445111759102,6.099445111759102,6.099445111759102,0.33333333333333337,0.33333333333333337,0.33333333333333337,0.25,0.25,0.25,0.75,0.75,0.75,0.5,0.5,0.5,0.0,0.0,0.0,0.208755,0.791245,0.791245,0.208755,0.791245,0.208755,0.791245,0.208755,0.791245,0.791245,0.791245,0.208755,0.208755,0.208755,0.791245,0.791245,0.208755,0.208755
mp-989643,4.040095202886453,5.727433628279857,7.447385271075211,0.5691319170144324,0.49999996718607864,0.6147353154780346,0.8356796400000001,0.6713592700000001,0.20026893,0.16432036,0.32864073,0.79973107,0.54137063,0.08274125,0.15463876000000001,0.45862937000000004,0.91725875,0.84536124,0.36665029,0.7332995800000001,0.026109550000000002,0.6333497100000001,0.26670042,0.9738904500000001,0.60590416,0.21180932,0.38024142,0.35045209,0.70090319,0.45939122,0.39409584000000003,0.78819068,0.6197585800000001,0.64954791,0.29909681,0.54060878
mp-9900,6.44584315,6.877781965287755,6.877783162950538,0.6585151811289357,0.5,0.5,0.48833909000000003,0.30514799,0.99443073,0.98833909,0.69485201,0.00556927,0.48833909000000003,0.99443073,0.30514799,0.98833909,0.00556927,0.69485201,0.96040091,0.33922124,0.33922124,0.46040091,0.66077876,0.66077876,0.8241384900000001,0.6401639,0.6401639,0.32413849,0.3598361,0.3598361,0.3778937,0.6498755700000001,0.96249014,0.3778937,0.96249014,0.6498755700000001,0.8778937,0.03750986,0.35012443,0.8778937,0.35012443,0.03750986
mp-9915,3.60554335,3.60554335,5.99069175,0.5,0.5,0.5,0.25,0.25,0.35251479,0.75,0.75,0.64748521,0.25,0.75,0.0,0.75,0.25,0.0,0.25,0.25,0.7824933900000001,0.75,0.75,0.21750661000000002
mp-991676,5.97188355,5.97188355,5.97188355,0.5,0.5,0.5,0.0,0.0,0.0,0.0,0.0,0.5,0.0,0.5,0.0,0.5,0.0,0.0,0.74351228,0.74351228,0.25648772000000003,0.74351228,0.25648772000000003,0.74351228,0.25648772000000003,0.74351228,0.74351228,0.25648772000000003,0.25648772000000003,0.25648772000000003
mp-9919,4.422997864456881,4.422997864456881,7.16481418,0.5,0.5,0.6666666288108811,0.0,0.0,0.67598323,0.0,0.0,0.17598323,0.333333,0.666667,0.01132357,0.666667,0.333333,0.5113235700000001,0.666667,0.333333,0.893692199999999,0.333333,0.666667,0.3936922
mp-996941,8.461290655366474,8.461290655366474,8.461290655366474,0.33333333333333337,0.33333333333333337,0.33333333333333337,0.25,0.25,0.25,0.75,0.75,0.75,0.5,0.5,0.5,0.0,0.0,0.0,0.226306999999999,0.773693,0.773693,0.226306999999999,0.773693,0.226306999999999,0.773693,0.226306999999999,0.773693,0.773693,0.773693,0.226306999999999,0.226306999999999,0.226306999999999,0.773693,0.773693,0.226306999999999,0.226306999999999
mp-996943,8.0304207951047,8.0304207951047,8.0304207951047,0.33333333333333337,0.33333333333333337,0.33333333333333337,0.75,0.75,0.75,0.25,0.25,0.25,0.5,0.5,0.5,0.0,0.0,0.0,0.760701,0.239298999999999,0.239298999999999,0.239298999999999,0.239298999999999,0.760701,0.239298999999999,0.760701,0.760701,0.239298999999999,0.760701,0.239298999999999,0.760701,0.239298999999999,0.760701,0.760701,0.760701,0.239298999999999
mp-996944,8.345141295488771,8.345141295488771,8.345141295488771,0.33333333333333337,0.33333333333333337,0.33333333333333337,0.75,0.75,0.75,0.25,0.25,0.25,0.5,0.5,0.5,0.0,0.0,0.0,0.769378,0.230622,0.230622,0.230622,0.230622,0.769378,0.230622,0.769378,0.769378,0.230622,0.769378,0.230622,0.769378,0.230622,0.769378,0.769378,0.769378,0.230622
mp-996959,4.209500074415044,4.209500536309945,6.084152710631711,0.6124398230543358,0.6124398408124611,0.5000000640928471,0.25,0.75,0.5,0.0,0.0,0.0,0.5,0.5,0.0,0.75,0.25,0.5,0.125,0.62992883,0.75,0.625,0.12007117,0.75,0.37007117,0.875,0.25,0.87992883,0.375,0.25
mp-996962,3.6038358500000003,6.570648799298267,4.725696790282039,0.7047266488020609,0.5,0.5,0.0,0.5,0.0,0.5,0.0,0.5,0.0,0.0,0.0,0.5,0.5,0.5,0.316608699999999,0.74747991,0.99509146,0.683391299999999,0.25252009000000003,0.00490854,0.183391299999999,0.24747991,0.49509146,0.8166087,0.75252009,0.50490854
mp-996983,3.87882231,5.479327468785867,5.6115855037097475,0.5778446370798377,0.5,0.5,0.5,0.0,0.5,0.0,0.5,0.5,0.5,0.5,0.0,0.0,0.0,0.0,0.20574577,0.77745314,0.20016493,0.70574577,0.72254686,0.79983507,0.7942542300000001,0.22254686,0.79983507,0.29425423,0.27745314,0.20016493
mp-996997,3.62275314,4.71763304,5.3613513,0.5,0.5,0.5,0.5,0.5,0.5,0.0,0.5,0.0,0.0,0.0,0.5,0.5,0.0,0.0,0.25,0.75259484,0.75,0.25,0.75259484,0.25,0.75,0.24740516,0.75,0.75,0.24740516,0.25
mp-997002,4.206779194836896,6.02307382,6.364885079309366,0.5,0.3927935162175899,0.5,0.2929012,0.25,0.4141976,0.707098799999999,0.75,0.5858024,0.99718373,0.75,0.00563353,0.00281627,0.25,0.99436647,0.88884252,0.49466172,0.22231496,0.11115748,0.50533828,0.77768504,0.11115748,0.99466172,0.77768504,0.88884252,0.00533828,0.22231496
mp-997036,4.0763246643386495,5.501108200055496,6.002848006667055,0.3570534344856076,0.41099174176417946,0.4813565945241157,0.72699344,0.73065468,0.53046992,0.27300656,0.26934532,0.46953008,0.5,0.0,0.0,0.0,0.5,0.0,0.31897865000000003,0.83780681,0.80940303,0.68102135,0.16219319000000001,0.19059697,0.2815059,0.72044769,0.35905968,0.718494099999999,0.27955231,0.64094032
mp-997041,5.684587771789998,5.684587771789998,5.33526908,0.5,0.5,0.7982809109695279,0.71208302,0.28791698,0.25,0.28791698,0.71208302,0.75,0.99671703,0.00328297,0.25,0.00328297,0.99671703,0.75,0.11434899,0.88565101,0.49370654,0.88565101,0.11434899,0.50629346,0.11434899,0.88565101,0.00629346,0.88565101,0.11434899,0.99370654
mp-997089,3.0220150788640394,3.5955140120835476,5.600659844307641,0.44373221467620494,0.41304538415065656,0.36194318190992747,0.5,0.5,0.5,0.5,0.0,0.0,0.08956104000000001,0.06908482,0.75179409,0.91043896,0.9309151800000001,0.24820591
mp-997618,3.735215204085569,3.735215204085569,3.735215204085569,0.33333333333333337,0.33333333333333337,0.33333333333333337,0.0,0.0,0.0,0.25,0.25,0.25
mp-998156,5.598740999634918,5.598740999634918,5.612905748504958,0.49669439152712086,0.49669439152712086,0.5002155616851983,0.009667,0.009667,0.018061999999999002,0.491212999999999,0.491212999999999,0.47939000000000004,0.495322999999999,0.495322999999999,0.992468999999999,0.990958,0.48543000000000003,0.475226999999999,0.48543000000000003,0.990958,0.475226999999999
mp-998198,5.743071220716751,5.743071220716751,5.740425791216276,0.4996538590138205,0.4996538590138205,0.5001447730827606,0.0016359999999990002,0.0016359999999990002,0.998101999999999,0.504852,0.504852,0.483012999999999,0.504394999999999,0.001539,0.485819,0.492299,0.492299,0.983957,0.001539,0.504394999999999,0.485819
mp-998297,5.968694842618793,5.973740096539098,5.969721983249828,0.4999112368311836,0.4996977197818102,0.4996960787305986,0.99531739,0.99733507,0.99368402,0.486937299999999,0.50007251,0.49686263,0.48403505,0.00022841000000000002,0.49415849,0.9866033,0.5054371,0.50789562,0.48710797,0.49692892,0.99739924
mp-998413,9.321875,6.046609,7.684067645142707,0.4479275759932997,0.5,0.5,0.25,0.203452,0.375886,0.75,0.796547999999999,0.624114,0.0,0.0,0.0,0.5,0.0,0.0,0.9770939999999991,0.279645,0.704326,0.477093999999999,0.720355,0.295674,0.522906,0.279645,0.704326,0.022906,0.720355,0.295674,0.25,0.863154,0.895937,0.75,0.136846,0.104062999999999
mp-998433,4.554085012638031,7.888814628987986,11.54804055,0.5,0.5,0.5933232798516089,0.25275942,0.50604141,0.010386610000000001,0.74724158,0.49395859000000003,0.51038561,0.0012264700000000001,0.00023736000000000002,0.75921782,0.00122547,0.00023636,0.25921782,0.36857687,0.73534228,0.71238783,0.63142213,0.26465772,0.21238683,0.36694885,0.73518611,0.30659747,0.63305115,0.26481289,0.80659747,0.94278363,0.88092481,0.00911227,0.05721637,0.11907419,0.50911227
mp-998552,4.170042392817354,4.169091206921486,4.170376634314528,0.4999970238924139,0.4999685572583981,0.4999935581729171,0.98792422,0.9999652,0.99642496,0.48800739,0.49998673,0.49787533,0.48803115,8.2e-06,0.49889014000000004,0.98799671,0.50002674,0.49886535,0.48804153,0.50001213,0.9979412200000001
mp-998599,4.267215332258245,7.38073649610188,10.754171370507512,0.5000042439617426,0.5000030158507927,0.5933164881768368,0.25284489,0.50751493,0.99998847,0.74713657,0.49247882,0.49998805,1.4690000000000002e-05,1.969999999999999e-06,0.74999595,0.99998866,0.99999612,0.24999714,0.3656338,0.7306642,0.6932164,0.63436984,0.26933285,0.19322141,0.36558672000000003,0.73066336,0.30678732000000003,0.63441948,0.26933918,0.80678673,0.9269607,0.8556985300000001,0.99999587,0.07304565,0.14431202,0.49999867000000003
mp-9986,6.224723970109075,7.866782253903936,7.866782847047202,0.44997252942367333,0.3704528394193366,0.3704528516169104,0.19983519,0.30020821000000003,0.30020821000000003,0.5,0.6998747,0.3001253,0.5,0.3001253,0.6998747,0.8001648100000001,0.69979179,0.69979179,0.85435698,1.0340000000000001e-05,0.291369899999999,0.14564302,0.708630099999999,1.0340000000000001e-05,0.85435698,0.291369899999999,1.0340000000000001e-05,0.14564302,1.0340000000000001e-05,0.708630099999999,0.71864458,0.28142994,0.28142994,0.0,0.71866344,0.28133656,0.0,0.28133656,0.71866344,0.28135542,0.71857006,0.71857006
mp-998603,4.458387340613728,7.676617824952399,11.22836159,0.5,0.5,0.5935879913513973,0.24950145,0.50044687,0.00963802,0.75049855,0.49955213,0.50963802,0.00119046,0.00029857,0.75954033,0.99880754,0.99970143,0.25953933,0.36369604,0.7258797,0.70599862,0.63630096,0.2741193,0.20599862,0.36228142,0.7251887,0.3130004,0.63772158,0.2748113,0.8130004,0.92516944,0.85400051,0.009524640000000001,0.07483156,0.14600049,0.50952364
mp-998604,4.276082772059242,7.340583958824088,10.693940495574585,0.5000041841990017,0.49997920316209543,0.5933901478831338,0.25235835,0.5038349,0.00981009,0.7475603200000001,0.49615427,0.50978667,0.99940556,8.136e-05,0.7592483,0.00078562,3.479999999999999e-06,0.25924378,0.36371128,0.72824409,0.70458571,0.6361779200000001,0.27171749,0.20455353,0.36465876,0.7284439500000001,0.31469215,0.63536071,0.27157608,0.81470446,0.9276987,0.8545346300000001,0.00937474,0.07228278,0.14541076,0.50939955
mp-998612,5.981290952289009,7.42392971,8.48614585877323,0.5,0.6363780811417169,0.5,0.86449969,0.25,0.19287852,0.13550031,0.750000999999999,0.8071214800000001,0.55855647,0.25,0.61050615,0.44144453,0.750000999999999,0.38949385000000003,0.64529177,0.99842443,0.82398898,0.35470823,0.49842343,0.17601102,0.02220764,0.750000999999999,0.38543667,0.02220664,0.25,0.61456433,0.35470823,0.00157557,0.17601102,0.64529177,0.50157757,0.82398898
mp-999498,3.273792653899681,3.273792653899681,3.273792653899681,0.6081734479693928,0.6081734479693928,0.6081734479693928,0.33168315,0.83168315,0.33168315,0.5,0.5,0.16831685,0.0,0.66831685,0.5,0.16831685,0.0,0.0
mp-569018,4.67597049,4.675971096109983,7.40701023,0.5,0.5,0.6666666825404632,0.333333,0.666667,0.6300345900000001,0.0,0.0,0.0,0.666667,0.333333,0.36996541,0.333333,0.666667,0.22304017,0.666667,0.333333,0.77695983
mp-27985,3.88504381,3.88504381,6.66650489,0.5,0.5,0.5,0.75,0.75,0.16713527,0.25,0.25,0.83286473,0.75,0.75,0.6290421900000001,0.25,0.25,0.37095881,0.25,0.75,0.0,0.75,0.25,0.0
mp-28084,7.411080723989684,7.411080819463403,7.4110804,0.33333334373497825,0.3333333413674686,0.33333337095457466,0.25,0.25,0.25,0.75,0.75,0.75,0.0,0.0,0.0,0.76260387,0.23739613,0.23739613,0.76260387,0.76260387,0.23739613,0.23739613,0.23739613,0.76260387,0.76260387,0.23739613,0.76260387,0.23739613,0.76260387,0.23739613,0.23739613,0.76260387,0.76260387
mp-28110,8.031951832536388,8.031952704645718,8.03195124,0.3333333668453784,0.33333334689095234,0.33333336245827394,0.75,0.75,0.75,0.25,0.25,0.25,0.0,0.0,0.0,0.762668799999999,0.2373312,0.2373312,0.2373312,0.762668799999999,0.762668799999999,0.762668799999999,0.2373312,0.762668799999999,0.2373312,0.762668799999999,0.2373312,0.762668799999999,0.762668799999999,0.2373312,0.2373312,0.2373312,0.762668799999999
mp-28145,7.02557017766341,7.0255705277973,7.02557151,0.3333333874782138,0.3333333781942308,0.3333333720974174,0.75,0.75,0.75,0.25,0.25,0.25,0.0,0.0,0.0,0.23472344,0.76527656,0.76527656,0.23472344,0.76527656,0.23472344,0.76527656,0.23472344,0.76527656,0.76527656,0.23472344,0.23472344,0.76527656,0.76527656,0.23472344,0.23472344,0.23472344,0.76527656
mp-28237,4.376082487997141,7.63929307,7.871808774419147,0.5,0.5896579524602762,0.5,0.62686672,0.75,0.25373244,0.37313428,0.25,0.74626756,0.89296147,0.75,0.78592194,0.10703853,0.25,0.21407806000000001,0.30587097,0.75,0.61174195,0.69412903,0.25,0.38825805,0.0,0.0,0.0,0.0,0.5,0.0
mp-28243,4.121743287390061,7.1843702,7.499651169364684,0.5,0.5886102358554217,0.5,0.37056542000000003,0.25,0.74113083,0.62943458,0.75,0.25886917,0.89593462,0.75,0.79186924,0.10406538,0.25,0.20813076,0.0,0.0,0.0,0.0,0.5,0.0,0.69008755,0.25,0.38017411,0.30991245,0.75,0.61982589
mp-28264,4.22103543,5.832523707251982,5.93979116,0.5,0.5,0.6178558300878763,0.84632005,0.6926401,0.26461594,0.15367995,0.307359899999999,0.76461594,0.48961055000000003,0.97922009,0.021599860000000002,0.51038945,0.020779910000000002,0.52159986,0.30091466,0.21580909,0.2994454,0.69908534,0.78419091,0.7994454,0.08510557,0.78419091,0.7994454,0.91489443,0.21580909,0.2994454,0.84139031,0.68277962,0.75543227,0.46660263,0.9332042700000001,0.86356013,0.15860969,0.31722038,0.25543227,0.53339737,0.06679573,0.36356013
mp-28266,4.521671755873227,4.521672646481259,5.808452284890729,0.5903747984478722,0.6216886080465653,0.5514545949554748,0.023589699999999002,0.06130202,0.33398822,0.227314799999999,0.68960348,0.16601178,0.7726852,0.31039652,0.8339882200000001,0.9764103,0.93869798,0.66601178,0.5,0.5,0.5,0.5,0.0,0.0
mp-2858,5.1539878367877705,5.22810872,5.329696159145639,0.5,0.552427347687761,0.5,0.72369083,0.95785343,0.79040241,0.72369083,0.54214657,0.29040241,0.27630917,0.45785343,0.70959759,0.27630917,0.04214657,0.20959759,0.0692086,0.16628806000000002,0.84382813,0.0692086,0.33371194,0.34382813,0.5506969700000001,0.25742044000000003,0.021395670000000002,0.44930303,0.75742044,0.47860433,0.5506969700000001,0.24257956,0.52139567,0.44930303,0.74257956,0.97860433,0.930791399999999,0.66628806,0.65617187,0.930791399999999,0.83371194,0.15617187
mp-28591,8.978614251611388,8.978614596941183,8.978614488190836,0.17848459117960852,0.17848454254822624,0.17848455907144012,0.79327429,0.79327429,0.79327429,0.59727293,0.59727293,0.59727293,0.20672571,0.20672571,0.20672571,0.40272707,0.40272707,0.40272707,0.0,0.0,0.0,0.09371708000000001,0.09371708000000001,0.09371708000000001,0.90628292,0.90628292,0.90628292
mp-28599,4.473201976411465,4.473201859000278,8.0662087452405,0.5894330079842606,0.5894329926055529,0.5000000577120156,0.15221753,0.15221753,0.30443406,0.0,0.5,0.0,0.8477824700000001,0.8477824700000001,0.69556594,0.5,0.0,0.0,0.34981911,0.34981911,0.69963823,0.65018089,0.65018089,0.30036177000000003,0.0,0.0,0.0
mp-28602,4.45871654,4.45871654,4.45871654,0.5,0.5,0.5,0.5,0.0,0.0,0.0,0.0,0.5,0.0,0.5,0.0,0.5,0.5,0.5,0.0,0.0,0.0
mp-28603,4.23926885,7.11896855,7.68086402,0.5,0.5,0.5,0.75,0.48733489,0.31469509,0.25,0.51266511,0.68530491,0.75,0.9873348900000001,0.18530491000000002,0.25,0.01266511,0.8146950900000001,0.75,0.35592783,0.92679184,0.25,0.64407217,0.07320816000000001,0.75,0.8559278300000001,0.57320816,0.25,0.14407217,0.42679184000000003,0.75,0.7226454,0.89488818,0.25,0.2773546,0.10511182000000001,0.75,0.2226454,0.60511182,0.25,0.7773546,0.39488818000000003
mp-28797,3.8409309,3.840931771584777,3.91554956,0.5,0.5,0.6666666249641249,0.0,0.0,0.0,0.333333,0.666667,0.0,0.666667,0.333333,0.5
mp-288,3.49446173,3.49446173,6.11629389,0.5,0.5,0.5,0.5,0.0,0.5,0.0,0.5,0.0,0.0,0.0,0.75,0.0,0.0,0.25
mp-28872,4.466985700020864,4.46698526739264,4.466986082465983,0.48701848059643,0.48701851656815937,0.4870184571132288,0.0018295100000000001,0.0018295100000000001,0.0018295100000000001,0.47342567,0.47342567,0.47342567,0.10317306,0.52876638,0.52876638,0.52876638,0.52876638,0.10317306,0.52876638,0.10317306,0.52876638
mp-2894,4.576376199489123,4.57637631019937,4.57637675,0.3333333160735705,0.33333331162771174,0.33333337149379916,0.5,0.5,0.5,0.0,0.0,0.0,0.25,0.25,0.25
mp-29091,5.40855087516551,5.408550962168099,6.514684490953891,0.6362550062511468,0.6362550181440909,0.4999999787329009,0.0,0.0,0.0,0.5,0.0,0.0,0.0,0.5,0.0,0.25811444,0.25811444,0.51623089,0.74188556,0.74188556,0.48376911,0.88106251,0.88106251,0.25091006,0.63015245,0.11893749,0.7490899400000001,0.11893749,0.63015245,0.7490899400000001,0.36984755,0.36984755,0.25091006
mp-2918,3.53175348,3.531754940479115,11.33896541,0.5,0.5,0.6666665906700497,0.0,0.0,0.0,0.0,0.0,0.5,0.666667,0.333333,0.75,0.333333,0.666667,0.25,0.333333,0.666667,0.4096937,0.666667,0.333333,0.909693699999999,0.333333,0.666667,0.090306299999999,0.666667,0.333333,0.5903063
mp-29521,5.837756765803107,5.837756592546238,5.988953735748959,0.6251718834148475,0.6251719118476364,0.512885213058974,0.36703532,0.6329646800000001,0.75,0.6329646800000001,0.36703532,0.25,0.09849924,0.90150076,0.25,0.90150076,0.09849924,0.75,0.12142927,0.24389495,0.21265124,0.7561050500000001,0.87857073,0.28734876,0.24389495,0.12142927,0.71265124,0.87857073,0.7561050500000001,0.78734876
mp-29529,3.90226432,3.90226491846429,11.60116774,0.5,0.5,0.6666666873345031,0.333333,0.666667,0.2776651,0.666667,0.333333,0.7776651,0.0,0.0,0.00021887,0.0,0.0,0.50021887,0.333333,0.666667,0.61291703,0.666667,0.333333,0.11291703
mp-2961,5.71725605041923,5.717255875463966,6.501727760691443,0.6449053245337134,0.644905365315948,0.4999999704425314,0.5,0.5,0.0,0.75,0.25,0.5,0.0,0.0,0.0,0.25,0.75,0.5,0.125,0.66795933,0.75,0.9179593300000001,0.875,0.25,0.33204067,0.375,0.25,0.625,0.08204067,0.75
mp-2964,3.478627283735936,4.204562487565765,4.2045612051217764,0.43978917184976657,0.3642456167840208,0.3642455932127717,0.58675079,0.41324921000000003,0.41324921000000003,0.12519484,0.87480516,0.87480516,0.9995771800000001,0.80212561,0.19872003,0.9995771800000001,0.19872003,0.80212561
mp-29754,3.92118596,3.92118596,7.06029978,0.5,0.5,0.5,0.0,0.0,0.75,0.0,0.0,0.25,0.5,0.5,0.5,0.5,0.5,0.0,0.0,0.5,0.0,0.5,0.0,0.5
mp-2979,5.19331949,5.45279706,6.43529302,0.5,0.5,0.5,0.0006851100000000001,0.5833326,0.87544055,0.49931489,0.916667399999999,0.37544055,0.49931489,0.416667399999999,0.12455945,0.0006851100000000001,0.08333259999999901,0.62455945,0.00025634000000000003,0.07679674,0.12541457,0.50025634,0.92320326,0.87458543,0.50025634,0.42320326,0.62541457,0.00025634000000000003,0.57679674,0.37458543,0.39242572000000003,0.59769245,0.85963172,0.89242572,0.40230755,0.14036828,0.89242572,0.9023075500000001,0.35963172,0.39242572000000003,0.09769245,0.64036828,0.35900305,0.56612759,0.39008105,0.35900305,0.06612759,0.10991895,0.85900305,0.93387241,0.89008105,0.85900305,0.43387241,0.60991895
mp-30004,5.4417308669425495,5.4417308747740005,9.463847561227588,0.5928244677173644,0.5928244886248298,0.49999998054061945,0.84498365,0.84498365,0.6899653,0.15501635,0.15501635,0.3100347,0.0,0.5,0.0,0.5,0.0,0.0,0.64172328,0.64172328,0.28344557,0.35827672,0.35827672,0.71655443,0.0,0.0,0.0
mp-30041,8.078337323219285,8.078337323219285,8.078337087889254,0.1655996316708373,0.1655996316708373,0.16559968634428077,0.5,0.5,0.5,0.0,0.0,0.0,0.73384964,0.73384964,0.73384964,0.26615036000000003,0.26615036000000003,0.26615036000000003
mp-30250,3.50492912,3.5049306933429447,12.392503080000001,0.5,0.5,0.6666666909947033,0.0,0.0,0.0,0.0,0.0,0.5,0.333333,0.666667,0.25,0.666667,0.333333,0.75,0.333333,0.666667,0.08405777,0.666667,0.333333,0.58405777,0.666667,0.333333,0.91594223,0.333333,0.666667,0.41594223
mp-30251,3.55713946,3.557138557936944,12.05138371,0.5,0.5,0.6666666605735628,0.0,0.0,0.0,0.0,0.0,0.5,0.333333,0.666667,0.25,0.666667,0.333333,0.75,0.333333,0.666667,0.08225559,0.666667,0.333333,0.58225559,0.666667,0.333333,0.9177444100000001,0.333333,0.666667,0.41774441
mp-30373,4.1045935,4.1045935,4.1045935,0.5,0.5,0.5,0.5,0.5,0.5,0.0,0.0,0.0
mp-30456,4.92950645,8.20120659,8.65676028,0.5,0.5,0.5,0.75,0.49517241,0.29165036,0.25,0.50482759,0.70834964,0.75,0.99517241,0.20834964,0.25,0.0048275900000000005,0.79165036,0.75,0.33923898,0.9242939,0.25,0.66076102,0.0757061,0.75,0.83923898,0.5757061,0.25,0.16076102,0.4242939,0.75,0.72453078,0.90691747,0.25,0.27546922,0.09308253,0.75,0.22453078,0.59308253,0.25,0.7754692200000001,0.40691747
mp-30459,4.400028788368366,4.400027902842948,4.40002842,0.3333332691307747,0.33333330611659034,0.3333333027995414,0.5,0.5,0.5,0.25,0.25,0.25,0.0,0.0,0.0
mp-30460,4.5630461891893495,4.56304581133409,4.5630470899999995,0.333333322745363,0.3333333384285069,0.3333332975617078,0.5,0.5,0.5,0.25,0.25,0.25,0.0,0.0,0.0
mp-3056,5.791879482140288,5.791879786290737,5.79188012295153,0.187842873210529,0.1878428134206596,0.18784285840364565,0.5,0.5,0.5,0.0,0.0,0.0,0.7424553500000001,0.7424553500000001,0.7424553500000001,0.25754465,0.25754465,0.25754465
mp-3070,5.274706318079984,5.123263593007289,5.923748361907274,0.5629107450990265,0.5,0.6721263602213893,0.0,0.0,0.0,0.0,0.0,0.5,0.669442635728074,0.338885271456142,0.7410666510085371,0.330557364271925,0.661114728543857,0.25893334899146203,0.6635135509377571,0.32702610187551,0.24896261135630401,0.336486449062242,0.672973898124489,0.7510373886436951,0.8126602735232491,0.202105850974994,0.29131645533989503,0.389445577451745,0.202105850974994,0.29131645533989503,0.18733972647675,0.7978941490250051,0.7086835446601041,0.6105544225482541,0.7978941490250051,0.7086835446601041,0.7876780909364101,0.5753551818728361,0.16718184974308,0.21232190906358903,0.42464481812716304,0.8328181502569191
mp-30847,4.3788716422857386,4.378872473794155,4.37887311,0.3333333490210488,0.3333333141235823,0.33333330647821513,0.0,0.0,0.0,0.5,0.5,0.5,0.25,0.25,0.25
mp-31002,5.808684546257266,7.478491988150757,7.478492082946054,0.4256863329430611,0.38421252716098603,0.3842125648614034,0.35860357,0.31837429,0.31837429,0.64139643,0.68162571,0.68162571,0.0,0.0,0.0,0.24103928,0.32991624,0.85460451,0.75896072,0.14539549000000002,0.67008376,0.75896072,0.67008376,0.14539549000000002,0.24103928,0.85460451,0.32991624
mp-31451,4.375637597257861,4.375637726038419,4.37563775,0.33333333190695075,0.33333332649818137,0.3333333586764673,0.0,0.0,0.0,0.25,0.25,0.25,0.5,0.5,0.5
mp-31454,4.35471993797867,4.354719245579146,4.35471861,0.33333327424283044,0.3333333029759311,0.3333332841183139,0.0,0.0,0.0,0.5,0.5,0.5,0.25,0.25,0.25
mp-315,4.183169836000476,4.183171562762858,4.18317063,0.33333337475106134,0.33333329889042507,0.3333333862320225,0.0,0.0,0.0,0.75,0.75,0.75,0.25,0.25,0.25
mp-3349,3.908675994004703,3.9086761023356713,10.552604734207403,0.5593001487471325,0.5593001404908011,0.49996913615933447,0.31560957,0.31560956,0.63127003,0.5,0.5,0.0,0.68439043,0.68439044,0.36872997,0.09754414,0.09754416,0.19506566,0.90245586,0.90245584,0.80493434,0.9038096,0.40381427000000003,0.80766066,0.80633119,0.806331199999999,0.61265616,0.0,0.0,0.0,0.596185699999999,0.09619039,0.19233934,0.0961904,0.59618573,0.19233934,0.403814299999999,0.90380961,0.80766066,0.19366881,0.1936688,0.38734384
mp-3395,4.464503015954924,5.48280168,6.553714733550757,0.5,0.5957940416014195,0.5,0.3432704,0.25,0.69934049,0.6567296,0.75,0.30065951,0.06550083,0.25,0.1563921,0.93449917,0.75,0.8436079,0.82321412,0.98999587,0.67146217,0.17678588,0.48999587,0.32853783000000003,0.17678588,0.01000413,0.32853783000000003,0.82321412,0.51000413,0.67146217,0.33105281000000003,0.75,0.890146999999999,0.66894819,0.25,0.10985299999999901
mp-34169,5.8087615863432545,5.8087615863432545,7.040304136818507,0.6353923574900033,0.6353923574900033,0.5000293959490184,0.00012163,0.00012163,7.408000000000002e-05,0.24985917,0.7498004500000001,0.50001294,0.7498004500000001,0.24985917,0.50001294,0.14983962,0.14983962,0.78074875,0.36866839,0.85037231,0.21928292,0.63133743,0.63133743,0.7807326,0.85037231,0.36866839,0.21928292
mp-3419,6.198371659066643,6.198370973182478,7.353061271234356,0.638490120308315,0.6384900226067748,0.5000000014159179,0.25,0.25,0.5,0.75,0.75,0.5,0.0,0.5,0.0,0.5,0.0,0.0,0.95746259,0.45746259,0.23030515000000001,0.72715844,0.22715844000000002,0.76969485,0.04253741,0.54253741,0.76969485,0.22715844000000002,0.04253741,0.76969485,0.27284156,0.77284156,0.23030515000000001,0.45746259,0.27284156,0.23030515000000001,0.77284156,0.95746259,0.23030515000000001,0.54253741,0.72715844,0.76969485
mp-3432,4.301190247643293,4.301189325752543,4.30118992,0.3333333515244008,0.3333333909138793,0.3333333325775583,0.5,0.5,0.5,0.25,0.25,0.25,0.0,0.0,0.0
mp-34579,5.35919198689434,5.35919198689434,6.182208610910356,0.6298613807975048,0.6298613807975048,0.5021944466320292,0.237897,0.7745994900000001,0.5090072800000001,0.48601068000000003,0.48601068000000003,0.95494866,0.7745994900000001,0.237897,0.5090072800000001,0.95255487,0.95255487,0.9721668800000001,0.15123072,0.15123072,0.84654083,0.10464044,0.64357493,0.7671928100000001,0.33090907,0.97543106,0.24891307000000001,0.64357493,0.10464044,0.7671928100000001,0.6227391,0.6227391,0.712429499999999,0.97543106,0.33090907,0.24891307000000001,0.84541164,0.84541164,0.213689799999999
mp-35015,7.453281030531185,7.453281030531185,7.453281030531185,0.739254218396493,0.739254218396493,0.3808383093721842,0.0,0.0,0.0,0.75,0.25,0.5,0.5,0.5,0.0,0.25,0.75,0.5,0.740123,0.740123,0.0,0.490123,0.990123,0.5,0.259876999999999,0.259876999999999,0.0,0.009877,0.509877,0.5
mp-35152,5.411240599116803,5.411240374397502,5.336734471232375,0.33585791831846046,0.33585790077571664,0.32828411667079,0.25063037,0.25063037,0.24936963,0.75063037,0.75063037,0.74936963,0.2272194,0.78424678,0.21575322,0.78424678,0.2272194,0.21575322,0.2272194,0.78424678,0.772780599999999,0.78424678,0.2272194,0.772780599999999,0.76050324,0.76050324,0.23949676,0.99230565,0.99230565,0.00769435
mp-3519,5.722436,5.722436,5.722436,0.5,0.5,0.5,0.928742899999999,0.5712571,0.4287429,0.5712571,0.4287429,0.928742899999999,0.4287429,0.928742899999999,0.5712571,0.071257099999999,0.071257099999999,0.071257099999999,0.1678554,0.6678554,0.8321446,0.8321446,0.1678554,0.6678554,0.6678554,0.8321446,0.1678554,0.3321446,0.3321446,0.3321446,0.1553867,0.8446133,0.3446133,0.8446133,0.3446133,0.1553867,0.6553867,0.6553867,0.6553867,0.3446133,0.1553867,0.8446133
mp-35220,4.710987857141725,4.720470285909288,4.833914338753095,0.6622540941401447,0.6618894668921049,0.4999916766902651,0.98979108,0.98962963,0.97960327,0.26025736,0.76001233,0.52039501,0.48642705,0.37481823000000003,0.24874539,0.76334575,0.87606169,0.25128029,0.12543684,0.72849798,0.7504376500000001,0.27110838,0.37483191,0.24974059,0.62497525,0.02104425,0.74954211,0.97865729,0.87510299,0.25025669
mp-3595,5.606963065885797,5.6069626944527915,6.755197306059274,0.6362222301133901,0.636222261486717,0.50000005222243,0.0,0.0,0.0,0.25,0.75,0.5,0.5,0.5,0.0,0.75,0.25,0.5,0.86220828,0.875,0.25,0.625,0.13779172,0.75,0.125,0.61220828,0.75,0.38779172,0.375,0.25
mp-36066,4.641534221102141,4.641534221102141,4.961361489732643,0.6674466398096771,0.6674466398096771,0.5007866559777553,0.01014683,0.9802425100000001,0.9998329100000001,0.23024251,0.76014683,0.49983291,0.13291193,0.74323204,0.75036731,0.99323204,0.88291193,0.25036731,0.2505773,0.38288939,0.24979978,0.63288939,0.0005773,0.74979978
mp-3637,6.667085289396554,6.667085204032242,6.667085801490342,0.18376143528673364,0.1837614431107014,0.1837614085667254,0.74157135,0.74157135,0.74157135,0.25842865,0.25842865,0.25842865,0.62116735,0.62116735,0.62116735,0.37883265,0.37883265,0.37883265,0.13052214,0.13052214,0.13052214,0.86947786,0.86947786,0.86947786
mp-3642,3.22138292,3.2213823633947194,11.38010347,0.5,0.5,0.6666666413714892,0.0,0.0,0.0,0.0,0.0,0.5,0.666667,0.333333,0.75,0.333333,0.666667,0.25,0.333333,0.666667,0.41033669,0.666667,0.333333,0.9103366900000001,0.333333,0.666667,0.08966331,0.666667,0.333333,0.58966331
mp-36508,5.926338919330564,5.92633912427894,5.926338631636981,0.2909187527150746,0.2909187463332291,0.29091874956484104,0.0,0.0,0.0,0.5,0.5,0.5,0.06899763,0.38652607,0.77194418,0.38652607,0.77194418,0.06899763,0.77194418,0.06899763,0.38652607,0.22805582,0.93100237,0.6134739300000001,0.6134739300000001,0.22805582,0.93100237,0.93100237,0.6134739300000001,0.22805582
mp-3654,4.45428814,4.45428814,4.45428814,0.5,0.5,0.5,0.0,0.0,0.0,0.5,0.5,0.5,0.5,0.0,0.5,0.5,0.5,0.0,0.0,0.5,0.5
mp-36582,3.92572859878928,3.925728229340238,3.9257280784029227,0.38101306535070933,0.3810129900001945,0.3810130691667156,0.49871469,0.49871469,0.49871469,0.8574915,0.8574915,0.8574915,0.00779281,0.00779281,0.00779281
mp-37091,6.718572835243059,6.8276777184921285,6.8276777184921285,0.4223791850311275,0.3362695678179237,0.3362695678179237,0.75,0.99993944,6.056e-05,0.25,0.49989847,0.50010153,0.75,0.50008745,0.49991255,0.17060578,0.49998122,0.15900363,0.32939422,0.84099637,0.50001878,0.67065771,0.15896769,0.49986863000000004,0.82934229,0.50013137,0.84103231
mp-3744,2.97508111,2.9750815333643486,11.51547288,0.5,0.5,0.6666665781251023,0.0,0.0,0.0,0.0,0.0,0.5,0.333333,0.666667,0.75,0.666667,0.333333,0.25,0.333333,0.666667,0.36456138,0.666667,0.333333,0.86456138,0.333333,0.666667,0.13543862,0.666667,0.333333,0.6354386200000001
mp-3762,5.36988456,5.36988456,5.36988456,0.5,0.5,0.5,0.0,0.0,0.0,0.0,0.5,0.0,0.0,0.0,0.5,0.5,0.0,0.0,0.7629189,0.2370811,0.7629189,0.2370811,0.7629189,0.7629189,0.7629189,0.7629189,0.2370811,0.2370811,0.2370811,0.2370811
mp-3771,5.47098129421684,5.470981952700048,5.470981813998291,0.305953231437591,0.3059532380816547,0.3059531983617005,0.35510852,0.35510852,0.35510852,0.64489148,0.64489148,0.64489148,0.14466426000000002,0.14466426000000002,0.14466426000000002,0.85533574,0.85533574,0.85533574,0.048089230000000004,0.77334705,0.43816702,0.77334705,0.43816702,0.048089230000000004,0.43816702,0.048089230000000004,0.77334705,0.95191077,0.22665295,0.56183298,0.56183298,0.95191077,0.22665295,0.22665295,0.56183298,0.95191077
mp-380,3.99683864,3.9968379497195357,6.56955405,0.5,0.5,0.6666666984060552,0.333333,0.666667,0.00052056,0.666667,0.333333,0.50052056,0.333333,0.666667,0.37447944,0.666667,0.333333,0.87447944
mp-4035,7.726381938850615,7.727568829198471,7.727681067272126,0.7515715241015845,0.7515959829769818,0.36162193174779356,0.75001955,0.24998443,0.50003319,1.509e-05,1.5430000000000003e-05,0.99997793,0.24995753,0.74980501,0.499853,0.50003981,0.5001993,1.0001477,0.21028402000000002,0.54096042,0.90421725,0.29098849,0.88645149,0.83043148,0.05594462,0.46025559,0.169265,0.63671391,0.30628163,0.09585395000000001,0.11333707,0.94382805,0.40431306,0.69395031,0.78980307,0.3306753,0.45912175,0.36348299,0.66961086,0.53965802,0.70893259,0.59562129
mp-10086,3.77298504,3.77298504,6.82666712,0.5,0.5,0.5,0.75,0.75,0.22722802,0.25,0.25,0.77277198,0.75,0.75,0.6455671900000001,0.25,0.25,0.35443281,0.75,0.25,0.0,0.25,0.75,0.0
mp-1008680,4.20611442165672,4.20611442165672,4.20611442165672,0.33333333333333337,0.33333333333333337,0.33333333333333337,0.0,0.0,0.0,0.5,0.5,0.5,0.75,0.75,0.75
mp-1009750,3.4617190290446738,3.4617190290446738,3.4617190290446738,0.33333333333333337,0.33333333333333337,0.33333333333333337,0.0,0.0,0.0,0.25,0.25,0.25
mp-1009792,3.2287061314402714,3.2287061314402714,3.2287061314402714,0.33333333333333337,0.33333333333333337,0.33333333333333337,0.0,0.0,0.0,0.25,0.25,0.25
mp-1009813,4.291627630706326,4.291627630706326,4.291627630706326,0.3333333333333333,0.3333333333333333,0.3333333333333333,0.0,0.0,0.0,0.25,0.25,0.25
mp-1009819,3.141704,3.141704,3.141704,0.5,0.5,0.5,0.0,0.0,0.0,0.5,0.5,0.5
mp-1009820,3.5967834953191162,3.5967834953191162,3.5967834953191162,0.33333333333333337,0.33333333333333337,0.33333333333333337,0.0,0.0,0.0,0.25,0.25,0.25
mp-1009894,3.6105947049692517,3.6105947049692517,3.6105947049692517,0.33333333333333337,0.33333333333333337,0.33333333333333337,0.0,0.0,0.0,0.25,0.25,0.25
mp-1014244,3.281255442946229,3.28125511,5.28227338,0.5,0.5,0.6666667626852157,0.0,0.0,0.0021306800000000002,0.666667,0.333333,0.45002818,0.333333,0.666667,0.26048738,0.666667,0.333333,0.81732377
mp-10155,5.772335097540224,5.80673151,5.8724596394772,0.5,0.6180611954555401,0.5,0.1580067,0.88188186,0.87028772,0.8419933,0.38188186,0.62971228,0.8419933,0.11811814,0.12971228,0.1580067,0.61811814,0.37028772,0.33432299,0.37720527,0.18854639,0.66567701,0.87720527,0.31145361,0.66567701,0.62279473,0.81145361,0.33432299,0.12279473,0.6885463900000001,0.27186641,0.49883041,0.79157869,0.72813359,0.9988304100000001,0.70842131,0.72813359,0.50116959,0.20842131,0.27186641,0.00116959,0.29157869000000003
mp-10219,3.83226895,3.83226895,5.44665878,0.5,0.5,0.5,0.25,0.25,0.71147552,0.75,0.75,0.28852448,0.75,0.25,0.5,0.25,0.75,0.5,0.25,0.75,0.0,0.75,0.25,0.0
mp-10281,3.80895005,3.808950072963467,12.45259869,0.5,0.5,0.6666667142897453,0.666667,0.333333,0.749925499999999,0.333333,0.666667,0.2499255,0.0,0.0,0.5000013,0.0,0.0,1.3e-06,0.666667,0.333333,0.93773152,0.333333,0.666667,0.43773152,0.0,0.0,0.68734068,0.0,0.0,0.18734068
mp-10341,5.149227776670983,5.149227776670983,5.49372,0.5,0.5,0.6666666507254102,0.333333,0.666667,0.0,0.0,0.0,0.5,0.666667,0.333333,0.5,0.715905999999999,0.045543,0.699434,0.954457,0.670362999999999,0.699434,0.329636999999999,0.284094,0.699434,0.715905999999999,0.670362999999999,0.300566,0.329636999999999,0.045543,0.300566,0.954457,0.284094,0.300566
mp-10418,5.5819675083279705,6.016099442253419,6.0161001031251775,0.5384584540572376,0.6181297486550361,0.6181297562579383,0.25,0.6422463900000001,0.35775361,0.75,0.35775361,0.6422463900000001,0.75,0.91019719,0.08980281,0.25,0.08980281,0.91019719,0.20832925,0.12865552,0.22284867,0.29167075,0.77715133,0.87134448,0.70832925,0.22284867,0.12865552,0.79167075,0.87134448,0.77715133
mp-10481,4.60366146,9.071723965851904,9.33614162921956,0.6209813626386139,0.49999999999439304,0.5816597077746475,0.13554277,0.27108654,0.04931028,0.86445723,0.72891346,0.9506897200000001,0.93863237,0.8772637400000001,0.58859205,0.58582873,0.17165646,0.62265896,0.06136763,0.12273626,0.41140795,0.30852247,0.61704394,0.543883999999999,0.41417127000000004,0.82834354,0.37734104,0.69147753,0.38295606,0.456115999999999,0.20060457,0.40120714,0.698132499999999,0.47899621000000003,0.9579924200000001,0.77527192,0.52100379,0.04200758,0.22472808,0.79939543,0.59879286,0.3018675
mp-10492,5.906663750229988,5.9066627390042,5.90666354,0.33333330841163844,0.33333333987429975,0.3333333419783312,0.75,0.75,0.75,0.25,0.25,0.25,0.0,0.0,0.0,0.20377383000000002,0.7962261700000001,0.7962261700000001,0.20377383000000002,0.7962261700000001,0.20377383000000002,0.7962261700000001,0.20377383000000002,0.7962261700000001,0.7962261700000001,0.20377383000000002,0.20377383000000002,0.7962261700000001,0.7962261700000001,0.20377383000000002,0.20377383000000002,0.20377383000000002,0.7962261700000001
mp-10547,5.826713270705174,7.62603347057506,7.6260335425595205,0.4533776827921841,0.3752258301770692,0.375225871646547,0.19367573,0.30632427,0.30632427,0.5,0.69367573,0.30632427,0.5,0.30632427,0.69367573,0.8063242700000001,0.69367573,0.69367573,0.85058665,0.0,0.29882771,0.14941335,0.70117229,0.0,0.85058665,0.29882771,0.0,0.14941335,0.0,0.70117229,0.71157337,0.28842663,0.28842663,0.0,0.71157337,0.28842663,0.0,0.28842663,0.71157337,0.28842663,0.71157337,0.71157337
mp-10550,3.643606556524044,3.643606556524044,6.399763,0.5,0.5,0.6666667228066063,0.0,0.0,0.5,0.333333,0.666667,0.131395999999999,0.666667,0.333333,0.868603999999999,0.333333,0.666667,0.779463,0.666667,0.333333,0.220536999999999
mp-10614,4.258062,4.295481537976505,4.295481537976505,0.6666666271325803,0.5,0.5,0.0,0.666667,0.333333,0.5,0.0,0.0,0.5,0.333333,0.666667
mp-10627,3.668432,3.668432,3.668432,0.5,0.5,0.5,0.5,0.5,0.5,0.0,0.0,0.0
mp-10653,4.087916,4.087916,4.087916,0.5,0.5,0.5,0.0,0.0,0.0,0.5,0.5,0.5
mp-10694,4.03934176637926,4.039341387339846,4.039341155304269,0.5001320133687343,0.5001320359631454,0.5001319369709295,0.0,0.0,0.0,0.5,0.00193025,0.99806975,0.00193025,0.99806975,0.5,0.99806975,0.5,0.00193025
mp-10695,3.8094423940416946,3.8094435178076993,3.80944241,0.33333338629409387,0.33333333208104476,0.3333333301705407,0.0,0.0,0.0,0.25,0.25,0.25
mp-10748,5.48655743,5.48655743,5.48655743,0.5,0.5,0.5,0.0,0.0,0.0,0.0,0.0,0.5,0.0,0.5,0.0,0.5,0.0,0.0,0.24285373000000002,0.75714727,0.75714727,0.75714727,0.75714727,0.24285373000000002,0.75714727,0.24285373000000002,0.75714727,0.24285373000000002,0.24285373000000002,0.24285373000000002
mp-1087,4.276606179790507,4.276605902047028,4.27660487,0.3333332886395437,0.3333333007804027,0.33333332500242135,0.0,0.0,0.0,0.5,0.5,0.5
mp-10918,5.388675348583745,5.388675348583745,5.27188182,0.5,0.5,0.6666667340963204,0.333333,0.666667,0.28045002,0.666667,0.333333,0.71954998,0.0,0.0,0.0,0.0,0.0,0.61987745,0.0,0.0,0.38012255
mp-10919,5.40589341,5.4058936039051355,5.20080089,0.5,0.5,0.6666666597348005,0.333333,0.666667,0.28089926,0.666667,0.333333,0.71910074,0.0,0.0,0.0,0.0,0.0,0.62205521,0.0,0.0,0.37794479000000003
mp-10955,5.8789751221312425,5.878974376155199,7.21216667536315,0.6336249800417939,0.6336249857593885,0.5000000082723906,0.25,0.75,0.5,0.5,0.5,0.0,0.75,0.25,0.5,0.9053417300000001,0.34617058,0.2304791,0.11569248,0.09465827,0.7695209,0.65382942,0.6748626400000001,0.7695209,0.32513736,0.88430752,0.2304791
mp-10985,3.88562911,7.549304234146241,8.456092130007164,0.6166292663929371,0.5,0.5828493951009158,0.8649913300000001,0.72998065,0.957261399999999,0.13500867,0.27001935,0.042738599999999,0.40680806,0.8136141100000001,0.3646232,0.30957731,0.61915462,0.57402158,0.06587995,0.1317609,0.41319133,0.93412005,0.868239099999999,0.58680867,0.69042269,0.38084538,0.42597842,0.59319194,0.18638589,0.6353768,0.80908729,0.6181755800000001,0.32008751,0.19091271,0.38182442,0.67991249,0.5253569100000001,0.05071482,0.2507539,0.47464309,0.9492851800000001,0.749246099999999
mp-11022,3.21142308,3.211422777255134,12.40930025,0.5,0.5,0.6666666839914899,0.0,0.0,0.0,0.0,0.0,0.5,0.666667,0.333333,0.75,0.333333,0.666667,0.25,0.333333,0.666667,0.41713914,0.666667,0.333333,0.91713914,0.333333,0.666667,0.08286086000000001,0.666667,0.333333,0.58286086
mp-1106,5.1525517,8.10749225,9.59401736,0.5,0.5,0.5,0.75,0.98185565,0.17448468,0.25,0.01814435,0.82551532,0.75,0.48185565,0.32551532,0.25,0.51814435,0.6744846800000001,0.25,0.6514308400000001,0.07832305,0.75,0.34856916,0.92167695,0.25,0.15143084,0.42167695,0.75,0.84856916,0.5783230500000001,0.25,0.25276078,0.10162509,0.75,0.74723922,0.89837591,0.25,0.75276078,0.39837491,0.75,0.24723922,0.6016240900000001
mp-11327,5.697663815228138,5.697662829721191,5.69766304,0.33333332655085735,0.33333335833806493,0.33333335691827226,0.75,0.75,0.75,0.25,0.25,0.25,0.0,0.0,0.0
mp-11520,4.477485844345363,4.477485969883784,4.47748693,0.33333329351536967,0.3333332883627028,0.3333333329135561,0.5,0.5,0.5,0.25,0.25,0.25,0.0,0.0,0.0
mp-11583,3.61937849,3.619378233059797,12.86769356,0.5,0.5,0.6666667309963884,0.333333,0.666667,0.60222188,0.666667,0.333333,0.10222188,0.666667,0.333333,0.39777812,0.333333,0.666667,0.89777812,0.0,0.0,0.25,0.0,0.0,0.75,0.666667,0.333333,0.56776941,0.333333,0.666667,0.06776941,0.333333,0.666667,0.43223059,0.666667,0.333333,0.93223059
mp-11695,6.163632544536602,6.163567858038769,7.4433852857295655,0.5688879173954043,0.5688907963080764,0.6598002759535991,0.84154989,0.84154997,0.68311018,0.15845011,0.15845003,0.31688982,0.5,0.0,0.0,0.5,0.5,0.0,0.0,0.5,0.0,0.21827839000000002,0.55444134,0.77270607,0.44555572,0.7817179400000001,0.2272939,0.55444428,0.21828206,0.7727061,0.7817216100000001,0.44555866,0.22729393
mp-11713,12.708594583848926,12.708594583848926,12.708594615737272,0.07724393204745961,0.07724393204745961,0.07724391319987714,0.91665089,0.91665089,0.91665089,0.65000395,0.65000395,0.65000395,0.45003967,0.45003967,0.45003967,0.18340235,0.18340235,0.18340235,0.05003657,0.05003657,0.05003657,0.8666499,0.8666499,0.8666499,0.59985551,0.59985551,0.59985551,0.39989731,0.39989731,0.39989731,0.13340954,0.13340954,0.13340954,5.4320000000000015e-05,5.4320000000000015e-05,5.4320000000000015e-05
mp-11714,3.07569427,3.0756940293466246,10.07064648,0.5,0.5,0.6666666218923354,0.666667,0.333333,0.9378419800000001,0.333333,0.666667,0.43784198,0.0,0.0,0.68789438,0.0,0.0,0.18789438,0.666667,0.333333,0.74980259,0.333333,0.666667,0.24980259000000002,0.0,0.0,0.50046005,0.0,0.0,0.00046005
mp-11718,3.9826258889535486,3.9826258667318792,3.98262604,0.3333333253379617,0.33333332636336965,0.3333333812107801,0.0,0.0,0.0,0.5,0.5,0.5
mp-1190,4.005679011332485,4.005678358128986,4.00567877,0.3333333139783357,0.3333333439466219,0.33333331044057196,0.0,0.0,0.0,0.25,0.25,0.25
mp-11919,5.481445569343172,5.481446996769823,5.4814460673188545,0.5150105478900364,0.6580695122373755,0.6580694575788666,0.0,0.75,0.75,0.0,0.25,0.25,0.7533167900000001,0.12665839,0.62665839,0.5,0.62665839,0.87334161,0.24668321,0.87334161,0.37334161,0.5,0.37334161,0.12665839,0.5,0.16808175,0.33191825,0.83616151,0.66808175,0.16808175,0.16383849,0.33191825,0.83191825,0.5,0.83191825,0.66808175
mp-12016,6.896252123604354,7.503743630558304,8.636753399967903,0.4038232158425714,0.36927446536254055,0.3480212014582493,0.80646627,0.57440629,0.81266216,0.19353373000000001,0.42559371,0.18733784,0.58118353,0.200268199999999,0.63736173,0.41881647,0.7997318,0.36263827,0.11538087,0.94705117,0.82218609,0.88461913,0.05294883,0.17781391,0.23405269,0.0,0.0,0.76594731,0.0,0.0,0.8874155300000001,0.83407268,0.39109626000000003,0.11258447,0.16592732000000002,0.60890374,0.71259214,0.35321057,0.22160415,0.28740786,0.64678943,0.77839585
mp-12317,5.535409261088854,5.535408966078719,5.5354091834821455,0.23403139603615783,0.2340313905217818,0.23403143320138525,0.5,0.5,0.5,0.0,0.0,0.0,0.08155987,0.08155987,0.08155987,0.91844013,0.91844013,0.91844013
mp-12418,4.96051765,8.11107846,9.12426437,0.5,0.5,0.5,0.25,0.52056731,0.82045676,0.25,0.020567310000000002,0.67954324,0.75,0.97943269,0.32045676,0.75,0.47943269,0.17954324,0.75,0.8516563500000001,0.9250497400000001,0.25,0.14834365,0.07495026,0.75,0.35165635,0.57495026,0.25,0.64834365,0.42504974,0.75,0.23255786,0.89593838,0.25,0.26744214,0.39593838000000003,0.25,0.76744214,0.10406162000000001,0.75,0.73255786,0.60406162
mp-12427,5.593723432682537,5.593723432682537,5.593723432682537,0.6681133499559049,0.6681133499559049,0.49749754139130314,0.75,0.25,0.5,0.25,0.75,0.5,0.5,0.5,0.0,0.0,0.0,0.0,0.7778673700000001,0.72212327,0.49998964,0.72212327,0.22213263,0.94425589,0.27787673,0.7778673700000001,0.05574411,0.22213263,0.27787673,0.50001036,0.25022429,0.25022429,0.0,0.74977571,0.74977571,0.0
mp-12444,3.93943137,3.93943137,8.64701502,0.5,0.5,0.5,0.0,0.5,0.83012694,0.5,0.0,0.16987306,0.5,0.5,0.5,0.0,0.0,0.5,0.5,0.0,0.66018195,0.0,0.5,0.33981805,0.5,0.5,0.0,0.0,0.0,0.0
mp-1247,6.59216251,6.652453789962261,6.747318671340737,0.6376436315704004,0.5,0.5,0.13402256,0.85087818,0.12204261,0.63402356,0.14912182000000002,0.37795739,0.8659764400000001,0.14912182000000002,0.8779573900000001,0.36597744,0.85087818,0.62204261,0.63704584,0.65488906,0.82195573,0.13704584,0.34511094000000003,0.67804427,0.36295416,0.34511094000000003,0.17804427,0.86295416,0.65488906,0.32195573,0.49931821,0.72879468,0.20974719,0.99931821,0.27120532,0.29025281,0.50068179,0.27120532,0.79025281,0.00068179,0.72879468,0.70974719
mp-12509,3.907592323166018,3.907592323166018,10.411139186458561,0.4399083538856955,0.4399083538856955,0.33333330293596886,0.620182999999999,0.620182999999999,0.139451,0.379816999999999,0.379816999999999,0.860549,0.803777,0.803777,0.588669,0.196222999999999,0.196222999999999,0.411331,0.11190699999999901,0.11190699999999901,0.664279,0.888092999999999,0.888092999999999,0.335721,0.694718,0.694718,0.915845999999999,0.305282,0.305282,0.08415399999999901
mp-12525,5.625634070889431,5.625634070889431,5.625634070889431,0.3333333333333333,0.3333333333333333,0.3333333333333333,0.75,0.75,0.75,0.25,0.25,0.25,0.5,0.5,0.5,0.0,0.0,0.0,0.761487999999999,0.238512,0.238512,0.761487999999999,0.761487999999999,0.238512,0.238512,0.238512,0.761487999999999,0.238512,0.761487999999999,0.761487999999999,0.238512,0.761487999999999,0.238512,0.761487999999999,0.238512,0.761487999999999
mp-12622,5.832180477133519,5.83218050761083,6.740631438409627,0.6424086432598715,0.6424086650133909,0.5000000083587867,0.25,0.25,0.5,0.75,0.75,0.5,0.0,0.5,0.0,0.5,0.0,0.0,0.96267515,0.46267515000000003,0.26454399,0.69813116,0.19813116,0.73545601,0.03732485,0.53732485,0.73545601,0.19813116,0.03732485,0.73545601,0.30186884,0.80186884,0.26454399,0.46267515000000003,0.30186884,0.26454399,0.80186884,0.96267515,0.26454399,0.53732485,0.69813116,0.73545601
mp-1285,3.15683565,4.54716258,4.51006709,0.5,0.5,0.5,0.0,0.0,0.0,0.5,0.5,0.5,0.0,0.73860307,0.64080937,0.0,0.26139693,0.35919063,0.5,0.23860307,0.8591906300000001,0.5,0.76139693,0.14080937
mp-12894,3.79129384,3.791294239539567,6.59676255,0.5,0.5,0.6666666472996916,0.666667,0.333333,0.71722436,0.333333,0.666667,0.28277564,0.0,0.0,0.0,0.333333,0.666667,0.62951527,0.666667,0.333333,0.37048473
mp-12903,4.67484568,7.15729248,7.15729248,0.5,0.5,0.5,0.79353907,0.0,0.5,0.20646093000000001,0.5,0.0,0.0,0.0,0.0,0.0,0.5,0.5,0.28132163,0.79864068,0.29864068,0.71867837,0.29864068,0.20135932,0.71867837,0.70135932,0.79864068,0.28132163,0.20135932,0.70135932
mp-12908,3.90558424,3.9055841027694944,6.61040586,0.5,0.5,0.6666666731240143,0.0,0.0,0.0,0.0,0.0,0.5,0.333333,0.666667,0.23212153,0.666667,0.333333,0.76787847
mp-13099,3.744827613669019,3.744827613669019,3.744827613669019,0.33333333333333337,0.33333333333333337,0.33333333333333337,0.0,0.0,0.0,0.25,0.25,0.25
mp-13109,5.768559274870295,5.7604834523041415,5.760484166430048,0.33538872000463116,0.33307556196775895,0.33307562109775524,0.25,0.25774452000000003,0.24225548,0.75,0.74225548,0.75774452,0.0,0.0,0.0,0.5,0.5,0.5,0.71071941,0.28928059,0.7892805900000001,0.7892805900000001,0.71071941,0.21071941,0.28928059,0.71071941,0.21071941,0.21071941,0.28928059,0.7892805900000001,0.25,0.82284997,0.6771500300000001,0.75,0.17715003,0.32284997
mp-13276,4.37129639,4.371296435707485,8.04126415,0.5,0.5,0.6666665786724268,0.0,0.0,0.0,0.0,0.0,0.5,0.333333,0.666667,0.25,0.666667,0.333333,0.75,0.333333,0.666667,0.75,0.666667,0.333333,0.25
mp-13445,6.33572363,6.719129415013787,8.032915695486578,0.6373475571344719,0.5,0.5,0.75,0.79502012,0.59004024,0.75,0.41555086,0.8311027200000001,0.25,0.20497988,0.40995976,0.25,0.58444914,0.16889728,0.75,0.28492678,0.20925101000000002,0.25,0.07567577,0.79074899,0.25,0.7150732200000001,0.79074899,0.75,0.92432423,0.20925101000000002,0.0,0.0,0.0,0.5,0.0,0.0
mp-13541,5.252103406773709,5.252103406773709,6.198539822857073,0.36276040880353516,0.36276040880353516,0.3292659381442804,0.709318999999999,0.709318999999999,0.814736999999999,0.290680999999999,0.290680999999999,0.185262999999999,0.5,0.5,0.5,0.937647999999999,0.937647999999999,0.26448,0.062352,0.062352,0.7355200000000001,0.768698,0.768698,0.338713,0.206589,0.744562,0.768281,0.255438,0.793411,0.231718999999999,0.793411,0.255438,0.231718999999999,0.744562,0.206589,0.768281,0.231301999999999,0.231301999999999,0.661287
mp-13610,5.6495274359679835,5.649527841339984,5.649528042482182,0.299824421535181,0.2998244213605292,0.29982447727885,0.0,0.0,0.0,0.5,0.5,0.5,0.39174329,0.09773712,0.7574211200000001,0.09773712,0.7574211200000001,0.39174329,0.24257888,0.60825671,0.90226288,0.90226288,0.24257888,0.60825671,0.60825671,0.90226288,0.24257888,0.7574211200000001,0.39174329,0.09773712
mp-13641,5.82305272566268,5.823053588000912,5.823052171200204,0.29832461549601735,0.2983245470101408,0.29832453992001556,0.8499455100000001,0.8499455100000001,0.8499455100000001,0.15005449,0.15005449,0.15005449,0.63681753,0.63681753,0.63681753,0.36318247000000003,0.36318247000000003,0.36318247000000003,0.80450407,0.43769191,0.03580183,0.43769191,0.03580183,0.80450407,0.03580183,0.80450407,0.43769191,0.19549593,0.56230809,0.96419817,0.96419817,0.19549593,0.56230809,0.56230809,0.96419817,0.19549593
mp-13658,4.8902325,5.31012834,5.77135798,0.5,0.5,0.5,0.59879445,0.75,0.25,0.40120555,0.25,0.75,0.00971686,0.25,0.25,0.9902831400000001,0.75,0.75,0.88112721,0.25,0.43924206,0.88112721,0.25,0.06075794,0.73171328,0.75,0.75,0.26828672,0.25,0.25,0.11887279,0.75,0.56075794,0.11887279,0.75,0.93924206
mp-13676,4.868529041840522,4.868529233148287,7.16352966,0.5,0.5,0.6239422311464499,0.0,0.0,0.5,0.0,0.0,0.0,0.64505605,0.35494395,0.25,0.35494395,0.64505605,0.75,0.258052499999999,0.7419475,0.56815721,0.7419475,0.258052499999999,0.06815721,0.7419475,0.258052499999999,0.43184279000000003,0.258052499999999,0.7419475,0.93184279,0.70084125,0.76659378,0.75,0.29915875000000003,0.23340622,0.25,0.76659378,0.70084125,0.25,0.23340622,0.29915875000000003,0.75
mp-13868,5.415146998824153,5.415146658396813,5.509469337908147,0.5885150890228831,0.5885150224930717,0.6455253790495846,0.73969768,0.23969768,0.5,0.98969768,0.98969768,0.0,0.97117078,0.74863568,0.18518604,0.56345065,0.78598575,0.8148139600000001,0.01913268,0.29580748,0.31226028,0.9835472,0.7068744100000001,0.68773972,0.04580748,0.26913268,0.8122602800000001,0.45687441,0.233547199999999,0.18773972,0.53598575,0.81345065,0.31481396,0.49863568,0.22117078,0.68518604
mp-13900,5.45096049872937,5.4509600857306655,6.24573345898046,0.643737754764638,0.6437378331360204,0.499999997588754,0.625,0.375,0.25,0.375,0.625,0.75,0.5,0.0,0.5,0.0,0.0,0.0,0.0,0.0,0.5,0.0,0.5,0.0,0.12522499,0.37522499,0.25044998,0.37522499,0.12522499,0.75044998,0.87477501,0.62477501,0.74955002,0.62477501,0.87477501,0.24955002
mp-13903,5.503082296290183,5.50308262513372,5.503082028619981,0.30807923961896017,0.308079179093344,0.30807913844986784,0.5,0.5,0.5,0.0,0.0,0.0,0.24766342,0.88612344,0.61915622,0.88612344,0.61915622,0.24766342,0.38084378,0.75233658,0.11387656,0.11387656,0.38084378,0.75233658,0.75233658,0.11387656,0.38084378,0.61915622,0.24766342,0.88612344
mp-13926,6.382945433540224,6.382945433540224,6.382945433540224,0.3333333333333333,0.3333333333333333,0.3333333333333333,0.25,0.25,0.25,0.75,0.75,0.75,0.5,0.5,0.5,0.0,0.0,0.0,0.757504,0.757504,0.242496,0.242496,0.757504,0.757504,0.242496,0.242496,0.757504,0.757504,0.242496,0.757504,0.242496,0.757504,0.242496,0.757504,0.242496,0.242496
mp-1394,4.77067119,4.79638921,6.75743536,0.5,0.5,0.5,0.0,0.50307674,0.74949252,0.0,0.49692326000000003,0.25050748,0.5,0.99692326,0.24949252,0.5,0.00307674,0.75050748,0.0,0.0,0.0,0.5,0.5,0.5
mp-13946,6.11047195,6.110472057170362,4.76285719,0.5,0.5,0.6666666938198379,0.333333,0.666667,0.69643997,0.666667,0.333333,0.30356003,0.0,0.0,0.0,0.84032052,0.15967948,0.7685411,0.84032052,0.6806440500000001,0.7685411,0.31935595,0.15967948,0.7685411,0.15967948,0.84032052,0.2314589,0.15967948,0.31935595,0.2314589,0.6806440500000001,0.84032052,0.2314589
mp-13947,6.07005356,6.070054160487266,4.76819267,0.5,0.5,0.6666666787622708,0.333333,0.666667,0.69402086,0.666667,0.333333,0.30597914,0.0,0.0,0.0,0.84161163,0.15838837,0.77037719,0.84161163,0.68322226,0.77037719,0.31677774000000003,0.15838837,0.77037719,0.15838837,0.84161163,0.22962181,0.15838837,0.31677774000000003,0.22962181,0.68322226,0.84161163,0.22962181
mp-13983,5.3738486801856125,5.373848634312922,5.373849071272989,0.30383691342649155,0.3038368944744402,0.3038368302487174,0.5,0.5,0.5,0.0,0.0,0.0,0.3921071,0.09497363,0.75908546,0.09497363,0.75908546,0.3921071,0.24091454,0.6078929,0.90502637,0.90502637,0.24091454,0.6078929,0.6078929,0.90502637,0.24091454,0.75908546,0.3921071,0.09497363
mp-14037,6.132324162870714,6.132324162870714,6.132324162870714,0.33333333333333337,0.33333333333333337,0.33333333333333337,0.5,0.5,0.5,0.75,0.75,0.75,0.25,0.25,0.25,0.0,0.0,0.0,0.766883,0.233117,0.233117,0.233117,0.766883,0.233117,0.766883,0.233117,0.766883,0.766883,0.766883,0.233117,0.233117,0.766883,0.766883,0.233117,0.233117,0.766883
mp-14038,6.127204709774924,6.127204709774924,6.127204709774924,0.33333333333333337,0.33333333333333337,0.33333333333333337,0.75,0.75,0.75,0.25,0.25,0.25,0.5,0.5,0.5,0.0,0.0,0.0,0.766621,0.233379,0.233379,0.233379,0.233379,0.766621,0.233379,0.766621,0.766621,0.233379,0.766621,0.233379,0.766621,0.233379,0.766621,0.766621,0.766621,0.233379
mp-14070,5.672137878562409,5.67213760057872,5.67213805,0.33333331909615804,0.3333333281027829,0.3333333208396749,0.625,0.625,0.625,0.375,0.375,0.375,0.875,0.875,0.875,0.125,0.125,0.125,0.0,0.5,0.0,0.5,0.0,0.0,0.0,0.0,0.0,0.0,0.0,0.5
mp-14088,6.001675428485004,6.0016765596306705,6.00167594,0.33333332168610996,0.33333328704948373,0.333333336937263,0.25,0.25,0.25,0.75,0.75,0.75,0.0,0.0,0.0,0.22650192,0.77349808,0.77349808,0.22650192,0.77349808,0.22650192,0.77349808,0.22650192,0.77349808,0.77349808,0.22650192,0.22650192,0.77349808,0.77349808,0.22650192,0.22650192,0.22650192,0.77349808
mp-1413,2.89752343,5.11012098,5.90022794,0.5,0.5,0.5,0.5,0.33767641,0.87380843,0.5,0.66232359,0.12619157,0.0,0.16232359,0.37380843,0.0,0.83767641,0.62619157,0.5,0.5,0.5,0.0,0.0,0.0
mp-14333,3.77891429,6.355000150767842,6.461651253684249,0.5938179434303348,0.5,0.5960922655925563,0.89419076,0.78837952,0.76649806,0.10580924,0.21162048,0.23350194,0.79908059,0.59816217,0.17895459,0.20091941,0.40183783,0.82104541,0.35796276,0.71592551,0.7975255800000001,0.6420372400000001,0.28407449,0.20247442000000002,0.9421867700000001,0.88437453,0.13516783000000002,0.05781323,0.11562547000000001,0.86483217,0.14129523,0.28259246,0.52670664,0.85870477,0.7174075400000001,0.47329336,0.26256297,0.52512693,0.14190917,0.73743703,0.47487307,0.85809083
mp-14437,6.812170749139972,6.812170749139972,6.8121701606381855,0.16449590868473482,0.16449590868473482,0.16449590393676347,0.0,0.0,0.0,0.5,0.5,0.5,0.77470617,0.77470617,0.77470617,0.22529383,0.22529383,0.22529383
mp-14588,3.7072689800000003,5.669976675702858,11.29234677,0.5,0.5,0.606011137307311,0.43698504,0.87397108,0.86809466,0.5630149600000001,0.12602892000000002,0.36809466,0.82547292,0.65094484,0.59927022,0.17452708,0.34905516000000003,0.09927022,0.13618371,0.27236541000000003,0.75169544,0.86381629,0.72763459,0.25169544,0.55123764,0.10247529,0.62964209,0.44876236,0.89752471,0.12964209000000002,0.72135637,0.44271373,0.87359659,0.27864363000000003,0.55728627,0.37359659
mp-149,3.8492784033699095,3.8492794116013456,3.849278,0.3333334007274678,0.33333335259144353,0.33333339430809944,0.875,0.875,0.875,0.125,0.125,0.125
mp-14983,4.94923406089575,5.646073563592839,6.175848915162812,0.47521553599203364,0.3792635864680192,0.39266264899980885,0.67010017,0.77515135,0.22655648,0.23688997,0.34377057,0.43246126,0.359871,0.59440498,0.88025308,0.84394261,0.97223578,0.68908969,0.16053447,0.01624026,0.31931302,0.61985063,0.41151238,0.1232776,0.767369,0.64244519,0.56337052,0.34202505,0.22789438,0.75796273,0.0006818999999990001,0.00185489,0.9992166100000001
mp-15556,6.854825119171773,6.85482493140045,8.914208925365793,0.6118228121553758,0.6118228240996214,0.533481921314637,0.75,0.25,0.5,0.25,0.75,0.5,0.26345225,0.7365477500000001,0.0,0.7365477500000001,0.26345225,0.0,0.69594592,0.69594592,0.8434786,0.85246532,0.85246532,0.1565214,0.30405408,0.30405408,0.1565214,0.14753468,0.14753468,0.8434786,0.8428666100000001,0.8428666100000001,0.68573523,0.15713339,0.15713339,0.31426477
mp-1565,3.599276100080759,3.5992762444473265,3.59927642,0.33333337645016775,0.3333333690789229,0.3333333052820472,0.0,0.0,0.0,0.25,0.25,0.25,0.75,0.75,0.75
mp-15668,4.64853032,4.64852941408777,10.76144936,0.5,0.5,0.6666666629469737,0.0,0.0,0.0,0.0,0.0,0.5,0.333333,0.666667,0.25,0.666667,0.333333,0.75,0.333333,0.666667,0.63636225,0.666667,0.333333,0.13636225,0.666667,0.333333,0.36363775,0.333333,0.666667,0.86363775
mp-15685,5.2647369,5.6500825029697825,5.650081913783197,0.5654291442421331,0.5,0.5,0.25,0.02872372,0.67968926,0.75,0.97127628,0.32031074,0.75,0.32031074,0.97127628,0.25,0.67968926,0.02872372,0.5,0.5,0.5,0.0,0.5,0.5,0.25,0.23175157000000002,0.23175157000000002,0.75,0.76824843,0.76824843
mp-15776,5.561611556032173,5.561343486003799,6.742787223658779,0.6353643752035274,0.6353404755251139,0.49995488313637926,0.25025768,0.75023255,0.50009121,1.4350000000000002e-05,0.99987971,1.0000153,0.74986799,0.25006376,0.50001912,0.13968477,0.61810793,0.76446112,0.3817722,0.37487227,0.23518261000000001,0.6248904,0.14671261,0.76476592,0.85354031,0.86013016,0.23546472000000002
mp-15777,6.013731444419352,6.013731698392206,7.322861572920313,0.6346854229499036,0.6346854853505586,0.5000000215192582,0.0,0.0,0.0,0.5,0.5,0.0,0.25,0.75,0.5,0.39751617,0.37053997,0.26490577,0.1056342,0.60248383,0.7350942300000001,0.6294600300000001,0.1326104,0.7350942300000001,0.8673896,0.8943658,0.26490577
mp-15953,5.761410990236888,5.80324068,5.853886837569235,0.5,0.6242138855807781,0.5,0.16021099,0.8803723999999991,0.8668498800000001,0.8397890100000001,0.3803724,0.63315012,0.8397890100000001,0.1196276,0.13315012,0.16021099,0.6196276,0.36684988,0.33428622,0.37789471,0.18728979,0.66571378,0.87789471,0.31271021,0.66571378,0.62210529,0.81271021,0.33428622,0.12210529,0.68728979,0.27213106,0.4982509,0.78975188,0.72786894,0.998250899999999,0.71024812,0.72786894,0.5017491,0.21024812,0.27213106,0.0017491,0.28975188
mp-1598,4.92021676,4.9202174646970445,8.76521101,0.5,0.5,0.6666666403453482,0.0,0.0,0.25,0.0,0.0,0.75,0.333333,0.666667,0.58021551,0.666667,0.333333,0.08021551,0.666667,0.333333,0.41978449,0.333333,0.666667,0.9197844900000001,0.333333,0.666667,0.25,0.666667,0.333333,0.75
mp-1634,3.32226017,3.3222602064893203,13.54295655,0.5,0.5,0.6666667225824623,0.666667,0.333333,0.75,0.333333,0.666667,0.25,0.333333,0.666667,0.87222232,0.666667,0.333333,0.37222232,0.333333,0.666667,0.62777768,0.666667,0.333333,0.12777768
mp-165,3.8313210654137295,3.83131385564926,6.332622000151911,0.5000039379096013,0.4999962162619282,0.666666335253007,0.666682999999999,0.333317,0.500012,1.5000000000000002e-05,0.9999849999999991,9e-06,0.666682999999999,0.333318,0.873992999999999,2e-05,0.999981,0.373986
mp-16764,4.51541384,4.515413152341342,17.03131253,0.5,0.5,0.6666666946542199,0.333333,0.666667,0.25,0.666667,0.333333,0.75,0.0,0.0,0.0,0.0,0.0,0.5,0.333333,0.666667,0.60014039,0.666667,0.333333,0.10014039,0.666667,0.333333,0.39985961000000003,0.333333,0.666667,0.89985961
mp-1873,3.1328902100000002,4.70294417,4.70294417,0.5,0.5,0.5,0.5,0.5,0.5,0.0,0.0,0.0,0.0,0.69686162,0.69686162,0.5,0.80313838,0.19686162000000001,0.0,0.30313838,0.30313838,0.5,0.19686162000000001,0.80313838
mp-189,4.70859538,4.70859538,4.70859538,0.5,0.5,0.5,0.16242227,0.33757773,0.66242227,0.33757773,0.66242227,0.16242227,0.66242227,0.16242227,0.33757773,0.83757773,0.83757773,0.83757773,0.87059449,0.62940551,0.37059449,0.62940551,0.37059449,0.87059449,0.37059449,0.87059449,0.62940551,0.12940551,0.12940551,0.12940551
mp-1922,5.97163235,5.97163235,5.97163235,0.5,0.5,0.5,0.0,0.5,0.5,0.5,0.5,0.0,0.5,0.0,0.5,0.0,0.0,0.0,0.38058187,0.11941813,0.88058187,0.11941813,0.88058187,0.38058187,0.88058187,0.38058187,0.11941813,0.61941813,0.61941813,0.61941813,0.38058187,0.38058187,0.38058187,0.11941813,0.61941813,0.88058187,0.88058187,0.11941813,0.61941813,0.61941813,0.88058187,0.11941813
mp-1958,4.745867863531459,4.745868853084879,4.74586757,0.3333333017817927,0.3333332632009485,0.33333330190798316,0.0,0.0,0.0,0.5,0.5,0.5
mp-19717,4.625746504691805,4.625746923844236,4.62574704,0.333333328718581,0.33333331206607186,0.33333326386247114,0.0,0.0,0.0,0.5,0.5,0.5
mp-1986,3.223354140072945,3.2233531295118962,3.22335291,0.3333332894047125,0.333333347020851,0.33333331775926317,0.0,0.0,0.0,0.25,0.25,0.25
mp-20289,6.985862846998568,6.985862736197737,6.985863299047232,0.17615164949336204,0.1761516755063781,0.17615163390821745,0.5,0.5,0.5,0.0,0.0,0.0,0.7403826800000001,0.7403826800000001,0.7403826800000001,0.25961732,0.25961732,0.25961732
mp-2030,5.63060972,5.63060972,5.63060972,0.5,0.5,0.5,0.0,0.5,0.5,0.5,0.5,0.0,0.5,0.0,0.5,0.0,0.0,0.0,0.38820417,0.11179583,0.8882041700000001,0.11179583,0.8882041700000001,0.38820417,0.8882041700000001,0.38820417,0.11179583,0.61179583,0.61179583,0.61179583,0.38820417,0.38820417,0.38820417,0.11179583,0.61179583,0.8882041700000001,0.8882041700000001,0.11179583,0.61179583,0.61179583,0.8882041700000001,0.11179583
mp-20450,3.44648958,5.91809299,11.43413371,0.5,0.5,0.5,0.0,0.37500099000000003,0.65046827,0.0,0.62499901,0.34953173,0.0,0.87500099,0.84953173,0.0,0.12499901000000001,0.15046827000000002,0.0,0.379192,0.9213705600000001,0.0,0.620808,0.07862944,0.0,0.879192,0.57862944,0.0,0.120808,0.42137056,0.5,0.024683840000000002,0.69132386,0.5,0.97531616,0.30867614,0.5,0.52468384,0.80867614,0.5,0.47531616,0.19132386,0.5,0.11302982,0.54671775,0.5,0.88697018,0.45328225,0.5,0.6130298200000001,0.95328225,0.5,0.38697018,0.04671775,0.5,0.27963348,0.31648092,0.5,0.72036652,0.6835190800000001,0.5,0.77963348,0.18351908,0.5,0.22036652,0.81648092,0.5,0.36223578,0.46745896000000003,0.5,0.63776422,0.53254104,0.5,0.86223578,0.03254104,0.5,0.13776422,0.96745896
mp-20459,3.8795519,3.8795519,4.2858876200000005,0.5,0.5,0.5,0.5,0.5,0.58251444,0.0,0.0,0.12358795,0.0,0.5,0.49415765,0.5,0.0,0.49415765,0.5,0.5,0.99578232
mp-2064,3.37044718,3.37044718,3.37044718,0.5,0.5,0.5,0.0,0.0,0.0,0.5,0.5,0.5
mp-2068,5.331995137411872,5.331995354190068,5.33199389420911,0.3023348098009865,0.3023348218048493,0.3023348153963357,0.5,0.5,0.5,0.0,0.0,0.0,0.41839041,0.75,0.08160959,0.75,0.08160959,0.41839041,0.91839041,0.58160959,0.25,0.25,0.91839041,0.58160959,0.58160959,0.25,0.91839041,0.08160959,0.41839041,0.75
mp-2079,6.619035083753471,6.619034595443571,8.617172596459145,0.6155223117425564,0.6155223151947072,0.5241007674055647,0.25,0.75,0.5,0.75,0.25,0.5,0.27960539,0.72039461,0.0,0.72039461,0.27960539,0.0,0.8528821400000001,0.8528821400000001,0.70576428,0.14711786000000002,0.14711786000000002,0.29423572000000003,0.13328097,0.13328097,0.8537165600000001,0.27956241,0.27956241,0.14628344000000001,0.8667190300000001,0.8667190300000001,0.14628344000000001,0.72043759,0.72043759,0.8537165600000001
mp-20832,6.209305156310723,6.209305631110053,7.636162747239839,0.6332760947386987,0.6332760681201957,0.4999999894387628,0.0,0.0,0.0,0.5,0.5,0.0,0.25,0.75,0.5,0.39257577,0.34779789,0.26182249,0.08597541,0.60742423,0.73817751,0.6522021100000001,0.13075428,0.73817751,0.86924572,0.91402459,0.26182249
mp-21166,5.21315453,8.515091850097507,9.68031028010534,0.5000030082704807,0.5,0.5,0.75,0.97831022,0.31829241,0.25,0.02168978,0.68170759,0.75,0.47830943000000004,0.18170883000000002,0.25,0.52169057,0.8182911700000001,0.75,0.85146926,0.92955259,0.25,0.14853074,0.07044741,0.75,0.35147266,0.570447399999999,0.25,0.64852734,0.4295526,0.75,0.735449599999999,0.60905674,0.25,0.264550399999999,0.39094326,0.75,0.23545662,0.89094139,0.25,0.76454338,0.10905861
mp-21228,4.093813,4.093813,8.901206,0.5,0.5,0.5,0.0,0.5,0.661848,0.5,0.0,0.338152,0.5,0.5,0.0,0.0,0.0,0.0,0.5,0.0,0.831171,0.0,0.5,0.168828999999999,0.0,0.0,0.5,0.5,0.5,0.5
mp-21276,4.23050716,5.9824948,8.43319393,0.5,0.5,0.5,0.75,0.75008876,0.12376494,0.75,0.74991124,0.62376494,0.25,0.24991124,0.8762350600000001,0.25,0.25008876,0.37623506,0.25,0.75094903,0.87475634,0.25,0.74905097,0.37475634,0.75,0.24905097,0.12524366,0.75,0.25094903,0.62524366
mp-2133,3.23735118,3.2373508669087494,5.2220613,0.5,0.5,0.6666666276725792,0.666667,0.333333,0.5005917,0.333333,0.666667,0.0005917,0.666667,0.333333,0.8797183,0.333333,0.666667,0.3797183
mp-2175,3.9231807828267398,3.923181039733652,3.9232111963008993,0.6666651898342618,0.6666652790674991,0.5000000175961506,0.0,0.0,0.0,0.5,0.5,0.0
mp-2176,4.322812724745816,4.32281327490844,10.57750131,0.5,0.5,0.666666638357672,0.66660313,0.6673303700000001,0.69339317,0.00072723,0.33339687,0.36005917,0.33266963,0.99927277,0.02672617,0.66744543,0.66687124,0.44327383000000004,0.33312876,0.00057319,0.77660683,0.99942681,0.33255457,0.10994083
mp-21855,5.5751705000000005,5.5751705000000005,5.5751705000000005,0.5,0.5,0.5,0.0,0.0,0.0,0.0,0.5,0.0,0.0,0.0,0.5,0.5,0.0,0.0,0.24334255000000002,0.24334255000000002,0.24334255000000002,0.7566574500000001,0.7566574500000001,0.24334255000000002,0.24334255000000002,0.7566574500000001,0.7566574500000001,0.7566574500000001,0.24334255000000002,0.7566574500000001
mp-22003,5.485994403585959,5.485994403585959,5.485994693194867,0.2127496670689689,0.2127496670689689,0.21274971928775463,0.002553052605875,0.002553052605875,0.002553052636081,0.42543580716470303,0.42543580716470303,0.42543580716007,0.5028121434320021,0.5028121434320021,0.50281214342219,0.580198996797406,0.580198996797406,0.5801989967816531
mp-2201,4.371084483635594,4.371083953645105,4.37108462,0.33333334913117085,0.33333337121280526,0.33333338650893,0.0,0.0,0.0,0.5,0.5,0.5
mp-22255,7.362715609107617,7.3627162207968535,7.362716834283927,0.5823017310361914,0.5823017544588681,0.6625015934876628,0.75,0.75,0.0,0.25,0.25,0.0,0.75,0.25,0.5,0.25,0.75,0.5,0.33157543,0.16842457,0.5,0.16842457,0.66842457,0.83684914,0.83157543,0.33157543,0.16315086,0.66842457,0.83157543,0.5
mp-2229,3.0680542991818123,3.0680542991818123,3.0680542991818123,0.33333333333333337,0.33333333333333337,0.33333333333333337,0.0,0.0,0.0,0.5,0.5,0.5
mp-22313,5.4670555694502765,5.4670555694502765,5.4670555694502765,0.8145689961003143,0.7265074058908482,0.3376883183693188,0.67650375,0.67650375,0.0,0.32349625,0.32349625,0.0,0.0,0.0,0.0,0.85952952,0.35952952,0.5,0.14047048,0.6404704800000001,0.5
mp-22473,7.325631478000221,7.325630898670253,7.325631502942533,0.17589909836378168,0.1758991696707254,0.17589908347683605,0.5,0.5,0.5,0.0,0.0,0.0,0.74074183,0.74074183,0.74074183,0.25925817,0.25925817,0.25925817
mp-22483,6.942931692788785,6.942932600918513,6.942933023270079,0.5881040602558463,0.5881040368310025,0.6498130702640061,0.25,0.25,0.0,0.75,0.75,0.0,0.75,0.25,0.5,0.25,0.75,0.5,0.68321097,0.18321097,0.86642195,0.18321097,0.31678903,0.5,0.81678903,0.68321097,0.5,0.31678903,0.81678903,0.13357805
mp-22607,5.743294871060634,5.743294524260657,7.092501941207306,0.6326884177134153,0.6326884118486814,0.5000000056276862,0.0,0.0,0.0,0.5,0.5,0.0,0.25,0.75,0.5,0.39101634,0.34853592,0.26038497,0.86936863,0.91184804,0.26038497,0.08815196,0.60898366,0.7396150300000001,0.65146408,0.13063137,0.7396150300000001
mp-22851,3.50219,3.50219,3.50219,0.5,0.5,0.5,0.0,0.0,0.0,0.5,0.5,0.5
mp-22862,3.9514029221314546,3.9514021724801687,3.951402,0.3333332483369597,0.3333332832026066,0.3333333187513249,0.0,0.0,0.0,0.5,0.5,0.5
mp-22867,4.887451762313654,4.887451515721733,4.88745206,0.33333331286756573,0.3333333221398326,0.33333340556973007,0.0,0.0,0.0,0.5,0.5,0.5
mp-22875,3.9999066500000002,3.9999066500000002,3.9999066500000002,0.5,0.5,0.5,0.0,0.0,0.0,0.5,0.5,0.5
mp-4043,5.66526997,5.66526997,5.66526997,0.5,0.5,0.5,0.0,0.0,0.0,0.5,0.0,0.0,0.0,0.0,0.5,0.0,0.5,0.0,0.25007292000000003,0.25007292000000003,0.25007292000000003,0.74992708,0.74992708,0.25007292000000003,0.74992708,0.25007292000000003,0.74992708,0.25007292000000003,0.74992708,0.74992708
mp-4081,5.66757839,5.66757839,5.66757839,0.5,0.5,0.5,0.0,0.0,0.0,0.5,0.0,0.0,0.0,0.0,0.5,0.0,0.5,0.0,0.24883961000000002,0.24883961000000002,0.24883961000000002,0.75116039,0.75116039,0.24883961000000002,0.75116039,0.24883961000000002,0.75116039,0.24883961000000002,0.75116039,0.75116039
mp-4165,4.979142917553716,5.04121064,5.195280151898993,0.5,0.5531023805648299,0.5,0.29298799000000003,0.45519386,0.7158713600000001,0.70701201,0.9551938600000001,0.78412864,0.70701201,0.54480614,0.28412864,0.29298799000000003,0.04480614,0.21587136,0.44403208,0.74396804,0.97935105,0.5559679200000001,0.24396804,0.52064895,0.5559679200000001,0.25603196,0.02064895,0.44403208,0.7560319600000001,0.47935105,0.06248885,0.32574909,0.34711804,0.9375111500000001,0.82574909,0.15288196,0.9375111500000001,0.67425091,0.65288196,0.06248885,0.17425091,0.84711804
mp-4175,5.647501840187751,5.647500975858299,6.928730227174504,0.6336141143407995,0.6336140885470946,0.500000002897213,0.25,0.75,0.5,0.0,0.0,0.0,0.75,0.25,0.5,0.5,0.5,0.0,0.35362308000000003,0.375,0.25,0.125,0.64637692,0.75,0.625,0.10362308,0.75,0.89637692,0.875,0.25
mp-4200,5.487764147107227,5.487764202903866,5.487764930425293,0.5900218492742186,0.5900218007102654,0.6456904311253641,0.125,0.875,0.25,0.875,0.125,0.75,0.375,0.625,0.75,0.625,0.375,0.25,0.7928037,0.72279572,0.42999102,0.36281169,0.7928037,0.57000898,0.72279572,0.7928037,0.92999102,0.7928037,0.36281169,0.07000898,0.63718831,0.2071963,0.42999102,0.2071963,0.27720428,0.57000898,0.2071963,0.63718831,0.92999102,0.27720428,0.2071963,0.07000898
mp-4359,3.539867388582256,4.0053543848085615,6.940131078389579,0.593165309857763,0.5820849823321785,0.5000000492829577,0.64700792,0.64699702,0.29401584000000003,0.35299208,0.35300298,0.70598416,0.0,0.0,0.0,0.8398306,0.83986675,0.67966221,0.1601694,0.16013325,0.32033779,0.0,0.5,0.0
mp-4360,5.987616053867304,5.987616657473244,5.987616973160693,0.3174021768245502,0.3174021536130956,0.317402146129726,0.2916034,0.2916034,0.2916034,0.7916034,0.7916034,0.7916034,0.00258627,0.00258627,0.00258627,0.50258627,0.50258627,0.50258627,0.10957593,0.39076832,0.70146508,0.39076832,0.70146508,0.10957593,0.70146508,0.10957593,0.39076832,0.20146508,0.8907683200000001,0.60957593,0.60957593,0.20146508,0.8907683200000001,0.8907683200000001,0.60957593,0.20146508
mp-4405,5.50932825,5.50932825,5.50932825,0.5,0.5,0.5,0.0,0.5,0.5,0.5,0.5,0.0,0.5,0.0,0.5,0.0,0.0,0.0,0.5,0.5,0.5
mp-441,6.054395575056957,6.054395745621042,6.05439651,0.33333334157129574,0.3333333367444606,0.3333333223835015,0.25,0.25,0.25,0.75,0.75,0.75,0.0,0.0,0.0
mp-4482,6.105268137831285,6.105268122460026,6.105267801496487,0.2862790658979888,0.28627909126536893,0.2862790260848876,0.63984321,0.63984321,0.63984321,0.36015679,0.36015679,0.36015679,0.83938555,0.83938555,0.83938555,0.16061445,0.16061445,0.16061445,0.95843985,0.19354317000000001,0.5602937100000001,0.19354317000000001,0.5602937100000001,0.95843985,0.5602937100000001,0.95843985,0.19354317000000001,0.041560150000000004,0.80645683,0.43970629,0.43970629,0.041560150000000004,0.80645683,0.80645683,0.43970629,0.041560150000000004
mp-4497,4.85861452,5.22786396069717,5.2278645645994,0.6470674913091577,0.5,0.5,0.72930006,0.02668309,0.67241335,0.22930006,0.97331691,0.32758665,0.22930006,0.32758665,0.97331691,0.72930006,0.67241335,0.02668309,0.38498384,0.09563758,0.65711662,0.88498384,0.90436242,0.34288338,0.88498384,0.34288338,0.90436242,0.38498384,0.65711662,0.09563758,0.77871119,0.7912793,0.7912793,0.27871119,0.208720699999999,0.208720699999999
mp-4514,5.617198572499826,5.617198084822004,5.617198164543066,0.32627671120097107,0.32627672827154025,0.3262766963574498,0.27565789,0.27565789,0.27565789,0.77565789,0.77565789,0.77565789,0.0129165,0.0129165,0.0129165,0.5129165,0.5129165,0.5129165,0.24205233,0.82506483,0.67280745,0.82506483,0.67280745,0.24205233,0.67280745,0.24205233,0.82506483,0.17280745,0.32506483,0.74205233,0.74205233,0.17280745,0.32506483,0.32506483,0.74205233,0.17280745
mp-4524,5.442477519545148,5.442476870991153,6.602348364178498,0.63522628941456,0.6352263169961456,0.500000033679588,0.25,0.75,0.5,0.0,0.0,0.0,0.75,0.25,0.5,0.5,0.5,0.0,0.625,0.1295625,0.75,0.8704375,0.875,0.25,0.379562499999999,0.375,0.25,0.125,0.6204375,0.75
mp-4531,5.067785586910886,6.138718980759175,8.773295862837802,0.5764275645106104,0.4998843164772574,0.6353457098331443,0.9891084286773051,0.0018533200966920002,0.9997691700726321,0.48667990501446906,0.9973019650243271,0.499594246468113,0.739385213337811,0.5012310635938061,0.250166203678297,0.237289293857244,0.49744780407613803,0.749681560857673,0.36447629843343704,0.7527145690651971,0.124307632277421,0.8614604464623661,0.747241566849396,0.6255889368673451,0.111300354168697,0.250999277951706,0.375267508498623,0.6148603077786561,0.24950779148456,0.8749925506509371,0.23897346470875602,0.7535709113830361,0.24813047456768003,0.612253891903151,0.7516017380769711,0.12521239736584902,0.24198569227858202,0.7528366807658311,0.9995252536135191,0.737914199846294,0.745950482543136,0.750062144543669,0.736088951127833,0.747201345056637,0.5018073944443341,0.11052573469556301,0.748745392721609,0.62505182563229,0.8627039258033801,0.25072143496772203,0.376611676103742,0.235933161418579,0.24806198332439702,0.49832635017146704,0.235029671848927,0.254451811533549,0.25086393046015504,0.36700910488821803,0.25033709849726904,0.874861512451737,0.740249403797896,0.25270945296110603,0.9998716272144531,0.737671549952843,0.24551331002690802,0.750307604060054
mp-4533,4.78317068,6.056448923207505,6.057494108722209,0.666635014008403,0.5,0.5,0.50084602,0.50370094,0.33077354000000003,0.50084602,0.17292639,0.66922646,0.0008460200000000001,0.49629906,0.66922646,0.0008460200000000001,0.82707361,0.33077354000000003,0.5399162,0.84142108,1.0,0.0399162,0.15857892,0.0,0.37926615,0.08637405000000001,1.0,0.87926615,0.91362595,0.0,0.4828628,0.58073125,0.73957626,0.982862799999999,0.41926875,0.26042374,0.4828628,0.841155,0.26042374,0.982862799999999,0.158845,0.73957626
mp-4636,5.986175894012939,5.98617679476298,5.986175245638278,0.17353249180581395,0.17353235934697347,0.17353246492428404,0.5,0.5,0.5,0.0,0.0,0.0,0.89317,0.89317,0.89317,0.106829,0.106829,0.106829
mp-4651,5.522329700714994,5.522329559400709,5.534898478941332,0.6662494840376751,0.6662494700571869,0.49999999257355415,0.75,0.25,0.5,0.25,0.75,0.5,0.5,0.5,0.0,0.0,0.0,0.0,0.77095745,0.27095745,0.0,0.7290425500000001,0.77095745,0.0,0.27095745,0.22904255,0.0,0.22904255,0.7290425500000001,0.0,0.25,0.25,0.5,0.75,0.75,0.5
mp-4763,5.373406715982899,5.373406229801289,6.46451592271959,0.6364310977471969,0.6364310862859353,0.4999999800883452,0.0,0.0,0.0,0.25,0.75,0.5,0.5,0.5,0.0,0.75,0.25,0.5,0.392301199999999,0.375,0.25,0.8576988,0.875,0.25,0.125,0.6076988,0.75,0.625,0.1423012,0.75
mp-4820,5.5585207048904035,5.558520689244163,5.558520737870814,0.5939333518900388,0.5939334175089771,0.6373837821869007,0.125,0.875,0.25,0.875,0.125,0.75,0.625,0.375,0.25,0.375,0.625,0.75,0.8042999200000001,0.37027717,0.06597725,0.73832067,0.8042999200000001,0.93402275,0.37027717,0.8042999200000001,0.56597725,0.8042999200000001,0.73832067,0.43402275,0.26167933,0.19570008,0.06597725,0.19570008,0.6297228300000001,0.93402275,0.19570008,0.26167933,0.56597725,0.6297228300000001,0.19570008,0.43402275
mp-4824,4.02878405,4.02878405,6.83700378,0.5,0.5,0.5,0.75,0.75,0.64420378,0.25,0.25,0.35579622,0.75,0.25,0.0,0.25,0.75,0.0,0.25,0.25,0.78770439,0.75,0.75,0.21229561
mp-486,4.259634005646477,4.259635314275658,5.592853617233994,0.37983739321175175,0.37983736404726354,0.4532635500974487,0.5,0.5,0.5,0.0,0.0,0.0,0.91996833,0.18927992,0.33355856,0.31072008,0.58003167,0.16644144,0.68927992,0.41996833,0.8335585600000001,0.08003167,0.8107200800000001,0.66644144
mp-4961,3.380091936431577,3.3800913536419315,7.087368294560475,0.5766422392840249,0.576642243597159,0.4999999711082707,0.67768444,0.67768444,0.35536688,0.32231556,0.32231556,0.6446331200000001,0.0,0.0,0.0,0.8504641,0.8504641,0.70092719,0.1495359,0.1495359,0.29907281
mp-505297,4.366865222072987,4.3668645738888685,4.36686603,0.3333333584152322,0.33333338549229097,0.33333339010958124,0.0,0.0,0.0,0.5,0.5,0.5,0.25,0.25,0.25
mp-5072,4.147181838428373,4.147181514268166,7.715690230895027,0.5866105134041903,0.5866104967424133,0.4999999592734099,0.66665748,0.66665748,0.33331495,0.33334252000000003,0.33334252000000003,0.66668505,0.0,0.0,0.0,0.8608575700000001,0.8608575700000001,0.72171515,0.13914243,0.13914243,0.27828485000000003
mp-5077,4.805248139010617,4.805247652383381,4.805248,0.33333332003876437,0.3333333386497823,0.3333332961858999,0.5,0.5,0.5,0.25,0.25,0.25,0.75,0.75,0.75,0.0,0.0,0.0
mp-5078,5.448069667008463,5.448069286926451,6.982654328883495,0.6275646403970985,0.6275645985889874,0.5000000078199673,0.375,0.125,0.75,0.625,0.875,0.25,0.875,0.625,0.75,0.125,0.375,0.25,0.29445585,0.45303488000000003,0.0795039,0.62646701,0.79445585,0.5795039,0.95303488,0.28504805,0.5795039,0.78504805,0.12646701,0.0795039,0.21495195,0.8735329900000001,0.920496099999999,0.04696512,0.71495195,0.4204961,0.37353299,0.20554415,0.4204961,0.70554415,0.54696512,0.920496099999999
mp-5122,5.986950379536756,6.775352375116496,7.978712048610731,0.6396189734064871,0.622420044435466,0.49999999298961695,0.7496413,0.5,0.0,0.2503587,0.5,0.0,0.80829692,0.99253291,0.61659484,0.30809361,0.62454248,0.6161882200000001,0.69190639,0.37545752,0.38381178,0.19170308,0.00746709,0.38340516,0.25000478,0.0,0.0,0.74999522,0.0,0.0,0.3987596,0.09641553,0.79752119,0.6012404,0.90358447,0.20247881,0.89885219,0.70104629,0.79770238,0.10114781,0.29895371,0.20229762
mp-5132,5.7276830389531215,5.727682392556606,5.727682981098499,0.589178885010563,0.5891787655915207,0.6474984566034634,0.125,0.875,0.25,0.875,0.125,0.75,0.375,0.625,0.75,0.625,0.375,0.25,0.7839455200000001,0.35929784000000003,0.07535332,0.7085922,0.7839455200000001,0.92464668,0.35929784000000003,0.7839455200000001,0.5753533200000001,0.7839455200000001,0.7085922,0.42464668,0.2914078,0.21605448,0.07535332,0.21605448,0.64070216,0.92464668,0.21605448,0.2914078,0.5753533200000001,0.64070216,0.21605448,0.42464668
mp-5175,5.740599911553927,5.7406000474351435,5.740600225454329,0.1824612408954545,0.18246121966251733,0.18246127917216243,0.5,0.5,0.5,0.0,0.0,0.0,0.73844513,0.73844513,0.73844513,0.26155487,0.26155487,0.26155487
mp-5350,5.3093075121613,5.308689967312392,6.420345093223711,0.6357746859900507,0.6356932838787318,0.4999197880622817,0.25007797,0.75004789,0.50002666,0.99995906,6.403000000000002e-05,0.9999578100000001,0.74996738,0.24987789,0.49986478,0.13073883,0.62103443,0.7602182,0.3790842,0.37055566,0.23985373000000001,0.6294502,0.13937227,0.76028052,0.86072135,0.8691779,0.2397963
mp-5377,5.116548191996543,5.310354355002705,5.46152832,0.5,0.5,0.5358675783962632,0.0,0.75,0.23377333,0.0,0.25,0.76622667,0.5,0.75,0.694852599999999,0.5,0.25,0.3051474,0.25101394,0.59863801,0.91668368,0.74898606,0.9013619900000001,0.91668368,0.74898606,0.40136199,0.08331632,0.25101394,0.09863801,0.08331632,0.267938,0.49281078,0.43689269000000003,0.732062,0.0071892200000000005,0.43689269000000003,0.732062,0.50718922,0.56310731,0.267938,0.99281078,0.56310731
mp-5414,5.8505339289683,5.850533297161232,6.855091491969737,0.6304382420986568,0.6304383129891954,0.5023680980785022,0.6346833,0.3653167,0.75,0.3653167,0.6346833,0.25,0.89770289,0.10229711,0.25,0.10229711,0.89770289,0.75,0.6883071,0.8672710100000001,0.75987636,0.13272899,0.3116929,0.74012364,0.3116929,0.13272899,0.24012364,0.8672710100000001,0.6883071,0.25987636000000003
mp-541989,3.506648176797899,3.5066492497011876,5.506974887906887,0.4229205592417682,0.42292056499793673,0.4973465202531861,0.32494697,0.32494697,0.30872218,0.67505303,0.67505303,0.69127782,0.0,0.0,0.0,0.15621092,0.15621092,0.77137267,0.84378908,0.84378908,0.22862733000000002
mp-546011,3.9747179999999993,3.9747179999999993,8.963066,0.5,0.5,0.5,0.0,0.5,0.878261,0.5,0.0,0.121739,0.0,0.0,0.5,0.5,0.5,0.5,0.0,0.5,0.31777000000000005,0.5,0.0,0.68223,0.0,0.0,0.0,0.5,0.5,0.0
mp-546125,5.670787582317735,5.670816136633377,5.670815243596393,0.5944401321202165,0.5944525165791757,0.6363055241575182,0.12499611000000001,0.8749915300000001,0.25000459,0.87499983,0.12500621,0.74999562,0.37503016,0.62502489,0.75000626,0.62493665,0.37496035,0.24997529000000002,0.19093182,0.62776584,0.93685801,0.19093182,0.254073799999999,0.56316597,0.25406627,0.19091044000000001,0.06315683,0.80907252,0.37224123000000003,0.06314548,0.62775657,0.19092287,0.436834699999999,0.74594961,0.80909979,0.93684982,0.80907252,0.74592704,0.43683129,0.37225613,0.80907801,0.56317712
mp-546500,3.5566905495920644,3.5566905495920644,5.422035469871238,0.39363052669117127,0.39363052669117127,0.3333332611787999,0.504219740404735,0.504219740404735,0.48734077878513904,0.0010628107189270002,0.0010628107189270002,0.996811567843593,0.922335716244546,0.922335716244546,0.232992851260988,0.08238073263179001,0.08238073263179001,0.7528578021102701
mp-546794,5.062003306895349,5.063597597748786,5.063150532914478,0.4864615054997422,0.6744794996575829,0.6744960804741819,5.0620000000000013e-05,7.383e-05,0.99996563,0.50000857,0.74994313,0.2500533,0.34673658,0.37498221,0.22176031000000002,0.84672647,0.97175537,0.6249739400000001,0.15323028,0.7782585200000001,0.12498375,0.65324748,0.87498794,0.02826307
mp-546864,3.69898908,3.698989113254311,8.16885521,0.5,0.5,0.6666666650144979,0.333333,0.666667,0.6775196800000001,0.666667,0.333333,0.32247887000000003,0.0,0.0,2.459999999999999e-06,0.0,0.0,0.15014994,0.0,0.0,0.84985334,0.333333,0.666667,0.39665933000000003,0.666667,0.333333,0.60333638
mp-547244,6.987549858245377,6.987549858245377,5.680544,0.5,0.5,0.7278896812664521,0.892022,0.107977999999999,0.75,0.107977999999999,0.892022,0.25,0.419288,0.580712,0.25,0.580712,0.419288,0.75,0.755614999999999,0.244385,0.25,0.244385,0.755614999999999,0.75,0.735418999999999,0.735418999999999,0.0,0.735418999999999,0.735418999999999,0.5,0.264581,0.264581,0.5,0.264581,0.264581,0.0
mp-5475,5.9138035912887,5.9138035912887,5.913803383838018,0.17020318559746445,0.17020318559746445,0.17020325673141634,0.5,0.5,0.5,0.0,0.0,0.0,0.7311788100000001,0.7311788100000001,0.7311788100000001,0.26882119,0.26882119,0.26882119
mp-5478,6.8073921789769125,6.807392322934006,6.80739321,0.33333330911562065,0.333333305229271,0.3333333340701209,0.5,0.5,0.5,0.0,0.0,0.0,0.0,0.0,0.5,0.0,0.5,0.0,0.0,0.5,0.5,0.5,0.5,0.0,0.5,0.0,0.0,0.5,0.0,0.5,0.85808675,0.85808675,0.85808675,0.14191325,0.14191325,0.5742632400000001,0.14191325,0.5742632400000001,0.14191325,0.5742632400000001,0.14191325,0.14191325,0.85808675,0.42573676,0.85808675,0.42573676,0.85808675,0.85808675,0.14191325,0.14191325,0.14191325,0.85808675,0.85808675,0.42573676
mp-5479,3.64662476,3.64662476,6.27332076,0.5,0.5,0.5,0.0,0.0,0.0,0.5,0.5,0.5,0.5,0.5,0.78163173,0.5,0.5,0.21836827,0.5,0.0,0.5,0.0,0.5,0.5
mp-549697,5.114337453070242,5.114337453070242,6.525552,0.5,0.5,0.6666666273604107,0.666667,0.333333,0.0,0.0,0.0,0.5,0.333333,0.666667,0.5,0.052405999999999,0.716684,0.332567,0.052405999999999,0.335721999999999,0.667432999999999,0.664277999999999,0.716684,0.667432999999999,0.283316,0.947593999999999,0.667432999999999,0.664277999999999,0.947593999999999,0.332567,0.283316,0.335721999999999,0.332567
mp-551203,6.528881061492761,7.555175049378579,8.214634868226703,0.6517382397553384,0.6291397817597479,0.5000225282922419,0.9110657,0.58190936,0.82156295,0.0889353,0.41809164,0.17843805000000001,0.5887884,0.7600024,0.17824676,0.411211599999999,0.239996599999999,0.82175324,0.34969612,0.70131691,0.69925436,0.84986545,0.99877872,0.69922675,0.6503038800000001,0.29868309,0.30074564,0.15013555,0.00122228,0.30077425,0.25005608,0.5000819400000001,1.9790000000000002e-05,0.74994392,0.49991806,0.99998021
mp-552234,5.73557,5.859806,7.2102640085318646,0.3668007829764737,0.5,0.5,0.75,0.899042,0.201915999999999,0.25,0.100957999999999,0.798084,0.25,0.422378,0.155244,0.75,0.577622,0.844756,0.75,0.245362,0.509276,0.25,0.754637999999999,0.490724,0.5,0.733873,0.0,0.0,0.266127,0.0,0.5,0.266127,0.0,0.0,0.733873,0.0
mp-552537,9.728215530614678,9.728215530614678,9.728215731935814,0.1334121221836014,0.1334121221836014,0.13341213554193393,0.25283633,0.25283633,0.25283633,0.7471636700000001,0.7471636700000001,0.7471636700000001,0.5,0.5,0.5,0.0,0.0,0.0,0.43652211,0.43652211,0.43652211,0.56347789,0.56347789,0.56347789
mp-552547,7.544896152682819,7.544896152682819,5.82327,0.5,0.5,0.7419668831601148,0.907077999999999,0.092921999999999,0.75,0.092921999999999,0.907077999999999,0.25,0.5729069999999991,0.427093,0.75,0.427093,0.5729069999999991,0.25,0.244901999999999,0.755097999999999,0.75,0.755097999999999,0.244901999999999,0.25,0.267273,0.267273,0.0,0.267273,0.267273,0.5,0.732727,0.732727,0.5,0.732727,0.732727,0.0
mp-5532,3.8962357014417193,3.8962353236820353,6.873493424657987,0.5914705895359651,0.5914705834838919,0.500000016205895,0.64535137,0.64535137,0.29070374,0.35464863,0.35464863,0.70929626,0.0,0.0,0.0,0.84198348,0.84198348,0.68396796,0.15801652,0.15801652,0.31603204,0.0,0.5,0.0,0.5,0.0,0.0
mp-553875,3.61980676,3.6198085912983187,6.43816253,0.5,0.5,0.66666652190736,0.666667,0.333333,0.29584187,0.333333,0.666667,0.70415813,0.0,0.0,0.0,0.333333,0.666667,0.36567091,0.666667,0.333333,0.63432909
mp-553961,4.842765479962682,5.127547858166316,5.7282192,0.5,0.5,0.5049034350668322,0.5,0.75,0.68038646,0.5,0.25,0.31961354000000003,0.0,0.25,0.81623399,0.0,0.75,0.18376601,0.78082266,0.56484335,0.89323544,0.21917734,0.93515665,0.89323544,0.78082266,0.06484335000000001,0.10676456000000001,0.26545937000000003,0.90807128,0.38648021,0.73454063,0.09192872,0.61351979,0.21917734,0.43515665000000003,0.10676456000000001,0.26545937000000003,0.40807128000000004,0.61351979,0.73454063,0.59192872,0.38648021
mp-554412,5.111856970859807,5.111856970859807,8.580590314243246,0.4847743609918294,0.4847743609918294,0.34590809535752165,0.0,0.0,0.0,0.0,0.0,0.5,0.643594,0.643594,0.7012929999999991,0.356406,0.356406,0.298707,0.319231999999999,0.319231999999999,0.13159099999999901,0.310627,0.783952,0.655895999999999,0.689373,0.216048,0.344103999999999,0.783952,0.310627,0.655895999999999,0.216048,0.689373,0.344103999999999,0.680767999999999,0.680767999999999,0.868409,0.212351999999999,0.212351999999999,0.416487999999999,0.787648,0.787648,0.583511999999999
mp-555410,12.650135977841975,12.650135977841975,12.650137422866738,0.09618468245508523,0.09618468245508523,0.09618467533862311,0.41665005,0.41665005,0.41665005,5.2100000000000006e-05,5.2100000000000006e-05,5.2100000000000006e-05,0.58339023,0.58339023,0.58339023,0.83331579,0.83331579,0.83331579,0.6459173500000001,0.6459173500000001,0.6459173500000001,0.8958366600000001,0.8958366600000001,0.8958366600000001,0.47909953,0.47909953,0.47909953,0.06250529,0.06250529,0.06250529
mp-555763,9.606655992760459,9.606655931177322,9.606655426774267,0.12695365792794905,0.12695367914851122,0.1269536670920812,0.99997114,0.99997114,0.99997114,0.22226941,0.22226941,0.22226941,0.44461344,0.44461344,0.44461344,0.08326717,0.08326717,0.08326717,0.5278423,0.5278423,0.5278423,0.30536254,0.30536254,0.30536254
mp-556120,9.060457512639466,9.060457512639466,9.060457473389494,0.17418118671523752,0.17418118671523752,0.17418116638565223,0.0,0.0,0.0,0.5,0.5,0.5,0.7585545,0.7585545,0.7585545,0.241445499999999,0.241445499999999,0.241445499999999,0.70256724,0.70256724,0.70256724,0.29743276,0.29743276,0.29743276,0.22646204,0.93340017,0.50554405,0.49445595000000003,0.06659983,0.77353796,0.77353796,0.49445595000000003,0.06659983,0.93340017,0.50554405,0.22646204,0.50554405,0.22646204,0.93340017,0.06659983,0.77353796,0.49445595000000003
mp-556953,7.024475612855325,7.257306804800502,7.257306958107366,0.4052109687162237,0.3391985144294943,0.3391984639530113,0.5,0.74022148,0.25977852,0.5,0.25977852,0.74022148,0.158556199999999,0.341443799999999,0.341443799999999,0.8414438,0.658556199999999,0.658556199999999,0.0,0.31961034,0.68038966,0.026066199999999002,0.23333076,0.23333076,0.49272871,0.76666924,0.76666924,0.0,0.68038966,0.31961034,0.50727129,0.23333076,0.23333076,0.9739338,0.76666924,0.76666924
mp-558071,4.994856666482726,6.080710010475034,6.080710988430179,0.38123299201686517,0.36527975046915295,0.3652797098728228,0.72514283,0.77485717,0.77485717,0.27485717,0.22514283000000002,0.22514283000000002,0.0,0.1543899,0.845610099999999,0.0,0.845610099999999,0.1543899
mp-558781,4.816741160197201,5.122632733737873,5.69800721,0.5,0.5,0.5078206110868113,0.5,0.25,0.32314868,0.5,0.75,0.6768523200000001,0.0,0.25,0.82255287,0.0,0.75,0.17744713,0.21714014,0.43512489,0.1066309,0.26440239,0.40518357,0.61575829,0.78285986,0.06487511,0.1066309,0.73559761,0.5948164300000001,0.38424171,0.73559761,0.09481643000000001,0.61575829,0.21714014,0.93512489,0.893369099999999,0.26440239,0.90518357,0.38424171,0.78285986,0.56487511,0.893369099999999
mp-559092,4.068749301936652,4.068749301936652,4.068749355314112,0.49904708905566336,0.49904708905566336,0.49904718545748694,0.0,0.0,0.0,0.011566,0.5,0.988433999999999,0.988433999999999,0.011566,0.5,0.5,0.988433999999999,0.011566
mp-5594,4.6914663393736005,5.362516976689692,5.3625174054819835,0.5839774078714809,0.5427776547984666,0.5427776455713947,0.0,0.30967525,0.69032475,0.0,0.69032475,0.30967525,0.40802284,0.22371875,0.22371875,0.59197716,0.77628125,0.77628125,0.78659106,0.92151939,0.60672461,0.21340894,0.39327539,0.07848061,0.21340894,0.07848061,0.39327539,0.78659106,0.60672461,0.92151939,0.5,0.0,0.0,0.28014146,0.60631893,0.60631893,0.71985854,0.39368107,0.39368107
mp-560037,6.490202218537725,6.490202218537725,6.490202218537725,0.33333333333333337,0.33333333333333337,0.33333333333333337,0.25,0.25,0.25,0.75,0.75,0.75,0.5,0.5,0.5,0.0,0.0,0.0,0.752228999999999,0.752228999999999,0.247771,0.247771,0.752228999999999,0.752228999999999,0.247771,0.247771,0.752228999999999,0.752228999999999,0.247771,0.752228999999999,0.247771,0.752228999999999,0.247771,0.752228999999999,0.247771,0.247771
mp-560588,3.80579612,3.805796814188305,6.23798163,0.5,0.5,0.6666667315245378,0.333333,0.666667,0.00013968,0.666667,0.333333,0.50013968,0.333333,0.666667,0.37486032,0.666667,0.333333,0.87486032
mp-5621,5.48125339,5.48125339,5.48125339,0.5,0.5,0.5,0.0,0.0,0.0,0.5,0.0,0.0,0.0,0.0,0.5,0.0,0.5,0.0,0.24431287000000002,0.75568713,0.75568713,0.75568713,0.75568713,0.24431287000000002,0.75568713,0.24431287000000002,0.75568713,0.24431287000000002,0.24431287000000002,0.24431287000000002
mp-5652,5.660038718252826,5.660038718252826,4.736036207597936,0.460270297405322,0.460270297405322,0.5844320519893453,0.30676309,0.69323691,0.0,0.69323691,0.30676309,0.0,0.78216211,0.78216211,0.41253928,0.21783789,0.21783789,0.58746072,0.38416682,0.0863051,0.77815142,0.9136949,0.61583318,0.22184858000000002,0.61583318,0.9136949,0.22184858000000002,0.0863051,0.38416682,0.77815142,0.0,0.0,0.5,0.3803856,0.3803856,0.28610843,0.6196144,0.6196144,0.71389157
mp-567636,4.068580011691126,4.068579512270755,4.06857926,0.3333332986552737,0.3333333212139177,0.33333338145277325,0.0,0.0,0.0,0.25,0.25,0.25,0.5,0.5,0.5
mp-567655,5.313277968825741,5.313277968825741,7.343122233883144,0.4603210386140832,0.4603210386140832,0.2653950405939937,0.31735,0.31735,0.271955,0.6826500000000001,0.6826500000000001,0.728044999999999,0.0,0.0,0.5,0.884622999999999,0.884622999999999,0.445895999999999,0.115377,0.115377,0.554103999999999,0.629977999999999,0.629977999999999,0.147544999999999,0.370021999999999,0.370021999999999,0.852455
mp-567744,4.73752988,7.83340755,11.39590769,0.5,0.5,0.5,0.25,0.13137381,0.83164032,0.75,0.86862619,0.16835968,0.25,0.36862619,0.33164032,0.75,0.63137381,0.66835968,0.75,0.62209229,0.39118384,0.25,0.37790771,0.60881616,0.25,0.62510267,0.12597413,0.25,0.12209229,0.10881616000000001,0.25,0.87489733,0.62597413,0.75,0.37489733000000003,0.87402587,0.75,0.87790771,0.8911838400000001,0.75,0.12510267,0.37402587
mp-568018,4.20236439,7.375670527013034,8.722537462772904,0.5822934411386363,0.5,0.5919538302405102,0.83349037,0.66697973,0.30050652,0.16650963,0.33302027,0.69949348,0.56322128,0.12644456,0.31313777,0.9054102900000001,0.81082058,0.88859418,0.09458971000000001,0.18917942000000001,0.11140582,0.43677872,0.8735554400000001,0.68686223
mp-568284,5.015496,8.500977,12.536233,0.5,0.5,0.5,0.25,0.131904,0.170175,0.75,0.631904,0.329825,0.25,0.368096,0.670175,0.75,0.868096,0.829824999999999,0.25,0.376976,0.391847,0.25,0.880563,0.377536,0.75,0.380563,0.122463999999999,0.25,0.619437,0.877536,0.25,0.123024,0.891847,0.75,0.876976,0.108153,0.75,0.119437,0.622464,0.75,0.623024,0.608152999999999
mp-568560,4.726361183898216,4.726362005541338,4.72635983,0.33333329427748104,0.33333326225228005,0.3333333415043484,0.0,0.0,0.0,0.5,0.5,0.5
mp-568619,3.07652583,3.0765258040475305,12.58369976,0.5,0.5,0.6666666090792812,0.666667,0.333333,0.39973251,0.666667,0.333333,0.8000776900000001,0.0,0.0,8.288e-05,0.333333,0.666667,0.19990901,0.0,0.0,0.59978169,0.666667,0.333333,0.95044399,0.333333,0.666667,0.35002157,0.0,0.0,0.150111499999999,0.666667,0.333333,0.54972738,0.0,0.0,0.7501117700000001
mp-568666,7.9126469308276866,7.912647765799925,8.795059565731414,0.36386225514541276,0.3638622141335415,0.337124970242475,0.27356105000000003,0.27356105000000003,0.22500379,0.72643895,0.72643895,0.77499621,0.0,0.0,0.0,0.5,0.5,0.5,0.7162804500000001,0.7162804500000001,0.35579583000000004,0.19872524,0.72801353,0.81655666,0.80127476,0.27198647,0.18344334,0.27198647,0.80127476,0.18344334,0.72801353,0.19872524,0.81655666,0.28371955,0.28371955,0.64420417
mp-569028,7.62417598145777,7.624175869279957,7.62417619,0.33333335096290173,0.33333335355159227,0.3333333586968394,0.25,0.25,0.25,0.75,0.75,0.75,0.0,0.0,0.0,0.75678002,0.24321998,0.24321998,0.24321998,0.75678002,0.75678002,0.24321998,0.24321998,0.75678002,0.75678002,0.24321998,0.75678002,0.75678002,0.75678002,0.24321998,0.24321998,0.75678002,0.24321998
mp-569442,5.88056476,6.9000821392117,9.929332264687938,0.5603343521924073,0.5,0.6401208824112771,0.72698315,0.5,0.25,0.27301685000000003,0.5,0.75,0.0,0.0,0.0,0.5,0.0,0.5,0.83032615,0.6259365100000001,0.93037158,0.31245273,0.03761127,0.85255174,0.70438864,0.37406349,0.56962842,0.16967385000000001,0.37406349,0.06962842,0.68754727,0.96238873,0.14744826,0.77484146,0.96238873,0.64744826,0.22515854000000002,0.03761127,0.35255174,0.29561136,0.6259365100000001,0.43037158000000003
mp-569571,8.580176556645352,8.580177711654033,8.580178159999999,0.608173412994958,0.6081734282303952,0.6081734912273391,0.0,0.34268393,0.34268393,0.34268393,0.0,0.34268393,0.65731607,0.0,0.65731607,0.65731607,0.65731607,0.0,0.34268393,0.34268393,0.0,0.0,0.65731607,0.65731607,0.33327748,0.0,0.0,0.0,0.33327748,0.0,0.66672252,0.66672252,0.66672252,0.0,0.0,0.33327748,0.32518334,0.32518334,0.32518334,0.25,0.75,0.5,0.0,0.6748166600000001,0.0,0.5,0.75,0.25,0.75,0.25,0.5,0.5,0.25,0.75,0.6748166600000001,0.0,0.0,0.0,0.0,0.6748166600000001,0.25,0.5,0.75,0.75,0.5,0.25
mp-569639,4.5531318454573215,4.553133583807601,4.55313253,0.3333333334021176,0.3333332634308056,0.33333325914184847,0.0,0.0,0.0,0.5,0.5,0.5
mp-569677,8.094451370779645,8.094451370779645,8.09445181234742,0.15984322602755657,0.15984322602755657,0.1598432575285185,0.22328063,0.22328063,0.22328063,0.77671937,0.77671937,0.77671937,0.0,0.0,0.0,0.5,0.5,0.5
mp-569779,4.490139293110916,4.490138800654892,4.49013962,0.3333332997984645,0.33333331995413445,0.3333333285973997,0.5,0.5,0.5,0.0,0.0,0.0,0.25,0.25,0.25
mp-570008,5.23493993,5.23493993,5.23493993,0.5,0.5,0.5,0.5,0.5,0.0,0.0,0.5,0.5,0.5,0.0,0.5,0.0,0.0,0.0,0.5,0.5,0.5
mp-570097,8.223600536558758,8.223600218565949,8.223600219409569,0.16734755368891396,0.1673475885667313,0.16734755672137455,0.0,0.0,0.0,0.42982929000000003,0.42982929000000003,0.42982929000000003,0.13797511,0.13797511,0.13797511,0.57017071,0.57017071,0.57017071,0.86202489,0.86202489,0.86202489,0.75452378,0.75452378,0.75452378,0.24547622,0.24547622,0.24547622
mp-570213,4.794747920661557,4.794748524516026,4.79474891,0.3333333572701969,0.33333333412526334,0.333333357227511,0.0,0.0,0.0,0.5,0.5,0.5,0.25,0.25,0.25
mp-570324,7.644160849877458,7.644160162488219,7.703663626650961,0.6652490387825867,0.6652490083848582,0.499999999390555,0.25,0.75,0.5,0.75,0.25,0.5,0.0,0.0,0.0,0.27319705,0.77354016,0.0,0.7524381800000001,0.7524381800000001,0.50487635,0.77354016,0.7268029500000001,0.0,0.22645984,0.27319705,0.0,0.24756182000000002,0.24756182000000002,0.49512365,0.7268029500000001,0.22645984,0.0
mp-570485,4.229390707965511,4.229390707965511,4.964784,0.5,0.5,0.666666728191972,0.0,0.0,0.000185,0.666667,0.333333,0.460426,0.333333,0.666667,0.554735,0.666667,0.333333,0.107654
mp-570538,3.5721275694018364,3.5721275694018364,5.243455146386894,0.420850984094488,0.420850984094488,0.33991720901410943,0.0,0.0,0.0,0.396477187884031,0.396477187884031,0.727046358616625,0.603522812115961,0.603522812115961,0.272953641383374,0.5,0.5,0.5
mp-571102,4.979491722563652,4.979490088648126,4.97948979,0.3333332669298209,0.3333333269825359,0.33333320136021716,0.0,0.0,0.0,0.5,0.5,0.5
mp-5784,4.86383585,6.206704102957422,6.248925309766093,0.6654264408357655,0.5,0.5,0.49676252,0.50642964,0.3357224,0.49676252,0.17070624,0.6642776,0.00323748,0.49357036,0.6642776,0.00323748,0.82929376,0.3357224,0.53646327,0.83485503,0.0,0.03646327,0.16514497,0.0,0.40384934,0.10642465,0.0,0.9038493400000001,0.89357535,0.0,0.47538168000000003,0.56582504,0.72563699,0.97538168,0.43417496,0.27436301,0.47538168000000003,0.84018705,0.27436301,0.97538168,0.15981295,0.72563699
mp-581833,5.56697027,3.74672319,3.74672319,0.5,0.5,0.5,0.5,0.5,0.5,0.21232135,0.0,0.0,0.78767865,0.0,0.0,0.0,0.0,0.0
mp-5840,5.493771240897089,5.493771240897089,5.493771240897089,0.7509387905599729,0.7509387905599729,0.36259862378213054,0.0,0.0,0.0,0.75,0.25,0.5,0.25,0.75,0.5,0.5,0.5,0.0,0.26997976,0.26997976,0.0,0.01997976,0.51997976,0.5,0.73002024,0.73002024,0.0,0.48002024,0.98002024,0.5
mp-5853,4.77771838,5.282615687256374,5.303917171701671,0.6659291523724906,0.5,0.5,0.0024828,0.65710338,0.0,0.5024828,0.34289662,0.0,0.01290356,0.99785627,0.6684209,0.51290356,0.00214373,0.331579099999999,0.51290356,0.67056262,0.6684209,0.01290356,0.32943738,0.331579099999999,0.37435488,0.94144558,0.60412762,0.8743548800000001,0.05855442,0.39587238,0.93328132,0.27482287,0.0,0.43328132,0.7251771300000001,0.0,0.37435488,0.33731797,0.39587238,0.8743548800000001,0.66268203,0.60412762
mp-5955,5.847214218989149,5.847214970069633,5.8472158499999995,0.3333333968902693,0.3333333730714383,0.33333338346277425,0.5,0.5,0.5,0.0,0.0,0.0,0.22872307,0.77127693,0.77127693,0.22872307,0.77127693,0.22872307,0.77127693,0.22872307,0.22872307,0.77127693,0.77127693,0.22872307,0.22872307,0.22872307,0.77127693,0.77127693,0.22872307,0.77127693
mp-5962,4.38585587,4.38585587,7.09374208,0.5,0.5,0.5,0.25,0.25,0.36627454,0.75,0.75,0.63372546,0.25,0.75,0.0,0.75,0.25,0.0,0.25,0.25,0.7834884400000001,0.75,0.75,0.21651156
mp-5967,4.141308317562652,4.1413085654590045,4.14130887,0.333333364639052,0.33333335363831,0.3333333578707263,0.0,0.0,0.0,0.25,0.25,0.25,0.5,0.5,0.5
mp-602,3.56565515,3.565653968616898,14.64777841,0.5,0.5,0.6666666725455328,0.333333,0.666667,0.62782269,0.666667,0.333333,0.12782269,0.666667,0.333333,0.37217731,0.333333,0.666667,0.87217731,0.333333,0.666667,0.25,0.666667,0.333333,0.75
mp-6026,6.078256378639458,6.078256378639456,6.078256295130437,0.2656552913659757,0.2656552913659756,0.2656552425038975,0.19825023561471503,0.19825023561471503,0.198250235615333,0.8017497643852841,0.8017497643852841,0.801749764384666,0.0,0.0,0.0,0.589934843496699,0.589934843496699,0.589934843496664,0.41006515650330005,0.41006515650330005,0.410065156503336,0.70280380624299,0.19537877081818703,0.33626090450844903,0.33626090451539103,0.702803806245427,0.19537877080968202,0.19537877081132302,0.33626090450608304,0.7028038062510761,0.29719619375701,0.8046212291818121,0.6637390954915501,0.8046212291886761,0.6637390954939161,0.29719619374892403,0.6637390954846081,0.297196193754572,0.8046212291903171
mp-623024,5.665482057972736,5.665481789739807,5.665481826015977,0.3068813489003724,0.3068814031922462,0.30688137052821696,0.5,0.5,0.5,0.0,0.0,0.0,0.8574439500000001,0.59394449,0.27626407000000003,0.72373593,0.14255605,0.40605551,0.27626407000000003,0.8574439500000001,0.59394449,0.59394449,0.27626407000000003,0.8574439500000001,0.14255605,0.40605551,0.72373593,0.40605551,0.72373593,0.14255605
mp-626151,4.301149066211529,3.63345779,6.1099094366095175,0.5,0.6261749092293774,0.5,0.6425474,0.25,0.31078936,0.3574526,0.75,0.68921064,0.09721231,0.75,0.07975429,0.90278769,0.25,0.92024571,0.78491616,0.75,0.55111219,0.21508384,0.25,0.44888781,0.31067388,0.75,0.06210232,0.68932612,0.25,0.9378976800000001
mp-626620,5.773627402806803,5.773627402806803,4.20268733,0.5,0.5,0.7678693645557431,0.63821008,0.36178992,0.2610599,0.36178992,0.63821008,0.7610599,0.9677516500000001,0.03224835,0.39679226,0.03224835,0.9677516500000001,0.89679226,0.9017909,0.0982091,0.23753985,0.0982091,0.9017909,0.73753985
mp-634657,3.9080485140436343,4.45281087,5.912571469459149,0.5,0.5535043013699098,0.5,0.235206199999999,0.25,0.76626308,0.7647938,0.75,0.23373692000000001,0.5486819900000001,0.25,0.39581207,0.45131901,0.75,0.60418793,0.24345299,0.25,0.25218448,0.75654701,0.75,0.7478155200000001
mp-6384,4.885633,6.030025,7.400271213548663,0.5,0.5988445197042092,0.5,0.843156,0.75,0.71523,0.156843999999999,0.25,0.28477,0.600997,0.75,0.183902999999999,0.399003,0.25,0.816097,0.665225,0.546997,0.30174,0.334775,0.046997,0.6982600000000001,0.334775,0.453003,0.6982600000000001,0.665225,0.953002999999999,0.30174,0.791988999999999,0.25,0.876697,0.208011,0.75,0.123303
mp-6408,5.268590719663201,5.268590503636972,6.47493680851816,0.6333710610841315,0.6333710478502735,0.4999999843386632,0.0,0.0,0.0,0.75,0.25,0.5,0.25,0.75,0.5,0.5,0.5,0.0,0.8701213600000001,0.8701213600000001,0.25470216,0.6154202,0.12987864,0.74529784,0.38457979999999903,0.38457979999999903,0.25470216,0.12987864,0.6154202,0.74529784
mp-643002,4.6918449069784085,4.6918449069784085,4.6918449069784085,0.33333333333333337,0.33333333333333337,0.33333333333333337,0.75,0.75,0.75,0.25,0.25,0.25,0.25383545,0.74616455,0.74616455,0.25383545,0.25383545,0.74616455,0.25383545,0.74616455,0.25383545,0.74616455,0.25383545,0.25383545,0.74616455,0.74616455,0.25383545,0.74616455,0.25383545,0.74616455,0.0,0.0,0.0
mp-643101,6.025675376567948,6.025675376567948,6.025675376567948,0.33333333333333337,0.33333333333333337,0.33333333333333337,0.75,0.75,0.75,0.25,0.25,0.25,0.19269466000000002,0.80730534,0.80730534,0.19269466000000002,0.19269466000000002,0.80730534,0.19269466000000002,0.80730534,0.19269466000000002,0.80730534,0.19269466000000002,0.19269466000000002,0.80730534,0.80730534,0.19269466000000002,0.80730534,0.19269466000000002,0.80730534,0.0,0.0,0.0
mp-643260,4.942198940394299,4.942198940394299,4.942198940394299,0.6417111456465358,0.6417111456465358,0.5443005953700941,0.75,0.25,0.5,0.25,0.75,0.5,0.22018436,0.22018436,0.44036671,0.77981564,0.77981564,0.5596332900000001,0.22018436,0.77981564,0.0,0.77981564,0.22018436,0.0,0.0,0.0,0.0
mp-648,4.5949980014387375,4.59499878520615,4.594998,0.3333333647375366,0.3333333333908754,0.33333334162731787,0.25,0.25,0.25,0.75,0.75,0.75,0.0,0.0,0.0
mp-675104,7.403201130591788,7.403201748011956,7.403203385970177,0.31464196082095114,0.31464194109398524,0.3146419768120928,0.19925243,0.19925243,0.19925243,0.5,0.5,0.5,0.80074757,0.80074757,0.80074757,0.0,0.0,0.0,0.10935413000000001,0.37269022,0.77804467,0.37269022,0.77804467,0.10935413000000001,0.77804467,0.10935413000000001,0.37269022,0.22195533,0.8906458700000001,0.62730978,0.62730978,0.22195533,0.8906458700000001,0.8906458700000001,0.62730978,0.22195533
mp-675230,7.331265647250447,7.331265647250447,7.331265647250447,0.741409430886018,0.741409430886018,0.3774585342233516,0.0,0.0,0.0,0.75,0.25,0.5,0.25,0.75,0.5,0.5,0.5,0.0,0.48692124000000003,0.98692124,0.5,0.01307876,0.51307876,0.5,0.73692124,0.73692124,0.0,0.26307876,0.26307876,0.0
mp-675531,7.174723328112381,7.1662110612647325,5.767314746200783,0.3686906851753415,0.36783039751376523,0.2634789173108933,0.000216,0.999784,0.000216,0.250216,0.249783999999999,0.250216,0.73418,0.7658200000000001,0.73418,0.48418000000000005,0.5158200000000001,0.48418000000000005,0.011668,0.9693700000000001,0.511007,0.511007,0.507954999999999,0.011668,0.742045,0.738993,0.28063000000000005,0.28063000000000005,0.238332,0.742045
mp-675902,4.08071717,4.080716388659127,6.40087967,0.5,0.5,0.6666666546881934,0.0,0.0,0.488412199999999,0.666667,0.333333,0.87302622,0.333333,0.666667,0.76087632,0.666667,0.333333,0.25168726
mp-676284,8.101381584706278,10.910576849572024,7.29901913958588,0.160276676176183,0.31101492964844324,0.2322076922991153,0.9958,0.004537999999999,0.996621,0.752412,0.494784,0.008178,0.499195,0.008858999999999001,0.986833,0.241583,0.502751,0.001751,0.238618,0.996342,0.529894,0.757996999999999,0.002727,0.474143,0.508591,0.505952,0.471786999999999,0.984343,0.502788,0.524837
mp-682,3.232742136605728,3.2327423203198777,3.23274373,0.33333330947518036,0.33333329903131836,0.3333334168041214,0.0,0.0,0.0,0.5,0.5,0.5
mp-684690,7.707148223753816,11.65203455376427,6.752250879051203,0.16448928973633334,0.3011801113366439,0.3302490860015013,0.9993321,0.99208798,0.01251036,0.49947732,0.341878099999999,0.9880264200000001,0.49922407,0.66044337,0.01026879,0.99946999,0.67355271,0.99044297,0.248771,0.99405517,0.52288199,0.25000962,0.34003814,0.47748298,0.24886755,0.66674133,0.50106794,0.74991724,0.99390968,0.496340299999999,0.74872982,0.34005543,0.50412969,0.74901329,0.66713909,0.5003895700000001
mp-684969,6.4036620496576875,6.4036620496576875,6.379248704668161,0.4464189290619254,0.4464189290619254,0.6663592784399637,0.6671339900000001,0.33286601,0.5,0.33286601,0.6671339900000001,0.5,0.0,0.0,0.5,0.5,0.5,0.0,0.9107120400000001,0.5864748200000001,0.7408657200000001,0.5864748200000001,0.9107120400000001,0.7408657200000001,0.26169265,0.26169265,0.74468203,0.08928796,0.41352518,0.25913428,0.73830735,0.7383083500000001,0.25531797,0.41352518,0.08928796,0.25913428
mp-690785,5.132627838626994,5.132627838626994,5.132627838626994,0.33333333333333337,0.33333333333333337,0.33333333333333337,0.75,0.75,0.75,0.25,0.25,0.25,0.22553565,0.77446435,0.77446435,0.22553565,0.22553565,0.77446435,0.22553565,0.77446435,0.22553565,0.77446435,0.22553565,0.22553565,0.77446435,0.77446435,0.22553565,0.77446435,0.22553565,0.77446435,0.0,0.0,0.0
mp-6930,4.91657878455832,4.916536830251864,5.431625250128712,0.499994414647578,0.5000017176679674,0.6666409626801755,1.44e-06,0.46879885,0.333348,0.53120954,0.53120239,1.07e-06,0.46879532,3.31e-06,0.666658299999999,0.1445311,0.73143606,0.54782275,0.5869139800000001,0.85547359,0.88114149,0.26854357,0.41311936,0.21443746,0.41310718,0.26855409,0.78554985,0.85546281,0.5868857,0.11884797,0.73143406,0.14452464,0.45219311
mp-6947,4.233169,4.233169,2.693495,0.5,0.5,0.5,0.5,0.5,0.5,0.0,0.0,0.0,0.693160999999999,0.693160999999999,0.0,0.193161,0.806839,0.5,0.306839,0.306839,0.0,0.806839,0.193161,0.5
mp-6951,4.42498073,4.42498073,4.42498073,0.5,0.5,0.5,0.0,0.0,0.0,0.5,0.5,0.5,0.0,0.5,0.5,0.5,0.0,0.5,0.5,0.5,0.0
mp-6960,6.413927868090074,7.305356839787179,8.476130642376582,0.6418169188865513,0.6235092556809185,0.5000000107014844,0.64492501,0.98027003,0.28985003,0.35507499000000003,0.01972997,0.71014997,0.85507499,0.69042,0.71014997,0.14492501,0.30958,0.28985003,0.75,0.5,0.0,0.25,0.5,0.0,0.40463016,0.56527532,0.80926032,0.59536984,0.43472468000000003,0.19073968,0.9046301600000001,0.24398501,0.80926032,0.09536984,0.75601499,0.19073968
mp-696804,4.584612587777349,5.14522956,6.899855944802707,0.5,0.5643824340888196,0.5,0.23093021,0.25,0.76158267,0.76906979,0.75,0.23841733,0.52105746,0.25,0.394464999999999,0.47894254,0.75,0.605534999999999,0.26510864,0.25,0.25988824,0.73489136,0.75,0.74011176
mp-697030,4.663448729011757,4.663448729011757,4.663448729011757,0.3333333333333333,0.3333333333333333,0.3333333333333333,0.75,0.75,0.75,0.25,0.25,0.25,0.25304118000000003,0.74695882,0.74695882,0.25304118000000003,0.25304118000000003,0.74695882,0.25304118000000003,0.74695882,0.25304118000000003,0.74695882,0.25304118000000003,0.25304118000000003,0.74695882,0.74695882,0.25304118000000003,0.74695882,0.25304118000000003,0.74695882,0.0,0.0,0.0
mp-697096,4.943631675575991,4.943631675575991,4.943631675575991,0.6478478956253465,0.6478478956253465,0.5331923331178012,0.75,0.25,0.5,0.25,0.75,0.5,0.22394734,0.22394734,0.44789368,0.7760526600000001,0.7760526600000001,0.55210632,0.22394734,0.7760526600000001,0.0,0.7760526600000001,0.22394734,0.0,0.0,0.0,0.0
mp-697144,4.841148215500148,3.94726191,6.4121550030694,0.5,0.5495595420227317,0.5,0.20399367000000002,0.25,0.30141424,0.79600633,0.75,0.6985857600000001,0.33636615000000003,0.45028782,0.86950229,0.66363385,0.95028782,0.13049771,0.66363385,0.54971218,0.13049771,0.33636615000000003,0.04971218,0.86950229,0.28967109,0.25,0.76809953,0.71032891,0.75,0.23190047
mp-6972,6.0278592044387755,6.0278592044387755,6.0278595653755795,0.18921512418307454,0.18921512418307454,0.18921510560818086,0.5,0.5,0.5,0.0,0.0,0.0,0.89355977,0.89355977,0.89355977,0.10644023,0.10644023,0.10644023
mp-6980,3.73793898,3.737939071386385,5.99504719,0.5,0.5,0.6666666621736421,0.0,0.0,0.00234087,0.333333,0.666667,0.40052352,0.666667,0.333333,0.26227064,0.333333,0.666667,0.77766497
mp-6983,7.037442622715021,7.037442622715021,7.037442622715021,0.5338643966389062,0.5338643966389062,0.7886894620118964,0.75016907,0.90930012,0.15913105,0.75016907,0.59103803,0.8408689500000001,0.09069988,0.24983093,0.8408689500000001,0.40896197,0.24983093,0.15913105,0.40826413,0.59173587,0.5,0.09173587,0.9082641300000001,0.5,0.40826413,0.9082641300000001,0.81652926,0.09173587,0.59173587,0.18347074,0.25029261,0.0603002,0.8100075800000001,0.25029261,0.44028503,0.18999242,0.9396998,0.74970739,0.18999242,0.55971497,0.74970739,0.8100075800000001
mp-7000,4.914966,4.914966353455409,5.43130114,0.5,0.5,0.6666666182026801,0.53108859,0.53108859,0.0,0.0,0.46891141000000003,0.666667,0.46891141000000003,0.0,0.333333,0.26922311,0.41339429,0.78489098,0.5866057100000001,0.85582782,0.11822498000000001,0.14417218,0.73077689,0.45155798,0.41339429,0.26922311,0.21510902,0.73077689,0.14417218,0.54844202,0.85582782,0.5866057100000001,0.88177502
mp-7017,5.928981294535283,5.928981294535283,5.928981723347184,0.17084263390705454,0.17084263390705454,0.17084264939842098,0.5,0.5,0.5,0.0,0.0,0.0,0.73214882,0.73214882,0.73214882,0.26785118,0.26785118,0.26785118
mp-7090,4.64915576,4.64915576,7.61518133,0.5,0.5,0.5,0.25,0.25,0.35742757000000003,0.75,0.75,0.64257243,0.25,0.75,0.0,0.75,0.25,0.0,0.25,0.25,0.77408844,0.75,0.75,0.22591156
mp-7140,3.0735135,3.073514356326536,5.04524771,0.5,0.5,0.6666666752574114,0.333333,0.666667,0.4996024,0.666667,0.333333,0.9996024,0.333333,0.666667,0.8753976,0.666667,0.333333,0.3753976
mp-7173,4.495950421936229,4.4959510715543995,4.49595094,0.3333333387107452,0.33333331215697787,0.33333336936927055,0.5,0.5,0.5,0.0,0.0,0.0,0.25,0.25,0.25
mp-7176,8.34659254198645,8.34659254198645,8.346592524307784,0.17240693043537597,0.17240693043537597,0.1724069154307921,0.0,0.0,0.0,0.5,0.5,0.5,0.23426107000000002,0.23426107000000002,0.23426107000000002,0.76573893,0.76573893,0.76573893
mp-7219,6.955769346896305,6.955769346896305,7.236482839433845,0.44812913714562214,0.44812913714562214,0.6670488907287441,0.0,0.0,0.0,0.5,0.5,0.5,0.84268641,0.15731359,0.5,0.15731359,0.84268641,0.5,0.33144047,0.66855953,0.0,0.66855953,0.33144047,0.0,0.56389202,0.92395894,0.22546383,0.71637491,0.71637491,0.77539826,0.43610798,0.07604106000000001,0.77453617,0.07604106000000001,0.43610798,0.77453617,0.92395894,0.56389202,0.22546383,0.28362509,0.28362509,0.22460174
mp-730,5.72261378,5.72261378,5.72261378,0.5,0.5,0.5,0.39023907,0.39023907,0.39023907,0.10976093,0.60976093,0.89023907,0.89023907,0.10976093,0.60976093,0.60976093,0.89023907,0.10976093,0.60976093,0.60976093,0.60976093,0.89023907,0.39023907,0.10976093,0.10976093,0.89023907,0.39023907,0.39023907,0.10976093,0.89023907,0.0,0.0,0.0,0.5,0.0,0.5,0.5,0.5,0.0,0.0,0.5,0.5
mp-7323,7.293787109690342,7.293787109690342,7.293787564536411,0.19837397027626696,0.19837397027626696,0.19837395923969298,0.0,0.0,0.0,0.805555999999999,0.805555999999999,0.805555999999999,0.194443999999999,0.194443999999999,0.194443999999999,0.5,0.5,0.5,0.191251999999999,0.808747999999999,0.5,0.5,0.191251999999999,0.808747999999999,0.808747999999999,0.5,0.191251999999999,0.729938,0.729938,0.729938,0.270061999999999,0.270061999999999,0.270061999999999
mp-743,5.82992665705216,5.830833518075607,5.830833191506557,0.5541448743113122,0.6363671520221124,0.6363670934737572,0.0,0.750000999999999,0.749999,0.0,0.249999,0.250001,0.5,0.0,0.5,0.5,0.5,0.0,0.76537664,0.63268732,0.13268732,0.5,0.13263898,0.36736102,0.5,0.86736102,0.63263898,0.23462336,0.36731268,0.8673126800000001
mp-7446,6.482857537810023,6.482858032850601,7.74630558,0.5,0.5,0.6090769226769581,0.42161959,0.5783804100000001,0.80951751,0.5783804100000001,0.42161959,0.30951751,0.89358509,0.10641491,0.53885122,0.10641491,0.89358509,0.03885222,0.3828927,0.06633443,0.6526868,0.6171073,0.9336655700000001,0.152686799999999,0.9336655700000001,0.6171073,0.6526868,0.06633443,0.3828927,0.152686799999999,0.79954102,0.20045898,0.00365767,0.20045898,0.79954102,0.5036576700000001
mp-7447,6.762835824803933,6.762764578257292,7.982007322777959,0.4999915938386049,0.4999907443594989,0.607668247144142,0.41604869,0.58394203,0.82556978,0.58394968,0.41603475,0.32558087,0.90177911,0.0982159,0.54876876,0.09821539,0.90174879,0.04875715,0.40237295,0.07913953,0.67391099,0.59761467,0.92085227,0.17391491,0.9208324800000001,0.59761074,0.6737712,0.07915443,0.40240729000000003,0.17390603000000002,0.79214186,0.207871399999999,0.00092051,0.20789174,0.7921783,0.5008957900000001
mp-7457,5.04075254,5.04075254,8.43473297,0.5,0.5,0.5,0.0108498,0.0108498,0.5,0.4891502,0.5108498,0.75,0.5108498,0.4891502,0.25,0.9891502,0.9891502,0.0,0.7334293,0.86396667,0.33681323,0.2665707,0.13603333,0.83681323,0.86396667,0.7334293,0.66318677,0.36396667,0.766570699999999,0.08681323,0.13603333,0.2665707,0.16318677,0.233429299999999,0.6360333300000001,0.41318677,0.766570699999999,0.36396667,0.91318677,0.6360333300000001,0.233429299999999,0.58681323
mp-7467,4.827794891772381,5.41953676,6.40688589110081,0.5,0.6229638984879085,0.5,0.30869271,0.75,0.61738342,0.69130729,0.25,0.38261658,0.9978888100000001,0.25,0.99577962,0.00211119,0.75,0.00422038,0.89727006,0.50398062,0.7945401200000001,0.10272994,0.49601938,0.20545988,0.89727006,0.99601938,0.7945401200000001,0.10272994,0.00398062,0.20545988
mp-7469,4.652728974808185,6.599490721018177,6.5994920474278675,0.46031980228500113,0.38533498570105557,0.3853348886539527,0.92191117,0.82769984,0.82769991,0.25000493,0.8273264,0.17267341,0.25000478,0.17267349,0.82732642,0.5780853,0.17229933,0.17229922,0.89946347,0.50002587,0.2011748,0.8994639,0.20117367,0.50002564,0.60053406,0.79882654,0.49997378000000003,0.60053458,0.49997371,0.7988259400000001,0.45409521,0.79565095,0.79565083,0.75000436,0.7956601600000001,0.204339499999999,0.75000429,0.20433938000000001,0.79565995,0.04589294,0.20435066000000002,0.2043506
mp-7470,5.8216655784990925,7.305043621814241,7.305059613503181,0.44932063970672953,0.3696597247864715,0.3696595263022964,0.24883904,0.80455535,0.19545194,0.24883699,0.19545339,0.80455665,0.55577441,0.19541695,0.19541516,0.946592999999999,0.80457148,0.80457291,0.88579452,0.49979408000000003,0.22804412000000002,0.6142191,0.50020503,0.77194947,0.88579392,0.22804309,0.49979496,0.6142198600000001,0.7719506500000001,0.50020451,0.74714269,0.22816515,0.77183236,0.74714292,0.7718318,0.22816586,0.48069388,0.77216035,0.7721594900000001,0.02495067,0.22785167,0.22785256
mp-7472,4.661739708455387,6.04778681,6.573061434928335,0.5,0.6153861848908684,0.5,0.30000582,0.75,0.60001163,0.69999418,0.25,0.39998837,0.99743682,0.25,0.99487265,0.00256318,0.75,0.00512735,0.89192236,0.50492612,0.78384272,0.10807764,0.49507388,0.21615728,0.89192236,0.99507388,0.78384272,0.10807764,0.00492612,0.21615728
mp-7482,4.54921913,4.54921913,4.54921913,0.5,0.5,0.5,0.0,0.0,0.0,0.5,0.5,0.5,0.5,0.0,0.5,0.5,0.5,0.0,0.0,0.5,0.5
mp-752446,4.708980741079326,4.708980741079326,4.708980346090754,0.45388986292841127,0.45388986292841127,0.45388984795052084,0.5,0.5,0.5,0.0,0.0,0.0,0.206572999999999,0.0,0.793427,0.793427,0.206572999999999,0.0,0.0,0.793427,0.206572999999999
mp-752580,5.61857806,5.618578172188391,7.53880335,0.5,0.5,0.6666665975797682,0.0,0.69628418,0.666667,0.30371582,0.30371582,0.0,0.69628418,0.0,0.333333,0.0,0.69501462,0.166666999999999,0.30498538000000003,0.30498538000000003,0.5,0.69501462,0.0,0.833333,0.1081472,0.627773,0.28952351,0.5196247900000001,0.8918528,0.95619051,0.372227,0.48037521,0.62285651,0.48037521,0.372227,0.37714349,0.627773,0.1081472,0.71047649,0.8918528,0.5196247900000001,0.04380949
mp-752658,3.8306058000000847,3.83059377274109,6.799496200000444,0.4999997950327217,0.5000000067406556,0.6666671509160099,0.33327748,0.66666876,0.29100558,0.6666086800000001,0.33333124000000003,0.70899441,2.428e-05,0.0,1e-08,0.33327627,0.66666435,0.62565033,0.66661229,0.33333565,0.37434967
mp-752676,8.400904872745194,8.400904872745194,5.51813373,0.5,0.5,0.7843982725200086,0.19105439999999901,0.19105439999999901,0.76947087,0.808945599999999,0.808945599999999,0.26947087000000003,0.54111493,0.88083053,0.73307544,0.11916947,0.45888507,0.23307544,0.88083053,0.54111493,0.73307544,0.45888507,0.11916947,0.23307544,0.25482029,0.44523139,0.8415479,0.55476861,0.74517971,0.341547899999999,0.26961285,0.76851508,0.01149196,0.23148492,0.73038715,0.51149196,0.73038715,0.23148492,0.51149196,0.76851508,0.26961285,0.01149196,0.44523139,0.25482029,0.8415479,0.74517971,0.55476861,0.341547899999999,0.91179038,0.91179038,0.94954754,0.08820962,0.08820962,0.44954754
mp-753401,3.85441592,5.434489430824212,10.26110277,0.5,0.5,0.6153915969237232,0.36281404,0.72562609,0.43673903000000003,0.30592891,0.61186081,0.74937195,0.69407109,0.38813919,0.24937195,0.63718596,0.27437391,0.93673903,0.36626391,0.73252782,0.05931052,0.63373609,0.26747218,0.55931052,0.44602293,0.89204486,0.89149867,0.18510061,0.37019922,0.56967357,0.27145261,0.54290521,0.24134981,0.19955265,0.399104299999999,0.9329078900000001,0.462907299999999,0.9258135999999991,0.6191505700000001,0.72854739,0.45709479000000003,0.74134981,0.81489939,0.6298007800000001,0.06967357,0.55397707,0.10795514,0.39149867,0.5370927,0.0741864,0.11915057,0.80044735,0.600895699999999,0.43290789
mp-753671,4.786750950999078,4.447569989352328,7.00436625696095,0.49995747858672196,0.7612116116697011,0.6538205765782448,0.00065872,0.99980553,0.9862954700000001,0.00071622,0.49985107,0.26463473,0.50081701,0.1078465,0.12559856,0.50083276,0.89179657,0.62544846,0.24642104,0.37277064,0.24823909,0.75463125,0.6268857,0.00251769
mp-753747,6.258696558918842,6.258696558918842,3.8479255500000002,0.5,0.5,0.344482824817834,0.0,0.0,0.0,0.30217207,0.30217207,0.0,0.69782793,0.69782793,0.0,0.04484711,0.66238413,0.0,0.33761587,0.95515289,0.0,0.0,0.0,0.5,0.31509727,0.31509727,0.5,0.68490273,0.68490273,0.5,0.95515289,0.33761587,0.0,0.66238413,0.04484711,0.0,0.5,0.5,0.0
mp-753802,5.481393739971685,5.481393739971685,5.183447470377433,0.46698663334784085,0.5330133666521591,0.3947386817645022,0.68733184,0.68733184,0.0,0.31266816000000003,0.31266816000000003,0.0,0.2550056,0.7449944,0.39495632,0.7449944,0.2550056,0.60504368,0.056134960000000005,0.59897729,0.19957133,0.40102271,0.94386504,0.19957133,0.43231905,0.56768095,0.7313285900000001,0.0,0.0,0.5,0.56768095,0.43231905,0.26867141,0.59897729,0.056134960000000005,0.8004286700000001,0.94386504,0.40102271,0.8004286700000001
mp-754117,3.49259899,4.83342039,5.45703628,0.5,0.5,0.5,0.0,0.72009858,0.98495365,0.5,0.27990142,0.48495365,0.5,0.18485113,0.96130083,0.0,0.81514887,0.46130083,0.5,0.01660631,0.85392665,0.0,0.51858148,0.62259587,0.0,0.98339369,0.35392665,0.5,0.48141852,0.12259587
mp-754118,4.878505480001414,4.878503103639535,5.45107397000019,0.5000001530682355,0.4999997943524975,0.6666664885664165,1.3e-06,1e-06,4.099999999999998e-07,0.33331779,0.6666673,0.49999918,0.66665049,0.3333337,0.50000018,0.99998906,0.61644206,0.69059964,0.99999014,0.38355601,0.30940042,0.383544999999999,0.38355694,0.69059864,0.61643114,0.61644299,0.30940042,0.38354739,0.0,0.30939928,0.61643229,0.0,0.69059865
mp-754326,3.5125307503503866,3.5125307503503866,6.335769869085708,0.34321689792667825,0.6567831020733219,0.7204062210229577,0.5,0.5,0.5,0.0,0.0,0.0,0.32847169,0.67152831,0.7559058200000001,0.67152831,0.32847169,0.24409418
mp-754368,5.3060411552521884,5.3060411552521884,5.534842603788295,0.3547524904041258,0.6452475095958742,0.4992742419347605,0.37826614000000003,0.37826614000000003,0.75,0.62173386,0.62173386,0.25,0.88768735,0.88768735,0.75,0.11231265,0.11231265,0.25,0.25719719,0.85709052,0.74550395,0.14290948,0.74280281,0.24550395,0.85709052,0.25719719,0.75449605,0.74280281,0.14290948,0.25449605000000003
mp-754517,7.9606287984081385,7.9606287984081385,7.330171,0.5,0.5,0.6666667035302094,0.0,0.0,0.0,0.333333,0.666667,0.5,0.666667,0.333333,0.5,0.0,0.653411,0.743467,0.0,0.346589,0.256533,0.346589,0.346589,0.743467,0.653411,0.653411,0.256533,0.346589,0.0,0.256533,0.653411,0.0,0.743467
mp-754596,5.911235037211832,5.911235037211832,5.911235037211832,0.33333333333333337,0.33333333333333337,0.33333333333333337,0.375,0.375,0.375,0.625,0.625,0.625,0.125,0.125,0.125,0.875,0.875,0.875,0.0,0.0,0.0,0.5,0.0,0.0,0.0,0.5,0.0,0.0,0.0,0.5
mp-754710,8.151155856057962,8.151155856057962,7.189896,0.5,0.5,0.6666666601760204,0.333333,0.666667,0.5,0.666667,0.333333,0.5,0.0,0.0,0.0,0.0,0.671051,0.757836,0.0,0.328949,0.242164,0.328949,0.328949,0.757836,0.671051,0.671051,0.242164,0.328949,0.0,0.242164,0.671051,0.0,0.757836
mp-755293,4.9886021045669136,9.34765409996691,7.054701643048907,0.6231844068159267,0.24997757533047707,0.5860177692561157,0.99710508,0.66306917,0.83295303,0.49884991,0.9993681600000001,0.50038033,0.4988492,0.99936292,9.661e-05,0.99717078,0.33587153000000003,0.16938082000000002,0.99880614,0.72372821,0.36239055000000003,0.99855574,0.27504577,0.63837312,0.99855716,0.99919223,0.00029854
mp-755586,4.79115407,4.79115407,6.62473791247684,0.38222690994053693,0.38222690994053693,0.5,0.5,0.5,0.0,0.25,0.75,0.5,0.0,0.0,0.0,0.75,0.25,0.5,0.21654266,0.21654266,0.5669146700000001,0.53345734,0.03345734,0.93308533,0.96654266,0.46654266,0.06691467,0.78345734,0.78345734,0.43308533
mp-755756,6.817264850746464,6.817264850746464,6.817264850746464,0.8141386666578154,0.8141386666578154,0.26687788326846795,0.33680844,0.33680844,0.0,0.66319156,0.66319156,0.0,0.0,0.0,0.0,0.75,0.25,0.5,0.25,0.75,0.5
mp-7596,5.025372168859747,5.08412688,5.2445932099594845,0.5,0.5534220796891122,0.5,0.29262396,0.45248483,0.71957235,0.70737604,0.9524848300000001,0.78042765,0.70737604,0.54751517,0.28042765000000003,0.29262396,0.04751517,0.21957235,0.44440308,0.74517444,0.9755120500000001,0.55559692,0.24517444,0.52448795,0.55559692,0.25482556,0.02448795,0.44440308,0.75482556,0.47551205,0.0614782,0.32314618,0.34952919,0.9385218,0.8231461800000001,0.15047081,0.9385218,0.67685382,0.6504708100000001,0.0614782,0.17685382,0.84952919
mp-760400,4.513131026743738,5.870455393289905,6.496391565515096,0.4046351168034372,0.4997898102218734,0.37437060236072717,0.67601888,0.65374084,0.87253086,0.69436451,0.61719916,0.34344434,0.2999004,0.40756086,0.68898359,0.31690457,0.37184001,0.15940198,0.99775462,0.01274635,0.51622129,0.9966149400000001,0.01265165,0.01611831,0.13605923,0.7338471,0.85243621,0.49678367,0.012629099999999002,0.01606249,0.14700738,0.7120300900000001,0.32293269,0.84703888,0.31330149,0.7091333,0.85672991,0.29154435,0.17954696
mp-760417,9.94486506678058,9.94486506678058,9.94486506678058,0.8195038294851235,0.8195038294851235,0.2589345211911479,0.5,0.0,0.5,0.14772791,0.14772791,0.0,0.85227209,0.85227209,0.0,0.0,0.5,0.5,0.35515451000000003,0.35515451000000003,0.0,0.64484549,0.64484549,0.0,0.0,0.0,0.0
mp-7631,3.07662093,3.0766210904253986,15.09808432,0.5,0.5,0.6666665967534638,0.333333,0.666667,0.83298615,0.666667,0.333333,0.33298615,0.666667,0.333333,0.6665006,0.333333,0.666667,0.1665006,0.0,0.0,0.49972942000000004,0.0,0.0,0.99972942,0.0,0.0,0.87436641,0.0,0.0,0.37436641,0.333333,0.666667,0.70799678,0.666667,0.333333,0.20799678,0.666667,0.333333,0.54152164,0.333333,0.666667,0.04152164
mp-7639,5.17933139,5.52850959839066,5.52850990882494,0.5691955274084189,0.5,0.5,0.25,0.6845900500000001,0.029866820000000002,0.75,0.31540995,0.97013318,0.25,0.029866820000000002,0.6845900500000001,0.75,0.97013318,0.31540995,0.5,0.5,0.5,0.0,0.5,0.5,0.75,0.76050177,0.76050177,0.25,0.23949823,0.23949823
mp-7650,3.25757354,3.25757426121545,12.8030981,0.5,0.5,0.6666667409148382,0.333333,0.666667,0.75,0.666667,0.333333,0.25,0.0,0.0,0.0,0.0,0.0,0.5,0.333333,0.666667,0.41577637,0.666667,0.333333,0.91577637,0.333333,0.666667,0.08422363000000001,0.666667,0.333333,0.58422363
mp-7684,6.302656947493868,6.302656154214072,6.302656405980248,0.5924942477050146,0.5924942749834178,0.592494252267224,0.15605165000000001,0.5522950600000001,0.15605165000000001,0.5522950600000001,0.15605165000000001,0.15605165000000001,0.15605165000000001,0.15605165000000001,0.5522950600000001,0.696698199999999,0.696698199999999,0.696698199999999,0.08961385000000001,0.71914429,0.71914429,0.71914429,0.71914429,0.08961385000000001,0.71914429,0.08961385000000001,0.71914429
mp-7752,5.19496514,5.19496514,5.19496514,0.5,0.5,0.5,0.0,0.5,0.5,0.5,0.5,0.0,0.5,0.0,0.5,0.0,0.0,0.0,0.5,0.5,0.5
mp-7770,4.21587802,4.21587697295357,7.27099062,0.5,0.5,0.6666666678456604,0.0,0.0,0.0,0.666667,0.333333,0.37131616,0.333333,0.666667,0.62868384,0.666667,0.333333,0.72789612,0.333333,0.666667,0.27210388
mp-7774,5.90723178,5.962569512848963,5.962569284363301,0.5655232579207752,0.5,0.5,0.25,0.6568005100000001,0.01307232,0.75,0.34319949,0.98692768,0.25,0.01307232,0.6568005100000001,0.75,0.98692768,0.34319949,0.75,0.79637355,0.79637355,0.25,0.20362645000000001,0.20362645000000001,0.5,0.5,0.5,0.0,0.5,0.5
mp-7863,6.147252718381427,6.147253945913056,6.147252641294519,0.3314705476598822,0.33147050763186087,0.33147051553386037,0.5,0.5,0.5,0.0,0.0,0.0,0.23622767,0.23622767,0.23622767,0.76377233,0.76377233,0.76377233,0.0,0.5,0.0,0.0,0.0,0.5,0.5,0.0,0.0
mp-7895,4.186799731086583,5.0825587273449875,5.082557980242262,0.40014485485838275,0.3648725436111792,0.364872562838841,0.74373607,0.25626393000000003,0.25626393000000003,0.25626393000000003,0.74373607,0.74373607,0.0,0.62688266,0.37311734,0.0,0.37311734,0.62688266
mp-7914,5.690219008586749,5.69021896573574,5.69021898359066,0.17927430743530748,0.17927431627424822,0.179274323447114,0.5,0.5,0.5,0.0,0.0,0.0,0.73536121,0.73536121,0.73536121,0.26463879,0.26463879,0.26463879
mp-7929,3.649726006860059,6.417350538287688,6.417350062269744,0.3860375137287779,0.4082176208255774,0.40821758431440225,0.80811179,0.69188821,0.69188821,0.19188821,0.30811179,0.30811179,0.0,0.0,0.0,0.5,0.79109084,0.20890916,0.5,0.20890916,0.79109084
mp-7931,8.08553955,8.085540202750707,6.04697283,0.5,0.5,0.6666666756348465,0.0,0.63985189,0.5,0.36014811,0.36014811,0.5,0.63985189,0.0,0.5,0.0,0.30490625,0.0,0.6950937500000001,0.6950937500000001,0.0,0.30490625,0.0,0.0,0.666667,0.333333,0.19071642,0.666667,0.333333,0.80928358,0.333333,0.666667,0.80928358,0.333333,0.666667,0.19071642,0.0,0.0,0.68563537,0.0,0.0,0.31436463000000003
mp-7937,3.42669221,3.4266933332122878,14.15652617,0.5,0.5,0.6666667172999466,0.0,0.0,0.0,0.0,0.0,0.5,0.0,0.0,0.25,0.0,0.0,0.75,0.333333,0.666667,0.13980374,0.333333,0.666667,0.36019626,0.666667,0.333333,0.6398037400000001,0.666667,0.333333,0.86019626
mp-7939,3.57450499,3.574504951349653,14.80995926,0.5,0.5,0.6666666148078324,0.0,0.0,0.0,0.0,0.0,0.5,0.0,0.0,0.25,0.0,0.0,0.75,0.333333,0.666667,0.13882767000000001,0.333333,0.666667,0.36117233,0.666667,0.333333,0.63882767,0.666667,0.333333,0.86117233
mp-7956,5.320682,5.320680826701128,9.470085,0.5,0.5,0.6666666381124131,0.333333,0.666667,0.917200999999999,0.666667,0.333333,0.417201,0.0,0.0,0.25,0.0,0.0,0.75,0.333333,0.666667,0.582799,0.666667,0.333333,0.082799,0.666667,0.333333,0.75,0.333333,0.666667,0.25
mp-7972,6.880339663983246,6.880339663983246,6.880339227273046,0.1749028675152823,0.1749028675152823,0.17490290164014236,0.0,0.0,0.0,0.5,0.5,0.5,0.7724885300000001,0.7724885300000001,0.7724885300000001,0.22751147,0.22751147,0.22751147
mp-8000,6.39088523160047,6.39088523160047,6.390885505233214,0.2558442477332949,0.2558442477332949,0.2558442182394356,0.0,0.0,0.0,0.5,0.5,0.5,0.765019,0.765019,0.765019,0.234981,0.234981,0.234981,0.508593,0.718052999999999,0.057734,0.718052999999999,0.057734,0.508593,0.942265999999999,0.491407,0.281947,0.491407,0.281947,0.942265999999999,0.281947,0.942265999999999,0.491407,0.057734,0.508593,0.718052999999999
mp-8041,5.49939702573266,5.499396501498568,5.49939553,0.33333333185377395,0.3333333489865129,0.3333333268289826,0.75,0.75,0.75,0.25,0.25,0.25,0.0,0.0,0.0
mp-8042,4.875133118918976,4.874945272189274,6.317497689669334,0.6259670527212855,0.6260635730680896,0.5000190390715014,0.62497292,0.87495906,0.249982799999999,0.37502708,0.12504094,0.750017199999999,0.12488611000000001,0.37499243,0.24995046,0.8751138900000001,0.6250075700000001,0.75004954,0.309477499999999,0.46559125,0.08604786,0.62051933,0.80951185,0.5860709,0.96562024,0.27648128,0.58603502,0.7765266200000001,0.12049051000000001,0.08604203,0.22347338,0.87950949,0.91395797,0.03437976,0.7235187200000001,0.41396498,0.37948067,0.19048815,0.4139291,0.690522499999999,0.53440875,0.91395214
mp-8058,5.910857632183404,5.910857450707788,5.910858548527672,0.5919927989738601,0.5919927668461651,0.6414881805403573,0.375,0.625,0.75,0.625,0.375,0.25,0.875,0.125,0.75,0.125,0.875,0.25,0.29999474,0.23175361,0.43175687,0.86823688,0.29999474,0.56824313,0.23175361,0.29999474,0.9317568700000001,0.29999474,0.86823688,0.06824313,0.13176312,0.70000526,0.43175687,0.70000526,0.7682463900000001,0.56824313,0.70000526,0.13176312,0.9317568700000001,0.7682463900000001,0.70000526,0.06824313
mp-8062,3.07873852111218,3.0787372599706417,3.078738,0.3333333488515271,0.333333424131672,0.33333338716726313,0.25,0.25,0.25,0.0,0.0,0.0
mp-8145,6.681822613224878,6.681822328836031,6.681821977009795,0.15680951918148722,0.1568095584408811,0.15680951345429944,0.0,0.0,0.0,0.5,0.5,0.5,0.77730392,0.77730392,0.77730392,0.22269608000000002,0.22269608000000002,0.22269608000000002
mp-8176,6.710582597694958,6.710582877061309,6.7105830343544595,0.1673635274032983,0.16736349121438807,0.16736350802091018,0.5,0.5,0.5,0.0,0.0,0.0,0.72816061,0.72816061,0.72816061,0.27183939,0.27183939,0.27183939
mp-8192,5.92502177,5.925021949823524,4.7658028,0.5,0.5,0.6666666297619331,0.333333,0.666667,0.71097632,0.666667,0.333333,0.28902368,0.0,0.0,0.0,0.8397707600000001,0.16022924,0.77721968,0.8397707600000001,0.67954152,0.77721968,0.32045848,0.16022924,0.77721968,0.16022924,0.8397707600000001,0.22278032,0.16022924,0.32045848,0.22278032,0.67954152,0.8397707600000001,0.22278032
mp-8207,3.18197916,6.121014256288077,6.121013386581707,0.6047760037242402,0.5,0.5,0.0,0.5,0.5,0.5,0.5,0.0,0.0,0.0,0.0,0.5,0.0,0.5,0.0,0.91637362,0.66112059,0.0,0.08362638,0.33887941,0.0,0.66112059,0.91637362,0.0,0.33887941,0.08362638,0.5,0.3509484,0.6490516,0.5,0.6490516,0.3509484
mp-8248,6.43607089,6.653338454555754,7.511755672585744,0.5240213680478182,0.5,0.6606973392622895,0.0,0.0,0.0,0.3184238,0.6368486,0.863327499999999,0.0,0.0,0.5,0.6815762,0.363151399999999,0.1366725,0.33781103,0.67562106,0.34446068,0.66218897,0.32437894,0.65553932,0.16492832000000002,0.77552111,0.21403353,0.38940721,0.22447889000000001,0.78596647,0.83507168,0.22447889000000001,0.78596647,0.61059279,0.77552111,0.21403353,0.81821829,0.63643457,0.73043537,0.18178171,0.36356543,0.26956463
mp-8256,5.407749241597966,5.40774894963889,5.407747838158442,0.3030485481668569,0.30304868554346104,0.30304862694800666,0.5,0.5,0.5,0.0,0.0,0.0,0.39837966,0.09188205,0.75707943,0.09188205,0.75707943,0.39837966,0.24292057,0.60162034,0.9081179500000001,0.9081179500000001,0.24292057,0.60162034,0.60162034,0.9081179500000001,0.24292057,0.75707943,0.39837966,0.09188205
mp-961706,4.171592011959223,4.171592011959223,4.171592011959223,0.33333333333333337,0.33333333333333337,0.33333333333333337,0.5,0.5,0.5,0.0,0.0,0.0,0.75,0.75,0.75
mp-961711,4.343324207478876,4.343324207478876,4.343324207478876,0.33333333333333337,0.33333333333333337,0.33333333333333337,0.5,0.5,0.5,0.0,0.0,0.0,0.25,0.25,0.25
mp-961713,4.512019261980874,4.512017836920863,4.51201809,0.3333332818876104,0.33333333993087727,0.3333332312864086,0.5,0.5,0.5,0.0,0.0,0.0,0.25,0.25,0.25
mp-972937,10.214594593403977,10.214594593403977,10.214594398321681,0.10245313840740208,0.10245313840740208,0.10245314168160181,0.0,0.0,0.0,0.5,0.5,0.5,0.7390986700000001,0.7390986700000001,0.7390986700000001,0.26090133,0.26090133,0.26090133,0.61791129,0.61791129,0.61791129,0.38208871,0.38208871,0.38208871,0.199929599999999,0.199929599999999,0.199929599999999,0.8000704,0.8000704,0.8000704
mp-973185,6.47289944375657,6.47289944375657,6.472899897889725,0.15968047908505636,0.15968047908505636,0.15968043516839034,0.500001,0.500001,0.5,0.0,0.0,0.0,0.11138028,0.11138028,0.11138028,0.88861972,0.88861972,0.88861872
mp-974381,5.98491181,5.9849105046151685,6.294944538986973,0.6576872905936594,0.3423126755136506,0.6666666120317479,0.64989332,0.35010668,0.05032003,0.85010668,0.14989332,0.44967997,0.14989432,0.85010568,0.55031803,0.35010568000000003,0.64989432,0.9496809700000001,0.95017573,0.45017473,0.249999,0.54982527,0.749999,0.249999,0.25,0.049824270000000004,0.249999,0.750000999999999,0.95017473,0.749999,0.45017773,0.25,0.749999,0.04982527,0.54982327,0.749999
mp-978846,7.58387907,7.58387907,4.61945766,0.5,0.5,0.5,0.0,0.0,0.0,0.500001,0.500001,0.500001,0.2959752,0.2959752,0.0,0.7040238,0.7040238,0.0,0.795977199999999,0.2040228,0.500001,0.2040228,0.795977199999999,0.500001
mp-978847,4.214042081984417,4.214042081984417,4.98667004,0.5,0.5,0.6666666528844032,0.333333,0.666667,0.00124658,0.666667,0.333333,0.55760674,0.0,0.0,0.44114638,0.666667,0.333333,0.90560331
mp-978852,4.487417146618976,4.487417146618976,5.165524,0.5,0.5,0.6666665967684577,0.666667,0.333333,0.998458,0.333333,0.666667,0.600885,0.0,0.0,0.450563,0.333333,0.666667,0.939396
mp-979137,4.202093867420027,4.202093867420027,4.947819,0.5,0.5,0.6666666550700402,0.666667,0.333333,0.996857999999999,0.333333,0.666667,0.547675999999999,0.0,0.0,0.444042,0.333333,0.666667,0.908323999999999
mp-980057,4.265790426768994,4.265790426768994,4.967268,0.5,0.5,0.6666667034382926,0.333333,0.666667,0.004601,0.0,0.0,0.458049,0.666667,0.333333,0.561296,0.0,0.0,0.105252
mp-981,4.100208633667163,4.100208123367887,4.10020874,0.33333339649275545,0.333333419882524,0.33333323597070597,0.0,0.0,0.0,0.75,0.75,0.75,0.25,0.25,0.25
mp-9812,5.660201745789809,5.660201978801024,5.660201416381631,0.2697338276810546,0.2697338198148476,0.2697338545501554,0.5,0.5,0.5,0.0,0.0,0.0,0.75,0.75,0.75,0.25,0.25,0.25,0.75,0.47288381,0.027116190000000002,0.027116190000000002,0.75,0.47288381,0.52711619,0.97288381,0.25,0.25,0.52711619,0.97288381,0.97288381,0.25,0.52711619,0.47288381,0.027116190000000002,0.75
mp-989407,3.59485,6.01453,6.13574,0.5,0.5,0.5,0.0,0.15279,0.28853,0.0,0.84721,0.7885300000000001,0.5,0.69084,0.31856,0.5,0.30916000000000005,0.8185600000000001,0.5,0.1067,0.5855800000000001,0.5,0.58516,0.69503,0.0,0.77205,0.41683000000000003,0.5,0.8933000000000001,0.08558,0.0,0.22795,0.91683,0.5,0.41484000000000004,0.19503
mp-989513,3.822532280416036,6.427569315845293,6.700715156385955,0.5719796512600884,0.49999990159424457,0.5961042789557446,0.3830074,0.76601679,0.66462699,0.6169926,0.23398321,0.33537301,0.15199447,0.30398795,0.86976907,0.84800553,0.69601205,0.13023093,0.15396491,0.30793182,0.60501773,0.0026844300000000002,0.0053688600000000005,0.10690682,0.9973165700000001,0.99463114,0.89309318,0.32050852,0.64101504,0.024440999999999,0.67949148,0.35898496,0.975559,0.84603509,0.69206818,0.39498227
mp-989625,3.6742352485732224,6.354455054426977,6.648418908190925,0.6112884026004739,0.5357941242794565,0.5056673337456266,0.03249104,0.91778883,0.35986575,0.9681561200000001,0.3869824,0.8897706200000001,0.52152676,0.41757277,0.36584458000000003,0.44426972000000003,0.895046399999999,0.87177271,0.03738093,0.48738115,0.31318418000000003,0.61515668,0.75716686,0.57266492,0.48361846000000003,0.7202316400000001,0.033607899999999004,0.91864033,0.87287255,0.73657916,0.53658217,0.24706414000000002,0.53078985,0.4905768,0.19301428,0.05622033
mp-991652,5.8952139599999995,5.8952139599999995,5.8952139599999995,0.5,0.5,0.5,0.0,0.0,0.0,0.0,0.0,0.5,0.0,0.5,0.0,0.5,0.0,0.0,0.74904731,0.74904731,0.25095269,0.74904731,0.25095269,0.74904731,0.25095269,0.74904731,0.74904731,0.25095269,0.25095269,0.25095269
mp-997086,3.588685664985115,5.982325241409317,5.982325002794365,0.5868986761764348,0.50243524586126,0.5024352274172283,0.0,0.5,0.0,0.0,0.0,0.5,0.5,0.0,0.0,0.5,0.5,0.5,0.5,0.28354052,0.71645948,0.5,0.71645948,0.28354052,0.21775763,0.25092566,0.25092566,0.78224237,0.7490743400000001,0.7490743400000001
mp-999549,2.9164117218799785,2.9164117218799785,3.90110873,0.5,0.5,0.6666666845476654,0.666667,0.333333,0.5,0.0,0.0,0.81824904,0.0,0.0,0.18175096000000002
mp-8276,4.08128156,4.081281126158534,7.09682644,0.5,0.5,0.6666666862021453,0.0,0.0,0.0,0.666667,0.333333,0.36974296,0.333333,0.666667,0.63025704,0.666667,0.333333,0.724291399999999,0.333333,0.666667,0.275708599999999
mp-8277,4.35952244,4.359522001915036,7.31153407,0.5,0.5,0.6666666414058038,0.0,0.0,0.0,0.333333,0.666667,0.63487128,0.666667,0.333333,0.36512872,0.666667,0.333333,0.74567479,0.333333,0.666667,0.25432521
mp-8289,6.150381282605366,6.150380686096792,6.1503813,0.3333332851091362,0.33333330293310015,0.3333332950700321,0.5,0.5,0.5,0.0,0.0,0.0,0.27180945,0.72819055,0.72819055,0.27180945,0.72819055,0.27180945,0.72819055,0.27180945,0.27180945,0.72819055,0.72819055,0.27180945,0.27180945,0.27180945,0.72819055,0.72819055,0.27180945,0.72819055
mp-8298,4.814256094693773,4.814255219639518,8.692039544459822,0.5893186024104636,0.5893185302980821,0.5000000164893733,0.67506105,0.67506105,0.35012309,0.32493895,0.32493895,0.64987691,0.0,0.5,0.0,0.5,0.0,0.0,0.86494251,0.86494251,0.72988703,0.13505749,0.13505749,0.27011297,0.5,0.5,0.0
mp-8299,4.8577481803506695,4.857749427081379,8.866808653845851,0.5883233009837012,0.5883233448878986,0.4999999705174106,0.67330947,0.67330947,0.34661894,0.32669053000000003,0.32669053000000003,0.6533810600000001,0.0,0.5,0.0,0.5,0.0,0.0,0.86417342,0.86417342,0.72834784,0.13582658,0.13582658,0.27165216000000003,0.5,0.5,0.0
mp-8311,5.168390401277295,5.16839093681035,6.334406476831006,0.6337603042719462,0.6337602919123092,0.4999999952959952,0.25,0.75,0.5,0.5,0.5,0.0,0.75,0.25,0.5,0.0,0.0,0.0,0.6398712,0.12287557,0.76274577,0.12287557,0.6398712,0.76274577,0.8771244300000001,0.8771244300000001,0.23725423,0.360128799999999,0.360128799999999,0.23725423
mp-8377,4.40728137,4.87095789,8.72851176,0.5,0.5,0.5,0.37677337,0.02985562,0.60227173,0.87677337,0.47014438000000003,0.39772827,0.62322663,0.52985562,0.89772827,0.12322663,0.97014438,0.10227173,0.77162367,0.14245928,0.53909558,0.27162367,0.35754072000000003,0.46090442000000004,0.22837633000000002,0.64245928,0.96090442,0.72837633,0.85754072,0.03909558,0.171946699999999,0.75738133,0.27736095,0.6719467,0.74261867,0.7226390500000001,0.8280533,0.25738133,0.22263905,0.3280533,0.24261867,0.77736095
mp-8402,4.056934,4.056934,4.056934,0.5,0.5,0.5,0.0,0.0,0.0,0.5,0.5,0.5,0.0,0.5,0.5,0.5,0.0,0.5,0.5,0.5,0.0
mp-856,3.20749977,4.76383605,4.76580004,0.5,0.5,0.5,0.5,0.5,0.5,0.0,0.0,0.0,0.5,0.19421615,0.80616074,0.5,0.80578385,0.19383926,0.0,0.30578385,0.30616074,0.0,0.69421615,0.6938392600000001
mp-8622,3.7958763498015653,6.643038279174643,6.64303758029432,0.3888118811704194,0.40777283820664306,0.4077728595901601,0.19732999,0.30267001,0.30267001,0.80267001,0.6973299900000001,0.6973299900000001,0.0,0.0,0.0,0.5,0.78666,0.21334000000000003,0.5,0.21334000000000003,0.78666
mp-8630,6.07434534,6.07434534,6.07434534,0.5,0.5,0.5,0.37784809,0.37784809,0.37784809,0.12215191,0.62215191,0.87784809,0.87784809,0.12215191,0.62215191,0.62215191,0.87784809,0.12215191,0.98825121,0.5117487900000001,0.48825121,0.5117487900000001,0.48825121,0.98825121,0.48825121,0.98825121,0.5117487900000001,0.01174879,0.01174879,0.01174879,0.38344079000000003,0.11655921,0.88344079,0.11655921,0.88344079,0.38344079000000003,0.88344079,0.38344079000000003,0.11655921,0.61655921,0.61655921,0.61655921
mp-866141,3.99296332802545,3.99296332802545,3.99296332802545,0.33327751990866133,0.33327751990866133,0.33327751990866133,0.74999247,0.74999247,0.74999247,1e-08,1e-08,1e-08,0.49999974,0.49999974,0.49999974,0.25000479000000003,0.25000479000000003,0.25000479000000003
mp-867169,5.700808332280055,5.700808332280055,5.700808332280055,0.33333333333333337,0.33333333333333337,0.33333333333333337,0.0,0.0,0.0,0.5,0.5,0.5,0.75,0.75,0.75,0.250001,0.250001,0.250001
mp-867193,5.643308897849834,5.643308897849834,5.643308897849834,0.33333333333333337,0.33333333333333337,0.33333333333333337,0.25,0.25,0.25,0.75,0.75,0.75,0.0,0.0,0.0,0.5,0.5,0.5
mp-867219,4.10269,6.961825,8.815596469212789,0.6031826484483164,0.5,0.5,0.25,0.298135,0.034036,0.75,0.685422,0.378223,0.25,0.314577999999999,0.621777,0.75,0.701865,0.965963999999999,0.25,0.963298,0.247698,0.75,0.036702,0.752301999999999,0.75,0.176958,0.299662,0.25,0.823041999999999,0.700338,0.25,0.676408999999999,0.17089000000000001,0.75,0.323590999999999,0.82911
mp-8697,5.799975270815913,5.799975080611637,5.7999769046992675,0.2699414059028582,0.26994139877531864,0.2699414026449921,0.5,0.5,0.5,0.0,0.0,0.0,0.75,0.75,0.75,0.25,0.25,0.25,0.75,0.039041150000000004,0.46095885000000003,0.46095885000000003,0.75,0.039041150000000004,0.96095885,0.53904115,0.25,0.25,0.96095885,0.53904115,0.53904115,0.25,0.96095885,0.039041150000000004,0.46095885000000003,0.75
mp-8751,4.41180301,4.41180301,7.26324285,0.5,0.5,0.5,0.25,0.25,0.65953247,0.75,0.75,0.34046753,0.25,0.75,0.0,0.75,0.25,0.0,0.25,0.25,0.17472365,0.75,0.75,0.82527635
mp-8799,4.6900175,4.6900175,7.57564858,0.5,0.5,0.5,0.75,0.75,0.35083371,0.25,0.25,0.64916629,0.75,0.25,0.0,0.25,0.75,0.0,0.25,0.25,0.20421861,0.75,0.75,0.79578139
mp-8861,4.044725043287979,4.044724992404315,7.4561801019284655,0.5874314543332433,0.5874314815585795,0.5000000061506698,0.6491713,0.6491713,0.29834261,0.3508287,0.3508287,0.70165739,0.0,0.0,0.0,0.5,0.0,0.0,0.0,0.5,0.0,0.85498207,0.85498207,0.70996615,0.14501793,0.14501793,0.29003385
mp-8884,4.30804018,4.30803886290291,7.1086741,0.5,0.5,0.6666666793405088,0.333333,0.666667,0.00103504,0.666667,0.333333,0.50103504,0.333333,0.666667,0.37396496,0.666667,0.333333,0.87396496
mp-8931,6.95069341420186,7.5106382324908525,8.724834699570657,0.6416335578188818,0.6304094195165527,0.4999999662048175,0.85530477,0.01565147,0.71060953,0.6446952300000001,0.30504094,0.28939047,0.14469523,0.98434853,0.28939047,0.35530477,0.69495906,0.71060953,0.25,0.5,0.0,0.75,0.5,0.0,0.39684172,0.21621386,0.79368244,0.10315828,0.42253142,0.20631756,0.60315828,0.78378614,0.20631756,0.8968417200000001,0.57746858,0.79368244
mp-8962,4.583198147799428,4.583199563304262,7.60787970554894,0.597391775782148,0.5973918298934547,0.5000000176346107,0.35914206,0.35914206,0.71828512,0.64085794,0.64085794,0.28171488,0.0,0.0,0.0,0.16384103,0.16384103,0.32768306,0.8361589700000001,0.8361589700000001,0.67231694,0.5,0.0,0.0,0.0,0.5,0.0
mp-8979,4.844671914543138,5.178079307061357,5.81351481,0.5,0.5,0.5071173947797628,0.0,0.25,0.82727309,0.0,0.75,0.17272691,0.5,0.25,0.32339812,0.5,0.75,0.67660188,0.25994386,0.40029375,0.620514999999999,0.74005614,0.09970625,0.620514999999999,0.74005614,0.59970625,0.379484999999999,0.25994386,0.90029375,0.379484999999999,0.21438005000000002,0.43610097000000003,0.10305048,0.7856199500000001,0.06389903,0.10305048,0.7856199500000001,0.56389903,0.8969495200000001,0.21438005000000002,0.93610097,0.8969495200000001
mp-9008,5.13832786,5.98093499,7.26749067,0.5,0.5,0.5,0.5,0.75,0.28663811,0.5,0.25,0.71336189,0.0,0.75,0.70365787,0.0,0.25,0.29634213,0.0,0.0,0.0,0.0,0.5,0.0
mp-9010,5.262273820574416,5.262273578540386,6.71073863,0.5,0.5,0.5652197575447406,0.62428111,0.37571889,0.25,0.37571889,0.62428111,0.75,0.0,0.0,0.0,0.0,0.0,0.5,0.19592123,0.80407877,0.25,0.80407877,0.19592123,0.75
mp-9062,8.91022901,8.910229149549894,6.09029722,0.5,0.5,0.6666666853897234,0.0,0.304016499999999,0.5,0.6959835,0.6959835,0.5,0.304016499999999,0.0,0.5,0.0,0.63998306,0.0,0.36001694,0.36001694,0.0,0.63998306,0.0,0.0,0.666667,0.333333,0.32512246,0.666667,0.333333,0.67487754,0.333333,0.666667,0.67487754,0.333333,0.666667,0.32512246,0.0,0.0,0.82644764,0.0,0.0,0.17355236000000002
mp-9063,9.35622876,9.356229149903191,6.24245248,0.5,0.5,0.6666666590081364,0.0,0.31390539,0.5,0.68609461,0.68609461,0.5,0.31390539,0.0,0.5,0.0,0.64854206,0.0,0.35145794,0.35145794,0.0,0.64854206,0.0,0.0,0.666667,0.333333,0.30598002,0.666667,0.333333,0.6940189800000001,0.333333,0.666667,0.6940189800000001,0.333333,0.666667,0.30598002,0.0,0.0,0.8072929600000001,0.0,0.0,0.19270804
mp-9064,9.989608240001779,9.989611912867586,6.727691790000085,0.5000001161742919,0.49999999999996986,0.6666669534747857,0.65231318,0.0,0.0,0.34768682,0.34768682,0.0,0.0,0.65231318,0.0,0.31734236,0.0,0.5,0.6826576400000001,0.6826576400000001,0.5,0.0,0.31734236,0.5,0.0,0.0,0.20779507,0.0,0.0,0.79220493,0.333333,0.666667,0.29136052,0.333333,0.666667,0.70863948,0.666667,0.333333,0.70863948,0.666667,0.333333,0.29136052
mp-9126,5.29166341,5.2916630043105455,5.38664006,0.5,0.5,0.6666666811033136,0.0,0.0,0.0,0.333333,0.666667,0.5,0.666667,0.333333,0.5,0.37716844,0.37716844,0.70543987,0.6228315600000001,0.0,0.70543987,0.0,0.6228315600000001,0.70543987,0.37716844,0.0,0.29456013000000003,0.0,0.37716844,0.29456013000000003,0.6228315600000001,0.6228315600000001,0.29456013000000003
mp-924129,4.324120037291268,4.324121216466679,4.3241207,0.33333335528330377,0.333333305168028,0.3333333897000212,0.0,0.0,0.0,0.25,0.25,0.25,0.5,0.5,0.5
mp-924130,4.176801370405703,4.17681175937677,4.176803190027783,0.3333307691678486,0.33333214320849347,0.3333322867743006,0.99999742,1.58e-06,1.31e-06,0.25000479000000003,0.25000279000000003,0.25000325,0.49999779,0.49999879,0.49999643
mp-9250,4.60204775,4.60204775,7.50977297,0.5,0.5,0.5,0.75,0.75,0.33915418,0.25,0.25,0.66084582,0.75,0.25,0.0,0.25,0.75,0.0,0.25,0.25,0.17977322,0.75,0.75,0.82022678
mp-9270,6.0812623,6.06713006,6.08358891,0.5,0.5,0.5,0.38009404,0.63434003,0.38259024,0.61990596,0.36565997,0.88259024,0.11990596,0.63434003,0.88259024,0.88009404,0.36565997,0.38259024,0.50977324,0.76512766,0.99947275,0.49022676,0.23487234,0.49947275,0.99022676,0.76512766,0.49947275,0.00977324,0.23487234,0.99947275,0.117508999999999,0.12676873,0.620136999999999,0.882490999999999,0.87323127,0.120137,0.382490999999999,0.12676873,0.120137,0.617509,0.87323127,0.620136999999999
mp-9274,8.224895745952614,8.224896252540224,8.224895077190208,0.25988256837117807,0.25988254928922905,0.25988254233440466,0.5,0.5,0.5,0.91937619,0.91937619,0.91937619,0.08062381,0.08062381,0.08062381,0.24723794000000002,0.24723794000000002,0.24723794000000002,0.75276206,0.75276206,0.75276206,0.5,0.0,0.5,0.0,0.5,0.5,0.5,0.5,0.0
mp-9295,5.95981266,5.95981266,5.95981266,0.5,0.5,0.5,0.0,0.0,0.0,0.0,0.5,0.0,0.5,0.0,0.0,0.0,0.0,0.5,0.25647736,0.74352264,0.74352264,0.25647736,0.25647736,0.25647736,0.74352264,0.25647736,0.74352264,0.74352264,0.74352264,0.25647736
mp-9306,3.8591552439922276,3.859155061285284,6.960497646358552,0.5894125774623671,0.5894125874836244,0.49999998662821044,0.65834194,0.65834194,0.31668388000000003,0.34165806,0.34165806,0.68331612,0.0,0.0,0.0,0.85725385,0.85725385,0.7145077,0.14274615000000002,0.14274615000000002,0.2854923
mp-9361,8.053762600778265,8.053762600778265,8.053761608373843,0.172589217651491,0.172589217651491,0.17258923012490726,0.0,0.0,0.0,0.5,0.5,0.5,0.76696465,0.76696465,0.76696465,0.23303535,0.23303535,0.23303535
mp-9382,6.234583265197746,6.2345835841087345,6.2345843270606744,0.1745752527275832,0.17457522944385,0.17457523123515298,0.0,0.0,0.0,0.5,0.5,0.5,0.76659036,0.76659036,0.76659036,0.23340964,0.23340964,0.23340964
mp-9383,3.3567264223613758,3.3567264223613758,6.231074092703601,0.4131899362753263,0.4131899362753263,0.33333328708588933,0.0,0.0,0.0,0.5,0.5,0.5,0.767367999999999,0.767367999999999,0.697896,0.232631999999999,0.232631999999999,0.302104
mp-9385,6.227085,6.227085492313779,5.30382783,0.5,0.5,0.666666652137301,0.0,0.0,0.5,0.0,0.5,0.0,0.5,0.0,0.0,0.5,0.5,0.0,0.333333,0.666667,0.68368423,0.666667,0.333333,0.31631577
mp-9517,3.8876311,3.8876311,7.71043072,0.5,0.5,0.5,0.75,0.75,0.16174631,0.25,0.25,0.83825369,0.25,0.25,0.41339447,0.75,0.75,0.58660553,0.75,0.75,0.82419646,0.25,0.25,0.17580354,0.75,0.25,0.5,0.25,0.75,0.5
mp-9566,4.72855219,4.728552205114488,7.84881873,0.5,0.5,0.6666666656905862,0.0,0.0,0.0,0.666667,0.333333,0.37173647,0.333333,0.666667,0.62826353,0.333333,0.666667,0.25784015,0.666667,0.333333,0.7421598500000001
mp-961646,4.362947834870364,4.362947834870364,4.362947834870364,0.33333333333333337,0.33333333333333337,0.33333333333333337,0.5,0.5,0.5,0.0,0.0,0.0,0.75,0.75,0.75
mp-961649,4.329555424235611,4.329555424235611,4.329555424235611,0.33333333333333337,0.33333333333333337,0.33333333333333337,0.5,0.5,0.5,0.25,0.25,0.25,0.0,0.0,0.0
mp-961657,4.222223685919305,4.222223685919305,4.222223685919305,0.33333333333333337,0.33333333333333337,0.33333333333333337,0.5,0.5,0.5,0.25,0.25,0.25,0.0,0.0,0.0
mp-961659,4.159446745885563,4.159446745885563,4.159446745885563,0.3333333333333333,0.3333333333333333,0.3333333333333333,0.5,0.5,0.5,0.0,0.0,0.0,0.75,0.75,0.75
mp-961660,3.97345927765719,3.97345927765719,3.97345927765719,0.33333333333333337,0.33333333333333337,0.33333333333333337,0.5,0.5,0.5,0.75,0.75,0.75,0.0,0.0,0.0
mp-961661,4.323474305917406,4.323474305917406,4.323474305917406,0.33333333333333337,0.33333333333333337,0.33333333333333337,0.5,0.5,0.5,0.0,0.0,0.0,0.75,0.75,0.75
mp-961673,4.135055285912001,4.135055245421946,4.13505516,0.33333333712978297,0.3333333389293024,0.33333364061181914,0.5,0.5,0.5,0.25,0.25,0.25,0.0,0.0,0.0
mp-961675,4.012174788140716,4.012174788140716,4.012174788140716,0.33333333333333337,0.33333333333333337,0.33333333333333337,0.5,0.5,0.5,0.25,0.25,0.25,0.0,0.0,0.0
mp-961678,4.259767759436051,4.259767450934781,4.25976698,0.33333326468660385,0.3333332782024199,0.33333325765717053,0.0,0.0,0.0,0.25,0.25,0.25,0.5,0.5,0.5
mp-961682,4.366780708872766,4.366778092957424,4.366782370000119,0.333332997801652,0.3333332638454986,0.3333329895396242,0.5,0.5,0.5,0.0,0.0,0.0,0.25,0.25,0.25
mp-961687,4.499140475511711,4.499140574311713,4.499140900000117,0.33333312633426176,0.33333327433035165,0.3333332806602551,0.5,0.5,0.5,0.0,0.0,0.0,0.25,0.25,0.25
mp-961693,4.57593309255278,4.57593309255278,4.57593309255278,0.33333333333333337,0.33333333333333337,0.33333333333333337,0.0,0.0,0.0,0.5,0.5,0.5,0.75,0.75,0.75
mp-22903,5.220098968885605,5.220098650704789,5.22009843,0.33333334075130544,0.33333335195302577,0.3333334194373247,0.0,0.0,0.0,0.5,0.5,0.5
mp-22909,5.595122771981207,5.595122926229127,6.330205940328379,0.6457090549147927,0.6457090507595242,0.4999999380214918,0.0,0.0,0.0,0.25,0.75,0.5,0.35762747,0.375,0.25,0.125,0.64237253,0.75,0.625,0.10762747,0.75,0.89237253,0.875,0.25
mp-22916,4.188253740398155,4.188253501572474,4.18825214,0.33333334919876506,0.33333335967819083,0.3333333404171442,0.0,0.0,0.0,0.5,0.5,0.5
mp-22937,4.641039373356753,4.641038927425848,8.586902642331058,0.5871028713869983,0.5871028672091163,0.49999997478920627,0.14249219,0.14249219,0.28498338,0.0,0.5,0.0,0.85750781,0.85750781,0.71501662,0.5,0.0,0.0,0.34807581,0.34807581,0.69614961,0.65192419,0.65192419,0.30385039,0.0,0.0,0.0
mp-22957,4.12962675,4.12962675,6.9766112,0.5,0.5,0.5,0.75,0.75,0.79949823,0.25,0.25,0.20050177,0.25,0.25,0.64490334,0.75,0.75,0.35509666,0.25,0.75,0.0,0.75,0.25,0.0
mp-22975,7.27294328979413,7.272944261123459,7.27294397,0.3333333404368978,0.3333333158928726,0.3333333461044955,0.25,0.25,0.25,0.75,0.75,0.75,0.0,0.0,0.0,0.24773198000000002,0.75226802,0.75226802,0.24773198000000002,0.75226802,0.24773198000000002,0.75226802,0.24773198000000002,0.75226802,0.75226802,0.24773198000000002,0.24773198000000002,0.75226802,0.75226802,0.24773198000000002,0.24773198000000002,0.24773198000000002,0.75226802
mp-22984,5.098418825390245,5.098418735688163,5.896273420794083,0.35834971289667256,0.35834965510699607,0.49356478303871604,0.62739534,0.37260466000000003,0.75,0.37260466000000003,0.62739534,0.25,0.88030854,0.11969146,0.25,0.11969146,0.88030854,0.75,0.86710654,0.70476788,0.24690503,0.29523212,0.13289346,0.25309497000000003,0.70476788,0.86710654,0.74690503,0.13289346,0.29523212,0.75309497
mp-23024,4.22392934,4.22392934,7.38159496,0.5,0.5,0.5,0.75,0.75,0.81510162,0.25,0.25,0.18489838,0.25,0.25,0.64895357,0.75,0.75,0.35104643,0.25,0.75,0.0,0.75,0.25,0.0
mp-23033,7.388981160575238,7.3889806676529775,7.388980805449994,0.16971360558420392,0.1697136454574054,0.1697136369282905,0.76959866,0.76959866,0.76959866,0.23040134,0.23040134,0.23040134,0.5,0.5,0.5,0.0,0.0,0.0
mp-23054,6.188547629222004,6.188547901397078,6.18854746519939,0.2990305723084164,0.29903062111545764,0.29903065673351537,0.13859933,0.13859933,0.13859933,0.86140067,0.86140067,0.86140067,0.34348896,0.34348896,0.34348896,0.65651104,0.65651104,0.65651104,0.057743699999999,0.7072016,0.461468899999999,0.7072016,0.461468899999999,0.057743699999999,0.461468899999999,0.057743699999999,0.7072016,0.942256299999999,0.2927984,0.538531099999999,0.538531099999999,0.942256299999999,0.2927984,0.2927984,0.538531099999999,0.942256299999999
mp-23056,7.671646721295647,7.671647299914642,7.67164717193967,0.16527860398871871,0.16527858347002491,0.16527857007025384,0.77262485,0.77262485,0.77262485,0.22737515,0.22737515,0.22737515,0.0,0.0,0.0,0.5,0.5,0.5
mp-23059,7.18588139003407,7.185881537592667,7.18588174,0.33333335373147444,0.33333334995771763,0.33333330389344334,0.25,0.25,0.25,0.75,0.75,0.75,0.0,0.0,0.0,0.24087845,0.75912155,0.75912155,0.24087845,0.75912155,0.24087845,0.75912155,0.24087845,0.75912155,0.75912155,0.24087845,0.24087845,0.75912155,0.75912155,0.24087845,0.24087845,0.24087845,0.75912155
mp-23167,3.83746738,3.83746738,3.83746738,0.5,0.5,0.5,0.0,0.0,0.0,0.5,0.5,0.5
mp-2319,2.94564109,5.09488199,5.90694818,0.5,0.5,0.5,0.5,0.33695504,0.87318119,0.5,0.66304496,0.12681881,0.0,0.16304496000000002,0.37318119,0.0,0.83695504,0.6268188100000001,0.5,0.5,0.5,0.0,0.0,0.0
mp-23197,4.23821433,4.23821433,4.23821433,0.5,0.5,0.5,0.0,0.0,0.0,0.5,0.5,0.5
mp-23209,4.9493893019342705,4.949389278848358,4.94939066,0.33333339670592754,0.3333333978142904,0.333333375641022,0.0,0.0,0.0,0.75,0.75,0.75,0.25,0.25,0.25
mp-23268,4.551867631415619,4.55186678662684,4.55186811,0.3333334024694904,0.33333343704302165,0.33333336836576544,0.0,0.0,0.0,0.5,0.5,0.5
mp-23295,4.6792185502376125,4.679218897781741,4.6792186000000004,0.3333333450287096,0.3333333313789157,0.3333333688091185,0.0,0.0,0.0,0.5,0.5,0.5
mp-23299,3.935970509999999,3.935970509999999,3.935970509999999,0.5,0.5,0.5,0.0,0.0,0.0,0.5,0.5,0.5
mp-23302,4.4433583,4.4433583,4.4433583,0.5,0.5,0.5,0.0,0.0,0.0,0.5,0.5,0.5
mp-23303,4.1260773,4.1260773,4.1260773,0.5,0.5,0.5,0.0,0.0,0.0,0.5,0.5,0.5
mp-23350,7.0531358257435,7.053135723559076,7.05313591,0.33333332873599375,0.3333333313985082,0.33333332923050124,0.25,0.25,0.25,0.75,0.75,0.75,0.0,0.0,0.0,0.23413952000000002,0.7658604800000001,0.7658604800000001,0.23413952000000002,0.7658604800000001,0.23413952000000002,0.7658604800000001,0.23413952000000002,0.7658604800000001,0.7658604800000001,0.23413952000000002,0.23413952000000002,0.7658604800000001,0.7658604800000001,0.23413952000000002,0.23413952000000002,0.23413952000000002,0.7658604800000001
mp-2340,6.13536778,6.135367728869397,4.42487033,0.5,0.5,0.6666666681982119,0.0,0.7000375600000001,0.5,0.29996244,0.29996244,0.5,0.7000375600000001,0.0,0.5,0.0,0.36572569,0.0,0.63427431,0.63427431,0.0,0.36572569,0.0,0.0,0.666667,0.333333,0.325554,0.666667,0.333333,0.674446,0.333333,0.666667,0.674446,0.333333,0.666667,0.325554,0.0,0.0,0.82767284,0.0,0.0,0.17232716
mp-23475,7.267220743514759,7.267221612490581,7.26722163,0.33333333263766457,0.33333331066266625,0.3333333253022911,0.25,0.25,0.25,0.75,0.75,0.75,0.0,0.0,0.0,0.24716231,0.75283769,0.75283769,0.24716231,0.75283769,0.24716231,0.75283769,0.24716231,0.75283769,0.75283769,0.24716231,0.24716231,0.75283769,0.75283769,0.24716231,0.24716231,0.24716231,0.75283769
mp-2352,3.878468227590648,3.8784677516620265,3.87846748,0.33333329882195684,0.33333332137323624,0.33333335724911267,0.75,0.75,0.75,0.25,0.25,0.25,0.0,0.0,0.0
mp-23710,2.992537,4.476694,4.476694,0.5,0.5,0.5,0.5,0.5,0.5,0.0,0.0,0.0,0.0,0.695572,0.695572,0.5,0.804427999999999,0.195572,0.0,0.304428,0.304428,0.5,0.195572,0.804427999999999
mp-23804,4.493706375057724,4.493706687645256,4.49370709,0.33333327557314585,0.33333326278944364,0.3333333463108227,0.25,0.25,0.25,0.75,0.75,0.75,0.0,0.0,0.0,0.24297403,0.75702597,0.75702597,0.24297403,0.75702597,0.24297403,0.75702597,0.24297403,0.75702597,0.75702597,0.24297403,0.24297403,0.75702597,0.75702597,0.24297403,0.24297403,0.24297403,0.75702597
mp-23860,4.1068944,4.1068944,6.9852223,0.5,0.5,0.5,0.75,0.75,0.79779703,0.25,0.25,0.20220297,0.25,0.75,0.0,0.75,0.25,0.0,0.25,0.25,0.64938668,0.75,0.75,0.35061332
mp-23870,3.3749106771142845,3.3749099386271038,3.37491,0.3333332210839619,0.3333332612973362,0.3333333079736627,0.0,0.0,0.0,0.5,0.5,0.5
mp-23949,4.52097295,4.52097295,4.52097295,0.5,0.5,0.5,0.0,0.0,0.0,0.5,0.5,0.5,0.5,0.0,0.5,0.5,0.5,0.0,0.0,0.5,0.5
mp-2400,4.4515464,4.451548038065359,10.17580278,0.5,0.5,0.6666665990412995,0.0,0.0,0.0,0.0,0.0,0.5,0.333333,0.666667,0.25,0.666667,0.333333,0.75,0.333333,0.666667,0.6441891200000001,0.666667,0.333333,0.14418912,0.666667,0.333333,0.35581088,0.333333,0.666667,0.85581088
mp-24007,4.47932481,6.9414789540414255,8.906931616001414,0.3999759291326776,0.5,0.5,0.75,0.71491341,0.036817960000000004,0.25,0.29342555,0.38163245,0.75,0.70657445,0.61836755,0.25,0.28508659000000003,0.9631820400000001,0.25,0.83640937,0.7925611300000001,0.75,0.16359063000000001,0.20743887,0.25,0.82444304,0.302498999999999,0.75,0.17555696,0.697500999999999,0.25,0.6898180700000001,0.83094973,0.75,0.31018193,0.16905027
mp-24066,4.182585368223104,4.182585368223104,10.079665,0.5,0.5,0.666666611148076,0.666667,0.333333,0.197223999999999,0.333333,0.666667,0.697224,0.0,0.0,0.8602500000000001,0.0,0.0,0.36025,0.333333,0.666667,0.010615999999999001,0.666667,0.333333,0.510616,0.0,0.0,0.26341000000000003,0.0,0.0,0.76341
mp-24292,5.373824535558409,5.373824535558409,5.373824535558409,0.33333333333333337,0.33333333333333337,0.33333333333333337,0.75,0.75,0.75,0.25,0.25,0.25,0.22592189000000001,0.77407811,0.77407811,0.22592189000000001,0.22592189000000001,0.77407811,0.22592189000000001,0.77407811,0.22592189000000001,0.77407811,0.22592189000000001,0.22592189000000001,0.77407811,0.77407811,0.22592189000000001,0.77407811,0.22592189000000001,0.77407811,0.0,0.0,0.0
mp-24423,4.23942733,4.23942733,7.28807182,0.5,0.5,0.5,0.5,0.0,0.8130420700000001,0.0,0.5,0.18695793,0.5,0.5,0.0,0.0,0.0,0.0,0.0,0.5,0.65286429,0.5,0.0,0.34713571
mp-2472,3.6540231413584405,3.65402336329188,3.65402447,0.3333332771693533,0.333333266007376,0.3333332702835687,0.5,0.5,0.5,0.0,0.0,0.0
mp-24721,4.248412398820262,4.248413091771151,4.24841186,0.33333334335920484,0.33333331338378547,0.33333334975930407,0.5,0.5,0.5,0.0,0.0,0.0
mp-2488,4.76599176,4.76599176,4.76599176,0.5,0.5,0.5,0.16476255,0.33523745,0.6647625500000001,0.33523745,0.6647625500000001,0.16476255,0.6647625500000001,0.16476255,0.33523745,0.83523745,0.83523745,0.83523745,0.87716635,0.62283365,0.37716635,0.62283365,0.37716635,0.87716635,0.37716635,0.87716635,0.62283365,0.12283365,0.12283365,0.12283365
mp-25305,3.796004,3.796004,11.853247149743735,0.5511897536573938,0.5511897536573938,0.5,0.666698,0.666698,0.333395999999999,0.333302,0.333302,0.666604,0.921493,0.921493,0.842986,0.078507,0.078507,0.157014,0.794752,0.794752,0.589504,0.20524799999999901,0.20524799999999901,0.41049599999999903,0.0,0.0,0.0,0.400804999999999,0.900805,0.80161,0.099194999999999,0.599194999999999,0.19839,0.900805,0.400804999999999,0.80161,0.599194999999999,0.099194999999999,0.19839
mp-2552,5.199941211356542,5.199941110023552,5.199942765676805,0.3142644796046024,0.3142644637026524,0.31426447368807275,0.0,0.0,0.0,0.5,0.5,0.5,0.88655248,0.61344752,0.25,0.25,0.88655248,0.61344752,0.61344752,0.25,0.88655248,0.11344752,0.38655248000000003,0.75,0.75,0.11344752,0.38655248000000003,0.38655248000000003,0.75,0.11344752
mp-2574,3.60016846,3.60016846,5.22515604,0.5,0.5,0.5,0.75,0.25,0.25,0.25,0.75,0.75,0.75,0.75,0.55177491,0.75,0.75,0.05177491,0.25,0.25,0.94822509,0.25,0.25,0.44822509
mp-2576,5.18214656,8.13943776,9.58536429,0.5,0.5,0.5,0.75,0.34844979,0.91990238,0.25,0.65154921,0.08009762000000001,0.75,0.84845079,0.58009762,0.25,0.15155021,0.41990238,0.25,0.01625452,0.8255513,0.75,0.9837454800000001,0.174448699999999,0.25,0.51625452,0.6744487,0.75,0.48374548,0.3255513,0.25,0.75345907,0.40078871,0.75,0.24654093,0.5992112900000001,0.25,0.25345907,0.09921129000000001,0.75,0.74654093,0.90078871
mp-2646,4.57251605,4.572517809525418,7.24475274,0.5,0.5,0.6666666774297503,0.0,0.0,0.0,0.333333,0.666667,0.36661552000000003,0.666667,0.333333,0.63338448,0.333333,0.666667,0.77187397,0.666667,0.333333,0.22812603
mp-2657,5.4695020599650075,5.4695053529548066,5.469505255712971,0.6360625587763098,0.5945469774869592,0.5945762487150839,0.49999808,0.74999291,0.749995499999999,0.50000282,0.25000408,0.25000151,6.000000000000001e-08,8.599999999999999e-07,0.50000086,5.1e-07,0.50000177,2.069999999999999e-06,0.30432081,0.30462506,0.5003027800000001,0.19524221,0.24958125,0.94566112,0.30432074000000003,0.80401809,0.00030275,0.80391957,0.24958075000000002,0.5543392500000001,0.19608004,0.75041822,0.44565963000000003,0.8047576,0.7504175,0.05433839,0.69567961,0.19598305,0.00030389,0.69567909,0.69537545,0.49969776
mp-2659,3.2000885589379395,3.200089102898329,4.840211758322798,0.42959529145059266,0.42959529501627747,0.3412474247113124,0.0,0.0,0.0,0.61541758,0.61541758,0.2591643,0.38458242,0.38458242,0.7408357,0.5,0.5,0.5
mp-267,4.04135573,5.33087547,6.43748384,0.5,0.5,0.5,0.0,0.21980959,0.36690785000000004,0.0,0.78019041,0.63309215,0.5,0.71980959,0.13309215,0.5,0.28019041,0.86690785,0.0,0.0,0.0,0.5,0.5,0.5
mp-2693,4.25739655313466,4.257397093927625,4.25739495,0.3333333364337211,0.3333333132961208,0.33333334311279056,0.0,0.0,0.0,0.5,0.5,0.5
mp-2695,3.24311781,5.96539362,6.7235011700000005,0.5,0.5,0.5,0.5,0.31814397,0.85849703,0.5,0.6818560300000001,0.14150297,0.0,0.18185603,0.35849703,0.0,0.81814397,0.64150297,0.5,0.5,0.5,0.0,0.0,0.0
mp-2697,3.544240736997717,3.54423991249775,4.1774988312896175,0.6394467526385115,0.6394467990897812,0.49999997559792864,0.0,0.0,0.0,0.38787763000000003,0.38787763000000003,0.77575525,0.61212237,0.61212237,0.22424475
mp-27193,4.519323495300368,4.5193244089398155,4.519323164597181,0.49842512026670366,0.4984250501347036,0.4984250862312237,0.48435705,0.48435705,0.48435705,0.0010502,0.0010502,0.0010502,0.39805833,0.96346741,0.96346741,0.96346741,0.96346741,0.39805833,0.96346741,0.39805833,0.96346741
mp-27300,7.400640238829647,7.349293435372102,8.496345100314821,0.34758072276598906,0.3565648223353515,0.33204783828495577,0.27228599000000003,0.22705965,0.22836737000000001,0.72771401,0.77294035,0.77163263,0.0,0.0,0.0,0.5,0.5,0.5,0.20032919,0.25282246,0.81872471,0.27187536,0.74717754,0.18127529,0.7996708100000001,0.74717754,0.18127529,0.72812464,0.25282246,0.81872471,0.7179641800000001,0.20603108,0.35803957000000003,0.28203582,0.79396892,0.64196043
mp-27303,5.955929332131508,6.108388857513631,6.735069021791848,0.6498163601195702,0.6457869514464242,0.5000000182812938,0.75,0.5,0.0,0.25,0.5,0.0,0.0,0.5,0.5,0.5,0.0,0.5,0.5,0.5,0.5,0.5,0.0,0.0,0.0,0.0,0.0,0.0,0.0,0.5,0.6103273,0.82056146,0.220653599999999,0.110327299999999,0.40009314,0.220653599999999,0.8896727,0.59990686,0.7793464,0.3896727,0.17943854,0.7793464
mp-27369,5.834404792252248,6.98791184,7.952852244545973,0.5,0.5882063298354829,0.5,0.32577898,0.25,0.7065398700000001,0.6742210200000001,0.75,0.29346013,0.06897391,0.25,0.11999824,0.93102609,0.75,0.88000176,0.67295693,0.25,0.12940101,0.32704307,0.75,0.8705989900000001,0.81374676,0.505046,0.67780041,0.18625424000000002,0.005046,0.32219959,0.81374676,0.994954,0.67780041,0.18625424000000002,0.494954,0.32219959
mp-27420,5.937322122577094,5.93732098372694,5.937321360056975,0.2930290450897034,0.29302910301931673,0.2930290316623484,0.5,0.5,0.5,0.0,0.0,0.0,0.38502092,0.76140576,0.08399142,0.08399142,0.38502092,0.76140576,0.76140576,0.08399142,0.38502092,0.61497908,0.23859424,0.9160085800000001,0.9160085800000001,0.61497908,0.23859424,0.23859424,0.9160085800000001,0.61497908
mp-27421,5.135086543881428,5.135086580916929,5.135086631220397,0.5379116774510044,0.5379116899391247,0.5379117488242227,0.5,0.5,0.5,0.0,0.0,0.0,0.20822993,0.92507423,0.3368489,0.92507423,0.3368489,0.20822993,0.6631511,0.79177007,0.07492577,0.07492577,0.6631511,0.79177007,0.79177007,0.07492577,0.6631511,0.3368489,0.20822993,0.92507423
mp-27562,3.0548730380787337,5.465136709627562,7.2688476674386395,0.6226762322481064,0.5673902011682181,0.5000000186006669,0.79847957,0.29847957,0.59695913,0.20152043,0.70152043,0.40304087,0.10697561,0.10697561,0.21395223,0.89302439,0.89302439,0.78604777,0.5,0.5,0.0,0.61609252,0.86933559,0.23218405,0.38390748,0.13066441,0.76781595,0.38390748,0.63715155,0.76781595,0.61609252,0.36284845,0.23218405
mp-2758,4.440220017995338,4.440221186960725,4.44022279,0.3333333952031598,0.3333333471008208,0.3333334407544855,0.0,0.0,0.0,0.5,0.5,0.5
mp-27678,3.8528797796837715,7.872439847635212,9.566590841407537,0.39264768735285704,0.43546015386860304,0.4213082891999041,0.13747457,0.01674559,0.7083042700000001,0.86252543,0.98325441,0.29169573,0.41131326,0.22681802,0.95055246,0.58868674,0.77318198,0.04944754,0.95244281,0.35851737,0.73659401,0.04755719,0.64148263,0.26340599,0.770834599999999,0.34049062,0.11784118,0.2291654,0.65950938,0.88215882,0.34077693000000003,0.81045057,0.50799656,0.65922307,0.18954943,0.49200344
mp-27791,4.59169906,4.591698512244895,8.92258475,0.5,0.5,0.6666666885897976,0.666667,0.333333,0.75,0.333333,0.666667,0.25,0.0,0.0,0.0,0.0,0.0,0.5,0.333333,0.666667,0.57116629,0.333333,0.666667,0.92883371,0.666667,0.333333,0.42883371000000003,0.666667,0.333333,0.07116629000000001,0.66509397,0.0,0.5,0.33490603,0.33490603,0.0,0.666667,0.333333,0.25,0.333333,0.666667,0.75,0.66509397,0.0,0.0,0.33490603,0.33490603,0.5,0.0,0.66509397,0.5,0.0,0.66509397,0.0
mp-27827,7.066030683651885,7.066030737205083,7.06603113,0.33333332337744215,0.3333333219846079,0.33333335764276545,0.75,0.75,0.75,0.25,0.25,0.25,0.0,0.0,0.0,0.23530081,0.76469919,0.76469919,0.23530081,0.76469919,0.23530081,0.76469919,0.23530081,0.76469919,0.76469919,0.23530081,0.23530081,0.76469919,0.76469919,0.23530081,0.23530081,0.23530081,0.76469919
mp-27829,7.124214873703938,7.124215234218263,7.12421416,0.3333333352478681,0.33333332594803794,0.33333335290083005,0.25,0.25,0.25,0.75,0.75,0.75,0.0,0.0,0.0,0.23976508,0.76023492,0.76023492,0.23976508,0.76023492,0.23976508,0.76023492,0.23976508,0.76023492,0.76023492,0.23976508,0.23976508,0.76023492,0.76023492,0.23976508,0.23976508,0.23976508,0.76023492
mp-27831,7.221559637146041,7.221559781472781,7.22156013,0.33333335016667964,0.33333334649381235,0.3333333307934285,0.75,0.75,0.75,0.25,0.25,0.25,0.0,0.0,0.0,0.2420814,0.7579186,0.7579186,0.2420814,0.7579186,0.2420814,0.7579186,0.2420814,0.7579186,0.7579186,0.2420814,0.2420814,0.7579186,0.7579186,0.2420814,0.2420814,0.2420814,0.7579186
mp-2784,5.1378101610424265,5.137808210013997,5.13780802,0.3333332685912228,0.3333333383783339,0.3333332671160697,0.25,0.25,0.25,0.75,0.75,0.75,0.0,0.0,0.0
