mp-13798,0.5509467685918547,0.6523740797753741,1.0,0.9965448480332424,0.7600104128453363,0.5263661286540482,0.5831302724759417,0.7457301779438307,0.856132843958458,0.5039644488103593,0.16286683534782317,0.33533962339064555,0.5758521802528727,0.4556566955309255,0.03535356431623637,0.0,0.0,0.06531910586720342,0.2576965299984769,0.29895085101671404,0.3249425120084588,0.37454346586856696,0.3928664669081874,0.46347631356351987,0.30015946579932484,0.2554224838854238,0.029105746057104115,0.0,0.0,0.0,0.0,0.0,0.0,0.0,0.0,0.0,0.0,0.0,0.0,0.0,0.0,0.0,0.0,0.0,0.0,0.0,0.0,0.0,0.0,0.0,0.0
mp-13800,0.08939028421573159,0.0,0.5239133690690366,1.0,0.9467402043775237,0.5734772220354678,0.4639381384633428,0.6088060121260417,0.6294347729361593,0.5194250509917102,0.32368922101163716,0.2221630873405086,0.09981700790652866,0.010890357745300514,0.0,0.11679487510784092,0.19126655992924432,0.11298012326203787,0.16344583891377673,0.21380144459781883,0.23409925214278862,0.21626386114385643,0.1648066454669856,0.09682635634245064,0.010472957684758862,0.0,0.03704747195538757,0.0,0.0,0.0,0.0,0.0,0.0,0.0,0.0,0.0,0.0,0.0,0.0,0.0,0.0,0.0,0.0,0.0,0.0,0.0,0.0,0.0,0.0,0.0,0.0
mp-13898,0.0,0.059536411600955165,0.37821332143132963,0.7314396261172622,1.0,0.672059155065249,0.5780838099325173,0.37311102178559796,0.6780841786730956,0.8067634163815385,0.6124520275367895,0.31529157068327446,0.1267493227200803,0.17133741201719002,0.054807511755975216,0.0,0.06019039085495486,0.18601468169622,0.21320371011851114,0.12347060042043982,0.16946820823484088,0.23728357988477594,0.3418388223646063,0.1994977978173937,0.15048294449373667,0.010392793255997726,0.0,0.01153301902639516,0.002962432866466212,0.0,0.0,0.0,0.0,0.0,0.0,0.0,0.0,0.0,0.0,0.0,0.0,0.0,0.0,0.0,0.0,0.0,0.0,0.0,0.0,0.0,0.0
mp-13907,0.0,0.28810984530858114,0.5866228311979114,0.8973637499231255,0.9510896581140093,1.0,0.9854851406019559,0.851577299800973,0.7088697369989309,0.7279420889756508,0.5340053663388381,0.7459356503680376,0.919833533914055,0.9834158960098408,0.7873526724683308,0.29730573384861025,0.06958487729876263,0.0,0.0,0.0,0.0,0.058077625264067075,0.28279650035998644,0.4368682003502136,0.29496046161492806,0.3369226834875967,0.48036814642264847,0.5516854478775571,0.5590050553928944,0.40941049202408974,0.37354502826225383,0.022434515432609367,0.0,0.0,0.0,3.119885595714383e-26,3.3883937601152994e-25,0.0,0.0,0.0,0.0,0.0,0.0,0.0,0.0,0.0,0.0,0.0,0.0,0.0,0.0
mp-13925,0.0,0.06239768712715099,0.4949172463579337,0.9214742466240424,1.0,0.790475294719968,0.519897120732403,0.44403051275024397,0.6377178580635764,0.7001932687739959,0.5222146723868373,0.25046903266935133,0.17584415298789546,0.1242353188511595,0.0,0.0,0.0,0.01587277246402369,0.317942510238625,0.45257709790667505,0.34836055050869325,0.10898435312811862,0.15579943612037098,0.20132987595330099,0.10025286864043761,0.0,0.0,0.010453691293840653,0.0,0.0,0.0,0.0,0.0,0.0,0.0,0.0,0.0,0.0,0.0,0.0,0.0,0.0,0.0,0.0,0.0,0.0,0.0,0.0,0.0,0.0,0.0
mp-13948,0.030111072405106982,0.1153848522750804,0.6847417205011133,1.0,0.7463943638236848,0.36438871365263503,0.11959820068186892,0.23966409175118783,0.15541660988889922,0.1645666156208572,0.25674276200552004,0.4473787306754967,0.35483941093230326,0.1686672118860902,0.0,0.0,0.0,0.0,0.0,0.0,0.0,0.020211029734954537,0.24359736873279741,0.38620149544534743,0.35740490560224514,0.13747379031069418,0.02320150875657511,0.028956417852328144,0.08427653126522022,0.09939474192907641,0.05352486939879167,0.0,0.0,3.73160287259216e-14,5.5292703321910864e-14,0.0,0.0,0.0,0.0,0.0,0.0,0.0,0.0,0.0,0.0,0.0,0.0,0.0,0.0,0.0,0.0
mp-13949,0.0,0.43025002569954807,0.9194550191949789,1.0,0.6007779469640163,0.3385955849503754,0.6012127829602936,0.676209341817261,0.49771606212132286,0.6436756037569382,0.6840908136675453,0.4952871447723436,0.059299507116332466,0.0,0.0,0.0,0.0,0.0,0.0,0.0,0.0,0.0,0.0,0.0,0.0,0.0,0.0,0.0,0.0,0.0,0.0,0.0,0.0,0.0,0.0,0.0,0.0,0.0,0.0,0.0,0.0,0.0,0.0,0.0,0.0,0.0,0.0,0.0,0.0,0.0,0.0
mp-13984,0.0,0.20916397761252625,0.4833443026414861,0.6435727081667804,0.7069105492948835,0.64115682138399,0.8494514562494077,0.5828242891402703,0.4359185337036698,0.09502011716831524,0.5448084276635238,0.6034882863427303,0.9645152197735413,0.8488360057396439,0.6640568698148361,0.6053897599729036,0.47875666985977094,0.29079875731352256,0.0036560598867265413,0.0,0.0,0.0,0.0,0.0,0.0,0.0,0.24026074105779208,0.7783978834123352,1.0,0.6923853518139094,0.3688513577682786,0.12423388682213256,0.1002390179185922,0.0,0.0,0.0,0.0,1.913776693062126e-34,1.1961352751585962e-34,0.0,0.0,0.0,0.0,0.0,0.0,0.0,0.0,0.0,0.0,0.0,0.0
mp-13992,0.0,0.4391893206520543,0.8602740184027161,1.0,0.7877172540090477,0.38303531423904247,0.2645353437052733,0.10989997041888325,0.0658254869017871,0.044166600528903394,0.0,0.0,0.2040027234577615,0.514437934839152,0.7419641899543361,0.6443626685438721,0.4778467514447297,0.1899315264181503,0.13522475695788166,0.15051744580674845,0.06685543061663206,0.0,0.0,0.008582464419240463,0.0,0.0,0.0,0.0,0.0,0.0,0.0,0.0,0.0,0.0,0.0,0.0,0.0,0.0,0.0,0.0,0.0,0.0,0.0,0.0,0.0,0.0,0.0,0.0,0.0,0.0,0.0
mp-14006,0.0,0.02123147100139642,0.19907300626078422,0.5137183212007057,0.7610972833645018,1.0,0.8114205417278072,0.41485085582538317,0.08185909259135603,0.03276891906215234,0.3613498996204186,0.4397518271530967,0.2684115629759911,0.10139019329671448,0.2298795601411662,0.6594020683099749,0.7353159713715215,0.514700991146234,0.23549191841329276,0.07905267778686512,0.0,0.0,0.18941884875826764,0.32396273747406834,0.27648236871465903,0.050881087880291345,0.0,0.1455366499857262,0.37979643841524247,0.5190156409659453,0.40125433230707896,0.22641703570230498,0.0,0.0003736325074136229,0.0,0.0,0.0,0.0,0.0,0.0,0.0,0.0,0.0,0.0,0.0,0.0,0.0,0.0,0.0,0.0,0.0
mp-14017,0.002181738260607732,0.3365134164610098,0.7591581197079217,0.986498293807756,1.0,0.8323381274264994,0.7610610522685238,0.5609219225203927,0.16288588352654287,0.0,0.0,0.0,0.0,0.0,0.0,0.0,0.0,0.0,0.0,0.0,0.0,0.0,0.0,0.0,0.0,0.0,0.0,0.0,0.0,0.0,0.0,0.0,0.0,0.0,0.0,0.0,0.0,0.0,0.0,0.0,0.0,0.0,0.0,0.0,0.0,0.0,0.0,0.0,0.0,0.0,0.0
mp-14036,0.015236808508035623,0.3438568962022569,0.8062271914661155,0.8690955031629455,0.5243051265626811,0.1656517078725723,0.0,0.1658267153968092,0.6345681817880542,1.0,0.7511632149206882,0.16820742169313063,0.19355355116576572,0.37675016249914683,0.2843223000760034,0.0,0.0,0.0,0.0,0.0,0.0,0.0,0.0,0.0,0.0,0.29787906169841377,0.5503532882290767,0.5903909989712282,0.24995959937063067,0.1058118801747018,0.0,0.0,0.0,0.0,0.0,0.0,0.0,0.0,0.0,0.0,0.0,0.0,0.0,0.0,0.0,0.0,0.0,0.0,0.0,0.0,0.0
mp-14039,0.051044113822468276,0.10971224573370451,0.3013027912834777,0.7982582475470921,1.0,0.8002190853747468,0.2633169946381061,0.13772072044423841,0.25338653779685544,0.576927488434602,0.7901447440773396,0.6718239363879653,0.46121935148692683,0.4306750708078409,0.34338649177232294,0.1474026425524617,0.0,0.0,0.0,0.0,0.0,0.0,0.0,0.0,0.0,0.20035465751995835,0.4670127281442289,0.6043066245255111,0.44267595068150456,0.15993092006268056,0.07128673164314306,0.0,0.0062213213109279,0.0,0.0,0.0,0.0,0.0,0.0,0.0,0.0,0.0,0.0,0.0,0.0,0.0,0.0,0.0,0.0,0.0,0.0
mp-14069,0.2563068877474836,0.4649669125673941,0.7035659920327981,0.8625216220861183,1.0,0.9023145357024993,0.5812202467588649,0.17913115148283565,0.2813132442272315,0.30457227263044234,0.3183437878136487,0.3436709474754361,0.3931965243551586,0.4927772056170796,0.3762475461600461,0.29476984255053945,0.3699680318686795,0.42066711408333607,0.29413962269722066,0.09360817685974333,0.15705129911563845,0.1819001749243369,0.12224887061376753,0.08148208494520885,0.11109824725135768,0.13647390817372423,0.031843430140901435,0.19571089749490245,0.4557873457028789,0.47459475960063446,0.25717612840022824,0.0,0.0,0.0,0.0,0.0,0.0,0.0,0.0,0.0,0.0,0.0,0.061124989489020426,0.40359108527442844,0.45622069470885057,0.4644067386841156,0.31749926987242155,0.4606658666565607,0.2314682483683484,0.0,0.05363156058610276
mp-14091,0.0,0.6235304976560224,0.8741827304772195,0.8421416863417391,0.4158561160747689,0.26949844824624525,0.4603837768888374,0.845483417955492,1.0,0.7421959981136222,0.3068259989611111,0.0926344473480818,0.0,0.0,0.0,0.024207254354740717,0.3757385181686274,0.7455106199870115,0.7339640302389919,0.28095096056350943,0.0,0.0,0.011749378226626092,0.0,0.0,0.0,0.0,0.0,0.0,0.0,0.0,0.0,0.0,0.0,0.0,0.0,0.0,0.0,0.0,0.0,0.0,0.0,0.0,0.0,0.0,0.0,0.0,0.0,0.0,0.0,0.0
mp-14092,0.0,0.598014102524812,0.9362225273477724,0.8184269494684281,0.400512941359119,0.42907656215513634,0.9856327342685034,1.0,0.5080035423625895,0.0,0.0,0.0,0.0,0.07755102402330391,0.43279135991097484,0.7001295005267051,0.5442871084588715,0.19602106104304406,0.0,0.0,0.0,0.0,0.0,0.0,0.0,0.0,0.0,0.0,0.0,0.0,0.0,0.0,0.0,0.0,0.0,0.0,0.0,0.0,0.0,0.0,0.0,0.0,0.0,0.0,0.0,0.0,0.0,0.0,0.0,0.0,0.0
mp-14115,0.0004870800840373406,0.00835563237106251,0.03509632705884041,0.0689434525335747,0.11742257525411068,0.1626493075459664,0.22244368335868822,0.36958824637391774,0.48651504828785974,0.500585735580198,0.4243731301172127,0.3643444054894928,0.3725381143623495,0.41318234061242537,0.45492189367713487,0.5424439153889207,0.44629991114669765,0.2523019951754769,0.007849217686917324,0.055661429605093765,0.27486458017640747,0.4921032527419277,0.5903190421718846,0.6965353553953616,1.0,0.9124007519485969,0.6358342612710228,0.28979249153295517,0.24661327599549598,0.14642860756329767,0.05004250996451444,0.0,0.0,0.0,0.0,3.98195081882209e-12,0.0,0.0,0.0,0.0,0.0,0.0,0.0,0.0,0.0,0.0,0.0,0.0,0.0,0.0,0.0
mp-14116,0.05885307947685059,0.0,0.19696879093658706,0.477577183787535,0.7501377725099106,0.6641113854812901,0.4601051095637402,0.30237691919833215,0.3097801214078164,0.40913893488481207,0.5247432490915912,0.5365965692243575,0.4636073817117601,0.3822526321941028,0.3234951783653185,0.34117814364965693,0.31477363478446824,0.1755752647372312,0.040037750691799295,0.0,0.0,0.02423293861462926,0.13623494794810417,0.3098080152932226,0.515099708433022,0.7682160432621031,1.0,0.915089941109177,0.5434248043186038,0.21031781091670215,0.14625720112321658,0.35205628156151614,0.41561801173012897,0.4981293585715747,0.4770465124020276,0.3318604410163697,0.08007905615692125,0.0,0.0,0.0,0.0,2.4917385426902644e-58,2.1440745524203788e-58,0.0,0.0,0.0,0.0,0.0,0.0,0.0,0.0
mp-1415,0.0032580608601964025,0.01098193546427827,0.05539594137320001,0.21022377132280634,0.5396573842005623,0.8870717309267645,0.9162823979290706,0.713956821347463,0.8781944069622722,1.0,0.8738869654383054,0.4265085000569766,0.2339650214383518,0.13672625154340498,0.00437160174321683,0.0,0.0,0.0,0.0,0.0,0.0,0.0,0.0,0.0,0.0,0.0,0.0,0.0,0.0,0.0,0.0,0.0,0.0,0.0,0.0,0.0,0.0,0.0,0.0,0.0,0.0,0.0,0.0,0.0,0.0,0.0,0.0,0.0,0.0,0.0,0.0
mp-14175,0.0,0.1389013567908649,0.4980416392032339,0.8481738572576663,0.9341738750351263,1.0,0.990190309350857,0.8971790158467324,0.3846335342960213,0.5241163518059333,0.47342983696173163,0.5411976446555079,0.35843718502158606,0.606163205453517,0.6450357694100086,0.4156009265001669,0.2836092086900106,0.013775058050411777,0.0,0.05662940627148331,0.25465271062698397,0.39515132071581993,0.3654356168620725,0.11548159520404341,0.02879044170903675,0.09577138842171169,0.5418842843279437,0.6199899666596385,0.4752726663842821,0.15971650700888615,0.1313603666863493,0.041028144255253904,0.0,0.0,0.0,0.0,0.0,0.0,0.0,0.0,0.0,0.0,0.0,0.2608939958765463,0.6285624371328047,0.6267033110218025,0.25158238934212446,0.0018322887914566806,0.0,0.010591872081983526,0.0
mp-14205,0.09932555685752562,0.002459206007771145,0.4076877597815278,0.8358030797100517,1.0,0.8805233588177462,0.7074534845320832,0.6670183174111386,0.5416433358225823,0.27444086390231204,0.18564744715247186,0.03994478213925434,0.12750808020496407,0.269873123976098,0.266894002923551,0.1046725623712411,0.02257027515585242,0.0,0.01952939416985764,0.0,0.0,0.0,0.0,0.0,0.0,0.0,0.0,0.0,0.0,0.0,0.0,0.0,0.0,0.0,0.0,0.0,0.0,0.0,0.0,0.0,0.0,0.0,0.0,0.0,0.0,0.0,0.0,0.0,0.0,0.0,0.0
mp-14206,0.08450901656517126,0.04286915367014126,0.5846616000982765,0.9759000770727106,1.0,0.9227745709106148,0.8102404751838004,0.6395261534630893,0.32031122514740507,0.23604586893954588,0.24585016624234468,0.23877034880817888,0.14579318418828016,0.06105844347920251,0.0,0.03202602243383975,0.0,0.0,0.0,0.0,0.0,0.0,0.0,0.0,0.0,0.0,0.0,0.0,0.0,0.0,0.0,0.0,0.0,0.0,0.0,0.0,0.0,0.0,0.0,0.0,0.0,0.0,0.0,0.0,0.0,0.0,0.0,0.0,0.0,0.0,0.0
mp-14285,0.0,0.0029659193484017324,0.011086728550168247,0.0267179259572114,0.05097560346444593,0.08223052283679701,0.12047924482753225,0.20609852310223922,0.3366814299373342,0.456307247906147,0.5589550804631653,0.5918829182742426,0.6635143451072363,0.8443954117078192,1.0,0.9671493491385499,0.7461002532101398,0.7883841093845829,0.9324068507792155,0.9847356317573499,0.6177145628479875,0.5463337926810847,0.5978336543186977,0.9773426936554139,0.7907037669196952,0.4049583506259185,0.0,0.0,9.570141820917161e-05,0.0015512804541090576,0.0,0.0,0.0,0.0,0.0,0.0,0.0,0.0,0.0,0.0,0.0,0.0,0.0,0.0,0.0,0.0,0.0,0.0,0.0,0.0,0.0
mp-14398,0.0,0.023705351614374655,0.02360957564462172,0.1056231888982361,0.30633134778116455,0.4387163758642081,0.4423920280492656,0.4741754250486115,0.6390589426034692,0.793611247222847,0.8578236771628812,0.7580665190085566,0.8986204317751322,0.8803495654626607,0.6140564134238649,0.143935603965314,0.0,0.3325697513334946,0.6306279205979909,0.928725636444166,0.8892044869285018,0.6862978373104578,0.26822078579024256,0.0,0.0,0.0,0.0,0.0,0.0,0.0,0.5637556686633903,1.0,0.866356070940589,0.09417318362261885,0.12884795791160486,0.49535095112797317,0.47652843242414267,0.17275804014311733,0.0,0.0,0.0,0.0,0.0,0.0,0.0,0.07807994857476497,0.4493887474320976,0.5357565215636599,0.3371824297813258,0.0,0.0
mp-14652,0.0,0.4925218000385603,0.9073793676892637,1.0,0.5914941868055634,0.35961579190001053,0.37022905353345104,0.32512045175946525,0.21188643127105283,0.257018339295642,0.1340750232332061,0.11972421775417785,0.0,0.0,0.0,0.0,0.06780384945555212,0.10810724764101362,0.26909762083327793,0.26365014728813563,0.10773033531326807,0.05908375574409866,0.0,0.0,0.1408917530961922,0.26853453064368366,0.2297922981335843,0.05867549028956657,0.0,0.0,0.0,0.0,0.0,0.0,0.0,0.0,0.0,0.0,0.0,0.0,0.0,0.0,0.0,0.0,0.0,0.0,0.0,0.0,0.0,0.0,0.0
mp-1479,2.4531820350582596e-05,0.0006284703977051005,0.0025715358095421193,0.005990860163278896,0.01109090973150471,0.018401212024183367,0.028528248934613108,0.04247612460572403,0.06202124097766164,0.09103116045376304,0.1600173943009011,0.2486568960657675,0.32831764385356793,0.3879848254458071,0.46215135208207964,0.4836924481891083,0.4343309603304909,0.33971616170501745,0.2852773838297385,0.2689480672090578,0.21834635602080582,0.2346167580222817,0.32295727313468664,0.37261437226771654,0.2916132869735216,0.1261158569332109,0.036829915159131456,0.0001295557907015884,0.0,0.0,0.0,0.0,0.0,0.047763523651654254,0.16541002036861271,0.4955102694556099,0.7881585858029455,0.7744043040590479,0.881546244589067,1.0,0.8556380534247308,0.42370021149012554,0.0,0.0,0.0,0.0,0.0,0.0,0.0,0.0,0.0
mp-1500,0.23000425136475447,0.0,0.28496112585064837,0.7591010230615275,1.0,0.786744483800254,0.12321497084208717,0.7107332948141922,0.9246248729703408,0.9404122407811732,0.45291370028504596,0.27222018393891684,0.177259856879785,0.016082429272004227,0.0,0.0,0.0,0.0,0.0,0.0,0.0,0.0,0.0,0.0,0.0,0.0,0.0,0.0,0.0,0.0,0.0,0.0,0.0,0.0,0.0,0.0,0.0,0.0,0.0,0.0,0.0,0.0,0.0,0.0,0.0,0.0,0.0,0.0,0.0,0.0,0.0
mp-15157,0.0,0.1482697427290431,0.642120137975568,1.0,0.9402603936970783,0.6671670005314627,0.5789921723281074,0.4797553187010727,0.4014203600168584,0.37128917101081765,0.33365446051660547,0.1872381438682612,0.11196147745054516,0.14666823789811947,0.21595279180805813,0.2775004805471124,0.21109942225318987,0.17089129127910324,0.18862822088359654,0.13534558046201234,0.13787453291692003,0.12451081158586623,0.13888158382435392,0.05528372395004115,0.0,0.013973925379211454,0.014148693617977385,0.0,0.0,0.0,0.0,0.0,0.0,0.0,0.0,0.0,0.0,0.0,0.0,0.0,0.0,0.0,0.0,0.0,0.0,0.0,0.0,0.0,0.0,0.0,0.0
mp-1519,0.1141918537745708,0.0,0.26485614039727967,0.7385972829395531,1.0,0.6336649045581692,0.23427138978253118,0.5750563201724135,0.9398720193444561,0.8698374464108176,0.33835571171572215,0.13436943968532544,0.03492370108472361,0.0,0.0,0.0,0.0,0.0,0.0,0.0,0.0,0.0,0.0,0.0,0.0,0.0,0.0,0.0,0.0,0.0,0.0,0.0,0.0,0.0,0.0,0.0,0.0,0.0,0.0,0.0,0.0,0.0,0.0,0.0,0.0,0.0,0.0,0.0,0.0,0.0,0.0
mp-1522,5.839004715925058e-06,0.0016549380552703984,0.006585399582290889,0.015149934325587587,0.027734936491544078,0.044936326315072155,0.06804564572387645,0.09946809539664479,0.1527775298770075,0.2257925565349244,0.30065624058761237,0.3406062316155037,0.412363123826331,0.4434384929693752,0.5275780020547256,0.5751991868432331,0.660006348176107,0.5522099270225728,0.6135976545980323,1.0,0.9921759304405933,0.790864386013602,0.4251195544550636,0.31797959793905195,0.14490084837071424,0.0,0.0,0.0,0.00033305258265447027,0.0,0.0,0.0,0.0,0.0,0.0,0.0,0.0,0.0,0.0,0.0,0.0,0.0,0.0,0.0,0.0,0.0,0.0,0.0,0.0,0.0,0.0
mp-15349,0.0,0.017540733132495056,0.03592808157212285,0.09513188768726266,0.24891539034268773,0.5024214581632259,0.5960247869635205,0.4809937176644282,0.4414888633946644,0.6168880065240987,0.6796832269254193,0.5495897299825745,0.428569155316459,0.4520002324630466,0.5645329709128806,0.769749104507192,0.8255262909029023,0.6746254724426809,0.5145753576048895,0.553470636978936,0.5640543861395761,0.5581574595227438,0.7109884154649962,0.8480921347101499,1.0,0.8821952695471522,0.7244873902791444,0.43255746617359564,0.2787788683461344,0.22303031938473333,0.07124121274953117,0.0,0.06503354468418382,0.14331014661388047,0.2401353711356995,0.26149787639440764,0.21163251120228257,0.040974795010740535,0.2618838059099527,0.6036279071340607,0.6971772484967371,0.3989146164582767,0.09295669943522648,0.03846265690251844,0.0055930855216481355,0.0,0.0,0.0,0.0,0.0,0.0
mp-1541,0.0,0.01505545177728688,0.022412149166975835,0.06321245869649866,0.20770254465262122,0.46074889106491845,0.6642633422251243,0.673966406301304,0.4922109186311405,0.49997823940027875,0.44532566611601826,0.267601188517479,0.01117743467098881,0.0,0.0,0.0,0.0,0.0,0.0,0.0,0.0,0.0,0.0,0.5098702192364014,1.0,0.8672348163173076,0.3736878463232981,0.20921454428182928,0.46480782377626273,0.33882928834463444,0.09283257907272872,0.0,0.0,0.0,0.0,3.9614676599298355e-24,1.4009060513465724e-23,0.0,0.0,0.0,0.0,0.0,0.0,0.0,0.0,0.0,0.0,0.0,0.0,0.0,0.0
mp-1550,0.0,0.006760822899153174,0.011075887845217226,0.02592641827318878,0.09816882209289983,0.2605794053547679,0.44902504667007265,0.49005154374239296,0.4244328041848068,0.24742399430776704,0.13464240938980324,0.055415956637526645,0.056570198600746344,0.09496837516312391,0.18750458077237744,0.23825627175395897,0.1747021399443919,0.07840120965127395,0.07443931197153544,0.223846920194485,0.7959814759986671,1.0,0.7689385756225747,0.15446890121413148,0.0,0.010899543954735972,0.0,0.0,0.000959346480785917,0.0,0.0,0.0,0.0,0.0,0.0,0.0,0.0,0.0,0.0,0.0,0.0,0.0,0.0,0.0,0.0,0.0,0.0,0.0,0.0,0.0,0.0
mp-15557,0.0,0.482836571389798,0.834927927388411,1.0,0.7628532893855403,0.41580033053924476,0.14073421634775393,0.0,0.030391312428895405,0.14482116961229885,0.2601998243951986,0.22197852984898472,0.023316077284617456,0.11788992919617261,0.31408670382564274,0.2000813389363035,0.0,0.0,0.0,0.0,0.0,0.0,0.0,0.0,0.0,0.0,0.0,0.0,0.0,0.0,0.0,0.0,0.0,0.0,0.0,0.0,0.0,0.0,0.0,0.0,0.0,0.0,0.0,0.0,0.0,0.0,0.0,0.0,0.0,0.0,0.0
mp-15649,0.0,0.019181419207575455,0.044840997534367474,0.11807417043133671,0.29801906114180005,0.5465482128769816,0.7473643528183506,0.8374273108457918,0.8358547076318316,0.7049248353956705,0.7536555737448356,0.847086854805744,1.0,0.9494165870425334,0.8238528593203376,0.609931134930878,0.228050071691981,0.009471608186376303,0.0,0.05744306837890451,0.0,0.0,0.0,0.0,0.0,0.0,0.0,0.0,0.0,0.0,0.0,0.0,0.0,0.0,0.0,0.0,0.0,0.0,0.0,0.0,0.0,0.0,0.0,0.0,0.0,0.0,0.0,0.0,0.0,0.0,0.0
mp-15684,0.0,0.07108889825504298,0.31491727239160333,0.677769846468357,0.9808995159590342,1.0,0.8354433649619962,0.511149591989439,0.35184018130598604,0.1816557315884169,0.11057544460352207,0.009760038224741693,0.036977436742723094,0.1707535703698466,0.17772244487478625,0.07836523845590128,0.0,0.0,0.0,0.0,0.0,0.0,0.0,0.0,0.0,0.0,0.0,0.0,0.0,0.0,0.0,0.0,0.0,0.0,0.0,0.0,0.0,0.0,0.0,0.0,0.0,0.0,0.0,0.0,0.0,0.0,0.0,0.0,0.0,0.0,0.0
mp-1569,2.8106751260136018e-05,0.00019627415173767158,0.0008262739346106834,0.0018752986008853873,0.003359452538998039,0.005358604848820206,0.008041430197366157,0.011327743909825261,0.015309255330623515,0.020220262753925154,0.026480282923366592,0.03401405730119387,0.04318972327463367,0.05424172683867666,0.06833642378181222,0.0855353216407789,0.10803933910162139,0.13761498814327505,0.16669509342486508,0.32817300373476516,0.4584936456348997,0.5343215408508805,0.5222032706688021,0.4375323048965333,0.3252406164293438,0.19307766917665417,0.25307244128047784,0.3010298867059365,0.3082141705655302,0.37333592613454564,0.45816264757341235,0.6357383829896888,0.7819794005555921,0.9087932474389545,1.0,0.9740319893714412,0.9124169576670375,0.7504399378231335,0.4943147214355371,0.2727434671993894,0.09158821148857571,0.043151062194688214,0.1515175780141106,0.24330448267670776,0.2577599184759947,0.22478114309134795,0.25552860074590666,0.21891050453463082,0.11941130000151537,0.015377304162734369,0.0
mp-15703,0.0,0.00040044995611314605,0.0011749758444657367,0.002768015860027992,0.004874622317322551,0.007694312242309656,0.011094726388488721,0.01521415796694077,0.020228956776631987,0.026283486354843347,0.03320578076837327,0.04139506252539327,0.050944772871541685,0.062180074006800805,0.07533232551292358,0.0907861527260392,0.1107955958266721,0.1397236453450838,0.1806387374102107,0.2119026925550682,0.22695539088878924,0.2227579709343819,0.2349750054227533,0.2749912595103218,0.3314541933866174,0.3725273379930743,0.3798837250369703,0.4091215120580796,0.4095764205431682,0.36793412133339803,0.3255967822609709,0.350332942063379,0.40552549164318735,0.4274657096976539,0.3957182949840032,0.35909924825509126,0.3292740758643478,0.3286956878167346,0.336336167168574,0.3382799273377218,0.37147560982835814,0.5993111850748062,0.8746290558244674,0.8408519429839925,0.6818244033011135,0.6025378434258479,0.7178893666809695,1.0,0.9460834291287702,0.7656563943835356,0.41422431237846435
mp-15704,0.0,0.0008471223309848888,0.0029423587766348046,0.006637024560253225,0.01202723761102684,0.01932846572080798,0.028575759369003452,0.04028366223443486,0.055169261837718225,0.0739947642858518,0.09749254341002749,0.13125645350837659,0.19748036534507712,0.2812449881514208,0.3061592643340303,0.29451732204274494,0.31297416918315996,0.3423588498783924,0.3594512458574621,0.39068337507962553,0.39673311993497723,0.4099432916447857,0.4357517205776801,0.44067632933487333,0.38821260634241406,0.3572155951958995,0.34235422434247303,0.3410596855052464,0.26559723070770425,0.2150240038353334,0.12842796308354412,0.3352226649174526,0.7755808420833129,0.983347696374931,1.0,0.6302931253340438,0.5707611447555218,0.6009864078242607,0.5255865424320868,0.49636939890613857,0.28426180582982563,0.3160593529046499,0.3410848426658512,0.6316827694175198,0.7145535586125236,0.534556353157058,0.25908170382008305,0.1479175755112773,0.18357018587102006,0.172507536078667,0.16108371397904325
mp-15724,0.20612620331624285,0.0,0.4119591893781632,1.0,0.9461528293595907,0.6882107018228525,0.538656523467,0.8978485537853457,0.8726380402349903,0.4462159667022634,0.07408587889224907,0.0,0.0,0.0,0.0,0.0,0.0,0.0,0.0,0.0,0.0,0.0,0.0,0.0,0.0,0.0,0.0,0.0,0.0,0.0,0.0,0.0,0.0,0.0,0.0,0.0,0.0,0.0,0.0,0.0,0.0,0.0,0.0,0.0,0.0,0.0,0.0,0.0,0.0,0.0,0.0
mp-15781,0.0,0.03352650966658516,0.15691025518719243,0.3670301542331453,0.6231249595280296,0.7572825705588364,0.738768932225005,0.31778910724686443,0.48887923512384107,0.8976225496074313,1.0,0.6049267289093326,0.1831489886458742,0.23607133743174336,0.15399621801238747,0.0,0.0,0.08960711343433335,0.0,0.0,0.0,0.0,0.0,0.0,0.0,0.0,0.0,0.0,0.0,0.0,0.0,0.0,0.0,0.0,0.0,0.0,0.0,0.0,0.0,0.0,0.0,0.0,0.0,0.0,0.0,0.0,0.0,0.0,0.0,0.0,0.0
mp-15788,0.04451464974778765,0.0,0.04636957980353242,0.20215654423233675,0.31356008430118404,0.3075578841829488,0.1999495142344219,0.2928132159241589,0.33474048642641124,0.43385558236246874,0.7774214126202966,1.0,0.940339148058927,0.47259370803850514,0.3483665871353116,0.20932961065249941,0.1381053346867529,0.08017340333292138,0.025796413041693816,0.0,0.0,0.0019154242102982567,0.0,0.0,0.0,0.0,0.0,0.0,0.0,0.0,0.0,0.0,0.0,0.0,0.0,0.0,0.0,0.0,0.0,0.0,0.0,0.0,0.0,0.0,0.0,0.0,0.0,0.0,0.0,0.0,0.0
mp-15794,0.042067917823373865,0.0,0.16174246606282316,0.3155786793203846,0.36026087183383093,0.40616739514436495,0.5287107933355595,0.7875262720825439,1.0,0.8338111907043521,0.5200019566595621,0.2596643028018371,0.20882929558220248,0.15692056069273969,0.06904665742998287,0.014090365186543904,0.0,0.0,0.00051222312045986,0.0,0.0,0.0,0.0,0.0,0.0,0.0,0.0,0.0,0.0,0.0,0.0,0.0,0.0,0.0,0.0,0.0,0.0,0.0,0.0,0.0,0.0,0.0,0.0,0.0,0.0,0.0,0.0,0.0,0.0,0.0,0.0
mp-15896,0.0,0.03180888918427546,0.44269814213394876,0.7964473021419278,0.8417195090880288,0.4265251850381483,0.3241041311637543,0.3645270353644575,0.4937653730133122,0.8158246137321735,1.0,0.8566907828517727,0.2915633466891056,0.0,0.04808060924932281,0.15514578144506283,0.1575139355974661,0.06387298415212601,0.1394035864675324,0.15377453468801583,0.2653277779321825,0.1942043676052872,0.14958145557449987,0.018474800811071435,0.0,0.024545386762825198,0.0,0.0,0.0,0.0,0.0,0.0,0.0,0.0,0.0,0.0,0.0,0.0,0.0,0.0,0.0,0.0,0.0,0.0,0.0,0.0,0.0,0.0,0.0,0.0,0.0
mp-1591,0.0,0.0019844579892936533,0.007376790770828139,0.01707321512733159,0.03248555563522844,0.056290193295599596,0.09698573164387196,0.17155869207844188,0.2758538817455282,0.43376753460609163,0.7086730414581782,0.799702539090481,0.7691618338237022,0.804297577612508,0.7710148711168407,0.6702725644678232,0.5390853337393672,0.65347310583546,0.7792812615177711,0.6531991253310755,0.3985428260523902,0.3692524710626483,0.5395229999831651,0.6379624663982596,0.5465751490383667,0.41834264228023776,0.44142043695888694,0.36468105176405985,0.23931707502425295,0.32371013989164615,0.2947129121305492,0.18950693986137154,0.0,0.04283948571809481,0.2177058798116992,0.5251265955507514,0.8172238432040793,0.959090397385699,1.0,0.6108319149551763,0.48615343345981876,0.21851050102683897,0.1973431253326477,0.1101197822110866,0.02295319903165791,0.0,0.0,0.0,0.0,0.0,0.0
mp-15951,0.0,0.05839963602351378,0.40528605676592677,0.7709685253216122,0.8578618654742028,0.6600297122627327,0.6529469165013823,0.596800925716975,0.6393317609592162,0.6715082608700523,0.6968606880737586,0.6851007645008335,0.6131293544596027,0.5692473506453506,0.82149417131819,0.8311981518349377,0.7383864699598619,0.5810839760278849,0.768223081263804,0.5679932723809712,0.24396133842393125,0.2022681593402407,0.29767246726314345,0.19889234720224874,0.14384730356940154,0.22136955784522575,0.27247515940536843,0.1624249641010354,0.026497175893554503,0.17525525141010923,0.2707708189620452,0.24385621454616754,0.09388874434442608,0.0311499193507023,0.017343944050436207,0.0,0.25923356791320223,0.9461934591445063,0.9697626636248641,0.8889342630325001,0.4543165138693785,1.0,0.7861814594461911,0.5372706193755957,0.47745388583477055,0.39212841185218117,0.3545958579005587,0.25176487505549083,0.14622110060512097,0.029915377423175453,0.0
mp-15954,0.0,0.014648033902303284,0.03267453216391813,0.08027689563954953,0.22134678472854982,0.3860335703001149,0.5393007180977294,0.6646768799773293,0.7555673939183847,0.6825546457415348,0.6078184122948092,0.695794882332866,0.9657708986804342,1.0,0.7754326380832345,0.42581331075847556,0.13750078728182363,0.0,0.0,0.0,0.0,0.0,0.0,0.0,0.0,0.0,0.0,0.0,0.0,0.0,0.0,0.0,0.0,0.0,0.0,0.0,0.0,0.0,0.0,0.0,0.0,0.0,0.0,0.0,0.0,0.0,0.0,0.0,0.0,0.0,0.0
mp-15988,0.04322622193795343,0.0,0.2379196015450397,0.512276589343627,0.5476023393635097,0.7124735037751786,1.0,0.8666487343629652,0.39766853120247514,0.0,0.0,0.4054452260150878,0.5278014122555148,0.6658808254729511,0.3426348432122334,0.21877242283500928,0.01405138864723478,0.13169495953330948,0.603957446456054,0.815908766523914,0.5411897804485186,0.11746258930278727,0.0,0.0,0.039615062586371444,0.0,0.0,0.0,0.0,0.0,0.0,0.0,0.0,0.0,0.0,0.0,0.0,0.0,0.0,0.0,0.0,0.0,0.0,0.0,0.0,0.0,0.0,0.0,0.0,0.0,0.0
mp-15999,0.0,0.30957989873845865,0.775373027747587,0.822845658376509,0.46978281885153234,0.17051835541857058,0.4614022570709721,0.49607840253848523,0.5316210752939834,0.5468686298301859,0.411001120545738,0.3229559756280112,0.5494429787273684,0.8656867367819824,0.9065060858047548,0.8863774818806692,0.8647259410825091,1.0,0.941868946605478,0.8505658416381872,0.5141849955917772,0.2505153879268426,0.05359979987347211,0.0,0.0,0.0014051987300699278,0.00226230144160074,0.0,0.0,0.0,0.0,0.0,0.0,0.0,0.0,0.0,0.0,0.0,0.0,0.0,0.0,0.0,0.0,0.0,0.0,0.0,0.0,0.0,0.0,0.0,0.0
mp-160,0.0,0.0004399268809064883,0.001413933586022046,0.0033229065750962064,0.0059493472113614915,0.00954626103631977,0.014294936678668095,0.020442576369640725,0.028084479204721662,0.03809664049023308,0.046926647889772605,0.07918953310630598,0.13771289342777493,0.17194706033412016,0.17389066272500867,0.14792971522424164,0.207877094213007,0.254446175353634,0.2968874547531233,0.31003574692642205,0.31850384637048507,0.259193150628997,0.1950540239906387,0.1086702067572663,0.0558031328869671,0.0,0.049470899579951794,0.39764619549870683,0.7297317356410163,0.9543092695254246,0.7861562748413817,0.6275554991701263,0.4359144956897223,0.40324312247497396,0.4455485142726571,0.46083337877828306,0.557545000463212,0.6109410661696786,0.5509381717986696,0.652602495800425,0.8694870075538178,1.0,0.9610842193106603,0.7097371676733183,0.5288658931939906,0.49072317213950845,0.4644698522810247,0.34731949086978225,0.138226117379639,0.0,0.0
mp-16236,0.0,0.3756719550876117,0.6078638940247879,0.5574753834917603,0.43426635149082454,0.6024594434353558,1.0,0.9137736953970677,0.4448982317134239,0.025223077010844506,0.0,0.0,0.0,0.0,0.0,0.0,0.0,0.0,0.0,0.0,0.0,0.0,0.0,0.0,0.0,0.0,0.0,0.0,0.0,0.0,0.0,0.0,0.0,0.0,0.0,0.0,0.0,0.0,0.0,0.0,0.0,0.0,0.0,0.0,0.0,0.0,0.0,0.0,0.0,0.0,0.0
mp-16264,0.09149515891581887,0.0,0.14833505646313316,0.5314647715730022,0.9853341435757922,0.8845469147196959,0.8671506037150927,0.9446196112826519,1.0,0.5401468995464319,0.13984406926545762,0.0,0.1933568257894599,0.4199467684987128,0.3962197411679472,0.09658663366262953,0.0,0.6424833586540485,0.8662899691510852,0.6216654409786997,0.0,0.0,0.07951305877285848,0.0,0.0,0.0,0.0,0.0,0.0,0.0,0.0,0.0,0.0,0.0,0.0,0.0,0.0,0.0,0.0,0.0,0.0,0.0,0.0,0.0,0.0,0.0,0.0,0.0,0.0,0.0,0.0
mp-16337,0.0,0.6235946606680312,1.0,0.9010729815293879,0.4636259348994651,0.6254899782699787,0.7644631665868123,0.6166409469853976,0.2555237706043377,0.4932029242767685,0.7371276813084603,0.46602579278844475,0.04129007336752174,0.0,0.0,0.0,0.0,0.0,0.0,0.0,0.0,0.0,0.0,0.0,0.0,0.0,0.0,0.0,0.0,0.0,0.0,0.0,0.0,0.0,0.0,0.0,0.0,0.0,0.0,0.0,0.0,0.0,0.0,0.0,0.0,0.0,0.0,0.0,0.0,0.0,0.0
mp-1639,1.9082503358964175e-05,0.0001172957286136026,0.0005108804563055034,0.0011629762618172099,0.002042071526633259,0.0030764924467902555,0.004557003011504154,0.006415612480655208,0.00854002472914087,0.010989459598475887,0.013766775226456114,0.01692552249773794,0.020366692833513316,0.024354854681419357,0.029329838506206518,0.03482058425550201,0.0411376825431988,0.048639989476519596,0.05717234151995787,0.06626578227760824,0.07818116436750042,0.09143896141627185,0.10863442035245681,0.139873653679072,0.17412645885735192,0.1992838163776999,0.20978875913375178,0.2145598197151937,0.22200004224805125,0.2294904221794275,0.23706623135768817,0.24464179734051994,0.2522426952047665,0.2623541894201864,0.25932977251437994,0.23830069586933264,0.20741496203927653,0.1844162490269289,0.175562597592874,0.1760255353066978,0.1791674078402124,0.17161332346875682,0.1463907245545555,0.20127080949190337,0.26306657304985254,0.2809164048492915,0.3731935183777715,0.4826847473843919,0.6262884855385393,0.8914153955244757,1.0
mp-16577,0.021997502745687948,0.0016326759303772096,0.16757537516997817,0.37973972853547744,0.49473388595112383,0.5284274199933523,0.5427161762073678,0.5355370961893351,0.49038719165072236,0.6260112005603014,0.8883226059903692,0.8826077354027984,0.6260963861892892,0.4915649207496722,0.7179876093224962,0.7635364173068294,0.8398278209358445,0.8366341375624126,0.9549347271917323,1.0,0.8973339616974875,0.7670860322029183,0.7243908522663095,0.6280349770288474,0.4922383687429366,0.2648464332897458,0.0624215237501584,0.09217866579556078,0.16959030228791122,0.16252778952750638,0.052061512895928495,0.0,0.0,0.0,1.22992672275391e-14,0.0,0.0,0.0,0.0,0.0,0.0,0.0,0.0,0.0,0.0,0.0,0.0,0.0,0.0,0.0,0.0
mp-1672,0.0,0.005383526391410093,0.01839370104877926,0.0444834046842055,0.08888246248783715,0.1995768506244534,0.36242110426889146,0.6012008716421297,0.5342967466829242,0.4848067497485898,0.5982102098827624,1.0,0.9683754764172651,0.6240351980861476,0.2067422924895518,0.09566681494392235,0.08702497738916705,0.03903108027665811,0.0049869739952272734,0.0,0.0,0.0,0.0,0.0,0.0,0.0,0.0,0.0,0.0,0.0,0.0,0.0,0.0,0.0,0.0,0.0,0.0,0.0,0.0,0.0,0.0,0.0,0.0,0.0,0.0,0.0,0.0,0.0,0.0,0.0,0.0
mp-16742,0.0,0.33156548945054215,0.8254085717003226,1.0,0.672495547981473,0.993616676476708,0.9982531939125026,0.7090849382111906,0.1184867106132621,0.24350860949212771,0.4992856524317206,0.5324553723703926,0.2804480001571357,0.17751687542347333,0.04419469944794617,0.0,0.0008966406519388145,0.0,0.0,0.0,0.0,0.0,0.0,0.0,0.0,0.0,0.0,0.0,0.0,0.0,0.0,0.0,0.0,0.0,0.0,0.0,0.0,0.0,0.0,0.0,0.0,0.0,0.0,0.0,0.0,0.0,0.0,0.0,0.0,0.0,0.0
mp-16763,0.0,0.12620483211620498,0.3430420955425321,0.6006877022567041,0.7703997557699076,1.0,0.9879938772001238,0.7210456738482477,0.42597842111739437,0.15875534517256396,0.07632716959192648,0.0,0.0,0.0,0.0,0.0,0.0,0.0,0.0,0.0,0.0,0.0,0.0,0.0,0.0,0.0,0.0,0.0,0.0,0.0,0.0,0.0,0.0,0.0,0.0,0.0,0.0,0.0,0.0,0.0,0.0,0.0,0.0,0.0,0.0,0.0,0.0,0.0,0.0,0.0,0.0
mp-1700,0.0,0.000773195184155588,0.002888882984011925,0.0064473800875032156,0.011520221273962631,0.01844849095205272,0.027738149224874005,0.03992338076650703,0.055638479958698105,0.07532410564359918,0.11475702946475909,0.16492503715253012,0.20827656483033796,0.23369777333487987,0.24958975783607174,0.27876456966141533,0.28349677556783914,0.24803365268912084,0.19416135832257034,0.17357808693485938,0.15148464868873518,0.11108346130736436,0.07291698012815073,0.07021346455458195,0.15738833967976643,0.22141603743707317,0.2109685902364313,0.1246182187983555,0.037221956919817195,0.010075354917355154,0.0,0.016215745600181578,0.7059983680592203,1.0,0.7154007675238742,0.15722962382834657,0.18357919457888977,0.2890424408398134,0.16682977758947082,0.09976606452754477,0.08717002536703744,0.0720535309318791,0.05834492634510138,0.038649386533103416,0.017274002743241323,0.002113640767875783,0.0,0.0,0.0,0.0,0.0
mp-1747,0.0,0.1762258642144737,0.39803250160680625,0.6178607986994766,0.8164483867493288,1.0,0.8085433108968223,0.35280249931002666,0.0,0.0,0.0,0.0,0.0,0.0,0.0,0.0,0.0,0.0,0.0,0.0,0.0,0.0,0.0,0.0,0.0,0.0,0.0,0.0,0.0,0.0,0.0,0.0,0.0,0.0,0.0,0.0,0.0,0.0,0.0,0.0,0.0,0.0,0.0,0.0,0.0,0.0,0.0,0.0,0.0,0.0,0.0
mp-1778,2.1087006139012923e-07,0.0003641484239151023,0.0014018391659003442,0.0031165543396619263,0.005419360695105988,0.008522005725944932,0.012388995618658688,0.017234027559194794,0.022978870632660152,0.029980539344076036,0.03830957828678962,0.048255364504380706,0.059977931317208674,0.07401828848286252,0.09169132094165607,0.12477467858830299,0.16245294383168818,0.19077985550047213,0.20272358438140897,0.20702622062499226,0.21435302453093366,0.22130070979603375,0.22950259166149367,0.23650985279133516,0.22533754313646043,0.1987251050323838,0.1698532449834482,0.16327133111907882,0.16014629491132304,0.14085240314411104,0.13054962720528054,0.1903329666352413,0.21112136215996596,0.22789139148711773,0.5748564823930551,0.9756369068112218,1.0,0.4525759572946801,0.07675756739723412,0.0,0.022837692823889894,0.08473406153519339,0.13597427942999782,0.1573797881673452,0.1609203285470176,0.15831078564799544,0.14041985112001137,0.11602090796923821,0.09903480064301858,0.08836437019353993,0.07773397985317267
mp-1784,0.0,0.329763531652404,0.8426974336719745,1.0,0.4151837422835533,0.5059129959361607,0.7142643005759042,0.7921629222254994,0.3977844863137066,0.086158289536968,0.24863715273208692,0.1730861725977115,0.053564843357821454,0.0,0.045143901251706434,0.0,0.0,0.0,0.0,0.0,0.0,0.0,0.0,0.0,0.0,0.0,0.0,0.0,0.0,0.0,0.0,0.0,0.0,0.0,0.0,0.0,0.0,0.0,0.0,0.0,0.0,0.0,0.0,0.0,0.0,0.0,0.0,0.0,0.0,0.0,0.0
mp-1794,6.697951530940865e-05,0.000778554063680454,0.0037499740107808832,0.008333660785794098,0.014059422477271637,0.02544742352933966,0.05319137862646424,0.10304503577108233,0.1644201813018114,0.23039385642050944,0.30782804458403534,0.5222882857815638,0.8315644774886125,1.0,0.9295970631465433,0.744078036616908,0.6879351377711397,0.6847283505546955,0.6705147418268531,0.6484112705988931,0.6169664783827303,0.6209742794262086,0.6751770389976396,0.6780076838418365,0.6126005839556509,0.4720687720040005,0.3767315838375879,0.30857726715819384,0.26347553434685345,0.2432415431740826,0.24307254755724522,0.2697734915805148,0.30540275339392436,0.3373289903008169,0.36800782674653354,0.33442564236132266,0.25691717666831887,0.17984947169844492,0.1527854457829455,0.15700440756567965,0.1560299491428308,0.15622302292783533,0.15697123884871111,0.15902529269346777,0.16147108693433884,0.16454194675161168,0.17162550341088392,0.17215829049086517,0.1439952768819661,0.07966458013201476,0.019875356611371738
mp-181,0.054247229339963336,0.0,0.2926290831758059,0.7477302253986522,1.0,0.8534376258811117,0.6123982864201202,0.40757239776936494,0.36753754749749556,0.27209467341815574,0.32360273264287653,0.1830494550569076,0.21990066926456103,0.1454589619848711,0.10766864143536811,0.04459263904894002,0.0,0.05459072177444054,0.0,0.0,0.0,0.0,0.0,0.0,0.0,0.0,0.0,0.0,0.0,0.0,0.0,0.0,0.0,0.0,0.0,0.0,0.0,0.0,0.0,0.0,0.0,0.0,0.0,0.0,0.0,0.0,0.0,0.0,0.0,0.0,0.0
mp-1960,4.4647397613712315e-05,0.0011562063416638993,0.004693422530897575,0.01064465306894668,0.019425938513734857,0.031009058613223145,0.04621317712717535,0.06570651984604876,0.0904436471448327,0.12206284423755609,0.14673345663255036,0.2543643448223224,0.45681334678645164,0.6591704459659531,0.7241519747204773,0.5687048221178531,0.4327337855758065,0.399860305699091,0.532193930323119,0.7405273680809745,0.881196704518482,1.0,0.9564852345277268,0.7818250570703309,0.5664851049807852,0.4029913127289902,0.41581588693646726,0.4639360661059944,0.5487756682280894,0.574249338803795,0.4741740627610524,0.35412531276761655,0.302035795412636,0.34825467777917507,0.35832278999224315,0.2693947413918436,0.14095449168175664,0.02686935825794179,0.0,0.0,0.0,0.0,0.0,1.2278855315433464e-76,0.0,0.0,0.0,0.0,0.0,0.0,0.0
mp-1968,0.10085716692966633,0.0,0.18403342717534368,0.50989524705798,0.878412616599327,1.0,0.8295449486061076,0.6577177129799496,0.5029669947967319,0.7818269856027712,0.935875100720634,0.9127071089951834,0.6064644855293869,0.2712230084229822,0.21110864421303924,0.42393945187771287,0.7620407223218358,0.7601618326729889,0.4728201610429336,0.4922893734577948,0.4577221391837251,0.3090993417697852,0.0,0.13504526859817398,0.3538476311633582,0.5817254316601076,0.5084013952977535,0.22992339195862316,0.04262936224803822,0.0,0.0,0.0,9.92159553035059e-09,0.0,0.0,0.0,0.0,0.0,0.0,0.0,0.0,0.0,0.0,0.0,0.0,0.0,0.0,0.0,0.0,0.0,0.0
mp-19734,0.04955403146216715,0.021405554021844245,0.40951583100087463,0.5720923815974429,0.694585927028124,0.8644520069640093,0.9795598243413001,1.0,0.9286808498707111,0.9474248177633683,0.9683469428515261,0.9340116830861073,0.6605458572835397,0.265875028915145,0.0,0.0,0.22513733676618686,0.6221220725661644,0.7068001989427801,0.32879267118603045,0.1108345510002027,0.23147399616759132,0.3927521652649466,0.5217618160112139,0.5990395140557249,0.4455327247745665,0.4592543650073508,0.39474575342015383,0.4653361534605504,0.19099355609868268,0.0,0.0,0.0,0.0,6.985084260660723e-17,0.0,0.0,0.0,0.0,0.0,0.0,0.0,0.0,0.0,0.0,0.0,0.0,0.0,0.0,0.0,0.0
mp-19765,0.0,0.7785141138483107,1.0,0.6902249624916524,0.28988054634452226,0.5130098319706643,0.6300731704998191,0.8613601834946325,0.6506956841345645,0.4707276560464528,0.12611772992011097,0.0,0.0,0.0,0.0,0.0,0.0,0.0,0.0,0.0,0.0,0.0,0.0,0.0,0.0,0.0,0.0,0.0,0.0,0.0,0.0,0.0,0.0,0.0,0.0,0.0,0.0,0.0,0.0,0.0,0.0,0.0,0.0,0.0,0.0,0.0,0.0,0.0,0.0,0.0,0.0
mp-19795,0.0,0.11489914616910941,0.5988825517700405,0.9908262027132441,1.0,0.45021932942596876,0.27371984928014526,0.20580297443616505,0.24196511543630653,0.25082377753917795,0.37061160794147213,0.5859878073907019,0.715013495812655,0.6562463741089718,0.7846926544269479,0.5380380012161186,0.2992415146309397,0.0024000159241733886,0.0,0.07070615748012059,0.0,0.0,0.0,0.0,0.0,0.0,0.0,0.0,0.0,0.0,0.0,0.0,0.0,0.0,0.0,0.0,0.0,0.0,0.0,0.0,0.0,0.0,0.0,0.0,0.0,0.0,0.0,0.0,0.0,0.0,0.0
mp-19799,0.0,0.17992400717250234,0.4875233299982647,0.8493491922163493,1.0,0.7949531793794861,0.5776237358103101,0.47871220304273693,0.5312408956862359,0.4345439425573122,0.5339510949563101,0.649011921107129,0.5236015135351705,0.17292364563668272,0.0,0.0,0.0,0.0,0.0,0.06754115022609727,0.2223964023105975,0.27402606985970224,0.3197571136237284,0.32919849245623267,0.504592681095893,0.4534186964269683,0.24347094429435537,0.0,0.0,0.0,0.0,0.0,0.0,0.0,0.0,0.0,0.0,0.0,0.0,0.0,0.0,0.0,0.0,0.0,0.0,0.0,0.0,0.0,0.0,0.0,0.0
mp-19833,0.0,0.5666013934366017,1.0,0.9452774950488092,0.3846383365621139,0.37938138038054753,0.46338687539792695,0.3380481284738605,0.02803993195346994,0.0,0.2760479459907765,0.49376661798061383,0.5227124663830087,0.40332008903320876,0.582900038608688,0.9332360162668961,0.6544793525455262,0.22505441935251128,0.0,0.0,0.05966389501002569,0.0,0.0,0.0,0.0,0.0,0.0,0.0,0.0,0.0,0.0,0.0,0.0,0.0,0.0,0.0,0.0,0.0,0.0,0.0,0.0,0.0,0.0,0.0,0.0,0.0,0.0,0.0,0.0,0.0,0.0
mp-19851,0.0,0.4236586911868673,0.837399243624517,1.0,0.9671162397314371,0.9591115951023699,0.7925098964257093,0.677215388743526,0.5497900778331155,0.32187693048986055,0.13437298063243466,0.0,0.0,0.0,0.0,0.0,0.0,0.0,0.0,0.0,0.0,0.0,0.0,0.0,0.0,0.0,0.0,0.0,0.0,0.0,0.0,0.0,0.0,0.0,0.0,0.0,0.0,0.0,0.0,0.0,0.0,0.0,0.0,0.0,0.0,0.0,0.0,0.0,0.0,0.0,0.0
mp-20015,0.07839201210313446,0.0,0.47395914079917073,0.9407680638176787,0.9683425472468722,0.5581851370709104,0.41726513795398734,0.3902155353935371,0.38623937105097783,0.2567588631047399,0.26112533714835057,0.570479909476838,0.6423282333374742,0.7116417433245399,0.5580705181300468,0.7204944639039957,0.6346106811759856,0.43786254743116726,0.38101790827131055,0.5236231531898723,0.5108670912752283,0.2697781780559349,0.11297062231678386,0.22971939408831374,0.5354930326522239,0.5039184115490978,0.5522383996464438,0.6461565615595202,0.6792687845913757,0.7559443468032976,0.6241424985383208,0.47887420667479863,0.4099103183278558,0.418735253738658,0.8605663113063422,1.0,0.7542318455459661,0.17033000487273112,0.0,0.0,0.0,0.0,0.0,2.280207600654743e-77,0.0,0.0,0.0,0.0,0.0,0.0,0.0
mp-20027,0.0,0.0018346033665498516,0.007260433074828592,0.017002445103912873,0.031907331229107355,0.053145988701832285,0.07585911048554479,0.14888240637930716,0.2696007507889275,0.39031436034505057,0.433814704111011,0.47707292174756066,0.5988675723743768,0.7629502759063517,0.8899888353958338,0.9063296460801689,0.8048558048851657,0.696530341393685,0.5713935102906715,0.5583178254792782,0.8495925431369963,0.9149443683976625,1.0,0.8650808247942011,0.66057870689154,0.3145475263215402,0.0,0.0,0.0,4.057998324520461e-06,3.6101458152189786e-06,0.0,0.0,0.0,0.0,0.0,0.0,0.0,0.0,0.0,0.0,0.0,0.0,0.0,0.0,0.0,0.0,0.0,0.0,0.0,0.0
mp-20072,0.0,0.10565441692444076,0.345437516283737,0.7592232610761,1.0,0.9788716820897654,0.7159192030431373,0.475432779030398,0.4273599421382807,0.5048905949627561,0.38258236403210527,0.18838506840886254,0.19589670583479887,0.46519073977086745,0.8798909726136899,0.8537650366011574,0.5536750381669899,0.1469089406501305,0.0,0.0491928502284386,0.2806219456152033,0.33045204185573157,0.21861083318420535,0.00723820877591843,0.0,0.0,0.0,0.0,0.0,0.16131288813980585,0.33635060000036654,0.5697693427678444,0.5057845162931719,0.3196531352789518,0.12233400901171707,0.030744574989915306,0.00850285748463929,0.0,0.0,0.0,0.0,2.857583971820109e-64,1.5431293542156484e-63,0.0,0.0,0.0,0.0,0.0,0.0,0.0,0.0
mp-2008,0.0,0.0076024341446455255,0.020970367155549736,0.037307035799223814,0.13789200769476986,0.37309318911285283,0.5558262021188721,0.6982398646803853,0.7828081795431023,0.9002353275079285,0.8209120453798543,0.9157272430707922,1.0,0.8639852759631078,0.9355364122336414,0.9263917858232048,0.9976699151017577,0.5398033596643212,0.164500418195606,0.0,0.0,0.0032056214471377353,0.00699470243778072,0.0,0.0,0.0,0.0,0.0,0.0,0.0,0.0,0.0,0.0,0.0,0.0,0.0,0.0,0.0,0.0,0.0,0.0,0.0,0.0,0.0,0.0,0.0,0.0,0.0,0.0,0.0,0.0
mp-20098,0.02868223380237373,0.10005872238885556,0.48310314209995375,0.843807657282498,1.0,0.8794088736733559,0.764948725993159,0.7547418420807769,0.7385440255939636,0.6866822352545899,0.5325268843858117,0.39607490844041143,0.3343628368938804,0.22521259447073172,0.3252977976617682,0.299983770793373,0.16140732176106973,0.0,0.0,0.0,0.016416569322813046,0.11972215078044061,0.14936685611105702,0.27948931679882527,0.2870830366093712,0.26521113582084777,0.14121899571920424,0.12613922424383245,0.12372140568722136,0.05818858107155827,0.108239842412467,0.20464789442057746,0.18101189136699858,0.04593687802802667,0.0,0.0598658469185702,0.0,0.0,0.0,0.0,0.0,0.0,0.0,0.0,0.0,0.0,0.0,0.0,0.0,0.0,0.0
mp-20187,0.0,0.2321903332658237,0.7312124060382021,1.0,0.8493586223253836,0.47894704116795267,0.14878085015653342,0.21343180609401663,0.08278930934777727,0.736659093942679,0.9217480419064706,0.7529773645415689,0.20870924417183112,0.0,0.0,0.11354987769429907,0.6778141458654389,0.8763606266709457,0.5880378430464591,0.0,0.0,0.03152188455116517,0.0,0.0,0.0,0.0,0.0,0.0,0.0,0.0,0.0,0.0,0.0,0.0,0.0,0.0,0.0,0.0,0.0,0.0,0.0,0.0,0.0,0.0,0.0,0.0,0.0,0.0,0.0,0.0,0.0
mp-20210,0.024670518767254568,0.14181319369050652,0.601794860504221,1.0,0.9536582929277513,0.6239548690831416,0.25785224876764085,0.2218071068040965,0.17492713195824236,0.08468465944797865,0.0,0.0,0.0,0.01848935314235525,0.10028722438298879,0.18066713492333347,0.19587428862702252,0.13154156232259503,0.14193367939894447,0.2181189336810434,0.29915860049032195,0.22314622379065152,0.2428857264602266,0.28231605012248423,0.32424456113453665,0.24191851168532472,0.10596762129660728,0.03801801251915932,0.0,0.0,0.0,1.945549940319813e-08,0.0,0.0,0.0,0.0,0.0,0.0,0.0,0.0,0.0,0.0,0.0,0.0,0.0,0.0,0.0,0.0,0.0,0.0,0.0
mp-20256,0.0,0.1801935386056002,0.5250980991767769,0.8932073113186683,1.0,0.8803140973394017,0.8573113416675125,0.5942139215284851,0.5777351293825538,0.3973498608657552,0.43662934424373956,0.3518132979595254,0.5470206334660282,0.440525882845186,0.24265604802053833,0.0,0.0,0.0,0.0,0.0,0.0,0.0,0.0,0.0,0.0,0.0,0.0,0.0,0.0,0.0,0.0,0.0,0.0,0.0,0.0,0.0,0.0,0.0,0.0,0.0,0.0,0.0,0.0,0.0,0.0,0.0,0.0,0.0,0.0,0.0,0.0
mp-20282,0.0,0.558220480419119,0.8684110580585803,1.0,0.845004050018887,0.7813687710873672,0.6140787976787468,0.4262196670358,0.37940156341597037,0.3087349927186233,0.24124542318610168,0.10060324648812648,0.09756373802802322,0.13075335453576764,0.12892102596994773,0.07640632387876403,0.01865216122571652,0.053404416269058994,0.16359856167832482,0.1677278587758378,0.08243975362739751,0.0,0.0,0.01131451912323092,0.0,0.0,0.0,0.0,0.0,0.0,0.0,0.0,0.0,0.0,0.0,0.0,0.0,0.0,0.0,0.0,0.0,0.0,0.0,0.0,0.0,0.0,0.0,0.0,0.0,0.0,0.0
mp-20329,0.0,0.10847227092230494,0.6741358703287693,1.0,0.9262596607138449,0.4468811022777424,0.6513152885778813,0.5701300680322808,0.4438575546740386,0.2963359870315707,0.2844528956286188,0.32977250039125755,0.29180629469103686,0.1496922726413119,0.0,0.0170442839386212,0.24095862812405552,0.43567581227716806,0.5235947312040473,0.6962344875752152,0.6948313646299186,0.5953942627624972,0.46291219000045586,0.29720268104038006,0.1839467979966714,0.18414129656658074,0.3901498338490813,0.4728894279687968,0.36284789498211767,0.3253771074160931,0.21717919652391696,0.06946238659751443,0.015942473501753616,0.0,0.0,0.0,0.0,3.143252177595083e-35,2.706861084877801e-35,0.0,0.0,0.0,0.0,0.0,0.0,0.0,0.0,0.0,0.0,0.0,0.0
mp-20351,0.12307233321845586,0.0,0.29951662797832845,0.6747847158233415,0.6392914535617938,0.25501745962482175,0.15424341474683884,0.2868879240699155,0.2727207276228163,0.10829821894538236,0.0,0.0,0.0,0.0,0.4039016320785595,0.9077984859409077,1.0,0.47205382309839833,0.07629462463922251,0.0,0.01068831827274361,0.0,0.0,0.0,0.0,0.0,0.0,0.0,0.0,0.0,0.0,0.0,0.0,0.0,0.0,0.0,0.0,0.0,0.0,0.0,0.0,0.0,0.0,0.0,0.0,0.0,0.0,0.0,0.0,0.0,0.0
mp-20352,0.17978346260887554,0.0,0.25729381904665166,0.7610939989958049,1.0,0.8461287511203835,0.6341705814868263,0.678138361322371,0.6216917262575182,0.44711134050278706,0.4284493412525731,0.6226080490926966,0.6090757413245071,0.3894839144543624,0.14160921925840275,0.13830813845464968,0.17872160150314428,0.1961964701594367,0.14937771087579624,0.10398528615056545,0.02118166539445541,0.02886689885027428,0.044302957230523965,0.048349546589067115,0.08937638940858987,0.2918802585537801,0.3521317039575504,0.23559248703230842,0.025726352504580264,0.08276913212404241,0.21407998428748654,0.2030650826972438,0.08776381527924877,0.0,0.0,0.0,6.23068200247016e-28,3.3817075778625684e-27,0.0,0.0,0.0,0.0,0.0,0.0,0.0,0.0,0.0,0.0,0.0,0.0,0.0
mp-20463,0.022642918106015295,0.3331628079356546,0.7424097792825339,0.8600399800088319,0.8996544752532131,0.6816105565075348,0.6160013682023001,0.8656738935063945,1.0,0.8641169356987836,0.3113684009039714,0.21769263150451912,0.5230271626675496,0.48809326335599446,0.20838597233649933,0.0,0.0,0.0,0.0,0.0,0.09230364318063541,0.2946196120497911,0.2511466421579775,0.4298601723226257,0.4054042061639294,0.3757682709091877,0.23568072861870532,0.23373501594231308,0.4040668650561882,0.1971174727639017,0.0,0.06394121488998347,0.0,0.0,0.0,0.0,0.0,0.0,0.0,0.0,0.0,0.0,0.0,0.0,0.0,0.0,0.0,0.0,0.0,0.0,0.0
mp-20620,0.06817224825946087,0.03480093599588895,0.0,0.5263379581388715,0.9370766124648475,1.0,0.7494443164964668,0.5389569930153844,0.5036245877885573,0.44735864071391673,0.61155177818181,0.6500348918495266,0.5653713350652978,0.2607068350686867,0.20889728633247645,0.24477646413870274,0.48859531883630164,0.46416235439645426,0.1836022217143103,0.27378878921477245,0.29952065752421847,0.25154997935485096,0.01991118199242357,0.004920904538902339,0.12090263542061105,0.20478359372198487,0.18964684861726608,0.1905034948672356,0.333461396467749,0.32036423547635523,0.1791072310137584,0.0,0.0,0.0,0.014451871761702194,0.13038718378854386,0.155001811976478,0.11308293818036631,0.11630919733732958,0.16117342403225127,0.11457921292523852,0.0,0.0026516234548398386,0.013123978937557571,0.0,0.0,0.0,0.0,0.0,0.0,0.0
mp-2072,0.0,0.675939094893561,1.0,0.9314092955561345,0.7808101358093438,0.9425578474304642,0.8870256970405305,0.5837970012675556,0.24586421541744163,0.203061496695679,0.006507322141798694,0.0,0.0,0.0,0.0,0.0,0.0,0.0,0.0,0.0,0.0,0.0,0.0,0.0,0.0,0.0,0.0,0.0,0.0,0.0,0.0,0.0,0.0,0.0,0.0,0.0,0.0,0.0,0.0,0.0,0.0,0.0,0.0,0.0,0.0,0.0,0.0,0.0,0.0,0.0,0.0
mp-20731,0.0,0.6063754850672769,1.0,0.9870642129751541,0.4626672638325203,0.12239265041557629,0.333480566365187,0.6515774750129515,0.731722249527584,0.8962194300177024,0.9059121998591684,0.5544499467938401,0.01665135515743475,0.0,0.0,0.0,0.0,0.0,0.0,0.0,0.0,0.0,0.0,0.0,0.0,0.0,0.0,0.0,0.0,0.0,0.0,0.0,0.0,0.0,0.0,0.0,0.0,0.0,0.0,0.0,0.0,0.0,0.0,0.0,0.0,0.0,0.0,0.0,0.0,0.0,0.0
mp-2074,0.0825104545212768,0.0,0.19840374584320353,0.4695260777995651,0.6361751029719627,0.4472557164296643,0.08592265592535286,0.29237619506798895,0.5130033440501365,0.6028754419779865,0.35272671057505595,0.1585756892837136,0.07457203713278673,0.0,0.0,0.5032127123383893,0.7771848439221983,1.0,0.6371000363139568,0.5578830858509239,0.3157117624349055,0.11486438149742517,0.0067604982992300056,0.0,0.015408304747516059,0.0,0.0,0.0,0.0,0.0,0.0,0.0,0.0,0.0,0.0,0.0,0.0,0.0,0.0,0.0,0.0,0.0,0.0,0.0,0.0,0.0,0.0,0.0,0.0,0.0,0.0
mp-20782,0.0,0.6180327107116619,1.0,0.9107590904903341,0.4358873575584957,0.27273757971883666,0.06486082094742474,0.5818963862684503,0.7098246315687736,0.6593074462417997,0.1726707694427345,0.0,0.0,0.0,0.07555199215310371,0.6042462301923706,0.7430799916766646,0.4761127303111866,0.0,0.0,0.0,0.0,0.0,0.0,0.0,0.0,0.0,0.0,0.0,0.0,0.0,0.0,0.0,0.0,0.0,0.0,0.0,0.0,0.0,0.0,0.0,0.0,0.0,0.0,0.0,0.0,0.0,0.0,0.0,0.0,0.0
mp-20790,0.134627900707632,0.0,0.5207474755450994,1.0,0.9357804935748745,0.5441430659223678,0.27119265725950226,0.7016941536897245,0.6492237936108074,0.45730900789031625,0.08858659140300319,0.14299018330549113,0.25880487640945843,0.24467283296023395,0.3366918242198559,0.8014443781998678,0.7167031031873248,0.39922167642686635,0.0,0.17015743879448048,0.25506810962769644,0.19657330736662976,0.00375335640005562,0.0,0.01715012441862029,0.13167510899713036,0.30858655586916023,0.5502325914688128,0.44443048421525777,0.3001843176965156,0.009664142328260824,0.0,0.0,1.666865962044145e-14,1.9037013058599612e-14,0.0,0.0,0.0,0.0,0.0,0.0,0.0,0.0,0.0,0.0,0.0,0.0,0.0,0.0,0.0,0.0
mp-20817,0.0,0.01676191446042401,0.047112984836055166,0.13464752293438859,0.3744479015076748,0.5297835470577522,0.6692225338082964,0.5249790919471714,0.3542364151475122,0.3062874521955723,0.5615032706682854,1.0,0.908321714411486,0.5557171800335517,0.10358533366812137,0.0,0.015172509888055049,0.0,0.0,0.0,0.0,0.0,0.0,0.0,0.0,0.0,0.0,0.0,0.0,0.0,0.0,0.0,0.0,0.0,0.0,0.0,0.0,0.0,0.0,0.0,0.0,0.0,0.0,0.0,0.0,0.0,0.0,0.0,0.0,0.0,0.0
mp-21374,0.0,0.6579589624452488,1.0,0.8405368892303943,0.40775357107597776,0.24975546534675966,0.5531520667170244,0.9860475889380927,0.9307348091738773,0.5074433398485039,0.026353094186493453,0.0,0.0,0.0,0.0,0.0,0.0,0.0,0.0,0.0,0.0,0.0,0.0,0.0,0.0,0.0,0.0,0.0,0.0,0.0,0.0,0.0,0.0,0.0,0.0,0.0,0.0,0.0,0.0,0.0,0.0,0.0,0.0,0.0,0.0,0.0,0.0,0.0,0.0,0.0,0.0
mp-2150,0.03695382578885707,0.3626526538098346,0.7013832602167728,0.8187927063515155,1.0,0.8690844566067171,0.41732389806836134,0.17975223869196888,0.19825888944748782,0.21384379395608638,0.0,0.0,0.0,0.0,0.0,0.0,0.0,0.0,0.0,0.0,0.0,0.0,0.0,0.0,0.0,0.0,0.0,0.0,0.0,0.0,0.0,0.0,0.0,0.0,0.0,0.0,0.0,0.0,0.0,0.0,0.0,0.0,0.0,0.0,0.0,0.0,0.0,0.0,0.0,0.0,0.0
mp-21510,0.05865673947619301,0.010384620260721815,0.3066658949999631,0.7549958309042526,1.0,0.9709439379477093,0.758565699251899,0.6608942633015082,0.6830831699637396,0.6748527791924892,0.45543521116178703,0.1170750312013473,0.0,0.0,0.0,0.0,0.0,0.0,0.0,0.0,0.0,0.0,0.0,0.0,0.0,0.0,0.0,0.0,0.0,0.0,0.0,0.0,0.0,0.0,0.0,0.0,0.0,0.0,0.0,0.0,0.0,0.0,0.0,0.0,0.0,0.0,0.0,0.0,0.0,0.0,0.0
mp-21511,0.06034704519951836,0.0,0.2631948370234626,0.7215067877225064,0.9911427180081798,1.0,0.8200877963829565,0.6169757380944731,0.5107998157264986,0.3974534307185093,0.5009091120527761,0.5829876230911124,0.6714606585866889,0.5372294416670708,0.25466779241880183,0.017906507515979168,0.0,0.0699403492986477,0.0,0.0,0.0,0.0,0.0,0.0,0.0,0.0,0.0,0.0,0.0,0.0,0.0,0.0,0.0,0.0,0.0,0.0,0.0,0.0,0.0,0.0,0.0,0.0,0.0,0.0,0.0,0.0,0.0,0.0,0.0,0.0,0.0
mp-2172,0.01606303803881224,0.0,0.034014877745608296,0.23236876547736668,0.4746783755085986,0.5922090007252399,0.41435028623320974,0.1467318973253938,0.1805196478705825,0.2781225921721227,0.25404956077892865,0.09679521624042299,0.0,0.0,0.0,0.1015788501576362,0.6908661282765859,1.0,0.8089262678114478,0.14317764256779497,0.025390894281906367,0.0,0.003857258645146962,0.007770098860515357,0.0,0.0,0.0,0.0,0.0,0.0,0.0,0.0,0.0,0.0,0.0,0.0,0.0,0.0,0.0,0.0,0.0,0.0,0.0,0.0,0.0,0.0,0.0,0.0,0.0,0.0,0.0
mp-22261,0.0,0.32758287087555477,0.6545953195626216,0.6569889235121577,0.347794495324657,0.16057467278557894,0.2540050247601604,0.6957550193313246,1.0,0.8444171659327222,0.30565024193152057,0.0,0.0,0.0,0.0,0.0,0.0,0.0,0.0,0.0,0.0,0.0,0.0,0.0,0.0,0.0,0.0,0.0,0.0,0.0,0.0,0.0,0.0,0.0,0.0,0.0,0.0,0.0,0.0,0.0,0.0,0.0,0.0,0.0,0.0,0.0,0.0,0.0,0.0,0.0,0.0
mp-223,0.08913259400612374,0.0,0.24798561791019288,0.5833733460835054,0.7070741595807523,0.7683262695505032,0.6615935593209938,0.6814231864931759,0.6112801216709598,0.750589339575024,0.7611948766457675,0.6756312662346992,0.6321949161833699,0.7462668820474981,1.0,0.8824540037427833,0.4754740391133888,0.05178332695907782,0.0,0.0,0.0,0.14562640394282414,0.29673147372835434,0.45172424710440506,0.3341444695541715,0.35197168980445953,0.4387079168987564,0.7989345039854294,0.8170025051519028,0.5142003052779284,0.09868228994545215,0.0,0.0,0.0,0.0,0.0,0.0,0.0,0.0,0.1757733266099598,0.7545777474464163,0.8577650982285449,0.45183544420845073,0.0,0.43258675554254755,0.8313534352628666,0.7472605047104416,0.21781345291440196,0.0,0.0,0.0
mp-22304,0.0,0.3022743277410313,0.7793732866778964,0.9732743705623722,0.6095537254021676,0.150234886410297,0.11432387452567018,0.3812641906632319,0.6423421891428364,1.0,0.9329579961398312,0.5762813038706107,0.018126302004311045,0.0,0.0,0.0,0.0,0.0,0.0,0.0,0.0,0.0,0.0,0.0,0.0,0.0,0.0,0.0,0.0,0.0,0.0,0.0,0.0,0.0,0.0,0.0,0.0,0.0,0.0,0.0,0.0,0.0,0.0,0.0,0.0,0.0,0.0,0.0,0.0,0.0,0.0
mp-22323,0.0,0.027178952446441446,0.058845082958817456,0.24874793768174847,0.6646667598804158,0.984733079123028,1.0,0.7715741035455961,0.6105417115433007,0.6303832091063506,0.717024766366831,0.6470344541728714,0.5747370805713481,0.5820026274812773,0.6850011470719342,0.6170262349409624,0.5886186405279001,0.4737698907806322,0.40091619716979454,0.3472812266941609,0.6401462432082174,0.6278543119365237,0.6276508670398077,0.5275701717297465,0.6924159646886676,0.594695167287758,0.3954912057229446,0.2777606171954647,0.7418453077277184,0.8012236605735986,0.45448926014828495,0.0,0.0,0.0,1.3314465038116022e-17,8.346159071150756e-18,0.0,0.0,0.0,0.0,0.0,0.0,0.0,0.0,0.0,0.0,0.0,0.0,0.0,0.0,0.0
mp-22450,0.0,0.041321866836258735,0.2636254680655454,0.47618383194596225,0.6011607364852732,0.6819590584084821,0.9179482190217568,1.0,0.9386986406723298,0.7673618407689548,0.7669250675872988,0.6992525956229909,0.7402293681999897,0.7231698690297891,0.7852749971815967,0.8650806392959413,0.8359340403299388,0.8317930358768159,0.686946757433725,0.653265767985539,0.4897815510263275,0.47059406928182684,0.44380803512302947,0.6314764138994997,0.6747164208735543,0.4798388652565583,0.23995886095557054,0.034143530378044254,0.10995936032610103,0.12111985561167712,0.17824782678642603,0.22624590863372115,0.18256799216638778,0.08933097575626617,0.0,0.0,0.0,0.0,1.1773127566550446e-40,1.7347041252431818e-40,0.0,0.0,0.0,0.0,0.0,0.0,0.0,0.0,0.0,0.0,0.0
mp-2251,0.00374896778299166,0.01095738264791529,0.03200952200474029,0.06776638130160918,0.11360651601387588,0.2025639951244793,0.3941540018082392,0.5600477862620911,0.74176944324367,0.7753357580338475,0.6432008240358577,0.5680947139763467,0.5021928292731755,0.538270737959518,0.644800881523459,0.7718906148043723,0.8358148655601738,0.711131095727466,0.7762108055344594,1.0,0.9663693487426821,0.6778018188862367,0.4466382995104327,0.38800467245401293,0.6064192849802597,0.6895038292852668,0.5128661287586385,0.32677739133619405,0.2355840627403141,0.35762823657438303,0.5487146367156989,0.7054203151223956,0.7184894667935957,0.7470288829178269,0.7787031609167859,0.5724712809895293,0.24159886749075346,0.0,0.0,0.043451537274740756,0.0,0.0,0.0,0.0,0.0,0.0,0.0,0.0,0.0,0.0,0.0
mp-22583,0.0,0.5755976096031317,0.8110135993495161,0.8685399966026103,0.9392718212213349,1.0,0.9781298792183439,0.5634980453369011,0.3523179627775803,0.3966883170214984,0.7547462857392085,0.5999507239590961,0.4035941525147914,0.30808222868960644,0.552623488642771,0.5177723996980116,0.22742484583909983,0.0,0.1954986123375579,0.33551644809760567,0.2446301233193382,0.16806276167135983,0.14211416016926282,0.1225796024601871,0.09502542577770838,0.13648145612151502,0.16679924874216479,0.19385930805326967,0.3255349739720966,0.5602502017106036,0.39024258843969795,0.14722262633821573,0.0,0.0,0.0,0.0,4.406125223934712e-19,0.0,0.0,0.0,0.0,0.0,0.0,0.0,0.0,0.0,0.0,0.0,0.0,0.0,0.0
mp-22660,0.0,0.11442752075495023,0.6812616600243941,1.0,0.9403112080362507,0.46879096539273823,0.6679214559782591,0.5711685171120411,0.4565453332926339,0.2996688677139318,0.2892623753305575,0.33518651951431383,0.2950611215696744,0.15162604285047804,0.0,0.015215228010754494,0.24447408285862798,0.4392813538514293,0.5255994327491929,0.7008146094662476,0.7200874165084267,0.5984781802442866,0.46717097665529217,0.3112699807789745,0.18521614005008877,0.19805900654188668,0.39354527654974797,0.4758601391108431,0.3677629251158444,0.3285558990182232,0.2201416615822447,0.07112684178346776,0.016292584645753366,0.0,0.0,0.0,0.0,5.649780827021815e-35,4.865482264505139e-35,0.0,0.0,0.0,0.0,0.0,0.0,0.0,0.0,0.0,0.0,0.0,0.0
mp-2286,0.0001592840846545922,0.012680080678050324,0.04885032231387837,0.21598330797252155,0.5732071688692659,0.8078998078187989,0.9030229824923536,0.5851190138068044,0.22882349209632896,0.0,0.0,0.0,0.3521525296346816,0.7901196259478195,1.0,0.8164353742301267,0.8952125962290117,0.917272150592058,0.6304318973803791,0.36990486949388635,0.2996341454746021,0.383745651331362,0.19573090886663222,0.03010038013399713,0.0,0.0,2.647967029343845e-05,0.0014209248346709262,0.0,0.0,0.0,0.0,0.0,0.0,0.0,0.0,0.0,0.0,0.0,0.0,0.0,0.0,0.0,0.0,0.0,0.0,0.0,0.0,0.0,0.0,0.0
mp-22865,0.0,0.47739328816807025,0.8394053245138328,1.0,0.9512776276479572,0.8722361806217991,0.7987266794830494,0.33491102116868415,0.04491637894697942,0.0,0.0,0.0,0.0,0.0,0.0,0.0,0.0,0.0,0.0,0.0,0.0,0.0,0.0,0.0,0.0,0.0,0.0,0.0,0.0,0.0,0.0,0.0,0.0,0.0,0.0,0.0,0.0,0.0,0.0,0.0,0.0,0.0,0.0,0.0,0.0,0.0,0.0,0.0,0.0,0.0,0.0
mp-22888,0.0,0.623045501656033,1.0,0.9738165588526901,0.6877835454974264,0.6243781364286979,0.5268672788041665,0.26998009165537745,0.49997883387176667,0.6307916062687542,0.6765076638380848,0.3136260293730375,0.19736092971650115,0.04337388699272147,0.0,0.007984048431122829,0.0,0.0,0.0,0.0,0.0,0.0,0.0,0.0,0.0,0.0,0.0,0.0,0.0,0.0,0.0,0.0,0.0,0.0,0.0,0.0,0.0,0.0,0.0,0.0,0.0,0.0,0.0,0.0,0.0,0.0,0.0,0.0,0.0,0.0,0.0
mp-22894,0.0,0.6614232190593992,0.601936887918984,0.2900518003868575,0.19550272405099944,0.7961590606429113,1.0,0.5353492049021136,0.0,0.0,0.0,0.0,0.0,0.0,0.0,0.0,0.0,0.0,0.0,0.0,0.0,0.0,0.0,0.0,0.0,0.0,0.0,0.0,0.0,0.0,0.0,0.0,0.0,0.0,0.0,0.0,0.0,0.0,0.0,0.0,0.0,0.0,0.0,0.0,0.0,0.0,0.0,0.0,0.0,0.0,0.0
mp-22895,0.0,0.2970458055670252,0.5668067682268144,0.5494940617719253,0.3290801171453403,0.06767406391511137,0.5383785389850387,0.9520651333629857,1.0,0.3879763624488634,0.0,0.0,0.0,0.0,0.0,0.0,0.0,0.0,0.0,0.0,0.0,0.0,0.0,0.0,0.0,0.0,0.0,0.0,0.0,0.0,0.0,0.0,0.0,0.0,0.0,0.0,0.0,0.0,0.0,0.0,0.0,0.0,0.0,0.0,0.0,0.0,0.0,0.0,0.0,0.0,0.0
mp-22896,0.023566423971743633,0.018169559846734722,0.15829468174174785,0.3536717899903814,0.4358792161909445,0.40206300635107173,0.4374741289197425,0.6401735274174387,0.9093069359699649,1.0,0.77607849550393,0.5878578792457025,0.3176822960428576,0.10736929096651093,0.02841897689563481,0.0,0.0,0.0,0.0,0.0,0.0,0.0,0.0,0.0,0.0,0.0,0.0,0.0,0.0,0.0,0.0,0.0,0.0,0.0,0.0,0.0,0.0,0.0,0.0,0.0,0.0,0.0,0.0,0.0,0.0,0.0,0.0,0.0,0.0,0.0,0.0
mp-27999,0.0,0.26481274126531024,0.6647817831209716,0.9543863372812775,1.0,0.8925502898517643,0.760533864462514,0.539039589675828,0.239716867998579,0.0,0.0,0.05116300366961155,0.09803978719444686,0.08498890865049974,0.018629627177893255,0.0,0.0,0.0,0.0,0.0,0.0,0.0,0.0,0.0,0.0,0.0,0.0,0.0,0.0,0.0,0.0,0.0,0.0,0.0,0.0,0.0,0.0,0.0,0.0,0.0,0.0,0.0,0.0,0.0,0.0,0.0,0.0,0.0,0.0,0.0,0.0
mp-28020,0.0,0.14586153756833198,0.6869408168059713,1.0,0.8033408668115368,0.3945700081615075,0.18062244628219384,0.3596237366735879,0.2905890684117441,0.5329475851812255,0.4626568716623769,0.5871504008641756,0.25567694120415807,0.055764207409455,0.0,0.0509165961795081,0.16066317090432414,0.17509814328417844,0.09427621964000847,0.0,0.0,0.0,0.10072400447636073,0.3527639387794778,0.48566815200729496,0.3328094208296192,0.0615339776615937,0.0,0.0,0.0004877219722031599,0.0,0.0,0.0,0.0,0.0,0.0,0.0,0.0,0.0,0.0,0.0,0.0,0.0,0.0,0.0,0.0,0.0,0.0,0.0,0.0,0.0
mp-28069,0.030612591499359784,0.0,0.19544388115796613,0.5134859930242035,0.736145703555335,0.6395416433789213,0.5959747822248593,0.7336953336778881,1.0,0.8927405401368844,0.6215320310057397,0.37235435289129404,0.2795904448172488,0.18038213829255736,0.12125359921277931,0.11935435521289245,0.0037559357621201857,0.0,0.0,0.0,0.0,0.0,0.0,0.0,0.0,0.0,0.0,0.0,0.0,0.0,0.0,0.0,0.0,0.0,0.0,0.0,0.0,0.0,0.0,0.0,0.0,0.0,0.0,0.0,0.0,0.0,0.0,0.0,0.0,0.0,0.0
mp-28075,0.09517289930746618,0.16910876490010332,0.5119897069593103,0.8869652978615501,0.9974506252507456,1.0,0.9424220481712358,0.9104927920128991,0.803097832760964,0.8219620985943583,0.9118331863890409,0.8675406774470671,0.6395197856090432,0.5528426417106364,0.5417271630176709,0.6294299150943136,0.6591309953920065,0.5194210760092108,0.48477245102403943,0.4238753589059847,0.39087315989429156,0.25488780489414414,0.2568369714599165,0.31798228866381534,0.3457348180224067,0.41669023879020084,0.2564072266573606,0.2652808503160434,0.2240530070012822,0.2403523717731325,0.15493727769292448,0.04043456667722906,0.07797977566558409,0.08432152795716691,0.16893212923308956,0.19473177550459925,0.11489420868694811,0.1640115331517217,0.25630766502114505,0.2584963495719042,0.05780643504476312,0.0325936365240973,0.2766666871601746,0.46361716928264324,0.4429641018044245,0.20032947624279582,0.06289484691132476,0.0,0.0,0.00146005407142589,0.0014853774649032957
mp-28111,0.001244089620432395,0.026427064845152573,0.29131277508754283,0.6642048429992558,0.9720434062459246,1.0,0.8975901788921951,0.5562475858672578,0.31267822186059974,0.13805332900759787,0.17167748054373203,0.2175679894089261,0.2674121282782844,0.2659994056933999,0.2882683115697686,0.20958600293686386,0.08056804447972496,0.0,0.0,0.0,0.0,0.0,0.0,0.0,0.0,0.0,0.0,0.0,0.0,0.0,0.0,0.0,0.0,0.0,0.0,0.0,0.0,0.0,0.11883463650454444,0.15586106590832097,0.11083698062957367,0.0,0.0,0.0,0.0,0.0,0.0,0.0,0.0,0.0,0.0
mp-28171,0.0,0.11141573265472565,0.6313217209419526,1.0,0.8288149850394224,0.6231683366146538,0.5259480954857253,0.4460459805739364,0.252330240367203,0.06878945851679664,0.17242645858025596,0.2023312102090082,0.24053946042240806,0.24182214962745652,0.22715171267912487,0.13414218622804747,0.012798695988715553,0.0,0.027175953527142045,0.0,0.0,0.0,0.0,0.0,0.0,0.0,0.0,0.0,0.0,0.0,0.0,0.0,0.0,0.0,0.0,0.0,0.0,0.0,0.0,0.0,0.0,0.0,0.0,0.0,0.0,0.0,0.0,0.0,0.0,0.0,0.0
mp-28270,0.0,0.3606445849662454,0.40269973591396263,0.5346936404101253,0.778833900234394,1.0,0.874170752022825,0.41785297985792147,0.36072268247929995,0.2847509385227932,0.12963190137386732,0.0,0.0,0.03308661489198661,0.11205942219881568,0.1660343197182108,0.17883939542006907,0.14221613100350566,0.14736956688181793,0.1481725935008187,0.21169539037915097,0.19554187575910742,0.11344184553679287,0.01436145390326882,0.0,0.020710831493381585,0.0,0.0,0.0,0.0,0.0,0.0,0.0,0.0,0.0,0.0,0.0,0.0,0.0,0.0,0.0,0.0,0.0,0.0,0.0,0.0,0.0,0.0,0.0,0.0,0.0
mp-28295,0.0,0.09037722398373275,0.5209328238882927,0.9553508700496623,1.0,0.6442888166148467,0.5620344593181201,0.5116970616865422,0.41817523341415763,0.1763815485899955,0.0,0.0,0.0,0.2511671212904691,0.4054565125422778,0.5266368564750027,0.32879374214087875,0.1562286612937234,0.059284332628083185,0.0,0.0,0.0,0.0,0.0,0.0,0.0,0.0,0.0,0.0,0.0,0.0,0.0,0.0,0.025012969923457588,0.24301229647917716,0.40045027765967117,0.4125027102678589,0.3183075953117437,0.18890081549409457,0.13073160783548832,0.0,0.0,0.0,0.0,1.1734387394294628e-94,1.2560964548476762e-93,0.0,0.0,0.0,0.0,0.0
mp-28302,0.0,0.16030355484820752,0.5275016286723088,0.8565158913736118,0.9722147417977255,0.9563021123726235,1.0,0.8625441081867451,0.48765193098748416,0.2618256522009812,0.0,0.0,0.0,0.0,0.03970463209148787,0.09304210881409987,0.18730510605739578,0.19798051158235871,0.08388475728478853,0.05509470691339401,0.0,0.008881472396755996,0.00669044538338952,0.0,0.0,0.0,0.0,0.0,0.0,0.0,0.0,0.0,0.0,0.0,0.0,0.0,0.0,0.0,0.0,0.0,0.0,0.0,0.0,0.0,0.0,0.0,0.0,0.0,0.0,0.0,0.0
mp-28377,0.0,0.9213296178981877,1.0,0.7088052513264832,0.29076810217266147,0.1763190565517381,0.17363751138997738,0.20389454351808514,0.19641589881919594,0.0805619321972142,0.0,0.0,0.0,0.0,0.0,0.0,0.0,0.0,0.0,0.0,0.0,0.0,0.0,0.0,0.0,0.0,0.0,0.0,0.0,0.0,0.0,0.0,0.0,0.0,0.0,0.0,0.0,0.0,0.0,0.0,0.0,0.0,0.0,0.0,0.0,0.0,0.0,0.0,0.0,0.0,0.0
mp-28423,0.0,0.5467904301461335,0.8968887791169211,1.0,0.7321024520410497,0.4418821209351111,0.34448113636732364,0.3803096349395965,0.5893237826357913,0.6123632753449584,0.5578095301369193,0.7123713107854125,0.867559930493166,0.7087110034252578,0.2838109396013739,0.02541572331343963,0.0,0.07854600377068185,0.0,0.0,0.0,0.0,0.0,0.0,0.0,0.0,0.0,0.0,0.0,0.0,0.0,0.0,0.0,0.0,0.0,0.0,0.0,0.0,0.0,0.0,0.0,0.0,0.0,0.0,0.0,0.0,0.0,0.0,0.0,0.0,0.0
mp-28453,0.0,0.8246527552245005,1.0,0.6816449116577853,0.20057470671046518,0.09758627002548721,0.08328776041746169,0.11023774015722945,0.15089799165282436,0.13037276550836344,0.09063492891165462,0.014441780433261836,0.0,0.0,0.0,0.0,0.0,0.0,0.0,0.0,0.0,0.0,0.0,0.0,0.0,0.0,0.0,0.0,0.0,0.0,0.0,0.0,0.0,0.0,0.0,0.0,0.0,0.0,0.0,0.0,0.0,0.0,0.0,0.0,0.0,0.0,0.0,0.0,0.0,0.0,0.0
mp-2853,0.0,0.003118036738902637,0.009224185888705213,0.023838863548020752,0.05201271493168164,0.0966759279566521,0.31616675821004103,0.7740968645620845,1.0,0.9010198500395857,0.5049634448691277,0.4780307908811566,0.5666102430057157,0.6396524195321467,0.5476048569798468,0.32836954730885737,0.24193224626415527,0.22704920331908013,0.2878166806221563,0.3247472106523127,0.3228116882083063,0.28670172696622814,0.2485205275261366,0.2157803871881577,0.19657058320300635,0.14534978106965996,0.08987437177923879,0.11813751471119659,0.2156631734656244,0.33329405301758114,0.4369784032727175,0.4111482062601353,0.24359125759001152,0.050721121429775945,0.0,0.0,0.0,7.655515721004064e-38,1.505321366636507e-35,0.0,0.0,0.0,0.0,0.0,0.0,0.0,0.0,0.0,0.0,0.0,0.0
mp-28553,0.2260870822036817,0.0,0.1835448102531487,0.7005883286773119,0.999291642508733,1.0,0.6724367843631796,0.9311218344439027,0.9648150621863428,0.810247227130203,0.6394397910089795,0.44428744204603593,0.6619159387138367,0.7777037496930826,0.685244807090306,0.4719622755228073,0.26495265617551417,0.21859733848520613,0.1583204472682601,0.11206879083403798,0.2959192003280503,0.374473791153314,0.2804429193142474,0.04585648840656208,0.0,0.0,0.0,0.0007523316883395933,0.0,0.0,0.0,0.0,0.0,0.0,0.0,0.0,0.0,0.0,0.0,0.0,0.0,0.0,0.0,0.0,0.0,0.0,0.0,0.0,0.0,0.0,0.0
mp-28554,0.0946472559403081,0.0,0.49249857917137474,1.0,0.9791314537632562,0.5541671408902316,0.38619063691321565,0.49236830994302333,0.6342840387516989,0.9196853450269472,0.799022046088688,0.6444630896850889,0.17874792428554345,0.017614657029513706,0.02071853926428164,0.0,0.0,0.0,0.0,0.0,0.0,0.0,0.0,0.0,0.0,0.0,0.0,0.0,0.0,0.0,0.0,0.0,0.0,0.0,0.0,0.0,0.0,0.0,0.0,0.0,0.0,0.0,0.0,0.0,0.0,0.0,0.0,0.0,0.0,0.0,0.0
mp-28626,0.028939272801426927,0.0,0.08545113883769918,0.2899770783959699,0.5509670005571449,0.7656951690752901,0.6317519321205778,0.49140610032594306,0.6359519077704406,1.0,0.9115295365461696,0.3883560820068598,0.04160595302914749,0.11301437992462512,0.37508376183493874,0.5218284558102199,0.4001828130316893,0.23920427898127392,0.2081036560431449,0.1919424232822577,0.11611367855742201,0.048123425223554214,0.23663617133381734,0.5088553802099209,0.5228419394256331,0.26285276218317605,0.0,0.0,0.0,3.4037415850511956e-06,3.019031293791629e-06,0.0,0.0,0.0,0.0,0.0,0.0,0.0,0.0,0.0,0.0,0.0,0.0,0.0,0.0,0.0,0.0,0.0,0.0,0.0,0.0
mp-28627,0.0,0.3022626889136468,0.8121026662896141,1.0,0.7356996533937978,0.3604005336490571,0.31932099135589076,0.36463701538107346,0.24607698820580384,0.12734007286702262,0.058577442632002735,0.04919839973299665,0.0,0.11133719439397745,0.17591706176551866,0.23940664423218394,0.1416879192284405,0.08229108653519401,0.006263214795229958,0.0,0.04459096756845488,0.0,0.0,0.0,0.0,0.0,0.0,0.0,0.0,0.0,0.0,0.0,0.0,0.0,0.0,0.0,0.0,0.0,0.0,0.0,0.0,0.0,0.0,0.0,0.0,0.0,0.0,0.0,0.0,0.0,0.0
mp-28650,0.06757260149372223,0.6159092789296837,1.0,0.919786185733279,0.6790676801794735,0.40926623489277075,0.35645769648488984,0.28175752028794204,0.37914425155165443,0.252667347402344,0.037249315466040635,0.0020864201367381207,0.1691547521676697,0.2544668596251015,0.23808359832394282,0.09036710351875708,0.02429709166375937,0.0,0.0,0.0,0.0,0.0,0.0,0.0,0.0,0.0,0.0,0.0,0.0,0.0,0.0,0.0,0.0,0.0,0.0,0.0,0.0,0.0,0.0,0.0,0.0,0.0,0.0,0.0,0.0,0.0,0.0,0.0,0.0,0.0,0.0
mp-28873,0.0,0.1456024974934725,0.6067364895844417,1.0,0.9421073927788062,0.764562669536567,0.607743619249453,0.44489217893965255,0.16187427103337002,0.0,0.0,0.0,0.0,0.0,0.0,0.0,0.3193184586417341,0.45230751596565705,0.3398649685827435,0.16839228280756893,0.21789993795799012,0.165576840876602,0.0,0.0,0.0,0.0,0.0,0.0,0.0,0.0,0.0,0.0,0.0,0.0,0.0,0.0,0.0,0.24294964295394014,0.5078745656684925,0.5432230099928865,0.26049807206151376,0.054597367624608095,0.0,0.0,0.0,0.0,0.0,0.0,0.0,0.0,0.0
mp-28994,0.04955741373764179,0.0,0.17789257746838652,0.5521577387014613,0.9431753036673928,1.0,0.7491799374199524,0.3838956067720967,0.14071275043750117,0.034511168653259344,0.12014862637466565,0.2341278340283898,0.18610149495642914,0.368654686384531,0.50198318762821,0.4271473057369156,0.20247364549879981,0.21089587885596492,0.244191829121146,0.14438446156958012,0.17760627520685363,0.42838417631758274,0.44638241644094373,0.2331556098488456,0.033537450476068584,0.0,0.0025819307851604996,0.013436848707670056,0.0,0.0,0.0,0.0,0.0,0.0,0.0,0.0,0.0,0.0,0.0,0.0,0.0,0.0,0.0,0.0,0.0,0.0,0.0,0.0,0.0,0.0,0.0
mp-29025,0.1540009646784915,0.0,0.2976173383866986,0.8258039518291451,1.0,0.6349551700174862,0.44373908247642135,0.5536798451875838,0.6021278886890108,0.407371803345766,0.23589354977503196,0.29833964615707953,0.3861623695053477,0.4428309809612327,0.38498450065938034,0.24624763366505806,0.25116113662875106,0.30320702960932083,0.3347620874956383,0.34245109351710334,0.35978119513735973,0.3230118112533278,0.3322785676305698,0.30970982000950964,0.254230827357979,0.22684036439348515,0.18077291256982764,0.1118969245621537,0.10745256179595675,0.24814051781238736,0.3062755246393492,0.2679855865096907,0.22887157057717775,0.2257094155849315,0.16189676832990305,0.04526436883077095,0.0,0.0,0.0,0.0,4.898576022954579e-44,2.0258117333963477e-44,0.0,0.0,0.0,0.0,0.0,0.0,0.0,0.0,0.0
mp-29055,0.0,0.3012849572308956,0.7231723590715115,1.0,0.9761889602105073,0.7993319204759372,0.9268916586261391,0.8683761654880193,0.5106511176259816,0.08385801918261021,0.0,0.0,0.0,0.0,0.0,0.0,0.0,0.0,0.0,0.0,0.0,0.0,0.0,0.0,0.0,0.0,0.0,0.0,0.0,0.0,0.0,0.0,0.0,0.0,0.0,0.0,0.0,0.0,0.0,0.0,0.0,0.0,0.0,0.0,0.0,0.0,0.0,0.0,0.0,0.0,0.0
mp-29138,0.0,0.3852252177446321,0.5607604357304281,0.6943900684712462,0.9099889947200838,1.0,0.6854049269076167,0.22060011857096157,0.2589711633490971,0.32053299307018296,0.6652861620646889,0.5755619010441485,0.31383319994857384,0.035679567228770484,0.0,0.0,0.0,0.0,0.0,0.0,0.0,0.0,0.0,0.0,0.0,0.0,0.0,0.0,0.0,0.0,0.0,0.0,0.0,0.0,0.0,0.0,0.0,0.0,0.0,0.0,0.0,0.0,0.0,0.0,0.0,0.0,0.0,0.0,0.0,0.0,0.0
mp-29149,0.0,0.05323578199468947,0.00822533662565976,0.036679520201767415,0.35087095808473395,0.6890244029350046,0.8203418143231985,0.6972707798643918,0.786536146786146,0.933001583153805,0.9045990964097598,0.5662588798784343,0.48783292657153154,0.7483032507707168,1.0,0.9365793379453413,0.6065460758427614,0.3748290097522393,0.4000254253771651,0.6055129113229172,0.5180249377183203,0.4707307218059477,0.42911195740634905,0.5463896768817679,0.5608595504905287,0.5004728479131866,0.3747672468384425,0.2589076549798873,0.19497412384401094,0.4660238429945775,0.6694645454176382,0.7370948380307626,0.5392083737986273,0.28405290724478105,0.11362181968870562,0.0,0.0014079089211183843,0.0,0.0,0.0,0.0,6.320941793180235e-63,2.6127098185372806e-63,0.0,0.0,0.0,0.0,0.0,0.0,0.0,0.0
mp-29151,0.0,0.02970832772201153,0.022710780801772922,0.053000644412112455,0.2858320133123048,0.6729658963705623,0.9037794278987378,0.8590435270783454,0.7785093301429873,0.8852760282737511,1.0,0.8910867560988125,0.7921878311328747,0.6490010642909746,0.6301228717682413,0.5979299382010367,0.47871665480681563,0.3285047887812385,0.2981734507551273,0.33636078157045846,0.34199733416756706,0.3673796970354692,0.29353923165110696,0.3526727419127822,0.3484304613288956,0.3567012969739,0.2359266804365157,0.17234135763947359,0.1121035165168994,0.28111479042841986,0.4141051427272918,0.4694846482885562,0.36046820587145434,0.20173309077077503,0.07907996547098738,0.0,0.0,0.0,0.0,0.0,0.0,3.785118900254292e-60,0.0,0.0,0.0,0.0,0.0,0.0,0.0,0.0,0.0
mp-29163,0.0,0.6253616507848224,1.0,0.9229588290536346,0.64852472714599,0.4523030585940766,0.2746030096373929,0.22011178476706064,0.2646576730221347,0.43121854867208076,0.4827071516244174,0.5971342715377903,0.4469461055409331,0.31694114012629765,0.2636049698395805,0.396438913692134,0.318981082882659,0.15532715388079263,0.07806784785818578,0.0,0.0,0.0,0.0,0.0,0.0,0.0,0.0,0.0,0.0,0.0,0.0,0.0,0.0,0.0,0.0,0.0,0.0,0.0,0.0,0.0,0.0,0.0,0.0,0.0,0.0,0.0,0.0,0.0,0.0,0.0,0.0
mp-2920,0.0,0.05610067098576128,0.0,0.08861357126229091,0.3877426650452004,0.7501492690632711,1.0,0.7287884091883641,0.39881640357150433,0.2447326251366438,0.43263921405515765,0.5581648138422488,0.4840479094886766,0.42162122159136706,0.41816181149573883,0.4510581537806997,0.45102180776808315,0.46091472987923676,0.4392372335876501,0.5264472569808142,0.6829195842977464,0.7590727609510745,0.6560091192278141,0.4802168278069213,0.4462726807423706,0.3895495087676922,0.3328770909438828,0.3464226064459894,0.47499363423227403,0.5115702397923456,0.42919329412739576,0.41025633381324594,0.34629309023106497,0.19165514118018478,0.0061086318757343485,0.13849142475269832,0.3548887954813471,0.3682540687664013,0.18813330095521738,0.005329934706287454,0.0,0.0,0.0,0.0,4.82830093402163e-90,9.229141612470463e-90,0.0,0.0,0.0,0.0,0.0
mp-29208,0.0,0.1587075069182879,0.7109010066620384,1.0,0.6185690245733403,0.22232972796933406,0.40313479752963566,0.48753145731470265,0.6596161338213136,0.501243645008991,0.6973846248690982,0.6303247876955277,0.41695584128649665,0.20954446446048838,0.00610112057758295,0.0,0.0,0.0,0.0,0.0,0.0,0.0,0.0,0.0,0.0,0.0,0.0,0.0,0.0,0.0,0.0,0.0,0.0,0.0,0.0,0.0,0.0,0.0,0.0,0.0,0.0,0.0,0.0,0.0,0.0,0.0,0.0,0.0,0.0,0.0,0.0
mp-29209,0.0,0.1645960975450047,0.5866662527857873,1.0,0.9390069329899314,0.49222227733977325,0.10330284904307627,0.0,0.3052492299133218,0.5596017328478854,0.669139391866214,0.4039352133670074,0.2384159597899394,0.0355138630513845,0.0,0.0,0.0,0.0,0.0,0.0,0.0,0.0,0.0,0.0,0.0,0.0,0.0,0.0,0.0,0.0,0.0,0.0,0.0,0.0,0.0,0.0,0.0,0.0,0.0,0.0,0.0,0.0,0.0,0.0,0.0,0.0,0.0,0.0,0.0,0.0,0.0
mp-29266,0.0,0.5073097882479887,1.0,0.8865442669305876,0.7093779569234953,0.5202409691504668,0.8480454154041486,0.6994932827234395,0.24385765544998,0.0,0.0,0.0,0.0,0.0,0.0,0.0,0.0,0.0,0.0,0.0,0.0,0.0,0.0,0.13453244808886305,0.21335810081867196,0.17880364199921378,0.030869197658066873,0.0,0.030653868822497883,0.0,0.0,0.0,0.0,0.0,0.0,0.0,0.0,0.0,0.0,0.0,0.0,0.0,0.0,0.0,0.0,0.0,0.0,0.0,0.0,0.0,0.0
mp-29342,0.02769786931171714,0.0,0.20283383998495416,0.4267174740910447,0.6118738360582987,0.49925237287931845,0.3665840634047785,0.41790399861727034,0.6906693397510952,1.0,0.8584092292709176,0.5077301287107991,0.13754557689251323,0.2610987444522755,0.32869175054020444,0.29440533419772125,0.06319087598944621,0.05179007122718656,0.0,0.0,0.0026715406138778765,0.0,0.0,0.0,0.0,0.0,0.0,0.0,0.0,0.0,0.0,0.0,0.0,0.0,0.0,0.0,0.0,0.0,0.0,0.0,0.0,0.0,0.0,0.0,0.0,0.0,0.0,0.0,0.0,0.0,0.0
mp-29364,0.006000915702446281,0.015603719444660179,0.042319733913992935,0.11896655800883296,0.2127173291062607,0.251094523367852,0.2552619760405766,0.28554018561531863,0.31883937860712036,0.32919882995445815,0.3651915361898305,0.4348430827599629,0.5244671866689391,0.5624348911015314,0.6715090951462809,0.8600110362057573,1.0,0.994132125586569,0.8951527115836371,0.7646056135578359,0.6120755220573437,0.5124517448736478,0.559436504209727,0.5959057842925741,0.5718163034194043,0.46009945579545586,0.3771014758840267,0.345193613084524,0.3141836617562518,0.34843754622637874,0.3305118055624944,0.306532432800369,0.2760309198748107,0.2586392135144958,0.1898750277402395,0.1187711148532058,0.040193037741543626,0.12388461710765833,0.18021685082675126,0.13332208074961305,0.036148814170469605,0.0,0.0,0.0,0.0,0.0,0.0,0.0,0.0,0.0,0.0
mp-29396,0.0,0.2993567501016798,0.5462601394539504,0.7706917025999214,1.0,0.9986185554111664,0.7370540992760302,0.34315130590449994,0.2278562009548042,0.17695901771060765,0.1615305631407544,0.04295148015271543,0.0,0.08412849607662627,0.18360414334527092,0.24136384959919915,0.2098855970359996,0.2032653219038606,0.16228053399229866,0.0794400435376088,0.01582011657468373,0.0,0.009874813523005616,0.1309944213016292,0.23488727260749837,0.3773329870435447,0.2557868726923431,0.24375345321219352,0.24127187614088239,0.41077822526040886,0.3295951409417036,0.13319231751232746,0.0,0.0,0.0,0.0,6.711238468841368e-19,0.0,0.0,0.0,0.0,0.0,0.0,0.0,0.0,0.0,0.0,0.0,0.0,0.0,0.0
mp-29398,0.0,0.7799385121796236,1.0,0.7558384851556765,0.32845175247211605,0.22245316013815997,0.08980032791870154,0.2806885939758705,0.18923082061742727,0.0860764244773304,0.0,0.0,0.0,0.0,0.0,0.0,0.0,0.0,0.0,0.0,0.0,0.0,0.0,0.0,0.0,0.0,0.0,0.0,0.0,0.0,0.0,0.0,0.0,0.0,0.0,0.0,0.0,0.0,0.0,0.0,0.0,0.0,0.0,0.0,0.0,0.0,0.0,0.0,0.0,0.0,0.0
mp-29403,0.0,0.6549763071021775,1.0,0.8403316176909404,0.3841696417557597,0.12820174713939103,0.34717123981693876,0.5217345076514334,0.3134821039489195,0.16233590271879028,0.22901967571295703,0.3509544300140259,0.18195933182583993,0.0,0.0,0.0,0.0,0.0,0.0,0.0,0.0,0.0,0.0,0.0,0.0,0.0,0.0,0.0,0.0,0.0,0.0,0.0,0.0,0.0,0.0,0.0,0.0,0.0,0.0,0.0,0.0,0.0,0.0,0.0,0.0,0.0,0.0,0.0,0.0,0.0,0.0
mp-29463,4.0848331022860834e-05,0.002098736916801243,0.008462225977817654,0.019476087224361772,0.035729872504122656,0.05741988649741507,0.08738452110298728,0.143233948495819,0.23138769382628865,0.29022302216871254,0.2781083771117394,0.30118243834323094,0.36893538701417755,0.5042536466181754,0.6641477467103661,0.7815864632432955,0.7626535510715401,0.6188543550923165,0.6427251904565355,0.7675497373472001,0.9406777349804233,1.0,0.9536183708254293,0.8739016329630441,0.7389996906790532,0.6237474982120559,0.580788842930333,0.632169000575529,0.6747476273660741,0.5045480458534013,0.51925652405648,0.4995399072975488,0.4151175822709769,0.21196483152638748,0.4084505196369425,0.7361564302456285,0.6943388894929161,0.3278413741813244,0.0922447824715902,0.07278553672287041,0.02839127638833585,0.0,0.023045569335486515,0.22491464756887897,0.42026608446340524,0.520905237791661,0.4137807333675901,0.34671357313408396,0.23097414110859468,0.1491866367446547,0.1807659829129823
mp-29484,0.0,0.3027165617765158,0.5843370054639011,0.79469678877917,0.8452476800868353,1.0,0.8252449651857028,0.40262924607252454,0.05136811349730999,0.01750295142912135,0.1413657287800754,0.17224978691794973,0.08834079053840542,0.037536881450055876,0.005985318540706418,0.0,0.0,0.0,0.0,0.0,0.0,0.0,0.0,0.0,0.0,0.0,0.0,0.0,0.0,0.0,0.0,0.0,0.0,0.0,0.0,0.0,0.0,0.0,0.0,0.0,0.0,0.0,0.0,0.0,0.0,0.0,0.0,0.0,0.0,0.0,0.0
mp-29506,0.0,0.35292838348662,0.8406795362838145,1.0,0.6105225294159248,0.2805091528648701,0.32620204699861716,0.4419411040508015,0.2730013316744282,0.07383257213563231,0.07402222941440885,0.16136168719989924,0.16707439989685083,0.1334979053564837,0.0777499646868937,0.12678731244415672,0.1732939790576929,0.22103271010879857,0.24879499709982617,0.20705268219018333,0.10981378895224117,0.0,0.0,0.1595132358555526,0.21923061351800463,0.2529402170437483,0.18758420145901905,0.1956977191202621,0.13143956246660918,0.05739023655554037,0.0,0.0,0.0,1.6837915326556706e-14,7.0080718398083486e-15,0.0,0.0,0.0,0.0,0.0,0.0,0.0,0.0,0.0,0.0,0.0,0.0,0.0,0.0,0.0,0.0
mp-29584,0.0,0.16238893251965328,0.4731643539890508,0.749689937151619,0.8898766566940961,1.0,0.9613832452148293,0.5618072568047998,0.12865089114927933,0.0,0.0942881042795449,0.12610438080603784,0.09032250164099344,0.0,0.1725790223800743,0.2516321054681548,0.19764772586045948,0.010774379499554426,0.0,0.0,0.0,0.0,0.0,0.0,0.0,0.0,0.0,0.0,0.0,0.0,0.0,0.0,0.0,0.0,0.0,0.0,0.0,0.05609193555561355,0.11756772207448346,0.11283102459016915,0.04164227264284178,0.0,0.0,0.0,0.0,0.0,0.0,0.0,0.0,0.0,0.0
mp-29585,0.0,0.22244719093193135,0.5192305657963415,0.783553528841552,0.8821278699541999,1.0,0.8119565888561667,0.3844521965400929,0.08822004531252209,0.04459864839630014,0.10236840753030865,0.05724613995832241,0.04628586192372377,0.10603756554471379,0.06647962005569151,0.0,0.0005348083203251941,0.0,0.0,0.0,0.0,0.0,0.0,0.0,0.0,0.0,0.0,0.0,0.0,0.0,0.0,0.0,0.0,0.0,0.0,0.0,0.0,0.0,0.0,0.0,0.0,0.0,0.0,0.0,0.0,0.0,0.0,0.0,0.0,0.0,0.0
mp-29678,0.0,0.17107926537109458,0.6801185099950082,1.0,0.900368706260496,0.4912651849326978,0.30249966556235897,0.24907975719928238,0.30152184063112103,0.4170090571285104,0.5697708977639049,0.6027505900550316,0.3659689304824455,0.0989211133639739,0.0,0.06942697724071076,0.0,0.0,0.0,0.0,0.0,0.0,0.0,0.0,0.0,0.0,0.0,0.0,0.0,0.0,0.0,0.0,0.0,0.0,0.0,0.0,0.0,0.0,0.0,0.0,0.0,0.0,0.0,0.0,0.0,0.0,0.0,0.0,0.0,0.0,0.0
mp-29750,0.0,0.7155749300168137,1.0,0.9781500494864925,0.9389142115789841,0.7553979476246012,0.5949223145734679,0.20011779722914677,0.13306660101839946,0.13318075060951248,0.1806353744753909,0.22774559692988777,0.19188857141167084,0.1869550375785526,0.16230099580827187,0.1253984362766664,0.06865287951318193,0.025664313176217833,0.0,0.0,0.0,0.0,0.0,0.0,0.0,0.0,0.0,0.0,0.0,0.0,0.0,0.0,0.0,0.0,0.0,0.0,0.0,0.0,0.0,0.0,0.0,0.0,0.0,0.0,0.0,0.0,0.0,0.0,0.0,0.0,0.0
mp-29751,0.0260702613165497,0.6684276862651625,1.0,0.9366675296864645,0.5987556058818996,0.31374307473815166,0.0,0.036955547009070534,0.10867943753051297,0.17775159184863995,0.18930266160727363,0.1627511409779148,0.1437286998507597,0.07812634765836632,0.014908187811052225,0.0,0.0,0.0,0.0,0.0,0.0,0.0,0.0,0.0,0.0,0.0,0.0,0.0,0.0,0.0,0.0,0.0,0.0,0.0,0.0,0.0,0.0,0.0,0.0,0.0,0.0,0.0,0.0,0.0,0.0,0.0,0.0,0.0,0.0,0.0,0.0
mp-30056,0.2447573605781313,0.746607382602089,1.0,0.7131578548414872,0.2503194833485952,0.1648043555271267,0.1762085492341408,0.16664441392619514,0.004326203873562818,0.13828872773881673,0.3092001932842182,0.36385199788802985,0.19297896732093192,0.0,0.0,0.0,0.0,0.0,0.0,0.0,0.0,0.0,0.0,0.0,0.0,0.0,0.0,0.0,0.0,0.0,0.0,0.0,0.0,0.0,0.0,0.0,0.0,0.0,0.0,0.0,0.0,0.0,0.0,0.0,0.0,0.0,0.0,0.0,0.0,0.0,0.0
mp-30062,0.0,0.8073630250873286,0.9923201991486597,1.0,0.8056066256444788,0.6582888241662377,0.5553682306811474,0.0,0.0011949412629575268,0.1676170973473737,0.3879026454129649,0.392355355518534,0.22552701003738998,0.11080113770620598,0.0,0.0,0.0,0.0,0.0,0.0,0.0,0.0,0.0,0.0,0.0,0.0,0.0,0.0,0.0,0.0,0.0,0.0,0.0,0.0,0.0,0.0,0.0,0.0,0.0,0.0,0.0,0.0,0.0,0.0,0.0,0.0,0.0,0.0,0.0,0.0,0.0
mp-30315,0.0,0.014977572672897337,0.030779146273406364,0.05414582882581852,0.09670911527817638,0.13930741152760567,0.3718825517419033,0.5573035239233921,0.7463117402918826,0.7941727481806894,0.6584564075943665,0.6336768005564195,0.8308028468883172,1.0,0.983471827452627,0.6904566708942349,0.4948913926012479,0.3105097068911491,0.14880044044912338,0.11675052425134129,0.09495976255965016,0.1544248252076098,0.16450189965315498,0.10761075515388843,0.08075085550995889,0.1459223584362583,0.1762364719810949,0.02367621003996268,0.23584494896090535,0.4709956138421859,0.46085437362982984,0.1897060375014008,0.0,0.0,0.0,0.0,0.0,0.0,0.0,0.0,0.0,0.0,0.0,0.0,0.0,0.0,0.0,0.0,0.0,0.06335324695530088,0.22264020010621194
mp-3038,0.0,0.5365186353274722,0.9083393627272999,1.0,0.7502744583977704,0.598621642282149,0.6549512492002014,0.7596275659677911,0.974079213396596,0.8207402962946514,0.35334072520222065,0.07613736427306492,0.0,0.0,0.07615768640435706,0.2811700023426223,0.43614081343947386,0.6109433976341423,0.7711841779183464,0.5164057999445346,0.2807425474586687,0.0,0.0,0.016945896871349755,0.0,0.0,0.0,0.0,0.0,0.0,0.0,0.0,0.0,0.0,0.0,0.0,0.0,0.0,0.0,0.0,0.0,0.0,0.0,0.0,0.0,0.0,0.0,0.0,0.0,0.0,0.0
mp-304,0.0,0.03873024613311637,0.17125220325688886,0.35474260727356527,0.550276117064787,0.7705876233881982,1.0,0.9493200434981459,0.6980909038830374,0.5595546244983161,0.6904376735147685,0.5714308061398528,0.31700621427958137,0.0,0.0,0.0,0.0,0.0,0.0,0.0,0.0,0.0,0.0,0.0,0.0,0.0,0.0,0.0,0.0,0.0,0.0,0.0,0.0,0.0,0.0,0.0,0.0,0.0,0.0,0.0,0.0,0.0,0.0,0.0,0.0,0.0,0.0,0.0,0.0,0.0,0.0
mp-3042,0.0,0.08041162382994929,0.4724467241701021,0.7757095516559233,1.0,0.8407462948696781,0.7356313356921884,0.34571920862559335,0.06540050762241169,0.072651079750266,0.0,0.1480144809465917,0.43472018924051775,0.46347327993846027,0.2378479505138783,0.0,0.0,0.0,0.2868047185190165,0.4736547110862505,0.4047846306033267,0.022558941109266824,0.2924781016577504,0.6891154865608792,0.6811690793230457,0.24992895562899756,0.0,0.0,0.0,0.0,0.09075532119385606,0.15764227138559808,0.139736414937683,0.03242506334580518,0.0,0.20430384708084143,0.3186403728232706,0.3134283788870377,0.14796847073921,0.10610942610588793,0.045042397523624905,0.0,0.0,0.0,0.0,0.0,0.0,0.0,0.0,0.0,0.0
mp-3054,0.0,0.030722064971274953,0.05169681312465474,0.10488187705978003,0.3930943754746512,0.7305932181573993,0.9311704210631522,0.9911636750149739,0.9735376413693025,1.0,0.8501568260829266,0.8010392309365466,0.7149860890075916,0.6171158568097139,0.3126063537027907,0.26226294191272437,0.4319174151651716,0.7452541932861441,0.8135042832182926,0.59829253615528,0.614944101669912,0.7170877276695452,0.8751462892934645,0.7582987172359739,0.6613359790780176,0.6612690707419239,0.7030004814927552,0.5513281786565776,0.31435554629235274,0.13849865343507753,0.03216870609524048,0.0,0.0,0.1553660254386544,0.40697176504576443,0.8913160285193251,0.9458310625047792,0.41006190345028404,0.24129383531099904,0.0,0.018740471570258085,0.3782698746025858,0.5918939330009949,0.4682924152740184,0.11288567956528424,0.0,0.0,0.0,0.0,0.0,0.0
mp-3074,0.0,0.08845039756718347,0.4194654352079085,0.596258067112648,0.5956461235307394,0.7802771537405643,0.984655241996903,1.0,0.5221758295769982,0.2445763267150648,0.09631457269280841,0.1849289109029761,0.2300841641899388,0.21170113674304306,0.06805278677565346,0.03532358194737686,0.0,0.0,0.0,0.0,0.0,0.053313009243881104,0.22663145715832397,0.3719267374884844,0.39503164024171855,0.31138263824894746,0.250991717631476,0.17232035957212408,0.0,0.0,0.0,0.0,4.546100232728476e-10,0.0,0.0,0.0,0.0,0.0,0.0,0.0,0.0,0.0,0.0,0.0,0.0,0.0,0.0,0.0,0.0,0.0,0.0
mp-3078,0.0,0.25014502646664055,0.6653067196545225,0.8460712497978721,0.7459152684402166,0.39854540191057153,0.27910378553459575,0.27878125542633686,0.5618805987242094,0.9825782099093688,1.0,0.6002532118005429,0.11285512086427825,0.0,0.0,0.0,0.0,0.20987645005270833,0.7368800973437313,0.8886010707211831,0.5282228103762466,0.0034706810338752565,0.0,0.03818423819832829,0.0,0.0,0.0,0.0,0.0,0.0,0.0,0.0,0.0,0.0,0.0,0.0,0.0,0.0,0.0,0.0,0.0,0.0,0.0,0.0,0.0,0.0,0.0,0.0,0.0,0.0,0.0
mp-3098,0.0,0.020325656435340726,0.012775552720588005,0.0,0.5473269237085959,1.0,0.934064610409912,0.39047819090454366,0.0,0.17471714229127203,0.2947652890903094,0.39145990556033894,0.3330644481618015,0.20338177101667554,0.2221073763582779,0.4051553295412088,0.44585804462056233,0.3359073401142085,0.22579131794394344,0.17787124054505865,0.3112213230345563,0.49152771335352374,0.5584623131165506,0.47220018768548266,0.39955807154000333,0.7440142602903851,0.9124468766250529,0.7219615323343876,0.2728085019593284,0.10527238550522826,0.31847098919847816,0.3069633324407712,0.39417523666435217,0.4338831673324872,0.5101265321853526,0.4582220904794112,0.2938822824582011,0.3014589150886781,0.1848052691790922,0.10186492297466673,0.034772148053983654,0.0052822826806213224,0.0004829687060771879,0.0010212842093841503,0.0,0.0,0.0,0.0,0.0,0.0,0.0
mp-30988,0.0,0.3672201304802524,0.6338687927324895,0.5379677816250072,0.4073125113234891,0.493280362749799,0.8884671566164017,1.0,0.8815322066723301,0.5748136961417579,0.23244428281308183,0.10980837224108134,0.2832155576152579,0.297193116304647,0.2243330222517477,0.2223415375108731,0.2380002024337184,0.30044436045366685,0.3496492328363394,0.3046968313987306,0.1300971838826254,0.0,0.20984971834554605,0.3179776669952708,0.3382874638247053,0.2186302769563536,0.22678118708599074,0.2137205905552939,0.1148362230452302,0.042672912973631336,0.0,0.0,0.0,2.3505987817398197e-13,0.0,0.0,0.0,0.0,0.0,0.0,0.0,0.0,0.0,0.0,0.0,0.0,0.0,0.0,0.0,0.0,0.0
mp-3104,0.20284092702771825,0.0,0.20048495887705653,0.6594610720423398,1.0,0.9905802768179505,0.6148584816139504,0.38956773951752327,0.26804709167600543,0.3091750014242292,0.4170560936639442,0.5136459214484986,0.5614069906398814,0.5024543969514782,0.41118729918900804,0.48743792117255536,0.46177930142202606,0.31284155631637794,0.11096038873324275,0.08774593310874632,0.09843648891227604,0.10471677497765172,0.1417162586959279,0.1829154685623155,0.19444592735654104,0.16977855585577287,0.1334420844504473,0.17064206084662042,0.2935704620004777,0.354910015079639,0.2535461895324288,0.06603087196657514,0.001897481942607625,0.07642569249993615,0.24264966687776318,0.3316181815819426,0.23976334651784922,0.07882377989152943,0.0,0.0,0.0,0.0,0.0,1.9545203851943764e-81,1.220273215862034e-81,0.0,0.0,0.0,0.0,0.0,0.0
mp-31149,0.2856858012416582,0.0,0.3423268391434404,0.8655349129132238,1.0,0.8924001258673564,0.6834798132450792,0.9112221936421897,0.6889997896611266,0.813756303715167,0.8898478360570569,0.7661383045874751,0.4536901986987858,0.20387192804132082,0.23979938149165378,0.37607661742176685,0.39711769553442916,0.3471901868996516,0.2192933332587209,0.37339274962475116,0.40802440081915253,0.3019214300421952,0.07695391676624531,0.0029972236023880676,0.0,0.0,0.0032313632772655184,0.0,0.0,0.0,0.0,0.0,0.0,0.0,0.0,0.0,0.0,0.0,0.0,0.0,0.0,0.0,0.0,0.0,0.0,0.0,0.0,0.0,0.0,0.0,0.0
mp-31212,0.0,0.026659256502711892,0.030531244962104704,0.08800069542023928,0.3489412630123235,0.7309706431967589,1.0,0.9890530121387258,0.795645905076349,0.5655596968748184,0.37192994274112934,0.27887450783741174,0.2714180651925115,0.3078958523757649,0.39762850116110354,0.38754286947187105,0.30599763804153357,0.18079541647535177,0.06619344730346345,0.13272111709831996,0.2254014558038127,0.2776228218044038,0.2320216536952893,0.133939627512947,0.1638432342681721,0.18337515806548665,0.1312364320504326,0.0550792602365782,0.0,0.0,0.0,1.9976414298433635e-07,0.0,0.0,0.0,0.0,0.0,0.0,0.0,0.0,0.0,0.0,0.0,0.0,0.0,0.0,0.0,0.0,0.0,0.0,0.0
mp-31235,0.08134726885282173,0.03116034827802926,0.5679472340041818,1.0,0.7967681565186658,0.35244068140171525,0.28078380003196873,0.518965483880769,0.4309748507001345,0.05327593488362219,0.0,0.0,0.0,0.0,0.0,0.0,0.0,0.0,0.0,0.0,0.0,0.0,0.0,0.0,0.0,0.0,0.0,0.0,0.0,0.0,0.0,0.0,0.0,0.0,0.0,0.0,0.0,0.0,0.0,0.0,0.0,0.0,0.0,0.0,0.0,0.0,0.0,0.0,0.0,0.0,0.0
mp-3125,0.02989976500928386,0.0,0.06227827359500886,0.23213687591728108,0.5744180711845328,0.9180315419639952,1.0,0.8716918753546141,0.6612184511505212,0.6105051582653294,0.5039956562805097,0.4131960713054977,0.32840865079702514,0.303749519998431,0.2469876728818895,0.16647521335876095,0.11409967742841022,0.15038289937989668,0.20742023811207647,0.22265742724828996,0.17665775289317476,0.04545450659191287,0.01429648882443513,0.11090537979310196,0.1750921266719795,0.13469219087912984,0.03466274383342415,0.0,0.0,0.00017272235370219635,0.00020664445990509824,0.0,0.0,0.0,0.0,0.0,0.0,0.0,0.0,0.0,0.0,0.0,0.0,0.0,0.0,0.0,0.0,0.0,0.0,0.0,0.0
mp-31468,0.0,0.006610538773670461,0.024404381512467332,0.05606272427829885,0.103643561271277,0.18925564212092588,0.2637217276614438,0.5689056847466567,0.8844504642723653,1.0,0.9132702945138479,0.7516242019279223,0.6272725079318321,0.5102185504696461,0.4944047576113033,0.7599714806671294,0.9669512100247561,0.9507127330490668,0.8151346571259752,0.6133232988292807,0.6128714361538734,0.6449625233092924,0.6741038172638422,0.5857203982439937,0.4168627609725373,0.29073429958532176,0.2680627636388706,0.28403665415332613,0.2509884852217105,0.19132751341467472,0.3518591324700196,0.42225276708927034,0.30252312803537973,0.0877256592307675,0.0,0.0,0.0,3.7055568387775954e-29,8.084339937124083e-30,0.0,0.0,0.0,0.0,0.0,0.0,0.0,0.0,0.0,0.0,0.0,0.0
mp-3159,0.0,0.1349748755520856,0.643767969362552,1.0,0.9863021705002537,0.6967422469970554,0.45231994385576263,0.49784080282657767,0.7705545256591714,0.9042957998797758,0.6333020571206874,0.1781934589102995,0.0,0.0,0.061177111814143655,0.20297561181670726,0.4255600563809725,0.5478947222378712,0.7240105017453703,0.5388650345445801,0.3084719955432532,0.0,0.0,0.015691861289142555,0.0,0.0,0.0,0.0,0.0,0.0,0.0,0.0,0.0,0.0,0.0,0.0,0.0,0.0,0.0,0.0,0.0,0.0,0.0,0.0,0.0,0.0,0.0,0.0,0.0,0.0,0.0
mp-3163,0.003503638677941167,0.011653260395852972,0.0,0.263807406539608,0.8089034212101649,1.0,0.9191540656792043,0.5568908504017902,0.577318499320197,0.4426223571511774,0.5320151433287498,0.7347833539777209,0.8070155456214273,0.7185384202146937,0.4856817349137963,0.27586584414481014,0.09184693512542887,0.15434485522897806,0.29128175304797826,0.2501478222612348,0.07541879946729595,0.0,0.0,0.028590102016648772,0.07854235377212258,0.12162512134861049,0.13397038564270233,0.14686581924939068,0.16065024970564312,0.260837290164436,0.31028385583445844,0.22781289087278353,0.07204224278071533,0.0,0.033577613807350665,0.20774879762510923,0.2954612990608512,0.2142396362067297,0.041294473559596256,0.0,0.0,0.0,0.0,2.4797434586096513e-81,7.764288083191712e-81,0.0,0.0,0.0,0.0,0.0,0.0
mp-3167,0.0,0.6951852284293323,0.9343198485210421,0.8491473986670276,0.33793097739989325,0.2643212649932539,0.4258612051422589,0.8810896491080743,1.0,0.5073359166430125,0.09670710147931373,0.07323641881379175,0.26951683180173136,0.40572276345933145,0.2891139958039311,0.022187497453048276,0.0,0.10969943020908882,0.0,0.0,0.0,0.0,0.0,0.0,0.0,0.0,0.0,0.0,0.0,0.0,0.0,0.0,0.0,0.0,0.0,0.0,0.0,0.0,0.0,0.0,0.0,0.0,0.0,0.0,0.0,0.0,0.0,0.0,0.0,0.0,0.0
mp-3216,0.0,0.004254125241882904,0.00931052118121215,0.02029008064874819,0.017232288616281007,0.3299617426107747,0.584958346512355,0.5899548218619894,0.3429830146191392,0.15134825124899,0.17046123211105232,0.15430343935758284,0.28564440639587596,0.3756633647518824,0.32246354249021103,0.2982594530267057,0.3793630214053674,0.44288574854432833,0.5858652604149717,0.7754922615148142,0.970576858622814,0.9186687978313972,0.7976283959691853,0.8579852776746183,0.8078935888509947,0.8209516847478363,0.8785331946613455,1.0,0.7905804624837245,0.5316440997543647,0.4608628379661442,0.4040165273941406,0.4344683180181594,0.28473640059904637,0.13655781571648615,0.00507773304871094,0.0,0.0,0.0,0.0,1.9535920788117437e-51,0.0,0.0,0.0,0.0,0.0,0.0,0.0,0.0,0.0,0.0
mp-3247,0.0,0.32322776937111636,0.8156330240347902,1.0,0.6759143309987334,0.4306581332298043,0.40951628824427955,0.40555303259482006,0.2813325575664439,0.2672593549478668,0.2162472984064297,0.15470032068815906,0.11390926933665467,0.154521751816832,0.07476213840125912,0.12476024722594735,0.22127491329869683,0.3355666031611495,0.2580361130125108,0.10977415975861778,0.028008099508335983,0.09773037293241144,0.15135034843640227,0.13880301168093048,0.033578907908008514,0.0,0.0,0.001301009799319104,0.0,0.0,0.0,0.0,0.0,0.0,0.0,0.0,0.0,0.0,0.0,0.0,0.0,0.0,0.0,0.0,0.0,0.0,0.0,0.0,0.0,0.0,0.0
mp-32616,0.035743849348698634,0.0,0.201510604419216,0.502333047222685,0.8613464103210392,0.9869870715593587,0.9898927371792692,0.7846424057728575,0.42292147436918753,0.0991443431631211,0.0,0.10440092664406081,0.2808462897441277,0.43140835152106705,0.38610195270136033,0.6787633526251484,1.0,0.919903903832684,0.6471976183881107,0.5066582179396174,0.47997306718724975,0.15018130021439835,0.0,0.006642872861810344,0.035272985752389956,0.0,0.0,0.0,0.0,0.0,0.0,0.0,0.0,0.0,0.0,0.0,0.0,0.0,0.0,0.0,0.0,0.0,0.0,0.0,0.0,0.0,0.0,0.0,0.0,0.0,0.0
mp-3277,0.04383381731631772,0.0,0.06456660323294303,0.27612438907213854,0.49764628838253233,0.6346660598332469,0.6067298163385408,0.5387722855958375,0.47885764188930796,0.36009932292092967,0.5132869958977555,0.8482006557914975,0.9392142561329871,0.5972105245574361,0.2790839081139482,0.25740853930718816,0.468890086500371,0.6593020946931225,0.5886359014332366,0.4801486409631298,0.4621767370442282,0.8065831619741927,0.7976241226102286,0.3791450687458233,0.09693226655312386,0.22176534067042417,0.554437260326949,0.8394562566177176,0.6895875058692096,0.2768421053963011,0.0,0.0,0.0,0.0,0.0,0.0,0.08592147013435449,0.381688549470528,0.4358000487165325,0.40970135449301304,0.8437690316659718,1.0,0.6831606654406276,0.055982223220690124,0.0912984345045134,0.8036390094102164,0.9999956437334346,0.57396717210654,0.504985254176302,0.4793290115108592,0.4011509637064468
mp-3288,0.0,0.30896253789185163,0.7202571910858993,1.0,0.8566968747225054,0.7333925928596183,0.5778154913032322,0.3913818692818169,0.24487526101402943,0.18370945330256502,0.1912013116927845,0.05483234419484748,0.003549969542436507,0.0,0.0,0.0,0.0,0.0,0.0,0.0,0.0,0.0,0.0,0.0,0.0,0.0,0.0,0.0,0.0,0.0,0.0,0.0,0.0,0.0,0.0,0.0,0.0,0.0,0.0,0.1773912635146846,0.25712568208190206,0.2013152217346827,0.00996400273077317,0.0,0.0,0.0,0.0,0.0,0.0,0.0,0.0
mp-32880,0.0,0.5594899603168872,0.7574970766385896,0.5624798696674776,0.15009063317448443,0.19716818012539655,0.19405674468906178,0.6998689645708217,1.0,0.8825749007795393,0.3476781468853855,0.0,0.0,0.0,0.0,0.0,0.0,0.0,0.0,0.0,0.0,0.0,0.0,0.0,0.0,0.0,0.0,0.0,0.0,0.0,0.0,0.0,0.0,0.0,0.0,0.0,0.0,0.0,0.0,0.0,0.0,0.0,0.0,0.0,0.0,0.0,0.0,0.0,0.0,0.0,0.0
mp-33526,0.0,0.09734201653316124,0.4110670832880547,0.8312719775850714,1.0,0.8102284682448396,0.5051424533748677,0.5673600192776799,0.8000659237964064,0.8974160000753277,0.8119091247418423,0.7483944126665647,0.5695566855829313,0.2993904952694287,0.2579620118627721,0.23535883808993835,0.11941976597117857,0.0,0.0,0.0,0.0,0.0,0.0,0.0,0.0,0.0,0.0,0.0,0.0,0.0,0.0,0.0,0.0,0.0,0.0,0.0,0.0,0.0,0.0,0.0,0.0,0.0,0.0,0.0,0.0,0.0,0.0,0.0,0.0,0.0,0.0
mp-33588,0.0,0.026883703184319322,0.0017928251360411333,0.07974558835072236,0.28943205788890747,0.4224338656115518,0.4540565061780886,0.3929916530645929,0.5632479229554755,0.6125696930567732,0.7444605255530649,0.96478939311734,1.0,0.7975991094969639,0.34748152834982277,0.37454819464113803,0.44454398649287413,0.4315441785454999,0.32066611095440106,0.17432417318993654,0.11400228184397662,0.1288485692357816,0.12673379088946368,0.17487114922496222,0.23503724754968666,0.25206299621070033,0.1663852637311593,0.06310903444223981,0.0037889654578930126,0.0,0.0,0.0,6.056723902665881e-11,7.343199286724562e-10,0.0,0.0,0.0,0.0,0.0,0.0,0.0,0.0,0.0,0.0,0.0,0.0,0.0,0.0,0.0,0.0,0.0
mp-3359,0.1528620468684684,0.0,0.07132691727993372,0.5653286736600001,0.8324524051187169,1.0,0.7854536060883943,0.7020573357335534,0.5341040723123348,0.41141475773880015,0.5633212723701537,0.6166251485044766,0.5599967012315479,0.4397432504058091,0.4167266566309229,0.3394075468500073,0.233517483491208,0.2648332492385747,0.2989187297931878,0.19234249493240002,0.04813127198706061,0.0,0.10118634272132093,0.13176635521824043,0.22044250780155253,0.2649393345756412,0.2735988974477856,0.1896208521061859,0.07574531124111919,0.13638967715619932,0.12167025443634419,0.05199185808124867,0.04203468672310379,0.15495531163099668,0.19219024086887776,0.12220739787889057,0.022849320513192883,0.0,0.0,0.0,0.0,1.241720592163959e-58,0.0,0.0,0.0,0.0,0.0,0.0,0.0,0.0,0.0
mp-34126,0.0,0.10485016275859756,0.23446925478775635,0.43954064688580385,0.656323027974325,0.8855311434733952,1.0,0.9295376030406429,0.6656458945258463,0.47178525472654215,0.31728380516110033,0.39055662057631707,0.3427813786207333,0.23682949866420686,0.1746189644891772,0.5290312704070944,0.717789832684578,0.6552177897731998,0.39927028948958937,0.40401712166377457,0.5682512471134581,0.41463481498816895,0.41561058865781986,0.5956721092385945,0.9164842734031032,0.6427056621310004,0.12995364905620255,0.0,0.0,0.0008097033543777916,0.0,0.0,0.0,0.0,0.0,0.0,0.0,0.0,0.0,0.0,0.0,0.0,0.0,0.0,0.0,0.0,0.0,0.0,0.0,0.0,0.0
mp-3427,0.0,0.005570389550780503,0.020718353897332897,0.04742721332523742,0.08454961136717251,0.15062522473609458,0.3137354269026949,0.4814409214868069,0.6216337892152366,0.5641147305401765,0.5101908310108756,0.5379551334408164,0.6289911678100597,0.7246843235801403,0.9314950615897721,1.0,0.8624317465382851,0.6844022089486053,0.6207247760047901,0.7157587095178235,0.6278435473724766,0.45111794149205703,0.5154917787723337,0.6669684633304599,0.7818872814721552,0.7956423000660308,0.705176929917794,0.5681180176830507,0.3879573896428333,0.3713472273387481,0.24621342161162843,0.32461106295382336,0.3793665960890985,0.5194639371813838,0.5540869244211376,0.30866779828243046,0.11549101893364058,0.0,0.23206587848291738,0.6629038568543818,0.787326235181715,0.6342388425366452,0.4407501038291399,0.4623174948251726,0.29164375026072004,0.16024595699479643,0.041393552279308035,0.0,0.0,0.0,0.0
mp-34293,0.05300822187440088,0.3185071398102844,0.7777112117173407,1.0,0.7665697068971233,0.42356109854630347,0.14783830056261862,0.2584528350050349,0.24398196329121508,0.24609006309681705,0.20103011766230774,0.21822723724792217,0.25235189814432935,0.23561723941049956,0.2381841906066025,0.2723708855641932,0.25024276630054654,0.2343884427469266,0.1765593442994383,0.34783552716754196,0.33318393196510593,0.19160005777978842,0.0,0.0,0.0,0.0,0.0,0.0,0.0,0.0,0.0,0.0,0.0,0.0,0.0,0.0,0.0,0.1224238358571042,0.2770945987939494,0.26543303356537207,0.1046291339878773,0.0,0.0,0.0,0.0,0.0,0.001692704548707107,0.013717614582345456,0.0543477084808282,0.10427420370266706,0.1012919759199632
mp-3448,0.0,0.015786199476079385,0.010227013222152227,0.029891135888299353,0.17875539781323235,0.5207897280099196,0.9759663419489606,1.0,0.7232488014610963,0.4079605066080592,0.42999434786353763,0.38237492832810266,0.39572882197685494,0.4557721332009211,0.4012205260642344,0.2615969649058851,0.19589033079159313,0.2012814793890298,0.2230956358312621,0.25467590968637516,0.3170401575596929,0.35323822404788463,0.3647331111543183,0.2431791503607853,0.1951722277193809,0.16400704025266802,0.2050319599428829,0.10025673226633162,0.011805336278622227,0.0,0.0,0.0,6.643559176440479e-06,0.0,0.0,0.0,0.0,0.0,0.0,0.0,0.0,0.0,0.0,0.0,0.0,0.0,0.0,0.0,0.0,0.0,0.0
mp-3481,0.0,0.2570372064188705,0.682664631201679,0.9141955833964331,0.9505643483536801,1.0,0.8415006297952133,0.27791424706818885,0.49370368641760687,0.9732446798322711,0.9176378562703499,0.19309123009484894,0.0,0.5514221343599135,0.0,0.0,0.0,0.0,0.0,0.0,0.0,0.0,0.0,0.0,0.0,0.0,0.0,0.0,0.0,0.0,0.0,0.0,0.0,0.0,0.0,0.0,0.0,0.0,0.0,0.0,0.0,0.0,0.0,0.0,0.0,0.0,0.0,0.0,0.0,0.0,0.0
mp-3486,0.0,0.7118884414006745,0.9941663810306091,0.9656869639429202,0.9995742376533512,0.7731659459241375,0.9221142426561579,1.0,0.9786600978470475,0.5006256991595402,0.0,0.0,0.0,0.0,0.0,0.0,0.0,0.0,0.0,0.0,0.0,0.0,0.0,0.0,0.0,0.0,0.0,0.0,0.0,0.0,0.0,0.0,0.0,0.0,0.0,0.0,0.0,0.0,0.0,0.0,0.0,0.0,0.0,0.0,0.0,0.0,0.0,0.0,0.0,0.0,0.0
mp-34932,0.03154385875926447,0.07976008451666844,0.16513315522448296,0.24271583044944914,0.3334120504567193,0.3644453089504902,0.37501377434436667,0.48105451614436,0.5876592394411203,0.6943869476988846,0.5625295953147638,0.45897520038326955,0.4986039959112143,0.5731598143698807,0.4878408627443124,0.4522893060072653,0.811444855913223,0.9549769913998797,1.0,0.7787560467851199,0.7731066068286852,0.5551919662214267,0.2322040039135207,0.4297638192260556,0.5944975678925457,0.5967383269970785,0.2606815165725281,0.00996860357909473,0.0,0.0,0.0,0.0,0.0,0.0,0.0,0.0,0.0,0.0,0.0,0.0,0.0,0.0,0.0,0.0,0.0,0.0,0.0,0.0,0.0,0.0,0.0
mp-3524,0.0,0.0023807328558890354,0.00809867221704226,0.018296344512110898,0.03410086666319486,0.058868796124366504,0.10073067407151164,0.1764048247362161,0.27024470390834243,0.32463499889463887,0.3311817079932996,0.30420409157151995,0.307044416727366,0.37156237269188097,0.5048163950613087,0.5630774475090515,0.5819716351513358,0.6575101893994509,0.7635867728708385,0.7441403158412069,0.8284101650588493,0.8898899071036533,1.0,0.7531177360300092,0.559337170313022,0.46805976825385315,0.5138692101835263,0.48034030876526074,0.43324519309228376,0.5391551647259801,0.4968660515080289,0.291590895566942,0.22556848974837168,0.2093862759271986,0.1678324171989939,0.12613057914238066,0.17563896310723734,0.27775685545500806,0.2638023394385189,0.23320663716380055,0.22155867977127897,0.2659489270487371,0.39269013860742874,0.3945936211487265,0.2591725372584666,0.026403765319301366,0.0,0.0,0.3434597496260309,0.6870884582725898,0.6380211601631309
mp-35777,0.0,0.5827553752244838,1.0,0.9506433113334753,0.555708310170512,0.3267958135673922,0.3818266270240216,0.7362979458129254,0.6996557412528724,0.6526084171046987,0.10607897509465469,0.09903385335378527,0.2659095429171786,0.2556602518076461,0.1491665827552185,0.0,0.0,0.0,0.0,0.0,0.0,0.0,0.0,0.0,0.0,0.0,0.0,0.0,0.0,0.0,0.0,0.0,0.0,0.0,0.0,0.0,0.0,0.0,0.0,0.0,0.0,0.0,0.0,0.0,0.0,0.0,0.0,0.0,0.0,0.0,0.0
mp-3589,0.0,0.018234221886838885,0.01129357894479563,0.10506263713208745,0.28785074727883975,0.431383049295877,0.47348613012857615,0.47041418836080745,0.514384511401258,0.4919083259344419,0.40796777620270097,0.38436286587944557,0.45817745942013943,0.6066522594990166,0.6080754119276497,0.4950838469596036,0.47965050273232585,0.48589860468400436,0.5806347899129106,0.5203971064726457,0.5484025425023077,0.5680555400328778,0.715583148029908,0.727820981001909,0.5904588702101808,0.5500129187165033,0.6053402026305664,0.6914486206226484,0.7230180775846237,0.469365725144394,0.3159865853356378,0.20703616956943224,0.4073321609509314,0.40821393579892634,0.23635832650860003,0.07500813917731303,0.008045317167476362,0.0,0.0,0.0,0.025031924179436015,0.17939085950950967,0.33044892142346677,0.3803889518093137,0.23571733726270605,0.2716620925206267,0.5223130324226842,1.0,0.9350988442956811,0.46488415218592727,0.0
mp-36111,0.0,0.0036083524631939333,0.012023350125774896,0.029574655054487003,0.058353880765253045,0.12359530072406451,0.27025952507319273,0.5539805493123241,0.5747807074324013,0.35805461465537836,0.2574852806137012,0.21443202330567437,0.4433041030263731,0.7091152360585447,1.0,0.7033331477805641,0.7345893388373259,0.6724149554131141,0.7176044636451051,0.44925477520690804,0.31202848307730296,0.25792913029202447,0.0,0.0,0.0,0.005898730947219091,0.0,0.0,0.0,0.0,0.0,0.0,0.0,0.0,0.0,0.0,0.0,0.0,0.0,0.0,0.0,0.0,0.0,0.0,0.0,0.0,0.0,0.0,0.0,0.0,0.0
mp-3614,0.0,0.01904965549430418,0.10311130947702675,0.17398367512319435,0.19277569380672416,0.15028986400432107,0.2690975868851841,0.6711164813852543,0.9164382843034857,1.0,0.7674096511703373,0.65381247504852,0.47104498323372546,0.3666913121543419,0.3429950088185319,0.33323265457785356,0.3121998948443628,0.2893275869039735,0.23625692906029283,0.17342915801057882,0.3113762493049445,0.3512033887280164,0.25202389639355166,0.06453057180566789,0.08189598062534952,0.23466412068932144,0.3403500065094893,0.36863860973286566,0.251011174994442,0.09741052479483187,0.0,0.0,0.0,0.0,0.0,0.0,0.0,0.0,0.0,0.0035178118627098285,0.025395305435532357,0.08159642842802854,0.14604167985451802,0.18810513619389901,0.15809308523143578,0.0865929454488922,0.018359775703031933,0.0,0.0,0.0,0.0
mp-3666,0.05026938162832266,0.0,0.04067077571942906,0.2189221563699877,0.39103982650476415,0.4714623537943115,0.5018357414405941,0.6213251475437471,0.493747543821498,0.2344768807313985,0.2252764907562206,0.5931567258281564,0.7452718995771432,0.7015037340874023,0.5347814226328461,0.47256530201899116,0.4862294118399413,0.8438587855721645,1.0,0.934969269788741,0.6747940415877732,0.4090206114674635,0.5218042535065909,0.43064251835600686,0.24560946023929356,0.0,0.0,0.06121693492477284,0.24990175582212332,0.3805832873443949,0.36602802496657066,0.28549813416469816,0.316419942019859,0.23748944614277162,0.1035791896015873,0.0,0.0,0.0,0.0,0.0,0.0,0.014670420984732788,0.20047295654393787,0.3601540266365299,0.32155761163040175,0.11795185983915535,0.0,0.0,0.0,0.0,0.0
mp-3668,0.08170708411079365,0.0,0.4064960644289693,0.8064248487867282,0.9304923133142712,0.5517348921814531,0.3071584883516277,0.20266630769216648,0.35819440202219294,0.43937925382187637,0.2819786514918424,0.04046091929904748,0.0,0.3152005599857211,0.5768129042582137,0.5991648232534051,0.454446546037173,0.7647241238883322,1.0,0.6858328880640947,0.10449452174322733,0.0,0.04335299736410964,0.0,0.0,0.0,0.0,0.0,0.0,0.0,0.0,0.0,0.0,0.0,0.0,0.0,0.0,0.0,0.0,0.0,0.0,0.0,0.0,0.0,0.0,0.0,0.0,0.0,0.0,0.0,0.0
mp-370,0.00038783514135425084,0.008997872453306481,0.3039161892208775,0.8205150158659317,1.0,0.8704491106722515,0.5551448066534332,0.4742365045598782,0.37845370089106106,0.3801539254274714,0.2920978407095414,0.3076463119768459,0.4612693189451672,0.44677269314703055,0.2136408189852068,0.0,0.05284330345509846,0.0,0.0,0.0,0.0,0.0,0.0,0.0,0.0,0.0,0.0,0.0,0.0,0.0,0.0,0.0,0.0,0.0,0.0,0.0,0.0,0.0,0.0,0.0,0.0,0.0,0.0,0.0,0.0,0.0,0.0,0.0,0.0,0.0,0.0
mp-3700,0.07087847468927845,0.0,0.08625684654068526,0.2464022145210586,0.37728780711303894,0.4743134641684335,0.4932968349762806,0.6452495390689299,0.7732991587934614,0.789793246091886,0.830740687328927,0.583698126629801,0.4464406307549156,0.44081084570980006,0.6967219678467605,0.78211020551702,0.9612323216900562,1.0,0.9501521218606115,0.7271021446891289,0.5909680169779912,0.6150954784673498,0.6162537442728904,0.4826939325000331,0.2508146061810064,0.11384249643179736,0.14048228113621486,0.13637352665099417,0.10067993776992068,0.02189648143834811,0.0,0.0,0.0,4.7303277676456683e-07,0.0,0.0,0.0,0.0,0.0,0.0,0.0,0.0,0.0,0.0,0.0,0.0,0.0,0.0,0.0,0.0,0.0
mp-37153,0.154427769215727,0.2912976880639427,0.48278186650640403,0.4346551805079772,0.6394347244905094,0.6441386192201832,0.41395557723004456,0.0,0.0,0.43836887107566525,0.6562957379636712,0.5273028403248892,0.051397719981786015,0.0,0.08510663644154384,0.4084894539621709,0.8548442026222896,1.0,0.4589933854409884,0.3053347604013645,0.0,0.0,0.0,0.0,0.0,0.1911199355489259,0.37636697285478943,0.2926590513765612,0.238980337565125,0.15207460083086835,0.44447225930606427,0.4898871707168683,0.4847346670599724,0.239572774250526,0.10494888429192266,0.009154467087255059,0.0,0.06485720687976307,0.0,0.0,0.0,0.0,0.0,0.0,0.0,0.0,0.0,0.0,0.0,0.0,0.0
mp-37216,0.0,0.29314346289342536,0.6155737180235803,0.8333607768195465,0.9642205918888906,1.0,0.8375321446152802,0.701002911952678,0.5525130492800696,0.48129308518229563,0.5711742316011832,0.7659149499219691,0.8596260937690209,0.5464589822472599,0.19560027859387397,0.0,0.0,0.0,0.0046607181147965025,0.14147935070261658,0.30086725341547654,0.300867115172118,0.4478721581295986,0.42219558738179414,0.4410236703090717,0.42711288724331437,0.3544173458970131,0.24677521648445702,0.0,0.0,0.0,4.3190736236315095e-09,2.7356766987191873e-09,0.0,0.0,0.0,0.0,0.0,0.0,0.0,0.0,0.0,0.0,0.0,0.0,0.0,0.0,0.0,0.0,0.0,0.0
mp-3731,0.0,0.010948641913379256,0.01834525319763336,0.03800529550657421,0.17311536703003017,0.3465146469739252,0.46303772909345253,0.4707087624277998,0.5530684193058736,0.5166711725502764,0.4817746935984228,0.5954422055653863,0.7332571783142229,0.7514989095113059,0.693392576764841,0.6646916667088744,0.7476551745676479,1.0,0.955747662537178,0.8358223812852648,0.5223429788694676,0.5406503310273008,0.45601270614919875,0.2747836575782198,0.06016970567424529,0.0,0.0,0.04638732456994984,0.21373683648370112,0.3416399229120625,0.359973721825316,0.26069786529367456,0.31071462486329204,0.2831334544189429,0.17588885435404994,0.041636615961027364,0.0,0.0,0.0,0.0,0.0,0.10471692339962958,0.36353376393401343,0.4102794042120967,0.22632046399068909,0.0,0.0,0.0,0.0,0.0,0.0
mp-3748,0.0,0.020996684790462402,0.012517904176343546,0.0,0.5456282898665082,1.0,0.9354108675274267,0.3927038416190179,0.0,0.17221096368636532,0.29393674621669397,0.3920876458498817,0.33296893292028756,0.21034431180345275,0.221577122271046,0.40848798697489885,0.4449995781165152,0.33483385076557615,0.22362014708071104,0.17843653603801896,0.3108965149354696,0.490775582983897,0.559893789295127,0.4747178652348833,0.40506721275048746,0.7447675577409485,0.9105019253408512,0.7224067503386017,0.2774358364545408,0.11656610346700683,0.30261215423839666,0.3027880875483917,0.3908139146202064,0.4594394381682783,0.5056497914836762,0.43952836360950426,0.3119915817218898,0.29997279894918644,0.18684144505071743,0.10297726299334456,0.035608850220853826,0.0053493755293183886,0.000714762707200459,0.001173584200142331,0.0,0.0,0.0,0.0,0.0,0.0,0.0
mp-3772,0.0,0.13749850409295597,0.611361407755976,1.0,0.8809927086692206,0.48748667767730275,0.2383934457911264,0.35608949685612923,0.6410579482018797,0.7416295861270973,0.5555877350619897,0.6583667195665793,0.779288950063121,0.6218321662883048,0.14836115248004617,0.0,0.28141286317099745,0.0,0.0,0.0,0.0,0.0,0.0,0.0,0.0,0.0,0.0,0.0,0.0,0.0,0.0,0.0,0.0,0.0,0.0,0.0,0.0,0.0,0.0,0.0,0.0,0.0,0.0,0.0,0.0,0.0,0.0,0.0,0.0,0.0,0.0
mp-37906,0.0,0.0011022988667109194,0.004076431043967425,0.009439620019540072,0.01770569420854837,0.029909174988893276,0.046151443545497814,0.059687903115448526,0.21028664272390676,0.3744068858613496,0.45432695039814003,0.43428181376391356,0.39268128614149217,0.319602619973769,0.22982153028107558,0.19820676983314545,0.20917643551964113,0.1295538518769671,0.029007319495940355,0.0,0.2634152023028114,0.7454562501810781,1.0,0.9491342000792329,0.7633652697599926,0.7821335057033688,0.5156405117864711,0.3073954155185449,0.2539919457800522,0.27193754090284405,0.29075918689620006,0.17104138870008218,0.06994471577040856,0.0,0.0,0.0,0.0,2.137641555159644e-33,1.3361047513734362e-33,0.0,0.0,0.0,0.0,0.0,0.0,0.0,0.0,0.0,0.0,0.0,0.0
mp-38011,0.021951518281766516,0.05924607842257524,0.28445707841685425,0.5196350559042289,0.6717867093004012,0.8167101298895398,1.0,0.8489392690902318,0.43730605787911847,0.03541966638832095,0.00779038295916025,0.0,0.0,0.0,0.0,0.008846151371119706,0.10406605049515101,0.21606698460061494,0.2720348237115288,0.2452622517969234,0.3199854034127307,0.27221125142025887,0.15080202649984106,0.0,0.0,0.0,0.0,0.0,0.0,0.0,0.0,0.0,0.0,0.0,0.0,0.0,0.0,0.0,0.0,0.0,0.0,0.0,0.0,0.0,0.0,0.0,0.0,0.0,0.0,0.0,0.0
mp-3810,0.08402547356956586,0.0,0.3475773161032496,0.815960788183974,0.9799843379867742,0.723911310721996,0.5278336716801507,0.41159389420183995,0.4125962582038642,0.3154596712516139,0.15148864221970623,0.43339957281713637,0.6696724133612147,0.621632200877534,0.525508704679281,0.610519428518245,0.852262164862029,0.5966381348274403,0.548305942486144,0.543341473741958,0.5228819902610115,0.28270641572179517,0.0007140873855718147,0.10147535969497165,0.3720609488095203,0.6089253130280393,0.6996631549845408,0.6627921192965078,0.6401240725374956,0.7743401258754591,0.7383253748251598,0.46049549153022606,0.3786386817464057,0.48105746371572045,0.8721509646765006,1.0,0.7435064865364387,0.22130412820007855,0.02753787074478154,0.0,0.0,0.0,0.0,7.332197542129363e-75,0.0,0.0,0.0,0.0,0.0,0.0,0.0
mp-38117,0.0,0.42999609144698003,0.8251367015366659,1.0,0.8361770797899968,0.7129337474925559,0.44355626647759566,0.3354519366571034,0.2754606430095755,0.4400388794800866,0.5492943451304956,0.3555556941119022,0.11261804234575354,0.0,0.0,0.0,0.0,0.0,0.0,0.0,0.0,0.0,0.0,0.0,0.0,0.0,0.0,0.0,0.0,0.0,0.0,0.0,0.0,0.0,0.0,0.0,0.0,0.0,0.0,0.0,0.0,0.0,0.0,0.0,0.0,0.0,0.0,0.0,0.0,0.0,0.0
mp-3813,0.015685738487656593,0.33242165184876543,0.6783739375864113,0.975780835649315,1.0,0.920472041249867,0.7277672241988528,0.48676113279492983,0.44649067058078884,0.4396871059874643,0.354407470240093,0.21300959205589814,0.10802769824729096,0.2653356385119827,0.32841843592265774,0.2542098058733984,0.022587052815470014,0.08179020106480274,0.1615970167447696,0.1563251490585867,0.047525859202603146,0.041733299843587854,0.1556735154079945,0.13642042694838585,0.03586865900930932,0.0,0.0,0.0,0.0,0.0,0.0,0.0,0.0,0.0,0.0,0.0,0.0,0.0,0.0,0.0,0.0,0.0,0.0,0.0,0.0,0.0,0.0,0.0,0.0,0.0,0.0
mp-3821,0.0,0.14364915308500995,0.33512002498767773,0.704505317994523,1.0,0.9719051162483408,0.6079071419833166,0.1513175331761169,0.08230511562790342,0.26245007059690667,0.5015564246958837,0.5917154396678247,0.5340353485334405,0.535477128813284,0.3750184824683989,0.13654557733282563,0.0,0.0,0.0,0.0,0.0,0.0,0.0,0.0,0.0,0.0,0.0,0.32795782716622807,0.6962580508948221,0.7218414393519242,0.3032141889937307,0.03417674398247329,0.0,0.0,0.0,1.4727700308530458e-23,2.1744134109516188e-23,0.0,0.0,0.0,0.0,0.0,0.0,0.0,0.0,0.0,0.0,0.0,0.0,0.0,0.0
mp-3834,0.0028056392455947953,0.0,0.04217194664236165,0.6757064729789665,1.0,0.9369634310916969,0.5723439136554331,0.5104373751015484,0.550581275074315,0.5108511622620951,0.5195513688042711,0.4536629933067478,0.4435271499030969,0.5307623189012468,0.524366390075999,0.4326458675506649,0.3339711040416883,0.1894447346497649,0.1644710724126514,0.2476041104845326,0.2900530481249866,0.1616462591543157,0.0,0.03938606911195253,0.23298091685494676,0.40440382043170936,0.4705577256704375,0.2901443080034337,0.1243388209316832,0.0,0.0,0.0,0.0,0.0,0.001977986790351406,0.05644976351327682,0.1344423782315049,0.2069735630262943,0.20295378663403266,0.12670656540329786,0.039297945106904576,0.0,0.0,0.0,0.0,0.0,0.0,0.0,0.0,0.0,0.0
mp-3839,0.0,0.08854743225728619,0.5727492061246423,0.8179299432409831,0.5595335663983377,0.29065566569308526,0.23340380948500208,0.3986138660586971,0.5941189152774232,1.0,0.9866080721862432,0.41747559900907244,0.0,0.0,0.0,0.0,0.0,0.0,0.0,0.0,0.0,0.0,0.0,0.0,0.0,0.0,0.0,0.0,0.0,0.0,0.0,0.0,0.0,0.0,0.0,0.0,0.0,0.0,0.0,0.0,0.0,0.0,0.0,0.0,0.0,0.0,0.0,0.0,0.0,0.0,0.0
mp-384,0.0059924574603056535,0.003864292589246346,0.037419504137162725,0.1588577650656732,0.33936162143676485,0.6204006966779769,0.9021586515121891,1.0,0.8282919413586592,0.5495475588878234,0.5236057797804771,0.550198137872579,0.6208494688619759,0.4493228147287258,0.3347607820765559,0.3678323931942979,0.54949954885098,0.5245659927531794,0.21587048145816265,0.3253428983025862,0.8130152182971346,0.9119645849246767,0.8621207571587646,0.696535564007882,0.6063842956061148,0.24792792904379618,0.0,0.0,0.011489169589284544,0.0,0.0,0.0,0.0,0.0,0.0,0.0,0.0,0.0,0.0,0.0,0.0,0.0,0.0,0.0,0.0,0.0,0.0,0.0,0.0,0.0,0.0
mp-38970,0.0,0.2771428207588681,0.8008659460639712,1.0,0.6050304712651872,0.4125262796072714,0.2731219281897672,0.25840497854580696,0.39100182803425804,0.6237629116379535,0.8065272819903803,0.46346298080160003,0.19369983503919372,0.0,0.0,0.0,0.0,0.0,0.0,0.0,0.0,0.0,0.0,0.0,0.0,0.0,0.0,0.0,0.0,0.0,0.0,0.0,0.0,0.0,0.0,0.0,0.0,0.0,0.0,0.0,0.0,0.0,0.0,0.0,0.0,0.0,0.0,0.0,0.0,0.0,0.0
mp-3915,0.0,0.36006229304087267,0.7743735237279816,1.0,0.8214182868421238,0.6203105492482197,0.4292880001207664,0.21073909861470688,0.1267984794707371,0.2772336385563684,0.422503808273804,0.5243075084141028,0.45517010226953236,0.4223646502244986,0.3086579939077465,0.1622230349161115,0.19037708072602919,0.061222331836535304,0.0,0.0,0.0,0.0,0.0,0.0,0.0,0.0,0.0,0.0,0.0,0.0,0.34761254732236035,0.5474751502964568,0.46593944485241373,0.08499173094443788,0.011097786412295571,0.014918207894366006,0.0031572216919760546,0.0,0.0,0.0,0.0,9.525831949782927e-62,8.196266499966743e-62,0.0,0.0,0.0,0.0,0.0,0.0,0.0,0.0
mp-3924,0.0010215819281634564,0.0017293741281337986,0.010673698714127067,0.025527513844149436,0.04353580234578691,0.06612632243602398,0.09662682454500753,0.1223152356738238,0.13902005779659268,0.14028129507880552,0.1835451786952354,0.3640676289609256,0.5276648295850229,0.5386371772347974,0.38802538121736607,0.3215987245190174,0.29985582022160073,0.43039603360613243,0.5534344335455774,0.43932727334992006,0.39942044114210484,0.4325907360388988,0.7806749220167719,1.0,0.8111198280495909,0.47922094243529195,0.37784509017797174,0.3489229611584469,0.2940630288354201,0.17522160696575154,0.14736097491068645,0.10374558631571862,0.0693054441605177,0.04311896169943864,0.026469235506268934,0.012144462392280298,0.0021962937574890465,0.0,0.0,0.0,0.0,0.0,3.46016240987327e-56,0.0,0.0,0.0,0.0,0.0,0.0,0.0,0.0
mp-3953,0.0676914360438986,0.0,0.06762655561081,0.28629790504499414,0.4997337441198894,0.6836277717269035,0.7403134992614937,0.7451142791577607,0.7111591528614865,0.6379678120463032,0.5927536550964129,0.47515328723520417,0.299795846729757,0.5193547944767107,0.9200728415482239,1.0,0.61334198540758,0.10681798320360313,0.05893933434529656,0.0376573820446353,0.008102521187279648,0.0,0.0,0.0,0.0,0.0,0.0,0.0,0.0,0.0,0.0,0.0,0.0,0.4816169464086723,0.8584791527466141,0.7691801752605012,0.2137252256463377,0.0,0.0,0.0,0.06000614651397771,0.36552285889349917,0.43805619823023906,0.27750894565447215,0.0,0.0,0.0,0.0,0.0,0.0,0.0
mp-3970,0.09776122146693028,0.0,0.20628492167695325,0.6174358473901962,0.992733569177253,1.0,0.6662810936021598,0.44284890105525776,0.33518113045348,0.25616086881470007,0.0627204513852974,0.013576906514294733,0.09496634160955106,0.4600035828847388,0.6718592462913162,0.5175520283435584,0.13155483069346038,0.0,0.0,0.0,0.0,0.0,0.11728320651934944,0.2427186462179995,0.22543500190550686,0.0708137049205034,0.03706855357322126,0.1353404922533142,0.2756096654793872,0.3055795337177765,0.21403603191565607,0.13668906754027432,0.039271197503778596,0.04887375269171619,0.009809358242710063,0.0,0.0,0.0,0.0,1.7361806493669775e-40,0.0,0.0,0.0,0.0,0.0,0.0,0.0,0.0,0.0,0.0,0.0
mp-3980,0.052556693822486546,0.0016997451593188362,0.30443514184584214,0.7316715445776892,0.9816940720313685,0.7171511896797903,0.21500946734568294,0.0867545762121326,0.5014994801446224,0.581535719906433,0.5213389873464419,0.44919090354362634,1.0,0.9645254482759522,0.7011737964213058,0.3609081709354931,0.3935845662588525,0.3219109991062582,0.17816811529025184,0.05619613682722069,0.0,0.0,0.0,0.0,0.0,0.0,0.19919991529910447,0.398141703016481,0.3368102748291119,0.1834963984845651,0.49331709609888125,0.6855448802135113,0.6043410835016865,0.09302958160014296,0.10952321725166238,0.0,0.0,0.0,0.0,7.763387631916304e-47,8.817998257367442e-47,0.0,0.0,0.0,0.0,0.0,0.0,0.0,0.0,0.0,0.0
mp-3982,0.0,0.06265425107287866,0.21418813437971146,0.3901960699440029,0.5643593381313077,0.6976392582768347,0.9065854001676955,1.0,0.8769619402568655,0.5647519151950657,0.4463150581693796,0.4089599127878287,0.3625658331969316,0.24828167698030879,0.15673331817082112,0.2022811807659166,0.2446788626614116,0.22289796324275582,0.12099583174981146,0.029970032405646375,0.0,0.0,0.0,0.027379827018202792,0.1149029795309826,0.21821346959210247,0.2910935483955911,0.23945948246953863,0.01570570706215468,0.2735191614447818,0.5859553368879579,0.7004962924322035,0.525000175467937,0.4386287798294815,0.31083837512593643,0.1508081821530261,0.0,0.0,0.0,0.0,0.0,0.0,1.7097167511086888e-65,5.224846513099715e-67,0.0,0.0,0.0,0.0,0.0,0.0,0.0
mp-4002,0.0006396015986476,0.010761153124997314,0.03349329824078228,0.17991551449212506,0.3695783713966221,0.5299644298550277,0.755754516444839,0.8673665432880364,1.0,0.9424378685840284,0.8948098673698077,0.7866379638991028,0.7952251004644229,0.9175080378790201,0.8822429040944278,0.7611634043724166,0.4411399079609555,0.4732835934299395,0.4042429882657632,0.3793106873709079,0.17817984127455652,0.2724824852149062,0.4081096565752211,0.5146368510745061,0.49718036905652646,0.40422881679207734,0.2792404634399631,0.20525669727360216,0.3303204170717424,0.390932265792957,0.2648632790519564,0.023581105947632647,0.0,0.0,0.0,0.0,3.2787934047917974e-24,7.167564622286329e-25,0.0,0.0,0.0,0.0,0.0,0.0,0.0,0.0,0.0,0.0,0.0,0.0,0.0
mp-4009,0.0,0.18034424835273039,0.6221318145600443,0.9832470898448669,1.0,0.6305029123045105,0.31120023989333867,0.08436913991006467,0.11086072970827393,0.21643624485460475,0.4068049407640128,0.6122697778525661,0.6277711272441011,0.7232519998465217,0.5325683006245192,0.4896162486573915,0.27493346476953906,0.23458170409421328,0.08942106764420764,0.0,0.0,0.0,0.0,0.0,0.0,0.0,0.0,0.0,0.0,0.0,0.0,0.0,0.0,0.0,0.0,0.0,0.0,0.0,0.0,0.0,0.0,0.0,0.0,0.0,0.0,0.0,0.0,0.0,0.0,0.0,0.0
mp-4047,0.07588440588934091,0.08374849823781666,0.5351520581278923,1.0,0.9689055774840122,0.5633324131156526,0.12033247476938255,0.0,0.0,0.0,0.0,0.12135293895913657,0.3317020423477772,0.34965863815487386,0.1752227262279314,0.0,0.0,0.0,0.2755682603142665,0.36398599351221633,0.21812644822911453,0.0,0.46209205471107906,0.594273474331771,0.4046655292932508,0.0,0.0,0.0,0.0,0.014062527358901698,0.09960994796759126,0.12102669237001146,0.07830274715517087,0.0,0.12629685250468942,0.2431528145457885,0.2948100293088824,0.16634663190577806,0.058861416375529406,0.0004335891158796582,0.0,0.0,0.0,0.0,2.9836312751228497e-84,3.3873756314588526e-84,0.0,0.0,0.0,0.0,0.0
mp-406,0.0,0.683024167307498,0.7448282612194611,0.4682616111194309,0.13505377361588902,0.11909601464199866,0.7585506856594628,1.0,0.8101776543229374,0.24217298518772407,0.0,0.0,0.0,0.0,0.0,0.0,0.0,0.0,0.0,0.0,0.0,0.0,0.0,0.0,0.0,0.0,0.0,0.0,0.0,0.0,0.0,0.0,0.0,0.0,0.0,0.0,0.0,0.0,0.0,0.0,0.0,0.0,0.0,0.0,0.0,0.0,0.0,0.0,0.0,0.0,0.0
mp-4124,0.0,0.015718807204198968,0.04461970929858129,0.07962907491886771,0.1423173894396904,0.26764817444413,0.3720317463214419,0.35575205937468857,0.22489687934593477,0.21290876738330192,0.3748013038273652,0.566882507800047,0.8285709352593035,1.0,0.8173457040540454,0.4167470057326927,0.20331192359524894,0.2730934921037455,0.18324730937457404,0.01978562065245627,0.0,0.0,0.0,0.0,0.0,0.0,0.0,0.0,0.0,0.0,0.0,0.2828933920467528,0.648913206729956,0.6428333018450108,0.2646529003747436,0.0,0.0,0.0,0.0,0.0,0.0,0.0,0.0,0.0,0.0,0.0,0.0,0.0,0.0,0.0,0.0
mp-4156,0.0,0.05380807817453689,0.12890975790088272,0.21815216016384992,0.2920286789143319,0.3557925291015403,0.3996233959795601,0.40678702100960057,0.43457019768283833,0.6364783341191189,0.9268989954563555,1.0,0.9930315211113482,0.8150520414239115,0.8489886400379784,0.8065659080523965,0.7805587505650541,0.7599094758423228,0.6577165213345746,0.6922979917963424,0.7807842300539207,0.7865811802459006,0.765578402570242,0.646204702208355,0.4834616372768115,0.38579553241275527,0.4092164869650395,0.5416986210575024,0.48998531154480085,0.313677445936335,0.07325304007960574,0.0,0.03476552244082279,0.09290973557970943,0.14791652076795933,0.12918910700191064,0.15012120219226907,0.18372312606005853,0.1726116997735975,0.09103036369774704,0.006193830340814826,0.0,0.0,0.0,0.0,0.0,0.0,0.0,0.0,0.0,0.0
mp-4187,0.005914260639382872,0.0053440399991444044,0.05292537541345621,0.14656628430475457,0.2897983987442487,0.42252725413220854,0.5258133950131642,0.6137186022050202,0.6709539684650722,0.7904943299467305,0.8129301546363229,0.6998040541714707,0.5817398797069643,0.6378630219316321,0.7289145416531048,0.6445650919805955,0.45576236949236915,0.28805976496505326,0.37973225115655257,0.5080923753426643,0.476143416438275,0.2549231270307011,0.0,0.3124333330177727,0.4749095697531911,0.3604437494803272,0.023359273182417987,0.0,0.0,0.0,0.0,0.0,0.0,0.0,0.0,0.0,0.0,0.23207554810112943,0.7050368269128756,1.0,0.8549159946985619,0.40579653341326716,0.39984543900144814,0.6301803555976577,0.7471685143658403,0.4767451371946504,0.13232298987120913,0.013212069689206022,0.0,0.0,0.0
mp-4190,0.008143559087576462,0.0068489322873767355,0.05337319638270992,0.20312024050759359,0.45711398293840727,0.635965293534991,0.8003671475927203,0.7587063633576848,0.6845162586997043,0.6792179326345845,0.7876130078879341,0.9259342715247874,0.9410588051589702,0.8784792445914794,1.0,0.9970567955565786,0.8986861536211901,0.5699864745725443,0.16380782307117672,0.13201038400120801,0.40611717573341577,0.7309204662963071,0.7399129136886399,0.7763341726181876,0.7152968990046438,0.5918999083180977,0.4520823650540198,0.3542917390918677,0.5561245879874548,0.8923911599852805,0.8456641390085966,0.48569972915707893,0.08221202154969322,0.0,0.0,0.0,8.188538784183197e-24,9.320480028830357e-24,0.0,0.0,0.0,0.0,0.0,0.0,0.0,0.0,0.0,0.0,0.0,0.0,0.0
mp-422,0.0,0.0018709010232991967,0.006570478958182234,0.015112893206542946,0.028731773421575575,0.049755506683862666,0.08160094596656489,0.1620031107933495,0.26778053094801885,0.3702821323069728,0.4504142474099054,0.44834925693657474,0.38872973241848346,0.30965325501281205,0.21808017214742006,0.19744258985055055,0.30833015427315974,0.35807459475694964,0.23813264868726342,0.020390561555158258,0.0,0.0,0.0,0.0,0.0,0.0,0.49924575345389166,1.0,0.9304779395570342,0.46706385151386587,0.20485931173898503,0.3746725052686435,0.28934767139504375,0.15472197641332858,0.049565016696975744,0.0,0.0,0.0,0.0,1.7346802051985856e-45,3.778092476627231e-46,0.0,0.0,0.0,0.0,0.0,0.0,0.0,0.0,0.0,0.0
mp-4236,0.03634736398941464,0.0066325509315489275,0.36228085069075555,0.8593381331640411,1.0,0.8683836018003342,0.6852865106122883,0.6381000639856672,0.7016255824252947,0.5603654385385808,0.829651504830269,0.8441255638960427,0.846326228546696,0.7735060998075891,0.646846431728321,0.3224508469706853,0.15259923249616492,0.32814347926313225,0.2579875290903224,0.1144650233068268,0.0,0.0,0.0,0.0,0.11896570692226638,0.3501755521881551,0.4229591789508963,0.24541228129992412,0.10414329347935122,0.20906054971413876,0.393682805356582,0.2962481532422402,0.1286670240881589,0.0,0.0,0.0,4.8535047783469275e-28,5.519312597780102e-28,0.0,0.0,0.0,0.0,0.0,0.0,0.0,0.0,0.0,0.0,0.0,0.0,0.0
mp-4280,0.04802482841763163,0.0,0.00415849036092237,0.41521626970452635,0.9697656401641808,1.0,0.7217033140936233,0.4767676922452084,0.5729218233181049,0.5139044079455866,0.4743729037195599,0.504618003534312,0.3827668478748497,0.24830818247148587,0.24896022593154832,0.3039681873555632,0.3490017938248045,0.4210672237286432,0.47897239307451067,0.4998960739321466,0.4340895495802309,0.5362988290725833,0.7127196158669027,0.6408418347481627,0.4812200155450264,0.4830890844718356,0.4233665321207285,0.24991992678752062,0.0,0.02373132077047382,0.3308241682687252,0.4698872343298565,0.45911055468281947,0.34173086429785005,0.37020023038807404,0.31233946568871573,0.1511741063272383,0.056083163205137364,0.011086946725374894,0.0,0.0,0.0,0.0,0.0,1.4425239387569566e-86,4.402669748818753e-88,0.0,0.0,0.0,0.0,0.0
mp-4342,0.016007006047508963,0.0194484045782308,0.041713583101406715,0.0649916386002339,0.09073136523287798,0.1120836315565336,0.38617378950913656,0.7867342739730406,1.0,0.8555763552918756,0.5253349421423953,0.4788633849181037,0.4416445363421446,0.3915374116033241,0.35471254812994407,0.393294943479677,0.4462274080775338,0.3900413193925713,0.27351400916982327,0.2448608273024821,0.31001398842017663,0.3114528902008454,0.26693938552564755,0.2417820402831461,0.2319374342416157,0.1593502687378233,0.025479943695479956,0.015458154660554894,0.09847264071682428,0.1709174534084375,0.20112332671270408,0.12954961876972837,0.05116910070909288,0.0,0.0,0.0,0.0,0.0,0.0,0.007399952354357213,0.04660455162694583,0.13476349609042382,0.2113688344647815,0.19238767223812323,0.10040464808001745,0.010410050782611363,0.0,0.0011007721706436388,0.0058606877730799116,0.0,0.0
mp-4385,0.06330150947239006,0.0,0.12461380925051135,0.46568987061041517,0.7840277837989842,1.0,0.9622034991291947,0.8169270204856025,0.7981920251233757,0.7926675032523438,0.6395694009301799,0.23471268830651293,0.200504914074355,0.5078294980095938,0.7616800265138188,0.7723947910254567,0.618881775003657,0.38310366956663217,0.14297605709879696,0.0,0.0,0.0,0.0,0.0,0.0,0.0,0.0,0.0,0.0,0.0,0.0,0.0,0.0,0.41394751649260764,0.9184524974502726,0.9058323446344266,0.37608702854724596,0.0,0.0,0.0,0.3640291449534664,0.491097727826448,0.3596037202677004,0.0,0.0,0.0,0.0,0.0,0.0,0.0,0.0
mp-4406,0.0,0.017817570388353254,0.04645616036058712,0.10719561003939279,0.2912632308367406,0.5381053243721959,0.7950754801430988,1.0,0.9047913940563599,0.8717889086581545,0.8148149112952431,0.7330724718428067,0.5671717614083978,0.35595971254170694,0.20249106612380882,0.06495490699089786,0.027894004633057867,0.0,0.0,0.23702444401544281,0.35128351860271706,0.2718868602577042,0.0,0.19749702331130325,0.34727489251871135,0.28346759866162863,0.0,0.0,0.5169092588626176,0.7016940666698149,0.4467961455029847,0.08055528406219287,0.28590388059538985,0.3444663822245019,0.18079386635305125,0.0,0.0,0.0,0.0,0.0,0.0,0.0,0.0,0.0,0.0,0.0,0.0,0.0,0.23213416223575453,0.35822997558554176,0.29440249680580227
mp-4452,0.04766969667908974,0.010453522579745281,0.3435417005105809,0.7564234928207305,0.8108837091520765,0.7498669758894762,0.506342599374499,0.372571711503966,0.16127390517987683,0.02948780444630547,0.22473125159765858,0.5632234941080442,0.6381465414478324,0.30971067002618174,0.19764898311453075,0.3332461379949021,0.7873783688221898,1.0,0.7778954356573009,0.3698122986940684,0.0,0.0,0.06429496971959098,0.0,0.0,0.0,0.0,0.0,0.0,0.0,0.0,0.0,0.0,0.0,0.0,0.0,0.0,0.0,0.0,0.0,0.0,0.0,0.0,0.0,0.0,0.0,0.0,0.0,0.0,0.0,0.0
mp-4495,0.0,0.058768578353869914,0.2702001371203004,0.5990764318103983,0.9419988008133459,1.0,0.67135889469427,0.18801321187894132,0.0,0.0,0.0,0.0,0.10146195953992061,0.4285906131255255,0.522297258434298,0.4555633248022098,0.22405758213261573,0.14218011707876554,0.021237077185431944,0.0,0.0005173963078805121,0.0,0.0,0.0,0.0,0.0,0.0,0.0,0.0,0.0,0.0,0.0,0.0,0.0,0.0,0.0,0.0,0.0,0.0,0.0,0.0,0.0,0.0,0.0,0.0,0.0,0.0,0.0,0.0,0.0,0.0
mp-4511,0.0,0.01801051625927511,0.0518327566208867,0.1640054830531684,0.4128936340504853,0.7030336145216027,0.6930857483589564,0.435947944937257,0.3384060416024709,0.7635151683919952,1.0,0.6713733499074718,0.3167633297603425,0.15240924859651464,0.41411144995729793,0.3997026550879788,0.44394595402493575,0.39409154454000606,0.32872017397014347,0.16405246319368127,0.0,0.1685552783482276,0.372618268933433,0.3883532498173738,0.20151078841456208,0.04225422595440237,0.0,0.0,0.0,0.0,5.47658315322678e-07,0.0,0.0,0.0,0.0,0.0,0.0,0.0,0.0,0.0,0.0,0.0,0.0,0.0,0.0,0.0,0.0,0.0,0.0,0.0,0.0
mp-4547,0.06333229790450229,0.0,0.11436164952064062,0.5672616519213785,0.949692395893161,1.0,0.6124240319335407,0.1754231308411837,0.23450956172625148,0.3230464386222709,0.3016723717388191,0.10581342145910941,0.0,0.015248801695923662,0.28130323047271294,0.4671315780379878,0.45601836392011325,0.2648751878807318,0.18502128733696335,0.15951937578528252,0.12126634535994381,0.08758156895661352,0.1435855282435564,0.22397281973392902,0.2799168319257348,0.18260422642634686,0.05734987985685261,0.0,0.0,0.0,2.8382720377840595e-07,0.0,0.0,0.0,0.0,0.0,0.0,0.0,0.0,0.0,0.0,0.0,0.0,0.0,0.0,0.0,0.0,0.0,0.0,0.0,0.0
mp-4555,0.0,0.023791508369966248,0.03088380723048586,0.09917358330081175,0.30620143551773615,0.45663229329650035,0.4640878092571515,0.47503131612770183,0.6101757468087698,0.8454617896872293,0.731851807776928,0.42965494563560197,0.6381902992656124,0.686637125204475,0.6763851375247384,0.5501306674839715,0.732170483427171,0.7597355216633047,0.48619605153871903,0.3848017382777539,0.4633988796696285,0.47197241819365693,0.28731314214952264,0.2149401106493628,0.32807996367335446,0.5478933314137105,0.48505815818258363,0.28273460623387386,0.3346411992033665,0.7214458089304178,1.0,0.7987743745422701,0.48859837005533574,0.3631106410311745,0.5032091153349161,0.8824495792238624,0.9152923435791123,0.7380996703092928,0.08970833596542452,0.0,0.0,0.0,0.0,0.0,8.258678226551967e-95,1.4564982022968754e-92,0.0,0.0,0.0,0.0,0.0
mp-4586,0.0,0.2532584761100373,0.6396582404334752,0.878835952380735,0.634420450673947,0.39711580675377767,0.25055865046493275,0.16769488953495995,0.07428140459737398,0.0,0.0,0.0,0.0,0.08183586196018688,0.653551806940259,1.0,0.9621650556842066,0.4506680881682932,0.20158291411525964,0.0,0.0,0.029110149543435576,0.0,0.0,0.0,0.0,0.0,0.0,0.0,0.0,0.0,0.0,0.0,0.0,0.0,0.0,0.0,0.0,0.0,0.0,0.0,0.0,0.0,0.0,0.0,0.0,0.0,0.0,0.0,0.0,0.0
mp-4609,0.0,0.010033507757364644,0.023850682404400754,0.08877652675954437,0.1946518255999552,0.3175653380043098,0.5655167327213538,0.6817049320970506,0.69764389879748,0.5929153217356404,0.5589279388581866,0.622917884419123,0.7426375879268422,0.6787979240198012,0.43924658994344573,0.3911934655945747,0.7165389327318956,1.0,0.946662945396469,0.535518633823801,0.20976580338025955,0.17772097912417403,0.39228500002338823,0.42346001342946077,0.5316588716119546,0.608505002492856,0.5381697690323981,0.23313867836508123,0.0,0.00616974142489329,0.20531634988529748,0.34057752507166267,0.31018505972270266,0.1265092616780396,0.026545656942378804,0.0,0.0,0.0,0.0,0.0,0.0,0.0,0.0673386307951165,0.24288439188600866,0.3163407008976846,0.5282195635004804,0.6989756412251681,0.7019915709616447,0.42293690068741563,0.23031006406840315,0.19709871111675553
mp-4627,0.0,0.004444750768735568,0.016303188371979725,0.03834752865280778,0.07421534130765459,0.12849215178085127,0.25194457464423725,0.42021596468914957,0.7044216592950913,0.8862320542518918,0.7222448778974107,0.5407234968226218,0.6089969000229682,0.8643400305799839,0.9650346488535566,0.612930901547717,0.4805950967539626,0.6865785653111771,0.9868335172784238,1.0,0.5866370660118224,0.26144226076862553,0.0,0.0,0.019857299702926094,0.0,0.0,0.0,0.0,0.0,0.0,0.0,0.0,0.0,0.0,0.0,0.0,0.0,0.0,0.0,0.0,0.0,0.0,0.0,0.0,0.0,0.0,0.0,0.0,0.0,0.0
mp-463,0.0,0.01934662988483536,0.04159889307917842,0.11462332060126723,0.36287796163853125,0.583640921804143,0.522812860076867,0.45214360470127446,0.8279723697391673,1.0,0.704678882529389,0.2185378563093183,0.15675296857115692,0.16218930883191418,0.11082316019689165,0.05193172798762753,0.015377692745267105,0.0,0.0,0.0,0.0,0.0,0.0,0.0,0.0,0.0,0.0,0.0,0.0,0.0,0.0,0.0,0.0,0.0,0.0,0.0,0.0,0.0,0.0,0.0,0.0,0.0,0.0,0.0,0.0,0.0,0.0,0.0,0.0,0.0,0.0
mp-4666,0.18633321120540727,0.0,0.3880021954891678,0.9827286927069268,0.9866545655974801,0.4089881868049734,0.2614391438186227,0.37711343595495417,0.41050554176370185,0.2524537831091776,0.16051484088857337,0.36729115903608367,0.4953157828809912,0.6363161232952781,0.8025339879245618,0.6612762274970778,0.40633827676798356,0.26174703018861206,0.32732157931934563,0.14670775858830123,0.0,0.11801862603615662,0.5206386818692996,1.0,0.8762256104777807,0.3726493763463212,0.0,0.0,0.00023266101318010618,0.001556402214591611,0.0,0.0,0.0,0.0,0.0,0.0,0.0,0.0,0.0,0.0,0.0,0.0,0.0,0.0,0.0,0.0,0.0,0.0,0.0,0.0,0.0
mp-468,0.0,0.008932411007776338,0.02009907197236499,0.04192076594841956,0.12214630229613874,0.33515511202937365,0.6265907818220133,0.8739565838076118,0.8535571673207468,0.7228489374949401,0.6162102206755278,0.714714107378962,0.8483736214151537,0.8562101865665603,0.8499830523073546,0.9248951795678694,1.0,0.8852758793468036,0.5831339102108396,0.3720694239134654,0.25376013444311096,0.259972600138916,0.33916617555228,0.40102643498119933,0.3701925792827425,0.3620344900905233,0.33469224498857947,0.5255148478304815,0.5869734265292106,0.604943980431952,0.5982955227302099,0.6595551827217777,0.5082300761066306,0.2502677953870132,0.1594001970527521,0.39280027409640544,0.42486779405162045,0.29086964306643365,0.14066693887697906,0.07224009022034687,0.017572578832958114,0.0,0.0,0.0,0.0,0.0,0.0,0.0,0.0,0.0,0.0
mp-4690,0.0,0.1935492258215001,0.6749893576804532,0.9798485208967576,0.9682578464210629,0.9784906746030357,1.0,0.9687184495044758,0.45163344399314653,0.5921773312198244,0.5023534832396314,0.6001829778547632,0.37953778178935627,0.597857133131944,0.7143209075685577,0.5403036059713097,0.306747551804805,0.0,0.0,0.0,0.23799147781042604,0.32726101695676124,0.41193411983184974,0.19700349332615105,0.12196548914240536,0.3636750748358058,0.6198665197727771,0.7672954692151083,0.4039374205032896,0.1392197516782993,0.0,0.0,0.0,0.0,0.0,0.0,0.0,0.0,0.0,0.0,0.0,0.0,0.07907879783432373,0.5253217934700573,0.742709677960299,0.5506543299717392,0.0,0.0,0.0,0.007828256802156422,0.0
mp-470,0.0,0.003662450698137823,0.01269158967662957,0.02864117412055777,0.051982720032864554,0.09667557296452675,0.16100085413101684,0.342292056581436,0.5729542962091437,0.6728342307704125,0.6730149252348699,0.5787217613836543,0.4899938286414897,0.35613762438451335,0.6585263215059808,1.0,0.9528329219982065,0.5770146475605094,0.3631399417415858,0.4743330479533506,0.4852958305974948,0.31288907615087885,0.0796482838900211,0.0,0.1391342403484606,0.40879757041077364,0.5648826294900742,0.5567480122478418,0.4625464546658895,0.5335904593385308,0.5622038577641055,0.581296978407639,0.5293194225527534,0.4485358652267412,0.34019090546042463,0.19475883453935258,0.08983619238069909,0.13786261043581374,0.35560229343009453,0.5600081241817015,0.492065769636576,0.23260510546460383,0.013167827264405369,0.0,0.0,0.0,0.0,0.0,0.0,0.0,0.0
mp-4782,0.0,0.13428437161584938,0.5549492426121253,0.9392063253771709,0.880435607043028,0.47709703193784025,0.6064462636302267,0.5547311818926894,0.6973377969002242,0.6371715086781254,1.0,0.8916427679037862,0.5494035821755581,0.3877251724627224,0.49810174736599894,0.4238200566536298,0.17598932059696565,0.0,0.0,0.0,0.0,0.0,0.040864846740043,0.278714708671979,0.40753842636018245,0.16251119786371834,0.2550054164383337,0.44545606557588296,0.3931753407566436,0.41649250080431705,0.3893057920814246,0.3337986376482308,0.042569281852817865,0.0,0.0,0.0,1.3630666210468072e-28,1.1745602199542842e-28,0.0,0.0,0.0,0.0,0.0,0.0,0.0,0.0,0.0,0.0,0.0,0.0,0.0
mp-4809,0.0,0.32559768816040885,0.6849058081317947,0.8338259172216947,0.6254445511034905,0.6145055399301672,0.4904434919715792,0.41118973541404663,0.10041353464220487,0.09511390130240321,0.33746206164313475,0.6913883533066945,0.5507375666929256,0.16528538434176127,0.37887338121199865,0.46605548478162717,0.8612329588346884,1.0,0.7961331241780513,0.30010462307783514,0.0,0.013415957175777395,0.07522220020416061,0.0,0.0,0.0,0.0,0.0,0.0,0.0,0.0,0.0,0.0,0.0,0.0,0.0,0.0,0.0,0.0,0.0,0.0,0.0,0.0,0.0,0.0,0.0,0.0,0.0,0.0,0.0,0.0
mp-487,0.0,0.002940167401453405,0.011230073159143358,0.026291290475683248,0.04945336834609431,0.08252332187220753,0.13990870785371745,0.25699576097203075,0.43213886784155275,0.5834096815935716,0.6817118189004345,0.6661158647145511,0.6228871943062148,0.6744839709087216,0.6597159841590834,0.704348866472237,0.6717530705299856,0.8381338227614581,0.9088817094731285,0.907122244055472,0.923973880657029,1.0,0.9850405330809247,0.7403032105863618,0.48920532213879897,0.3219149196303171,0.4041535553705796,0.3631213950637612,0.2204937356540654,0.0,0.0,0.0,4.665211478055992e-12,1.1996370386047446e-11,0.0,0.0,0.0,0.0,0.0,0.0,0.0,0.0,0.0,0.0,0.0,0.0,0.0,0.0,0.0,0.0,0.0
mp-4979,0.15072246805236864,0.0,0.11134064695176894,0.5238889472586483,0.8357563877944482,0.8361022208769757,0.5847610136240223,0.4089101800710626,0.2851363229860772,0.1766169653972666,0.4249984299133951,0.4527411866403913,0.2588788550520497,0.445002668881046,0.629019688209996,0.6777861575878722,0.4453652673400463,0.21964663954032704,0.17534465952981454,0.0,0.0677008467890413,0.6941304341551151,1.0,0.7588699386689025,0.0389540503001038,0.0,0.0,7.34752357990863e-05,0.0015348059831266376,0.0,0.0,0.0,0.0,0.0,0.0,0.0,0.0,0.0,0.0,0.0,0.0,0.0,0.0,0.0,0.0,0.0,0.0,0.0,0.0,0.0,0.0
mp-5012,0.0,0.00490322218063607,0.01552380840441882,0.030262137547624145,0.08146328281147047,0.19916426702686185,0.3431745199102776,0.4918021599422173,0.48762686545844586,0.4841427648462182,0.46424198301896785,0.509994654554225,0.5077598309472501,0.4737913367940875,0.4910691234262857,0.5185731775567534,0.6175893607568461,0.6662613416461993,0.6670054031153909,0.5965608197485026,0.6272005363801496,0.7342889328311026,0.8964522195029506,1.0,0.8201938518679605,0.4819395706223865,0.4457188454796479,0.5582000728563392,0.6090328529947893,0.33588693359170135,0.12722897411354378,0.0663213810253771,0.10115265374479665,0.0925747165067854,0.08429017348181012,0.1885259094763374,0.22595734328221656,0.16203397369158598,0.0323392787707553,0.0,0.014689160215274662,0.0678267892292252,0.08790703551594692,0.23810029530119192,0.30901760429799696,0.30278708809961896,0.23828616488759158,0.27030006269367207,0.3050501898434849,0.16895856618995145,0.20286092694215832
mp-5020,0.0024080036090080624,0.01607171329819703,0.020760047686013684,0.023238728654967598,0.5311956632621312,1.0,0.8961753808646292,0.3224365955793436,0.10298079027858378,0.5828530658984002,0.7823750053961636,0.7092755429478705,0.61689016303906,0.6769045386177266,0.6517555553190126,0.612046534868402,0.5674653015633608,0.5566674149894294,0.49229153985425567,0.41291321251366875,0.26504207926671564,0.33868800269891525,0.4844175257824632,0.573277745008622,0.41028887052045976,0.3012065939009621,0.35884271088180386,0.3243672811107749,0.15466081774261484,0.0,0.0,0.0,0.0,0.0,0.04066029902699145,0.17536491449874397,0.29933032551222244,0.27632042638904,0.13192081041716247,0.018389265232602606,0.0,0.0,0.0,0.0,0.0,0.0,0.0,0.0,0.0,0.0,0.0
mp-5038,0.0,0.6501838905766526,1.0,0.9557335543526166,0.596851092969816,0.4617388140023622,0.3699387249967302,0.39712370589542767,0.35130284376364396,0.24522354881881755,0.04151237598798884,0.05364439864476062,0.0,0.18041393075073872,0.41229098379846574,0.403040342100873,0.3307580189845252,0.4329940619969424,0.4526225756958938,0.30706501836857825,0.052869980482409484,0.0,0.0,0.0038956261117878864,0.0,0.0,0.0,0.0,0.0,0.0,0.0,0.0,0.0,0.0,0.0,0.0,0.0,0.0,0.0,0.0,0.0,0.0,0.0,0.0,0.0,0.0,0.0,0.0,0.0,0.0,0.0
mp-504535,0.0,0.04026817232774999,0.03588276319536769,0.1262439632439952,0.5324282874922004,0.9257575765034783,1.0,0.6398253508469633,0.43962726636931393,0.4649365423787447,0.44151903904049034,0.15872208911861282,0.37354458141627755,0.6172882764995997,0.6339081939345287,0.42555620004885936,0.4028514624375326,0.491400882532065,0.44477637398254316,0.6209326372879337,0.896887926040533,0.9264884700557793,0.6215771517450361,0.4868205674577532,0.5436381038272682,0.6549836832596352,0.6001656944568204,0.4930643192296128,0.3707223494329971,0.18348463921760702,0.0751143598896159,0.004970622935338093,0.0,0.0,0.0,0.0,0.0,0.0,0.0,0.0,0.0,0.0,0.0,0.0,0.0,0.0,0.0,0.0,0.0,0.0,0.0
mp-5046,0.06792286651663926,0.0,0.11553167316215271,0.35590870866529506,0.541586144290698,0.650962658724412,0.6334343642873768,0.5702705003804107,0.610351971713213,0.6714909200196894,0.7154823717280503,0.6968632555133205,0.6594286493980999,0.5874703781847835,0.5283587809945761,0.44971096467582605,0.38060319554412153,0.12318370218050871,0.0025981591698527877,0.034877336598767766,0.5137664817325628,0.7057416704468134,0.6985243368276884,0.30270106535278235,0.47656897028820844,0.6822042319524547,1.0,0.855761374212571,0.3709363010273084,0.178016355457373,0.4121231534960148,0.4114172760405975,0.21317283354252362,0.061605364019947734,0.023334701051099773,0.1638622442328572,0.48550106949340993,0.7507821939035605,0.9151867163512295,0.9705660593977717,0.7056157445644735,0.2939458272682888,0.0,0.0,0.0,0.0,0.0,0.0,0.0,0.0,0.0
mp-504729,0.09927506421765195,0.07654990299174241,0.6146238197545267,1.0,0.8050292035005884,0.3290034226246553,0.0,0.0,0.0,0.0,0.41942981860546136,0.5976701120295435,0.48008026714871416,0.30431138895696036,0.25002202513307625,0.2092381588320424,0.0,0.0,0.0,0.0,0.0,0.0,0.0,0.0,0.0,0.06714999925258387,0.2638259296405626,0.24907041818859796,0.2910068320895562,0.26668586686804424,0.27198227696683036,0.10037342211188077,0.0,0.0,0.0,3.953408194628396e-23,7.582928662262436e-23,0.0,0.0,0.0,0.0,0.0,0.0,0.0,0.0,0.0,0.0,0.0,0.0,0.0,0.0
mp-5048,0.0,0.39319777455132227,0.8290360648960413,1.0,0.6166996505852593,0.3877742474815873,0.2744257341549806,0.16961456126065005,0.011104390841090696,0.45267961157635295,0.77176857303307,0.6276292281743294,0.07183258427736845,0.0,0.0696432361921626,0.5840642776899105,0.7689154614416791,0.5284365998717035,0.005300434272163136,0.0,0.017907279472414776,0.0,0.0,0.0,0.0,0.0,0.0,0.0,0.0,0.0,0.0,0.0,0.0,0.0,0.0,0.0,0.0,0.0,0.0,0.0,0.0,0.0,0.0,0.0,0.0,0.0,0.0,0.0,0.0,0.0,0.0
mp-504838,0.0,0.3350988798230235,0.7796928649790693,1.0,0.7218332564619124,0.372136450215982,0.07886141710018182,0.1338213209875215,0.2977829839196429,0.35652682096571003,0.23954393559245354,0.29950579139893696,0.22942647913072145,0.19455540798755686,0.0868940138936899,0.17155455603600406,0.15013181705890413,0.05405264785006819,0.08612350770718553,0.18643700472713917,0.17769590347925393,0.058268553218121924,0.0,0.0,0.0420529134839006,0.11560453241238126,0.17660131116467284,0.12223867736471904,0.07588872543272977,0.08167632924238687,0.07600574748232042,0.10037975578075786,0.14357569602213108,0.20214162017745074,0.11621856361762907,0.0,0.0,0.0,0.0,1.1314211875219893e-40,9.74085144298071e-41,0.0,0.0,0.0,0.0,0.0,0.0,0.0,0.0,0.0,0.0
mp-505634,0.0,0.4009898300125739,0.8287395780192022,1.0,0.6338131063298955,0.29938055498456995,0.14354019618253858,0.18484723935610808,0.18626769450761502,0.0,0.0,0.0,0.0,0.0,0.0,0.0,0.0,0.0,0.0,0.0,0.0,0.0,0.0,0.0,0.0,0.0,0.0,0.0,0.0,0.0,0.0,0.0,0.0,0.0,0.0,0.0,0.0,0.0,0.0,0.0,0.0,0.0,0.0,0.0,0.0,0.0,0.0,0.0,0.0,0.0,0.0
mp-505825,0.0,0.4413667463120677,0.8771825448095308,1.0,0.6162988648741187,0.26830204603394797,0.0,0.016014435244768033,0.08145177028822075,0.15027788562897212,0.17186564170118213,0.13292905347008846,0.0737377401922797,0.07048529105629413,0.0647603163952529,0.08052135615526503,0.07321084407518967,0.04364775579600542,0.0,0.016434511683037827,0.06270977291223183,0.09018610025570908,0.08933357687378861,0.0947793633232995,0.16949975429921724,0.1580513606998425,0.07800116975168903,0.007915014807368661,0.03789623918582688,0.059128898308629045,0.055731400622844596,0.03902627509489739,0.049958890294034636,0.06449889660724047,0.05146619409401467,0.022279020315467205,0.0,0.0,0.0,0.0,0.0,0.0,0.0,0.0,0.0,0.0,0.0,0.0,0.0,0.0,0.0
mp-5061,0.0,0.012608036399293615,0.023582624401648822,0.08312789762642386,0.22966687178348008,0.4040468718391196,0.3864605452050589,0.3288132916514885,0.20468904456444584,0.12190019219152778,0.196725867853906,0.36839257189168684,0.584537877337951,0.7287628648273395,0.8947913865577074,1.0,0.974157364440144,0.9618814803283103,0.8865453012277785,0.8602611479667854,0.6811473552817282,0.6097514382360153,0.7208091608544275,0.8954893098758633,0.7085737281148041,0.3872320060205083,0.16895475398887938,0.11534126685900718,0.02774419053811482,0.0,0.15817802659421482,0.3376733331614569,0.43435536989946805,0.3797557502317723,0.27642486338599004,0.22207430057547803,0.14248338447568212,0.16043319986881105,0.1399874010505254,0.21343421380695443,0.199674555151487,0.13289027183189595,0.0,0.0,0.0,0.0,0.0,0.0,0.0,0.0,0.0
mp-510268,0.0,0.38852192188815876,0.8749526258383126,1.0,0.7587492131606451,0.4669694835439222,0.5041203056721344,0.3484575359546746,0.15368181496701674,0.07919127249254045,0.0,0.0,0.32393567740211565,0.5423662210926642,0.9463688136097846,0.7869273114636702,0.6639207288508544,0.2011178219635036,0.16259868786418866,0.021129885869835715,0.0,0.0,0.0,0.0,0.0,0.0,0.0,0.0,0.0,0.0,0.0,0.0,0.0,0.0,0.0,0.0,0.0,0.0,0.0,0.0,0.0,0.0,0.0,0.0,0.0,0.0,0.0,0.0,0.0,0.0,0.0
mp-510273,0.0,0.27685467884230297,0.7425527259844084,1.0,0.699945883712309,0.31003183898112296,0.06878236623403063,0.19209356600547334,0.3145526147963181,0.30481708286629283,0.2394778341814259,0.1293081189219554,0.09812028622995926,0.0994187002099576,0.15734719910774195,0.1391391279566326,0.07642703284381902,0.045322812653780804,0.1267857432568732,0.22505769721666544,0.32124603537206514,0.2611530361309478,0.14121179706824105,0.0,0.0,0.003989745267821351,0.0707213193580244,0.18947009327169576,0.30423446676256766,0.318015607075373,0.19569106662294444,0.1130533291135625,0.028286279876867496,0.0,0.0,0.0,2.7566043041262015e-29,6.998417266129454e-29,0.0,0.0,0.0,0.0,0.0,0.0,0.0,0.0,0.0,0.0,0.0,0.0,0.0
mp-5127,0.0,0.08293008950249438,0.004377047823014113,0.32359423310538077,0.8507172258795854,1.0,0.8079457834024487,0.3685360741683465,0.5423326654875542,0.4365245122446583,0.2743950702954137,0.03657973514825145,0.0799838158400969,0.3184996719179949,0.4359366941358443,0.6488608647628024,0.6835252318873835,0.759205575555629,0.4953878311492476,0.3792425196984164,0.19131340871937005,0.22539376085500515,0.10295479416001768,0.026244623404446145,0.0,0.23565565675524822,0.7121094242840904,0.9185877944788142,0.7316011762947143,0.5711856931568324,0.5509242481846823,0.4141005690462782,0.2431242021585664,0.1051637658520729,0.06409721373556529,0.0,0.0,0.0,0.0,3.6235605790439326e-43,1.1117599235948203e-44,0.0,0.0,0.0,0.0,0.0,0.0,0.0,0.0,0.0,0.0
mp-5213,0.07319432492347505,0.0,0.5107927790275785,0.9304903963974283,0.7862801269749042,0.26125138984012897,0.2899638504300974,0.41563482237494137,0.3168576350790974,0.05913688293089792,0.0,0.0,0.0,0.3404470059540817,0.6115411928717271,1.0,0.9338249118137054,0.7104166554177476,0.18638723689132772,0.0,0.0,0.0,0.0,0.0,0.0,0.0,0.0,0.0,0.0,0.0,0.0,0.0,0.0,0.0,0.0,0.0,0.0,0.0,0.0,0.0,0.0,0.0,0.0,0.0,0.0,0.0,0.0,0.0,0.0,0.0,0.0
mp-5238,0.12605177308828872,0.0,0.09441298813430973,0.5217491872582719,1.0,0.994598054761211,0.5059229998603709,0.25529732176603476,0.42544650168213316,0.49727430080578416,0.2709341772220716,0.0,0.0,0.302146308101423,0.6423488606508155,0.7585756028692304,0.7882763197222247,0.9782871911380641,0.8542930772205747,0.3628864070222247,0.0,0.009744248799669047,0.11874285005007933,0.0,0.0,0.0,0.0,0.0,0.0,0.0,0.0,0.0,0.0,0.0,0.0,0.0,0.0,0.0,0.0,0.0,0.0,0.0,0.0,0.0,0.0,0.0,0.0,0.0,0.0,0.0,0.0
mp-5280,0.007160679411272816,0.13055446262375311,0.3316490518543042,0.47361775803668876,0.5190091570663152,0.7305928294975795,0.9370156871015892,1.0,0.8251244329415097,0.466898793149751,0.46231704014091735,0.5156638545528086,0.6662322635198803,0.7586822390389565,0.8172498674931251,0.8187092843569467,0.5874019534339229,0.4109098503566367,0.2803958115849475,0.39507277837569055,0.3983921000154936,0.33369515110949044,0.2162986436126485,0.40431872964261006,0.6345268512278186,0.6052407216820455,0.35818041540672446,0.15090620574718303,0.032043881494409766,0.0,0.0,0.0,0.0,0.0859808946456096,0.42852065874022255,0.5834461337082177,0.4291986498110574,0.12346399336230376,0.4131790157893544,0.6353703588241123,0.5638054803363817,0.2196238150874358,0.0,0.0,0.0,0.0,0.0,0.0,0.06491818181798363,0.21305662639740297,0.23622835046239674
mp-5295,0.012426368883714288,0.07700951315011717,0.18536050648299038,0.29896247450224905,0.5087702687602151,0.7297663232903545,0.8412849111545498,0.8488762067639206,1.0,0.965485886338728,0.7163313139155034,0.33584460403702177,0.25501604972628616,0.30861414692399913,0.4882790296443064,0.48544881663250544,0.44577201127758515,0.4711516359429761,0.6900601599023523,0.773255936635936,0.5716118057602305,0.27858535134965157,0.1329431685327827,0.08861739103003906,0.0012641744175047548,0.0,0.0,0.0,0.0,0.0,0.002653736908099353,0.37215564700900194,0.6494510795096228,0.5764917277800983,0.24342825065982437,0.07926783899503048,0.12683196070621283,0.030538363839342726,0.21176803191317728,0.4672984818623873,0.45537688650005165,0.2168374039193452,0.0,0.0,0.0,0.0,0.0,0.0,0.0,0.0,0.0
mp-5339,0.0,0.2957606544569842,0.8067891553988534,1.0,0.59966947905583,0.1430377626846043,0.19687699922157517,0.46658763685512517,0.5022087034012129,0.22141490143699927,0.0,0.08335476847093912,0.0,0.0,0.0,0.0,0.0,0.0,0.0,0.0,0.0,0.0,0.0,0.0,0.0,0.0,0.0,0.0,0.0,0.0,0.0,0.0,0.0,0.0,0.0,0.0,0.0,0.0,0.0,0.0,0.0,0.0,0.0,0.0,0.0,0.0,0.0,0.0,0.0,0.0,0.0
mp-5342,0.0,0.43216824952919586,0.8241901962708246,1.0,0.6713833355544923,0.35654158489517923,0.29839277725455565,0.39773314938949506,0.4761006550759403,0.27021448348539695,0.1671461614350014,0.4984879956962644,0.5711796562842307,0.33561471195762516,0.1378035275908888,0.32308665942534015,0.7177038305002021,0.9073271166750263,0.7276640305317851,0.27199106076542495,0.0,0.0,0.05983289367326907,0.0,0.0,0.0,0.0,0.0,0.0,0.0,0.0,0.0,0.0,0.0,0.0,0.0,0.0,0.0,0.0,0.0,0.0,0.0,0.0,0.0,0.0,0.0,0.0,0.0,0.0,0.0,0.0
mp-5348,0.0,0.0036506808679925666,0.013473823584262976,0.030778331434902766,0.0568656627907216,0.09430360740696596,0.14835578025443755,0.2501419280971144,0.4028174924160364,0.5992929414615419,0.7733905517561747,0.8716751839037065,0.904335299443822,0.8257259676730211,0.7228793033265629,0.6896752794716342,0.6779640403434479,0.9354968648793931,1.0,0.7596942429681465,0.3850851161176858,0.08445111352338533,0.09147432270901723,0.03992453773727548,0.008148775483536905,0.0,0.0,0.0,0.0,0.0,0.0,0.0,0.0,0.0,0.361040898906557,0.9160227787008072,0.9353410685156422,0.4189952926034744,0.0,0.0,0.0,0.37607069726992465,0.5055497476102504,0.3671729020462363,0.0,0.0,0.0,0.0,0.0,0.0,0.0
mp-5380,0.07973973196127476,0.0,0.09151878310519569,0.32720978183555954,0.6471529242451047,0.8956326245568723,0.8249063164864261,0.8350498458412564,0.8805409778890083,1.0,0.8816377180582299,0.7043495796311843,0.7057058719263402,0.709451184364045,0.5081330627926873,0.2224379181565483,0.12410391547691477,0.12495621633345089,0.09699145768385041,0.05515863960477127,0.015366171620577226,0.0,0.0661929166220166,0.14442893818681515,0.33527897594962763,0.3113913201336308,0.17858247768893945,0.024758528441752758,0.0,3.42126902384591e-06,4.465045109685043e-05,0.0,0.0,0.0,0.0,0.0,0.0,0.0,0.0,0.0,0.0,0.0,0.0,0.0,0.0,0.0,0.0,0.0,0.0,0.0,0.0
mp-539,0.05294167919016325,0.0,0.20516178565956356,0.5583698520512271,0.9002881129120738,1.0,0.9554259403734382,0.7224237705555799,0.38478924937660114,0.05021012326735137,0.0,0.10788762871023276,0.3359323130634723,0.4399694543855137,0.37851632572719907,0.5991745713817003,0.9499813612191048,0.9168455613498935,0.6008924784836888,0.4998431989386945,0.48990316394536343,0.21994874235403084,0.0,0.0,0.04228992409157219,0.0,0.0,0.0,0.0,0.0,0.0,0.0,0.0,0.0,0.0,0.0,0.0,0.0,0.0,0.0,0.0,0.0,0.0,0.0,0.0,0.0,0.0,0.0,0.0,0.0,0.0
mp-5394,0.007621887652973472,0.006204693353175084,0.040509214004987415,0.25910825640752905,0.5390112242251782,0.6090122421105235,0.49358733071735333,0.2951669208199636,0.4886311443288199,0.8230466808381641,1.0,0.9751762055525316,0.6083369514179577,0.4910834213421486,0.5108425642087929,0.549719894139074,0.3950125202681243,0.17786520699819489,0.0,0.009265904740750177,0.0032521004139406118,0.0,0.0,0.000616337049830548,0.0,0.0,0.0,0.0,0.0,0.0,0.0,0.0,0.0,0.0,0.0,0.0,0.0,0.0,0.0,0.0,0.0,0.0,0.0,0.0,0.0,0.0,0.0,0.0,0.0,0.0,0.0
mp-540584,0.0,0.053909902485588405,0.08489338183052705,0.20787670071035708,0.5899787455036123,0.9662386632322357,1.0,0.7802486065691556,0.7282013785849211,0.8184166871965142,0.624305591781093,0.3665370887797456,0.24140173508889787,0.22343572193876732,0.11526184929525594,0.03533549093006216,0.0,0.0,0.0,0.0,0.0520679673895294,0.05682180780605214,0.28698547610073094,0.43139443532228916,0.5002826278472512,0.3567579346393105,0.2972040458967312,0.2795706384921226,0.18470028541395472,0.04491049755666419,0.0,0.0,0.0,0.0,3.8559272336507716e-08,1.4993507096611097e-09,0.0,0.0,0.0,0.0,0.0,0.0,0.0,0.0,0.0,0.0,0.0,0.0,0.0,0.0,0.0
mp-540703,0.0,0.5403218486940767,1.0,0.9846291314266913,0.44508962145635284,0.20953961222213238,0.3034013805359854,0.45424115686232913,0.32739396475217003,0.17188262395872847,0.055259941510366624,0.0,0.004215315989819422,0.0,0.0,0.0,0.0,0.0,0.0,0.0,0.0,0.0,0.0,0.0,0.0,0.0,0.0,0.0,0.0,0.0,0.0,0.0,0.0,0.0,0.0,0.0,0.0,0.0,0.0,0.0,0.0,0.0,0.0,0.0,0.0,0.0,0.0,0.0,0.0,0.0,0.0
mp-540957,0.0,0.8342872371153739,1.0,0.6247428188175053,0.17950475834101043,0.06887916231869416,0.1745788665814024,0.19175453124737254,0.11024381983674351,0.08143644882066964,0.015281064901036253,0.0,0.0,0.0,0.0,0.0,0.0,0.0,0.0,0.0,0.0,0.0,0.0,0.0,0.0,0.0,0.0,0.0,0.0,0.0,0.0,0.0,0.0,0.0,0.0,0.0,0.0,0.0,0.0,0.0,0.0,0.0,0.0,0.0,0.0,0.0,0.0,0.0,0.0,0.0,0.0
mp-541037,0.0,0.6378123208951351,0.9091437377036213,1.0,0.8546210056491585,0.5708739263912626,0.40251640138144873,0.14525834526872589,0.24134546105864785,0.2344357347745718,0.1861357866253915,0.2486761055644897,0.26540260702696716,0.18181901802219788,0.05337931205355798,0.0,0.0,0.0,0.0,0.0,0.0,0.0,0.0,0.004355389570924337,0.08328469411019247,0.13981778596661867,0.24007559849872112,0.2211567703003842,0.2628055672280789,0.22476407474988275,0.2308572808017001,0.1491901314618282,0.08591420045082179,0.017056740188421782,0.0,0.0,0.0,0.0,4.304091641987951e-37,0.0,0.0,0.0,0.0,0.0,0.0,0.0,0.0,0.0,0.0,0.0,0.0
mp-541044,0.12493124449830116,0.0,0.3998958177438016,0.878696700586508,0.9504766426255474,0.7444840133482135,0.9434142471520136,0.9871122373572796,0.6776303428268211,0.27085789257445275,0.1908732281105813,0.34715182645445813,0.47670386150953126,0.7676621189662148,0.8183728270655733,1.0,0.8261933843693566,0.8481650480936882,0.5810883481742882,0.3066710564622096,0.16592808648227722,0.03146473356999517,0.1308112969625575,0.41193002224025255,0.4708313259168041,0.2758797415282896,0.0,0.0,0.0,0.00041691969561215904,0.0,0.0,0.0,0.0,0.0,0.0,0.0,0.0,0.0,0.0,0.0,0.0,0.0,0.0,0.0,0.0,0.0,0.0,0.0,0.0,0.0
mp-541226,0.0,0.5245278662459648,1.0,0.9646801799179432,0.4188638128131893,0.0,0.0,0.2209265176726038,0.5300514686114876,0.5441722718651368,0.45558624114096363,0.5146852867892975,0.42408146928086915,0.15481485062205375,0.0,0.0,0.0,0.0,0.0,0.0,0.14662327731994423,0.2584158825397391,0.20955003167872013,0.07849295664905451,0.11646609952286942,0.20592891891936999,0.2725972342761323,0.23504515444543597,0.21611146722684402,0.13138009395185501,0.0,0.0,0.0,0.0,7.84198450527597e-20,1.5063984799232923e-19,0.0,0.0,0.0,0.0,0.0,0.0,0.0,0.0,0.0,0.0,0.0,0.0,0.0,0.0,0.0
mp-541899,0.07116467223419236,0.715633635120264,0.9889994249914753,1.0,0.6388549204249975,0.46464859634504874,0.4135438434537968,0.44288262291519076,0.3449451317413671,0.13305583209859018,0.0,0.0,0.0,0.0,0.0,0.0,0.0,0.0,0.0,0.0,0.0,0.0,0.0,0.0,0.0,0.0,0.0,0.0,0.0,0.0,0.0,0.0,0.0,0.0,0.0,0.0,0.0,0.0,0.0,0.0,0.0,0.0,0.0,0.0,0.0,0.0,0.0,0.0,0.0,0.0,0.0
mp-5427,0.0080810757544677,0.0756448509871401,0.18161207694264067,0.2531495004194348,0.3206818941814004,0.35677714021264517,0.413296323970967,0.43040553807294485,0.6442341589166746,0.8811341747469745,0.9536802087619458,0.8030239091982676,0.6612003442434415,0.5754717286798612,0.40016043770833587,0.31217370818161766,0.4436586658464278,0.6192078215706202,0.8219880868647522,0.9741649380471733,1.0,0.8742929993859093,0.5537279632884927,0.21844913422887854,0.06698727974026024,0.25701500059368476,0.6504153707407149,0.7691470675395725,0.6565544223825259,0.5104238616554181,0.24997852396519815,0.09871045110053014,0.0,0.0,0.1656347764264804,0.2716875546389281,0.22813497401198932,0.03653533580120171,0.0,0.0,0.0,0.0,0.0,0.0,0.0,0.002305165565144085,0.1831787176321531,0.26699008043341627,0.1928257191522815,0.03341432384293597,0.21036444281207795
mp-543024,0.0,0.5767225952314803,1.0,0.8773841591098624,0.4565863971633594,0.21786300561589642,0.2759902109099287,0.18727029079314828,0.052156540078546684,0.11647782888249254,0.09534524522045644,0.012740232308727135,0.0923654760180989,0.13309227574048438,0.07001161259083356,0.0,0.0,0.0,0.0,0.0,0.0,0.0,0.0,0.0,0.0,0.0,0.0,0.0,0.0,0.0,0.0,0.0,0.0,0.0,0.0,0.0,0.0,0.0,0.0,0.0,0.0,0.0,0.0,0.0,0.0,0.0,0.0,0.0,0.0,0.0,0.0
mp-5431,0.0360338203560649,0.1763877375934028,0.4989397009636808,0.8225449727232353,1.0,0.9430283317986691,0.7602449129527528,0.6250850927913911,0.654187337116686,0.6327702029032303,0.40778172362268544,0.11665443188088923,0.0,0.0,0.289039539221921,0.47880719116886716,0.5904950780727717,0.43918413270273265,0.30412454000640865,0.14724481446511703,0.015897414215359205,0.0,0.0,0.0,0.0,0.0,0.0,0.0,0.011873115861503311,0.06434046057324468,0.09582762882387724,0.15998574003083743,0.30740163107303736,0.3642700190745992,0.44088405329743496,0.40303382533579907,0.2933072526986462,0.14454109719550087,0.0,0.0,0.011305608142538661,0.0,0.0,0.0,0.0,0.0,0.0,0.0,0.0,0.0,0.0
mp-545359,0.0,0.10196167262563648,0.28582804080824137,0.6041445655732547,0.9053152121592226,1.0,0.8936694409200846,0.6667471072380062,0.8072384552384677,0.770291215136306,0.8697821189281156,0.7313110424842386,0.492721775732651,0.27225187636885356,0.1461381634107476,0.10580705719290844,0.11614561749339294,0.3120697524619779,0.4659068995455385,0.32566998878114833,0.11352437602371035,0.0,0.0,0.0,0.0,0.0,0.0,0.0,0.0,0.12350543329951184,0.2348716760023533,0.37287447438094284,0.3174626186140793,0.1921167573833315,0.06737603642625117,0.0033627830515022624,0.0,0.0,0.0,0.0,0.0,2.7176028411451316e-53,8.319638345646577e-55,0.0,0.0,0.0,0.0,0.0,0.0,0.0,0.0
mp-545500,0.015947928548307976,0.02859766616597388,0.2223863346677663,0.46355417649244196,0.7319712918475577,1.0,0.8924667760693523,0.6763953438591948,0.26546827416092306,0.25257939882897984,0.20421955201253436,0.2486120472134443,0.19773648982793168,0.20859521827371896,0.16170774909277888,0.12634984617216755,0.06823471461445915,0.11604718437694306,0.1795704824601499,0.2399464893624747,0.22650724791874013,0.21350439092358775,0.2144667039304034,0.16153780639746657,0.14763910231103505,0.11816170365392133,0.2111895301007237,0.25174416896818763,0.2036307237305381,0.12597191290849793,0.013885256877058383,0.0,0.0,0.0,0.0,7.211675320608874e-21,0.0,0.0,0.0,0.0,0.0,0.0,0.0,0.0,0.0,0.0,0.0,0.0,0.0,0.0,0.0
mp-545544,0.0,0.053599822619057914,0.3927174120468151,0.7978709588869922,1.0,0.9516636447998547,0.7903418432557995,0.6039102462852318,0.48977962497965943,0.3741501994120898,0.36614509113184174,0.3446507476362128,0.3912145379804355,0.3613443746281523,0.20885565761706273,0.16700069550378724,0.24173419390460507,0.34479227280971675,0.3657971965574831,0.26471699822248446,0.26520677963203415,0.22821438198972638,0.23886211893595444,0.14575884596204491,0.1196530533214065,0.16143820576839307,0.20844034629124805,0.15122889136899945,0.052846608230486994,0.0,0.0,0.0,0.11420045854375563,0.15343681007850885,0.10922634674305984,0.0,0.08447042032769446,0.15361768956154678,0.13623061902035594,0.0351653910208493,0.0,0.0,0.0,0.0,2.8285105111742523e-94,3.119620347796563e-93,0.0,0.0,0.0,0.0,0.0
mp-547792,0.024622902469434278,0.0036068313371538695,0.16632685567083114,0.3488470385097905,0.5609430811686862,0.6509618890964592,0.8624021971078153,0.9882152414073792,0.659007164728781,0.5584478354108124,0.5466792963744957,0.6824424761180349,0.6131064340940224,0.4858508553870621,0.44316689101558615,0.35628545743555545,0.3554048567542952,0.2715056466986062,0.10902382171352615,0.0,0.0,0.07781599788876711,0.19243307781230068,0.3408595232869001,0.5562861474703233,0.6073495052089601,0.6124138813411963,0.5401684307015825,0.29441659547036664,0.1001898836194804,0.6132888181258045,1.0,0.8246349843454075,0.1755604929017288,0.0,0.0,0.0,5.302959862718006e-35,1.3451283521932111e-34,0.0,0.0,0.0,0.0,0.0,0.0,0.0,0.0,0.0,0.0,0.0,0.0
mp-5488,0.05590128940789703,0.0,0.09657820787983709,0.29378831847425085,0.40613148127762566,0.4428480437193013,0.5634511319620893,0.7140895986152118,0.8650443456276514,1.0,0.9325920900066771,0.6400949978738707,0.3259801228204282,0.2544390156135759,0.4523220622983326,0.6394839794770889,0.8074169680522888,0.7788106620688422,0.4826534827974655,0.5003826347653869,0.4401301704206951,0.5250771511043013,0.4629025250144885,0.4748115066162991,0.3784934395081231,0.2193858844194233,0.14178001333201046,0.1889145140930513,0.2272756430345626,0.2999689998898118,0.3295036154969147,0.23199993579998254,0.08267812074562172,0.0,0.0,0.0,0.0,4.307068038786505e-27,3.7127835261970115e-27,0.0,0.0,0.0,0.0,0.0,0.0,0.0,0.0,0.0,0.0,0.0,0.0
mp-549589,0.10683334700840594,0.0,0.14923817229155056,0.48382526625269545,0.7644670959417468,1.0,0.6959086484272085,0.44640364220548995,0.5938543988995717,0.9621253074857717,0.8394729726939458,0.25209333557064584,0.002632689874629957,0.0,0.19893100477527215,0.33175102843390464,0.3250044107880648,0.17489238641622176,0.1298898221605067,0.11684799612204966,0.10357298674100693,0.08262751301654066,0.12429285792428081,0.1604616367202747,0.18478243482225445,0.10971660936727246,0.03867226284320452,0.0,0.0,0.0,1.773834695615295e-08,2.0626826709759354e-08,0.0,0.0,0.0,0.0,0.0,0.0,0.0,0.0,0.0,0.0,0.0,0.0,0.0,0.0,0.0,0.0,0.0,0.0,0.0
mp-549737,0.13341312755865092,0.0,0.20833866066790083,0.6103569402507739,0.8854968293892761,0.8409434005870468,0.6146202087182292,0.7436566868988647,0.8110468625671807,0.978915848092687,0.954747076363927,1.0,0.8452139627021098,0.7193403250244875,0.5540774528448854,0.5151911547250275,0.4590618117293319,0.33537257928231906,0.1597024089410073,0.021989016784043768,0.0,0.0,0.0,0.0,0.0,0.0,0.006688305027821651,0.34470618751087123,0.7870351887817516,0.7713301809374263,0.3115714255882609,0.004654644837173827,0.0,0.0,0.059037051185750894,0.16849601551361493,0.3893145500164922,0.3612257275216348,0.13297702236217324,0.010984756374922966,0.0,0.0,0.0,0.0,0.31616892131032875,0.46859419428337284,0.37134624711377273,0.02503259750742055,0.0,0.0,0.0
mp-550685,0.0038610297081671406,0.0004861176070783182,0.07240805817438543,0.515855352524346,0.8778810494742414,1.0,0.6777737673094248,0.44889325956069986,0.24556506904758152,0.0641125666910483,0.0,0.17048423241231853,0.6289185001557288,0.7470541351111244,0.4545038506115803,0.0,0.0374183074626062,0.44771390573188985,0.558260021248419,0.4002119856818651,0.14510068174314233,0.2314013118868232,0.1641175705979866,0.022029032637897163,0.0,0.0,0.0,0.0,0.02038837568411131,0.17172301346674734,0.289369187689671,0.4387982512111824,0.2964313885632951,0.1700501325467711,0.0,0.210922525562701,0.27981136604743084,0.19595365321468486,0.007947162905748636,0.0,0.07527407622772116,0.0,0.0,0.0,0.0,0.0,0.0,0.0,0.0,0.0,0.0
mp-550751,0.0,0.07330583488166265,0.3540169400119017,0.7016366645395952,1.0,0.9145830458906409,0.6766909931459089,0.45019149031346606,0.41672076489044263,0.46459426708016993,0.44980818592288846,0.47513999445658545,0.47310974242036613,0.38092104653270775,0.4616332563127394,0.45032511285273036,0.33386089448016015,0.3746577282130098,0.5522692938051837,0.6317749958213487,0.2747880474725794,0.2296326692620996,0.5154590288258152,0.655939194418574,0.4146407437220324,0.33111517198034035,0.3407508642931286,0.276691479208155,0.05050906343162153,0.0,0.0,0.0,0.05639605746217478,0.19978719497462913,0.283257020741185,0.22055822045007334,0.5002926544119316,0.7586129400066447,0.6426644052981053,0.15762425253388931,0.0,0.0,0.0,0.0,0.0,0.2936284106926016,0.7100862632486251,0.7886140963070537,0.6629814596620842,0.1764131549198437,0.3332264154698891
mp-551092,0.01690652298558406,0.0,0.050231063980638584,0.1946737632376935,0.5785546002103998,0.8804648868086024,1.0,0.9126181151346018,0.7466455479855025,0.6249426172608835,0.5549263646610072,0.37669551141358915,0.24779846728508145,0.2604839953293643,0.4557755997006391,0.4649588648324,0.3156693912431315,0.12660207093312292,0.2757767965045544,0.42879096102682734,0.5504247583275899,0.5438330993392553,0.4746933301466581,0.41829848345882575,0.34622291904998,0.333802732831321,0.39824260389564814,0.3785753648351331,0.24853220783584826,0.19360059447937872,0.2619344853782773,0.2950856025753582,0.16015781015338684,0.04813837393799361,0.0,0.0,0.0,1.2922492182445235e-31,1.1130901817594767e-31,0.0,0.0,0.0,0.0,0.0,0.0,0.0,0.0,0.0,0.0,0.0,0.0
mp-551243,0.0,0.15343682980366535,0.6580235527574428,1.0,0.9444002820031634,0.5403843158188052,0.43527289281634207,0.3360874003516304,0.229196264020743,0.09329942973748688,0.005354556163738848,0.10761827026431607,0.1733261991774434,0.21661412503246197,0.16154339238804694,0.14432292932849553,0.20912209313240496,0.22399472064751016,0.21312311950887738,0.20266472610931516,0.2144044318459399,0.22524248521885892,0.1545003265628487,0.1718541693315477,0.17874274915297914,0.18184358670538853,0.10709555338639795,0.007168192244415069,0.0,0.0,0.0,3.774219690490698e-09,0.0,0.0,0.0,0.0,0.0,0.0,0.0,0.0,0.0,0.0,0.0,0.0,0.0,0.0,0.0,0.0,0.0,0.0,0.0
mp-551269,0.1670426329173561,0.0,0.3200760214588679,0.8236611881199208,1.0,0.9129254683946648,0.6232522293021976,0.6179017633660115,0.6377805442703312,0.6155868200319935,0.5293218364215374,0.305162225338473,0.3832416066289912,0.26621084587751015,0.14209468775360176,0.41976110273211203,0.619961340391048,0.5202213412491586,0.22733173034048054,0.2514348937681289,0.29783935134462863,0.1542135062201674,0.0,0.0,0.07118081541911946,0.23425536849443,0.23140377251583005,0.4105289371799026,0.37643912979101274,0.2972192043103902,0.05948577589272842,0.0,0.043318508319299724,0.23883984270135267,0.3242213772616392,0.22267938327194395,0.02941723021073928,0.0,0.0,0.0,0.0,0.0,0.0,0.0,0.0,0.0,0.0,0.0,0.0,0.0,0.0
mp-551456,0.0,0.13129044021587846,0.43736247517538485,0.6129578534853856,0.6634486318062986,0.699555374860628,1.0,0.8513358098532285,0.38362302590748715,0.0852494716661299,0.0,0.0,0.10338225764796949,0.21456261325653717,0.286322150251322,0.23705728096232173,0.28039457733048134,0.2579055122934442,0.21872526294509056,0.06465752138479623,0.0,0.0,0.0,0.0,0.0,0.0,0.0,0.0,0.054332955814469897,0.12351216401826244,0.2073020566761608,0.2179919670429599,0.13788329227485882,0.09390662085538637,0.0,0.0,0.0,0.0,0.0,0.0,2.3598625529871e-53,7.223057275711376e-55,0.0,0.0,0.0,0.0,0.0,0.0,0.0,0.0,0.0
mp-5518,0.0,0.586313110641192,1.0,0.9546077206027688,0.41901262846733617,0.3532820526907536,0.3778501585142136,0.7952841612232833,0.919063154230407,0.6616888065632736,0.30932952938490854,0.7068759928901966,0.8587779930337379,0.6497528609246895,0.0,0.0,0.0,0.0,0.0,0.0,0.0,0.0,0.0,0.0,0.0,0.0,0.0,0.0,0.0,0.0,0.0,0.0,0.0,0.0,0.0,0.0,0.0,0.0,0.0,0.0,0.0,0.0,0.0,0.0,0.0,0.0,0.0,0.0,0.0,0.0,0.0
mp-551835,0.02141109029891848,0.17971592964370245,0.6634192181819765,1.0,0.8764177740937817,0.45204649573032224,0.13419111773178768,0.12497011133410466,0.10935246432527052,0.03662644380623374,0.0,0.0,0.09550035406675614,0.12912681533209258,0.09068184666294156,0.07464531672563453,0.12338964557733355,0.13807828375519013,0.12235175118654557,0.09494128097742972,0.05448726171408854,0.008074006317871162,0.0,0.005609978372804039,0.0,0.0,0.0,0.0,0.0,0.0,0.0,0.0,0.0,0.0,0.0,0.0,0.0,0.0,0.0,0.0,0.0,0.0,0.0,0.0,0.0,0.0,0.0,0.0,0.0,0.0,0.0
mp-551873,0.12041627693715057,0.043066340571257654,0.5117952134097273,0.9060705121274374,0.7874626600185382,0.7088176071116299,0.7956654721457164,1.0,0.7999202281171098,0.4853751950371821,0.3988598958285732,0.3665014331639547,0.321943134052701,0.26464151189342333,0.16697065367755035,0.1375374875987374,0.14744201031222434,0.1772844506833592,0.19799885550145183,0.18093459081335278,0.09660112240299691,0.0,0.0,0.011788195207008863,0.0,0.0,0.0,0.0,0.0,0.0,0.0,0.0,0.0,0.0,0.0,0.0,0.0,0.0,0.0,0.0,0.0,0.0,0.0,0.0,0.0,0.0,0.0,0.0,0.0,0.0,0.0
mp-552488,0.06462456918766037,0.0,0.3274698416190475,0.7886918120416511,1.0,0.793631149927917,0.475181535979892,0.5238559486121465,0.9359672913443619,0.9648784533407413,0.5175011360775021,0.05398339883014412,0.0,0.0,0.14229420511452245,0.3035727316172883,0.3452222297043675,0.2221668407991142,0.13538647725144054,0.11961019084160578,0.1136953767319302,0.09169202582619038,0.10500284559574022,0.14822701713554448,0.18631792200068972,0.16338411518179713,0.07096454991398819,0.014898087310722095,0.0,0.0,0.0,5.469680916617657e-10,1.907111232914779e-11,0.0,0.0,0.0,0.0,0.0,0.0,0.0,0.0,0.0,0.0,0.0,0.0,0.0,0.0,0.0,0.0,0.0,0.0
mp-552663,0.14659418373014949,0.18219948793302637,0.2522454920200857,0.3865107520610278,0.6795030128951334,0.9449614111184075,1.0,0.94034212319555,0.8602708484737129,0.7316361488881206,0.7121322707674574,0.8193270269174538,0.8859579240393622,0.9526590583823245,0.967125379026449,0.9768548200023248,0.766042334455308,0.7064702089995689,0.7412854957119902,0.9765138039895711,0.9378251015983443,0.7947771626061987,0.5850931203808647,0.40693512543692656,0.2642545484017524,0.21080245810119777,0.2730859418666152,0.25676279695940696,0.10585945321579034,0.0,0.0,0.0,0.0,0.0,0.0,0.0,0.0,0.20338077705895496,0.22768391700302815,0.3963904661917516,0.6047508094775248,0.8064803153644035,0.6528580337373068,0.481301435088986,0.4635435085754739,0.4223348770619269,0.30164411721047374,0.19088949462965843,0.24828355414628486,0.07576457938535971,0.0
mp-552806,0.0,0.16868107757892087,0.3158855961049263,0.5491042943444789,0.8273146928645752,1.0,0.8192219053216665,0.46687506964389375,0.27898894922285716,0.12852856698886303,0.029801234281006152,0.06663990390156808,0.12797453162771186,0.17203454158782525,0.17586063504087074,0.13811795005433897,0.12793457084629567,0.18952518247009448,0.21180756729296532,0.20156848225586058,0.18726470651124197,0.1939934744939802,0.2222596381495229,0.2026238566752248,0.16891378409011182,0.17873374742398182,0.17843579196368992,0.1442579371158136,0.03866764028317142,0.008748629946508914,0.0,0.0,0.0,6.619852266048317e-14,0.0,0.0,0.0,0.0,0.0,0.0,0.0,0.0,0.0,0.0,0.0,0.0,0.0,0.0,0.0,0.0,0.0
mp-552934,0.0,0.1246301424518277,0.46844716230859024,0.849049968011016,1.0,0.8633656152154449,0.7788183622184579,0.49249485197264026,0.2305602959781047,0.016806008606194495,0.0,0.024592931579325655,0.12224163751020996,0.24492886947561573,0.27361585582973724,0.20214882435344328,0.2983046058992549,0.2478767342244936,0.1739760869516984,0.0419886941486035,0.0,0.0,0.0,0.0,0.0,0.0,0.0,0.0,0.05797506742467969,0.12457195239560641,0.2068741679023329,0.2156562690165685,0.1375230781055886,0.09317358128004169,0.0,0.0,0.0,0.0,0.0,0.0,2.1697239729157553e-53,0.0,0.0,0.0,0.0,0.0,0.0,0.0,0.0,0.0,0.0
mp-553025,0.06714307777672884,0.04809123945811235,0.3514848553547235,0.7666825263565566,0.8516551067122424,1.0,0.8598898239533639,0.6410611111140404,0.5952225551747296,0.587033451191803,0.5920139814558617,0.38792397604152834,0.3879185468884024,0.5155093974208783,0.4193116890810614,0.340394485664934,0.21502485834411036,0.23777405342215963,0.22226929618591934,0.2512348249499652,0.24439382729421902,0.28354073020472675,0.35321159004275354,0.32055339135693794,0.2664357730016546,0.22059591983220028,0.15812893920094753,0.186493143165658,0.30923620531833573,0.31816693285697073,0.16863445326638057,0.0,0.0,0.0,3.437743821132135e-14,1.2331749301696368e-13,0.0,0.0,0.0,0.0,0.0,0.0,0.0,0.0,0.0,0.0,0.0,0.0,0.0,0.0,0.0
mp-553281,0.0,0.05679788441069274,0.42301474586852905,0.831277145578361,1.0,0.8733351565576014,0.7344194537038324,0.7921877470058823,0.768699916354589,0.6981562514559956,0.5728126326780218,0.48858868892387924,0.27411796309676456,0.19740486676012056,0.2280755079753773,0.4136076360730233,0.5151201606528791,0.3234277307377143,0.3551181059384191,0.3432447839877574,0.24518402818879415,0.2021177779280206,0.25089120829500183,0.5667362319400179,0.5267045464468929,0.24727757809690512,0.05693385907462365,0.0,0.0,0.0,0.0,0.0,0.11403015324359066,0.18086296202043595,0.14194002764619099,0.03498773313699692,0.1273520928182114,0.18534144961005833,0.12641385401885438,0.0,8.796035770630096e-05,0.009721945192733525,0.0,0.0,0.0,0.0,0.0,0.0,0.0,0.0,0.0
mp-553303,0.0,0.5458092873363741,0.9803310258193598,1.0,0.374613042205133,0.4647617385858962,0.6322546915835866,0.6599508804352776,0.49668548812748664,0.3159417568762809,0.3525130935362376,0.2243985880700282,0.13678884679154174,0.030123872498783472,0.0,0.0,0.0,0.0,0.0,0.0,0.0,0.0,0.16730341903655,0.33930579614619744,0.4841401856903975,0.325039896384764,0.25450886224184144,0.32225188798145893,0.3369736032276217,0.3737103746604332,0.2561887891986822,0.1584711991564257,0.09715325818178809,0.0,0.0,0.0,0.0,1.2295895677753622e-34,1.0588922779343612e-34,0.0,0.0,0.0,0.0,0.0,0.0,0.0,0.0,0.0,0.0,0.0,0.0
mp-553310,0.0,0.35646572658630293,0.7734852589013569,1.0,0.9430500938085261,0.6738326766111964,0.4761393827569139,0.19362072464284255,0.186989381579576,0.26033090886313653,0.3415229721957211,0.34944442023067607,0.24940187306279238,0.15461672072151522,0.15687144074021997,0.19067996763903272,0.20901133457169283,0.16437131011082817,0.07130047315340748,0.023340543485066964,0.0,0.0,0.022203370192400745,0.04854215718899008,0.13279028207798732,0.2342931449607026,0.2490389349415495,0.10951803864099827,0.08457654692629368,0.32511694604019786,0.5890666321710718,0.5797381290953573,0.37866008097474013,0.364758759368122,0.2077300098038091,0.041882201795008275,0.0,0.0,0.0,0.0,0.0,6.668048082330206e-56,2.040298727003401e-57,0.0,0.0,0.0,0.0,0.0,0.0,0.0,0.0
mp-553342,0.0,0.5076130633654294,0.9345494576467677,1.0,0.6505839871801582,0.8867747749588644,0.9374773720811351,0.6270892748714535,0.20688326954973926,0.3770769100630803,0.6726896273185791,0.7619326325903121,0.5917911596475971,0.4331940460243511,0.20992253395408195,0.3853313809606934,0.5153132176240082,0.5306467976074488,0.4336954287508756,0.41143125519369744,0.5123789056545648,0.5567739157604022,0.37360972856510716,0.3392167558314463,0.10445448297171929,0.14261810224833524,0.22576629190817013,0.26515245028256323,0.20231568002560765,0.08281977244933482,0.08115870194199688,0.29475003464522215,0.3766008155629278,0.44052982624629483,0.38107800424106986,0.17561206976641897,0.4601370062792672,0.6589227107205096,0.719968540869075,0.6764260147437613,0.7336875897486997,0.8940159281801991,0.6189264490968303,0.41427612630053806,0.18627236984532827,0.0,0.014769212527763594,0.0022807581847098164,0.02138456618255401,0.06184091264293919,0.15099935601632467
mp-553374,0.0,0.44063531316990345,0.8655736919280609,1.0,0.8091259221221418,0.5048752373616207,0.30093214476568186,0.055349927296767354,0.05945515675137078,0.14114877898484432,0.15256352375355273,0.15266699186056573,0.14848246941452953,0.23015592934736606,0.16635835867897114,0.10133963093471299,0.0056966056400856524,0.04097423674492226,0.08411066126550691,0.06520248877747337,0.0016626682532483912,0.0,0.0,0.0,0.0,0.0,0.0,0.0,0.04821692426414873,0.07107043458220882,0.14517507045352973,0.13670733731856627,0.14726843865845812,0.17082627938857944,0.17164322310333296,0.10287105270228135,0.0,0.0,0.07652492924279267,0.0,0.0,0.0,0.0,0.0,0.0,0.0,0.0,0.0,0.0,0.0,0.0
mp-554155,0.12372953867182564,0.0,0.3065760602809586,0.710658211058502,0.7486828607439067,0.4888416993138993,0.49338516252799786,0.6988064337755254,0.6941783112050095,0.401406389740891,0.46162251072729793,0.49829773292472257,0.6449633531065854,0.5770384703700753,0.40465899249911885,0.14825107840586843,0.0,0.0,0.09500111241851107,0.63804318615359,1.0,0.7984708147812662,0.30992271543730354,0.281162994314531,0.37337806267868207,0.27622952925238947,0.0,0.0,0.026979340883494626,0.20144491861324765,0.5771206463456491,0.6609397384170548,0.3795994461795873,0.04935989234453747,0.0,0.0,0.0,0.0,0.0,0.0,0.0,0.0,0.0,0.024078674227311855,0.13729097582748961,0.3214299504445481,0.47509166463478486,0.6022040700136754,0.5452137669707066,0.23278454524982276,0.0
mp-554941,0.37462944028568934,0.4265431654620519,0.8554413221659062,1.0,0.9862378259683128,0.8000463046082373,0.7863672663003064,0.5532593202227799,0.6930660954134622,0.6652852595012092,0.5201192860933587,0.0840125254012886,0.0,0.0,0.0,0.09909909298026473,0.3954629104816329,0.4521957937438791,0.5633337555724712,0.2778340057474956,0.4534852802030329,0.21876426498766907,0.2500932655531222,0.23353935016754054,0.2088875468161043,0.15486390464331926,0.0,0.0,0.0,0.0,0.0,0.0,0.0,0.0,0.0,0.0,0.0,0.0,0.0,0.0,0.0,0.0,0.0,0.0,0.0,0.0,0.0,0.0,0.0,0.0,0.0
mp-555166,0.0,0.30489717040755615,0.7727794957045827,1.0,0.7896591622680637,0.38219560498768085,0.2633986497352153,0.2901872195239813,0.3700277975667329,0.27702106154391076,0.2419124244141245,0.12851144723719302,0.2920111781538194,0.30318159421098123,0.18967030468795684,0.12979470906915525,0.338198278288765,0.46741656428983996,0.2872095339527852,0.013481140521645982,0.0,0.024566189243634882,0.0,0.0,0.0,0.0,0.0,0.0,0.0,0.0,0.0,0.0,0.0,0.0,0.0,0.0,0.0,0.0,0.0,0.0,0.0,0.0,0.0,0.0,0.0,0.0,0.0,0.0,0.0,0.0,0.0
mp-555286,0.0,0.47397245886847306,0.9653097993182082,1.0,0.6362359509128352,0.3374043576767518,0.4321506537481342,0.44876380636576263,0.5459369735036377,0.5671436796668953,0.6723599974696778,0.6502555870300943,0.7210224082850706,0.6252827015050829,0.553584105232969,0.29759043683866837,0.2415927586900233,0.4433468006781016,0.5775543460598741,0.6484243517608225,0.5677427132820664,0.4008868943483265,0.0939955100985685,0.023221955678548945,0.22267130612231661,0.3966222142925956,0.3120138818950218,0.09342645889787445,0.09281530893874534,0.5287021880712787,0.7941811915749404,0.6040956200164976,0.1931481993947386,0.0,0.0,0.0,0.0,0.0,0.0,0.0,0.0,0.0,0.07736497200902467,0.4469649110751065,0.6378682900338483,0.45202256677775965,0.1427927928003864,0.0,0.0,0.10241339232326248,0.36739480187641627
mp-555874,0.0,0.028218891926644285,0.10435462921581272,0.37537459410100227,0.5479425594391545,0.65968256681773,0.7206047726902858,0.711925685651905,0.6817746789010115,0.5157817432762735,0.3996507009001294,0.817041095242526,1.0,0.9652469292051185,0.5937732308388988,0.3711316527454661,0.22627558341433965,0.03572126365106754,0.07750732430796377,0.29260515445452573,0.30132966585845905,0.13391087008334213,0.0,0.0,0.008985378859448957,0.0011639227503852133,0.0,0.0,0.0,0.0,0.0,0.0,0.0,0.0,0.0,0.0,0.0,0.0,0.0,0.0,0.0,0.0,0.0,0.0,0.0,0.0,0.0,0.0,0.0,0.0,0.0
mp-556405,0.03836048262694856,0.0,0.09070013835724067,0.31628274007226204,0.5386686234693293,0.5711146428725934,0.4364122663917563,0.2324180500625204,0.47072723863467875,0.8566335950394056,0.9888872516213357,1.0,0.7741634575973736,0.7132157242319026,0.7136220069619013,0.5467185709603272,0.4130991687150384,0.2740457121231067,0.2634773497612825,0.2329235871448345,0.05902915359527279,0.0,0.0,0.0,0.0,0.0,0.0,0.0,0.0,0.0,0.04616613355083534,0.5201875614375605,0.7141567797943973,0.5057285330358963,0.05624901386942192,0.0,0.0,0.0,0.0,0.0,0.0,0.0,0.0,0.0,0.0,0.0,0.0,0.0,0.0,0.0,0.0
mp-556866,0.0,0.9717431782199529,1.0,0.6537224716744314,0.5603781597467756,0.733128467006725,0.6657347334969711,0.24934309936399396,0.0,0.0,0.0,0.10076526717993649,0.1174616146667553,0.14382364874057402,0.11064518841711954,0.14077060178132567,0.16947299348463093,0.10808144724390453,0.08627110481737088,0.0,0.0,0.0,0.0,0.0,0.0,0.0,0.0,0.0,0.0,0.0,0.0,0.0,0.0,0.0,0.0,0.0,0.0,0.0,0.0,0.0,0.0,0.0,0.0,0.0,0.0,0.0,0.0,0.0,0.0,0.0,0.0
mp-557664,0.4902366022949107,0.7177517833123549,1.0,0.8113759829270613,0.6447718138274148,0.46460998636223494,0.537937525821031,0.3157469612853839,0.14629869355575942,0.0,0.0,0.0,0.043826260161516015,0.18884850896651323,0.254048365950706,0.19185344874327323,0.1435979382678288,0.16894801108384275,0.17322206532095186,0.16172253563073558,0.08804459070390683,0.1661225106637918,0.09910945084140163,0.10759502782839112,0.021844620226193177,0.0,0.0,0.0,0.0,0.0,0.0,0.0,0.0,0.0,0.0,0.0,0.0,0.0,0.0,0.0,0.0,0.0,0.0,0.0,0.0,0.0,0.0,0.0,0.0,0.0,0.0
mp-558118,0.1915911855927597,0.24972191892028212,0.4105311302728926,0.4741947950961695,0.5104247835172475,0.49484944092903477,0.5280797023262381,0.538077775447087,0.5737795522873502,0.5554934628969522,0.4507710150798987,0.5090744207168413,0.4467516860270333,0.45876062356698316,0.5841104458088491,0.6958470891882814,0.6455228562810964,0.570533070326766,0.5459344474381056,0.3630321168837426,0.14459438932071786,0.19408565671370528,0.2141749693712978,0.12430299448036262,0.10881142017316012,0.19026395165884677,0.20298617092015242,0.11574095406247858,0.014774601179506824,0.11008296139297856,0.20134440190831782,0.20410302576647232,0.10949780230986572,0.02825241954781762,0.024563274111486316,0.010500887812104547,0.0,0.5471665798479006,0.7474025272419489,1.0,0.8445914649297324,0.7098389574191946,0.5367504457513528,0.31946524011049104,0.44082649437343924,0.3929819662229853,0.31585911882863443,0.21649711568761057,0.13684902273441227,0.022603389694014004,0.0
mp-558430,0.013913425078473875,0.05681998596771129,0.28683253665527414,0.566383138251737,0.7969512661055259,1.0,0.946830159417101,0.6858315418759019,0.30055875800499404,0.02536375487134201,0.0,0.0,0.0,0.0,0.0,0.009659746026268587,0.3356549039825985,0.5160097133733993,0.40703464269142375,0.057433850377959034,0.0,0.0,0.0,0.0,0.4227924904515917,0.7609466521169875,0.6651452309156966,0.15431733638077755,0.0,0.0,0.0,0.0,0.0,0.0,0.0,0.0,0.0,0.18997658018726238,0.2740062197086975,0.21337071522883155,0.008096374412621498,0.0,0.0,0.0,0.0,0.0,0.0,0.014992928214702972,0.12729256375391693,0.1889805503853708,0.2140518277182196
mp-5588,0.008708349213380857,0.01281862040166614,0.14754789470320154,0.41355687951039416,0.7074304260323034,0.9904212676531168,1.0,0.6514527011625427,0.26184179580639094,0.0,0.0029010977952319207,0.04181075332118049,0.3268063605830028,0.5180825676718647,0.4149592178717825,0.17699989239976877,0.0,0.018911361002134246,0.39206700748104184,0.5754562073712546,0.3699627567206137,0.19566099576224982,0.39676714919835665,0.7467745002820724,0.6711529229548907,0.3248359220908625,0.0827338116214748,0.0,0.0,0.0,0.0,0.15238871284403316,0.16432216424791657,0.20775838120817022,0.21968143321777087,0.364269113276109,0.3194354809116555,0.1522586505870419,0.12469177811397254,0.10104419442017129,0.0623905380143645,0.01502331433655371,0.0,0.0,0.0,0.0,0.0,0.0,0.0,0.0,0.0
mp-559695,0.5903046127764149,0.6027466160853796,1.0,0.8932330974295744,0.6964867267303153,0.719083597040936,0.9072599098236745,0.8262591159543995,0.3338563410192647,0.04195362805800292,0.0,0.0,0.0,0.0,0.00788384835051431,0.2631811081177484,0.3716262317014181,0.4175011961733559,0.21816910616129964,0.3608082144788265,0.2681774912050014,0.09791739317989297,0.16539529685512092,0.15512033107984102,0.13404368027024835,0.0,0.0,0.0,0.0,0.0,0.0,0.0,0.0,0.0,0.0,0.0,0.0,0.0,0.0,0.0,0.0,0.0,0.0,0.0,0.0,0.0,0.0,0.0,0.0,0.0,0.0
mp-560558,0.0,0.5788578283040904,1.0,0.9524023795926086,0.4904277384692967,0.08297568359149143,0.0,0.0,0.02203835988598759,0.15254431713765082,0.31545349406553724,0.37223390150665114,0.2954721081177949,0.16965749044288184,0.0011752361955852284,0.08856528022286,0.2732932184326126,0.27584148971755756,0.12105167244461257,0.0,0.0,0.0,0.0,0.0,0.0,0.0,0.0,0.0,0.0,0.0,0.0,0.0,0.0,0.0,0.0,0.0,0.0,0.0,0.0,0.0,0.0,0.0,0.0,0.0,0.0,0.0,0.0,0.0,0.0,0.0,0.0
mp-560790,0.0,0.20414542974171765,0.7168671171131694,1.0,0.9052494230988061,0.5582333856813029,0.46855777646746477,0.36861253265630894,0.21868857676294562,0.3111173888189087,0.2860714840158724,0.211337970932237,0.0018661666444454571,0.0,0.11897783472192469,0.17513678471596295,0.19700051859747963,0.17475121369709026,0.1741137507765801,0.1614957648506602,0.0557486568598704,0.1194739061351907,0.0669470532947026,0.07747051003945803,0.008529325809627869,0.0,0.023880009805058222,0.0,0.0,0.0,0.0,0.0,0.0,0.0,0.0,0.0,0.0,0.0,0.0,0.0,0.0,0.0,0.0,0.0,0.0,0.0,0.0,0.0,0.0,0.0,0.0
mp-560791,0.09543531963405276,0.0,0.45812222820372606,0.8262349508196916,0.7808447375828199,0.4834840593990079,0.4931819004818117,0.5441260867661483,0.48375125889399895,0.7033969049165677,1.0,0.7519066112322237,0.47536925102311045,0.4490583067367153,0.47284162811993086,0.40138591774056476,0.2211885168234108,0.25171258790889517,0.23512261181218405,0.3212299116330961,0.48986101808551225,0.4302225947834652,0.2317054908850925,0.14151122559219534,0.1822085567346231,0.18227876745830385,0.07257984138785009,0.1352543266271685,0.2143332878710934,0.3233359908434192,0.32137836289053995,0.28380819501729126,0.17271937209818972,0.05562656477119437,0.0,0.0,0.0,0.0038306304260462797,0.16394110304958429,0.2842964961266645,0.2508625008977651,0.07206080472611393,0.0,0.0,0.0,0.0,0.0,0.0,0.0,0.0,0.0
mp-561561,0.07536793134845751,0.0,0.5845460023663884,1.0,0.8458291380520737,0.29809666968318227,0.0,0.21003530006496926,0.3798951418861595,0.672507871132663,0.5256639113716588,0.3322822683273998,0.32769284415696304,0.24224585564814877,0.2011659342312165,0.0,0.0,0.0,0.0,0.0,0.0,0.0,0.0,0.0,0.2529616138940961,0.45594598437035583,0.471611917816466,0.17923158601026984,0.08184740415406871,0.0,0.0,0.0,8.212178899235856e-10,0.0,0.0,0.0,0.0,0.0,0.0,0.0,0.0,0.0,0.0,0.0,0.0,0.0,0.0,0.0,0.0,0.0,0.0
mp-561586,0.0,0.11034142563402151,0.6101898087169971,0.9717840660480895,0.8111973723946131,0.40084266094963134,0.2113030363738479,0.11599254829561931,0.6367096773806564,1.0,0.8973958723216491,0.38750101605162945,0.21633029748401475,0.23615015347266707,0.0863076319033982,0.0,0.03508488436808908,0.0,0.0,0.0,0.0,0.0,0.0,0.0,0.0,0.0,0.0,0.0,0.0,0.0,0.0,0.0,0.0,0.0,0.0,0.0,0.0,0.0,0.0,0.0,0.0,0.0,0.0,0.0,0.0,0.0,0.0,0.0,0.0,0.0,0.0
mp-561710,0.0,0.6730125428652574,0.9953929084696077,1.0,0.7334963513097362,0.5487063327834799,0.6410405552189508,0.5803139475011949,0.4156841857725711,0.15275209393090697,0.017278746960621438,0.1713197864556927,0.2896198970652053,0.39687648858760566,0.36182450167881813,0.3765198900189253,0.5119926580335807,0.5266093122744602,0.25381528386656094,0.0023855880079955635,0.0,0.0,0.09654187630202207,0.13017122039321147,0.09532116663370006,0.0,0.00768348651860166,0.04289344369138329,0.0,0.0,0.0,0.0,0.0,0.0,0.0,0.0,0.0,0.0,0.0,0.0,0.0,0.0,0.0,0.0,0.0,0.0,0.0,0.0,0.0,0.0,0.0
mp-5618,0.0,0.007314482405118375,0.030969571346408476,0.19098914556574043,0.32654712565925637,0.4151035756922014,0.5497620906417853,0.5517422811412924,0.7221006126580037,0.7426914635901662,0.7550666416997901,0.731641583383163,0.7229827055691727,0.7557455554183644,0.7939334641696734,0.9045740695681109,1.0,0.9537283305648935,0.9033696412604949,0.8832823607576847,0.8243362533373605,0.6981971730126566,0.5031096012284971,0.38674526669044434,0.38940383420320107,0.476599119087276,0.3439795274875013,0.10374015869778236,0.0,0.0,0.0,0.0,0.0,0.0,0.0,0.0,0.0,0.01050369646972234,0.1461698850041921,0.28127134942365767,0.5922824348134352,0.6964879155373583,0.7276642753613992,0.5525079363544784,0.5237333914898816,0.3381113165652602,0.05106504282763385,0.0,0.14406716690330262,0.2490981878152203,0.2145940742215141
mp-561827,0.28806680327740886,0.43480108456927685,0.7849113625846047,1.0,0.825109835851695,0.5241957176033387,0.3789394669272225,0.38523854786987044,0.5571887694735287,0.4122529811025344,0.3001910725105248,0.16013283994582048,0.06319621576685795,0.0472673355465565,0.11142120267896677,0.22756627341356608,0.24022339255436606,0.18980730075868632,0.08354618900787843,0.0565975963512067,0.08639041161754282,0.2593180581629791,0.31888367175941007,0.21053127363675167,0.05227863103310475,0.0,0.0,0.0,0.0,0.0,0.0,0.0,0.0,0.0,0.0,0.0,0.0,0.0,0.0,0.0,0.0,0.0,0.0,0.0,0.0,0.0,0.0,0.0,0.0,0.0,0.0
mp-561902,0.0,0.27706066693196907,0.731277468530716,1.0,0.9034352620396444,0.4696242621774697,0.17174797375388473,0.0,0.08034991079034438,0.1823590289670692,0.2970181034867743,0.3677622022112155,0.37296004216350215,0.29362334657637623,0.12647078754175026,0.018135066809508542,0.0,0.0,0.0,0.0,0.0,0.0,0.0,0.0,0.0,0.0,0.0,0.0,0.0,0.0,0.0,0.0,0.0,0.0,0.0,0.0,0.0,0.0,0.0,0.0,0.0,0.0,0.0,0.0,0.0,0.0,0.0,0.0,0.0,0.0,0.0
mp-561947,0.0,0.3261500310371436,0.7667122438677767,1.0,0.904830609637568,0.6763591962427947,0.4852811586390465,0.25628501113823154,0.16316126470317802,0.14988862527786426,0.06655221396781334,0.018886144179306535,0.04485773859880397,0.05146290452900334,0.05986910589521808,0.0649310496496853,0.12452848931514889,0.12178679897595875,0.061091309672936904,0.05548158250586959,0.1322300630318328,0.14685872759204782,0.07323086166879633,0.0,0.0,0.0,0.0,7.599101937148129e-47,8.535945033316359e-48,0.0,0.0,0.0,0.0,0.0,0.0,0.0,0.0,0.0,0.0,0.0,0.0,0.0,0.0,0.0,0.0,0.0,0.0,0.0,0.0,0.0,0.0
mp-1000,0.0,0.1603814665137704,0.366293016390463,0.6980961706626653,1.0,0.8567671272237708,0.42117213494678274,0.0,0.06118421773686039,0.0,0.0,0.0,0.0,0.0,0.0,0.0,0.0,0.0,0.0,0.0,0.0,0.0,0.0,0.0,0.0,0.0,0.0,0.0,0.0,0.0,0.0,0.0,0.0,0.0,0.0,0.0,0.0,0.0,0.0,0.0,0.0,0.0,0.0,0.0,0.0,0.0,0.0,0.0,0.0,0.0,0.0
mp-1002124,0.02337731725373556,0.030910686260937723,0.149185260293883,0.3585350538773499,0.6013938957949927,0.8099068615034676,0.8546229693074607,0.7000216015313149,0.7419304703662034,0.5802921816864388,0.3285611756645807,0.0,0.0,0.0,0.0,0.0,0.0,0.0,0.0,0.0,0.0,0.0,0.03881875673969001,0.21245921381712993,0.5424084717698736,0.9625349533828716,1.0,0.6216449371432599,0.11844061265929003,0.0,0.0,0.0,0.25397940698173477,0.6683053283485471,0.6862503996432608,0.30758040877474524,0.0,0.0,0.0,0.0,6.366763466322196e-51,1.9491023342787074e-52,0.0,0.0,0.0,0.0,0.0,0.0,0.0,0.0,0.0
mp-1002164,0.0,0.0017221473876927959,0.005981246148731173,0.014192319897551403,0.02792455396019303,0.049190464731450965,0.094161565229149,0.19180047272279707,0.31424406260327453,0.4653198420640793,0.5062626860421147,0.4387458961526846,0.3247909214781825,0.19152359373152725,0.21369694818790635,0.300771212756225,0.3384708885335868,0.2139151203126578,0.030094766636206846,0.0,0.0,0.0,0.0,0.0,0.0,0.0,0.0,0.0,0.0,0.0,0.0,0.0,0.3672508024117639,0.9715666504915614,1.0,0.4449881471478156,0.0,0.3679761785330005,0.5392560411743259,0.42028024012292386,0.01900382048910564,0.0,0.0,0.0,0.0,0.0,0.0,0.0,0.0,0.0,0.0
mp-10044,0.0,0.002277293012378372,0.007864658278247108,0.019232118927951628,0.037725543798254116,0.07353372169691527,0.17681587037308197,0.3208107643352361,0.5094280817834275,0.5859771214438608,0.5298142599652284,0.3903048815578907,0.3238567439348385,0.4137148450785284,0.40547500225638816,0.2613406604433068,0.03683374591867582,0.0,0.0,0.0,0.0,0.0,0.0,0.0,0.0,0.0,0.0,0.0,0.0,0.0,0.07235107123029098,0.5926574587348676,1.0,0.7948971672228378,0.6175208360722948,0.5845575191427689,0.4648782030419964,0.08226650645684222,0.0,0.0,0.0,0.0,2.5547756782174427e-74,4.548247148010945e-72,0.0,0.0,0.0,0.0,0.0,0.0,0.0
mp-1008223,0.0,0.258870972416879,0.5505201512544314,0.6260320256146927,0.3845109885017599,0.24521407899089442,0.2755894288856704,0.25977874558476544,0.0,0.40915290446938146,0.9575630754036975,1.0,0.4493198019314328,0.044440278059270096,0.0,0.0,0.0,0.0,0.0,0.0,0.0,0.0,0.0,0.0,0.0,0.0,0.0,0.0,0.0,0.0,0.0,0.0,0.0,0.0,0.0,0.0,0.0,0.0,0.0,0.0,0.0,0.0,0.0,0.0,0.0,0.0,0.0,0.0,0.0,0.0,0.0
mp-1008506,0.15038515440520592,0.0,0.1269203824878169,0.6632252615465669,0.8890812746764221,1.0,0.8437643881373473,0.7353309220903183,0.6607256446024484,0.4118549371196617,0.2735250250293482,0.10325584653089377,0.0,0.0,0.08452865381309006,0.5313954523497054,0.6476865080617623,0.3946575631240757,0.01300802344546716,0.0,0.0,0.0,0.0,0.0,0.0,0.0,0.0,0.0,0.0,0.0,0.0,0.0,0.0,0.0,0.0,0.0,0.0,0.0,0.0,0.0,0.0,0.0,0.0,0.0,0.22309319541708877,0.5851221469627436,0.6117022071275797,0.265225646819965,0.025723126268860738,0.0,0.0
mp-1008556,0.0,0.0029207604820331683,0.010201410950025896,0.02375020228214472,0.04513648577780282,0.07241242373258516,0.1801164750063612,0.3152768236493848,0.45191061770240354,0.5198793678465068,0.5881604758298596,0.597975803266675,0.44790832264514485,0.2817348584701516,0.13088171921528713,0.13448961030624276,0.17929567466743934,0.24967304736561244,0.29208832409336205,0.3361511419522221,0.3478783352837458,0.34717048870509776,0.3038477020476903,0.20061069659932393,0.08291644456681743,0.0,0.0,0.05453496256714924,0.3385851174990735,0.5106672034552437,0.5320311227687751,0.48366981755700406,0.783175446306546,1.0,0.8258553013322834,0.5795250011121674,0.33653757642786164,0.24331988641406488,0.1979636502642698,0.1453629160140442,0.08628094661235515,0.02653889047671108,0.0,0.0,0.0,0.0,0.0,0.0,0.0,0.0,0.0
mp-1008559,0.0,0.0005909382605147542,0.0022518190833930277,0.00520088206488525,0.009729034720406744,0.016101835080184763,0.024868008763023662,0.03699253536613587,0.05329046878704035,0.08031010824211823,0.13223608038991644,0.19581346359369362,0.2855002803999317,0.39859442391798994,0.4559440047856089,0.41763864883139057,0.3195181431577935,0.271597433317777,0.26730019119039,0.25634510196324556,0.2082707495708281,0.1978780690518644,0.2777676477282755,0.3417314886493055,0.2750427910696353,0.11023345439046202,0.010558473175799403,0.0,0.0,0.0,0.0,0.0,0.0,0.038333404753761645,0.17803077762438188,0.3311332986403648,0.6069513300869406,0.8722418675411053,1.0,0.9292072422687639,0.56396570595109,0.21292007147128286,0.0,0.0,0.0,0.0,0.0,0.0,0.0,0.0,0.0
mp-1008786,0.11957410750771301,0.0,0.40241657319216584,0.8636594223446895,1.0,0.5905272630189449,0.0,0.39554483114203665,0.8576765150891281,0.948527867216489,0.5230436738380991,0.10975253755313406,0.2007257885252835,0.12464074020722861,0.0393695137672415,0.0,0.0,0.0,0.0,0.0,0.0,0.0,0.0,0.0,0.0,0.0,0.0,0.0,0.0,0.0,0.0,0.0,0.0,0.0,0.0,0.0,0.0,0.0,0.0,0.0,0.0,0.0,0.0,0.0,0.0,0.0,0.0,0.0,0.0,0.0,0.0
mp-1009009,0.04430528263284038,0.09405672010781152,0.18002652097990163,0.2675254403993261,0.3301413654892692,0.39338688661711235,0.44420205319450684,0.4936056853208161,0.5330905615827595,0.5808141218068357,0.6255382645890838,0.6754491071806495,0.7342925048087197,0.8940748052658863,1.0,0.8170385940116528,0.46819846200486803,0.23635265652126766,0.4261705379611057,0.7568780629259364,0.8420525488225514,0.6733793040699061,0.4133920669403879,0.3223437271822356,0.31710025857847235,0.3027082997136493,0.29237399560957567,0.28969445905609237,0.2612425512706874,0.1905748204125086,0.09005372713142401,0.017363852631656136,0.0,0.0,0.0,0.0,0.0,0.0,0.0,0.0,0.0,0.0,0.0,0.0,0.0,0.0,0.0,0.0,0.0,0.0,0.0
mp-1009082,0.0024500513459798407,0.08541787294455355,0.6045756711149786,1.0,0.8409604064980731,0.39067656265222883,0.15596426519660023,0.3106944403059967,0.3208068351681105,0.4133028674575828,0.8154362405040664,0.7459897421576009,0.5719129021928231,0.6218441897560519,0.8852517640637568,0.5877060474440026,0.0,0.0,0.0,0.0,0.0,0.0,0.0,0.0,0.0,0.0,0.0,0.0,0.0,0.0,0.0,0.0,0.0,0.0,0.0,0.0,0.0,0.0,0.0,0.0,0.0,0.0,0.0,0.0,0.0,0.0,0.0,0.0,0.0,0.0,0.0
mp-1009084,0.12326110674581048,0.0,0.256731703854654,0.698923092549992,0.8225905844022343,0.7170027657632142,0.45109031174999226,0.2937554297526742,0.39579666265896857,0.3151562194441824,0.8995198599139765,1.0,0.7906198196903327,0.18303489219918342,0.0,0.0,0.0,0.0,0.0,0.0,0.0,0.0,0.05596859491995956,0.4298290292381105,0.5616103155335276,0.63330155994448,0.3875616703720293,0.19558715775894944,0.052917363678693,0.0,0.0,2.7369971665753927e-10,5.326862232533752e-10,0.0,0.0,0.0,0.0,0.0,0.0,0.0,0.0,0.0,0.0,0.0,0.0,0.0,0.0,0.0,0.0,0.0,0.0
mp-1009085,0.0,0.0028670700786892086,0.009584491520148645,0.02360499953639694,0.04276406267992135,0.11539983639616137,0.2540614343642391,0.4334831522267456,0.590141571591885,0.634591940091933,0.5766509719792314,0.4718351295122286,0.3451148475199633,0.230384463573274,0.1631640590127464,0.18378517299812622,0.2710150482511048,0.3518420336928951,0.295002097409302,0.15664878383357067,0.0,0.0,0.08955974072035355,0.6583028796014126,1.0,0.7535898059807502,0.11469412485670351,0.09153337667999323,0.699632035818158,0.9863073802853164,0.6910532577405627,0.19264051915285818,0.0,0.0,0.0,0.0,1.5753746561911612e-28,1.3577326503487406e-28,0.0,0.0,0.0,0.0,0.0,0.0,0.0,0.0,0.0,0.0,0.0,0.0,0.0
mp-1009087,0.0,0.017814535696848613,0.02234813188447006,0.12788005538649094,0.42553397955349154,0.8140087236318142,0.9679564894177323,0.8064296560330136,0.46120548285085855,0.49480797323204423,0.5363282495722548,0.43953050293120294,0.12452599817588111,0.0,0.0,0.0,0.0,0.0,0.3328959199614482,0.8872662228616495,1.0,0.5125781240484596,0.0650951890849839,0.0,0.10502256335282027,0.6074957397721783,0.9895631324433473,0.7852236079988234,0.26306084118811063,0.0,0.0,0.0,7.716015774464355e-14,1.978475580166668e-13,0.0,0.0,0.0,0.0,0.0,0.0,0.0,0.0,0.0,0.0,0.0,0.0,0.0,0.0,0.0,0.0,0.0
mp-1009088,0.05304345680694758,0.0,0.069422345266515,0.37736220027558887,0.7442449458927943,0.9241606871172733,0.810449455418525,0.5041825328775773,0.35959164926869247,0.4869670591567091,0.4984419123728809,0.14982182837820637,0.45663884710939323,1.0,0.9671914258888301,0.33962470414336754,0.0,0.0,0.0,0.0,0.0,0.0,0.0,0.0,0.26920483906069775,0.6282936305729387,0.8858728578480899,0.5907271422608851,0.22158572419579323,7.843023692350816e-05,0.0,0.0,1.0155040831407459e-11,6.400078735143467e-12,0.0,0.0,0.0,0.0,0.0,0.0,0.0,0.0,0.0,0.0,0.0,0.0,0.0,0.0,0.0,0.0,0.0
mp-1009127,0.04324431258397123,0.08146985105042272,0.16748372229346598,0.24917843518551847,0.31340660700790535,0.3715883905701847,0.41871925744433697,0.4530693663417134,0.4748021354560198,0.5029426097579792,0.53665824103426,0.5609269227164316,0.5993343511741784,0.6403821069736467,0.6925391478723038,0.7413475403459059,0.9462925874579688,1.0,0.7494840240384792,0.3681518634380958,0.15487659080908495,0.3609302109734129,0.533228250843021,0.7330217286848479,0.8414476570943134,0.8471433159500821,0.738149457841338,0.5872968335474068,0.48621788594764304,0.3442592026052132,0.17417501307266892,0.030400005137156513,0.0,0.014008047727903008,0.0,0.0,0.0,0.0,0.0,0.0,0.0,0.0,0.0,0.0,0.0,0.0,0.0,0.0,0.0,0.0,0.0
mp-1009129,0.0,0.012952424056406937,0.03276350519957162,0.06010387211444988,0.09576861380847573,0.13765493285262337,0.17893873065751514,0.21096204318889408,0.24746756146826757,0.30195694652260646,0.43415626619377956,0.6016505176221403,0.7117083340457755,0.74328806821181,0.7281729201059605,0.7744773064538709,0.8757086885606704,1.0,0.9863139448722618,0.8577202677042088,0.6448291300457216,0.5780718850528404,0.6001815684012464,0.514874272054662,0.3732018647900646,0.24592295458547397,0.4058265390811151,0.47780063666589206,0.41965889948827373,0.2918646864168534,0.22134252390712872,0.15531637738946533,0.08338750184358658,0.026387172724872003,0.0,0.0,0.0,0.0,0.0,3.4742185669749524e-46,0.0,0.0,0.0,0.0,0.0,0.0,0.0,0.0,0.0,0.0,0.0
mp-1009220,0.07581415450393439,0.14208016780575114,0.2973289657266222,0.4168006231116487,0.4722895548998209,0.504882442264621,0.5518042195196461,0.6106910512375648,0.893006463169234,1.0,0.7813175294804497,0.34849754326861815,0.06283687410704379,0.06499661179194256,0.08260462913712979,0.08709374122187315,0.08741494070798572,0.09293401818803737,0.09517527575016049,0.09446407794856804,0.08976403391881771,0.08972006075840892,0.09072201598231831,0.09308925000271949,0.09644022269941513,0.10009634269139048,0.10248158350247327,0.10803594165070363,0.11155992095057153,0.11787974707744425,0.12546026741953267,0.1314039586000452,0.13809500739695707,0.14536575038571686,0.1533316644903349,0.16231373383447278,0.176528755345728,0.20013999256471773,0.22857715716697427,0.2552425834105181,0.3336971721713772,0.44668964787155546,0.47191888865557574,0.385007312048996,0.2369264755224558,0.12178899345304829,0.03618751861078011,0.0,0.0,0.008771184124422364,0.0
mp-1009540,0.04742129723560728,0.03949025355947752,0.3198158276992855,0.627837611164458,0.8548807161562079,0.6732463355369936,0.3078794090765125,0.06255147302166905,0.01035465632141445,0.3228519826952723,0.46975868352222205,0.37590812517915395,0.11166347909037484,0.0,0.0,0.0,0.0,0.0,0.0,0.0,0.0,0.0,0.0,0.0,0.0,0.0,0.0,0.1049819449890728,0.6466408742542161,1.0,0.806586365376547,0.28962539051906866,0.25149378828065977,0.4493345775495938,0.47968469727501184,0.23506617517521441,0.0,0.0,0.0,0.0,0.0,0.0,0.0,0.0,0.0,0.0,0.0,0.0,0.0,0.0,0.0
mp-1009733,0.0,0.02804672316350068,0.024049453612323735,0.14734591701571842,0.4532679608924961,0.6754150203642657,0.6231999946046761,0.5229582344024347,0.7978603047629731,0.7674762272908411,1.0,0.8709587847007069,0.8030199683831896,0.31270998307431136,0.1326663189453389,0.0150948289489179,0.0,0.039602542643742245,0.0,0.0,0.0,0.0,0.0,0.0,0.0,0.0,0.0,0.0,0.0,0.0,0.0,0.0,0.0,0.0,0.0,0.0,0.0,0.0,0.0,0.0,0.0,0.0,0.0,0.0,0.0,0.0,0.0,0.0,0.0,0.0,0.0
mp-1011695,0.0,0.5507244732106167,0.8872316119971467,1.0,0.7663249150010455,0.4391805464159771,0.2407126860084055,0.0,0.0,0.0,0.0,0.0,0.0,0.0,0.0,0.0,0.0,0.0,0.0,0.0,0.0,0.0,0.0,0.0,0.0,0.0,0.0,0.0,0.0,0.0,0.0,0.0,0.0,0.0,0.0,0.0,0.0,0.0,0.0,0.0,0.0,0.0,0.0,0.0,0.0,0.0,0.0,0.0,0.0,0.0,0.0
mp-10159,0.16695905741149722,0.40885594354108457,0.6476633402074663,0.6431447069392489,0.6663214925855828,0.892346885698433,1.0,0.6089569858793862,0.0,0.0,0.0,0.0,0.0,0.0,0.0,0.0,0.0,0.0,0.0,0.0,0.0,0.0,0.0,0.0,0.0,0.0,0.0,0.0,0.0,0.0,0.0,0.0,0.0,0.0,0.0,0.0,0.0,0.0,0.0,0.0,0.0,0.0,0.0,0.0,0.0,0.0,0.0,0.0,0.0,0.0,0.0
mp-10163,0.05283123884678433,0.04764234231767714,0.47890129602517023,0.907214221825021,1.0,0.7515252249394585,0.4702494839586234,0.28224240425143704,0.14963592574318121,0.0005108557841242571,0.0,0.04046883372703,0.16304930414074392,0.2009070884137501,0.25132259817865304,0.2133131373855778,0.3104894708558485,0.1872127580016813,0.02946201790271833,0.0,0.0,0.008140373924881265,0.0,0.0,0.0,0.0,0.0,0.0,0.0,0.0,0.0,0.0,0.0,0.0,0.0,0.0,0.0,0.0,0.0,0.0,0.0,0.0,0.0,0.0,0.0,0.0,0.0,0.0,0.0,0.0,0.0
mp-10167,0.08358251545911242,0.16363573525346348,0.4754923805479112,0.5572794174317468,0.5784922951326678,0.5321794259792392,0.8330714723484299,0.861946690081645,1.0,0.7919402354640045,0.5879018652351164,0.07744086167732912,0.0,0.0,0.0,0.0,0.005856792809456579,0.2661547856996883,0.509936730868617,0.4390567796324473,0.16317283865723836,0.0,0.0,0.0,0.0,0.0,0.0,0.0,0.0,0.0,0.0,0.0,0.0,0.0,0.0,0.0,0.0,0.0,0.0,0.0,0.0,0.0,0.0,0.0,0.0,0.0,0.0,0.0,0.0,0.0,0.0
mp-1018040,0.05990779044652641,0.0,0.30938687475534066,0.6414212586809024,0.6898895633043601,0.38863867977070793,0.2561037706580098,0.3123306688523641,0.30185796328400455,0.1300835705373239,0.0,0.0,0.48984610378321636,0.9104600898737876,1.0,0.5432671356200296,0.21860692845650231,0.07416754259692637,0.0,0.0,0.004325176214167497,0.0,0.0,0.0,0.0,0.0,0.0,0.0,0.0,0.0,0.0,0.0,0.0,0.0,0.0,0.0,0.0,0.0,0.0,0.0,0.0,0.0,0.0,0.0,0.0,0.0,0.0,0.0,0.0,0.0,0.0
mp-1018096,0.07343405761098533,0.0,0.32008594137663715,0.6383778222818189,0.7942588866909567,1.0,0.9548215389741888,0.817612810443258,0.41943190852831913,0.15503259115485754,0.12669254461238208,0.012529744095234493,0.07612299805444413,0.08628632379450903,0.07619662208402675,0.06583225394696109,0.08131968226041211,0.14218258780439222,0.17746981205184273,0.14337474043778298,0.06486539809628225,0.00506761809514454,0.0015310623409801603,0.0,0.0,0.001139802064456806,0.0,0.0,0.0,0.0,0.0,0.0,0.0,0.0,0.0,0.0,0.0,0.0,0.0,0.0,0.0,0.0,0.0,0.0,0.0,0.0,0.0,0.0,0.0,0.0,0.0
mp-1018100,0.0874405817516503,0.0,0.30640956171254485,0.6299261347310579,0.568157544490581,0.30829180284345453,0.2655994949575145,0.2688999849544247,0.1422457749294818,0.0,0.0,0.0,0.0,0.09022255970905431,0.6777200059197229,1.0,0.7555330395747277,0.04259440265077834,0.0,0.01335272154882393,0.0,0.0,0.0,0.0,0.0,0.0,0.0,0.0,0.0,0.0,0.0,0.0,0.0,0.0,0.0,0.0,0.0,0.0,0.0,0.0,0.0,0.0,0.0,0.0,0.0,0.0,0.0,0.0,0.0,0.0,0.0
mp-10182,0.0,0.018264587184895917,0.012736142882391756,0.04254232675401166,0.26797113351000007,0.5462491135611685,0.7032974066021611,0.5781119358279393,0.25625712623004504,0.040033813785839686,0.04102392392071785,0.5840167672113136,0.7094594699443924,0.5395376485699974,0.20154963371005058,0.2833068461353907,0.13585893197671875,0.0,0.27672622955372855,0.8812846002464902,1.0,0.5426296187486851,0.0,0.0,0.021605101787917077,0.00976452612761371,0.0,0.0,0.0,0.0,0.0,0.0,0.0,0.0,0.0,0.0,0.0,0.0,0.0,0.0,0.0,0.0,0.0,0.0,0.0,0.0,0.0,0.0,0.0,0.0,0.0
mp-1020019,0.0,0.0035822128886244075,0.013115574638571204,0.03056994686748578,0.05572518108407611,0.10559453575452445,0.23735183974473928,0.40717058647368265,0.5195881452294119,0.5488501498878684,0.5003280683348905,0.337681585517286,0.23869015950032677,0.28793432825433457,0.42384006820844417,0.442809146406467,0.44300462389513323,0.42802184684777766,0.5737137078533244,0.7129556452879429,0.938987003673641,0.9810806958955031,1.0,0.8896325765437629,0.6720115043059852,0.45949784396761667,0.37670376014082885,0.44902562830331666,0.47342100499312545,0.5109420863431794,0.46383599596516584,0.2767252994231454,0.08782921563740084,0.04847775793770052,0.05384999460108799,0.0957918078887976,0.09620341847754828,0.08352628513281128,0.09307557400793005,0.10302745184499862,0.13717512809231627,0.1613700843804498,0.11877571678400789,0.0434178335929918,0.0,0.017282132727883672,0.07683517407559119,0.09371077883931533,0.2776745455268158,0.4725594029569504,0.5262755351823618
mp-1020059,0.0,0.007080421150451916,0.020953063024153964,0.050803257514875494,0.11193322519340977,0.20319805790858253,0.36850273634077835,0.5635419860605323,0.6537870062891339,0.6669304383345376,0.5662898241584602,0.4893546835692216,0.4849849941080197,0.5604596797238551,0.7509713039809842,0.7203549289244443,0.48466066189977636,0.10864196628928724,0.20000174247575672,0.6186271376989912,0.9047621591720406,1.0,0.8130846445767257,0.7359160958492705,0.4499749365227226,0.16271222532787144,0.0,0.0,0.0,0.22867691652782862,0.4047234335543279,0.35518540744903415,0.1269403307647153,0.2139848099044483,0.5613653156163712,0.6190986322623251,0.6577661712109992,0.5004117796507519,0.5434371599600405,0.4189889670727299,0.2571774632486818,0.07030575878981414,0.17278404341123044,0.3360418779728371,0.3055625064082128,0.09042407118614909,0.038579866671901046,0.009643049417240663,0.0,0.0,0.0
mp-1022,0.10973681520451671,0.0,0.1555831662035302,0.46783812586739276,0.6989696547895141,1.0,0.7240305901561398,0.9194414573144394,0.7790079840409758,0.638900762924243,0.35908884327747054,0.09348673845913404,0.0139825355417103,0.0,0.0,0.0,0.0,0.0,0.0,0.0,0.0,0.0,0.0,0.0,0.0,0.0,0.0,0.0,0.0,0.0,0.0,0.0,0.0,0.0,0.0,0.0,0.0,0.0,0.0,0.0,0.0,0.0,0.0,0.0,0.0,0.0,0.0,0.0,0.0,0.0,0.0
mp-10223,0.0,0.04773868861127235,0.1759761441538303,0.3337016212475255,0.557264566635706,0.7797180133417809,0.9357562235292588,1.0,0.9576923866185088,0.8870209826641323,0.6146161415176784,0.2747436426721442,0.03313328847796304,0.07298714926276452,0.33846742131996843,0.7087265382425422,0.7661658887596083,0.48779627272228926,0.09167702809347104,0.0,0.0012274610901024745,0.0,0.0,0.0,0.0,0.0,0.0,0.0,0.0,0.0,0.0,0.0,0.0,0.0,0.0,0.0,0.0,0.0,0.0,0.0,0.0,0.0,0.0,0.0,0.0,0.0,0.0,0.0,0.0,0.0,0.0
mp-10226,0.0,0.014625361559104117,0.05710635625595259,0.21150060556287886,0.31641046531042355,0.5481899490004493,0.7043761535505522,0.7421194154722479,0.648282170318481,0.37254187100206676,0.6787667158929714,0.9719666124007454,1.0,0.5798595982570717,0.38733649356999256,0.20529752654193742,0.07621609255678362,0.006458950541408051,0.0,0.001154667544300747,0.0,0.0,0.0,0.0,0.0,0.0,0.0,0.0,0.0,0.0,0.0,0.0,0.0,0.0,0.0,0.0,0.0,0.0,0.0,0.0,0.0,0.0,0.0,0.0,0.0,0.0,0.0,0.0,0.0,0.0,0.0
mp-10246,0.0,0.10827326006240266,0.3189453634457501,0.4753300968271364,0.6784127463450542,0.8233135136691964,0.9561131366268161,1.0,0.9583739996253635,0.8577027562395058,0.5986861539979775,0.3198508904857001,0.03957049652020288,0.032449684419051765,0.18516739015616937,0.6535578369289624,0.787684219309246,0.6092092158806215,0.28014421226429975,0.14507464551933796,0.0,0.0,0.0,0.0,0.0,0.0,0.0,0.0,0.0,0.0,0.0,0.0,0.0,0.0,0.0,0.0,0.0,0.0,0.0,0.0,0.0,0.0,0.0,0.0,0.0,0.0,0.0,0.0,0.0,0.0,0.0
mp-10250,0.11187772308251222,0.0,0.12361400347302343,0.4621138887611022,0.863343486776917,1.0,0.9738700638740704,0.9798181530246691,0.8014656064996819,0.6658468980202028,0.657182083649631,0.6964800583023256,0.7569079526759975,0.8247560433007067,0.9036890957691226,0.7259910164759612,0.5539769866795203,0.3008364170824301,0.465945823720367,0.5520444824336422,0.6349774652141859,0.5650483427201466,0.4132471435711583,0.37523720265002924,0.24446620702771013,0.11847359441987708,0.0,0.0,9.045694971325299e-05,0.0005947767234705451,0.0,0.0,0.0,0.0,0.0,0.0,0.0,0.0,0.0,0.0,0.0,0.0,0.0,0.0,0.0,0.0,0.0,0.0,0.0,0.0,0.0
mp-10289,0.0,0.0025824656506439544,0.009560007281468445,0.022128295338148012,0.04154638056047718,0.0665512380580966,0.09075049111081047,0.27553449617406656,0.5933126821872281,0.8798836741366964,1.0,0.9014184627060446,0.8320047784296704,0.629004738509775,0.5476743244273928,0.5996831746228514,0.6416724740861491,0.4498935902479279,0.19804071330424702,0.20807880535831302,0.18939527793904795,0.14072728773052554,0.08355421913415355,0.06199522660489422,0.06974800201689879,0.12619433849365463,0.1691052600100866,0.16674381692017745,0.45649953913395647,0.6405189211762109,0.6358889029453751,0.3166596614981306,0.20288551576861275,0.26611491878635096,0.49730637312581794,0.6252285346438139,0.47394576270478517,0.1825485456329233,0.11993894673942056,0.18218370265446823,0.21258055949249957,0.15921159360820983,0.1592342459513712,0.43738527372606184,0.6285912481766454,0.5480551708275337,0.26920128817362066,0.046741561979700696,0.09571574500864184,0.16556769207036798,0.27103428818917663
mp-1029,0.07228030779729734,0.0,0.14197258619977426,0.4197055382993281,0.5515675398159627,0.5119180148892127,0.40439917372172973,0.2868063476532109,0.6057295953287544,0.7976366499221847,1.0,0.9466956509867999,0.6411672501341019,0.27996298532579245,0.09506603199643562,0.31980589132108417,0.3019865121785733,0.09754982190915035,0.0,0.007583310260505216,0.0,0.0,0.0,0.0,0.0,0.0,0.0,0.0,0.0,0.0,0.0,0.0,0.0,0.0,0.0,0.0,0.0,0.0,0.0,0.0,0.0,0.0,0.0,0.0,0.0,0.0,0.0,0.0,0.0,0.0,0.0
mp-10322,0.1849106985308468,0.0,0.1870568460708267,0.6452396540208502,1.0,0.9629429902909267,0.6529391532531188,0.4927913188087653,0.40568222050725766,0.43874580655853107,0.3287847270646039,0.29339395872294477,0.23804173949785812,0.33644328860412637,0.3958610330717064,0.38883911990762615,0.3254422348264687,0.16460314964138742,0.08960265990824964,0.10079919013264865,0.09629878016631362,0.09674323672731788,0.08721209798697525,0.10399665998860222,0.13475547235775265,0.1519809893777946,0.13913676677710024,0.10838972439750552,0.2080542036058475,0.32818435146804703,0.31631711360861625,0.16549598683684313,0.0,0.009927336626792124,0.12334409685161073,0.26583915219843457,0.28048008378545547,0.16312338514272276,0.01953025280092406,0.0,0.0,0.0,0.0,2.5193833184441173e-78,8.859871442044064e-78,0.0,0.0,0.0,0.0,0.0,0.0
mp-10336,0.0,0.2405023313921085,0.6599030633703222,0.9017737747367512,0.8225875399838922,0.7635730516450199,0.9972104176748656,1.0,0.6965917200822368,0.2096843569144627,0.0782057661391962,0.04550740849518999,0.0,0.0,0.0,0.0,0.0,0.0,0.0,0.0,0.0,0.0,0.0,0.0,0.0,0.0,0.0,0.0,0.0,0.0,0.0,0.0,0.0,0.0,0.0,0.0,0.0,0.0,0.0,0.0,0.0,0.0,0.0,0.0,0.0,0.0,0.0,0.0,0.0,0.0,0.0
mp-10378,0.15156361873056223,0.3740984385641229,0.7591410421540138,1.0,0.662454112578271,0.0,0.0,0.0,0.0,0.0,0.0,0.0,0.0,0.0,0.0,0.0,0.0,0.0,0.0,0.0,0.0,0.0,0.0,0.0,0.0,0.0,0.0,0.0,0.0,0.0,0.0,0.0,0.0,0.0,0.0,0.0,0.0,0.0,0.0,0.0,0.0,0.0,0.0,0.0,0.0,0.0,0.0,0.0,0.0,0.0,0.0
mp-10381,0.07731437118053207,0.18006051976580906,0.40015598376272904,0.835957803651599,1.0,0.9862951351396911,0.7602586277658601,0.5325206739131311,0.21165482398595523,0.0,0.0,0.14141002897056196,0.23630615356121853,0.17100451136649245,0.0,0.0,0.0,0.0,0.0,0.0,0.0,0.0,0.0,0.0,0.0,0.0,0.0,0.0,0.0,0.0,0.0,0.0,0.0,0.0,0.0,0.0,0.0,0.0,0.0,0.0,0.0,0.0,0.0,0.0,0.0,0.0,0.0,0.0,0.0,0.0,0.0
mp-1039,0.0,0.35200821348023587,0.7097423049773998,0.7060750063741916,0.5320345621219719,0.3219885397555701,0.27174468229323295,0.0847848965662216,0.0,0.0,0.28687631346064063,0.7294938054383517,1.0,0.7664882836042555,0.13452946322859738,0.07217921457999472,0.0,0.16255174329291108,0.0,0.0,0.0,0.0,0.0,0.0,0.0,0.0,0.0,0.0,0.0,0.0,0.0,0.0,0.0,0.0,0.0,0.0,0.0,0.0,0.0,0.0,0.0,0.0,0.0,0.0,0.0,0.0,0.0,0.0,0.0,0.0,0.0
mp-10408,0.01997479287390814,0.0053071031164058854,0.0991129706783258,0.28403465160136526,0.6241555160203274,0.8579001440733399,0.8273299950789331,0.7775141200336355,0.9050233976727641,1.0,0.8024049771042105,0.36066939258520364,0.20857775510869056,0.07715645838607432,0.010125701669796518,0.0,0.0,0.0,0.0,0.0,0.0,0.0,0.0,0.0,0.0,0.0,0.0,0.0,0.0,0.0,0.006032198400016287,0.17846482335198807,0.4681180433409335,0.46780385631654103,0.17761436072570322,0.005487232660445079,0.0,0.0,0.0,0.0,0.0,0.0,0.0,0.0,0.0,0.0,0.0,0.0,0.0,0.0,0.0
mp-10417,0.0,0.1677056954210814,0.5503052163677313,0.8985312736510925,0.9081408466079742,0.8948239773062997,0.853951815865004,0.9462319431466263,1.0,0.9408587010755148,0.5458709456471065,0.2619481208759467,0.11868991809850779,0.20975016852985154,0.2965790110087979,0.2909673760596715,0.18413939857115702,0.10873783112314073,0.19715158060410048,0.38576103149004726,0.5878729757513861,0.5193578202477227,0.27519892106803523,0.0,0.0,0.0069771054868824345,0.17555435879410014,0.38416614043661335,0.5583528074728573,0.5449446356044662,0.33877268870808047,0.19712546722630866,0.06285388419705144,0.0,0.0,0.0,6.643589460548217e-30,3.6033924432497167e-29,0.0,0.0,0.0,0.0,0.0,0.0,0.0,0.0,0.0,0.0,0.0,0.0,0.0
mp-10474,0.41218623742906874,0.5319917460729292,0.7081715567882826,0.594223470727649,0.345776454453182,0.08774177804245015,0.0,0.22613350833836138,0.5523308319584878,0.6081422689077797,0.3079837674275674,0.0,0.0,0.3786924671711134,0.6654126995037043,0.5917266139686536,0.15966406543712827,0.0,0.0,0.0,0.018025229170576626,0.5281378151355185,0.6798999424392208,0.47328557424400647,0.0,0.11850918193907227,0.6943549847344973,1.0,0.7723434072914415,0.06326961298498221,0.0,0.0,0.0,0.0,0.0,0.1343817834047272,0.22347015058376654,0.19079742632419455,0.0,0.21177130095587574,0.4120233840707322,0.40695240828536633,0.19150293678741515,0.12942449632722505,0.1544887164830258,0.08210596770664373,0.007732013553682769,0.0,0.01328306195069408,0.0,0.0
mp-10485,0.08774099734530814,0.0,0.319985808728571,0.766217555954559,1.0,0.7619023311366403,0.27781525615403496,0.0,0.0,0.06974144477213857,0.2054667520671642,0.21980036733427036,0.11274236833784047,0.0,0.0,0.11264094511756628,0.39807512242542514,0.44094691050433077,0.2410354629603054,0.0,0.0,0.0,0.0,0.0,0.0,0.0,0.0,0.0,0.0,0.0,0.0,0.0,0.0,0.0,0.0,0.0,0.0,0.0,0.0,0.0,0.0,0.0,0.0,0.0,0.0,0.0,0.0,0.0,0.0,0.0,0.0
mp-10572,0.0,0.015123738927033954,0.0069674199687764365,0.0047695794450064045,0.16398261360162114,0.46019214948104803,0.6155589300719141,0.6044389919789939,0.5170085575555886,0.5539382114088611,0.6280344547590533,0.7954155991706217,1.0,0.8281404690667913,0.5366523768457017,0.39338350719950843,0.4138399362065379,0.4282839519921836,0.3734434790790888,0.3808941570805263,0.40236796297945404,0.3899825243236034,0.36036372763267766,0.4047370117627679,0.431961500289043,0.5046844045808888,0.4448872106813104,0.4309270873101941,0.32599398248674555,0.33932159750758467,0.25584787359606,0.1901664637637364,0.13232637480872023,0.1481339240606292,0.22704798174515994,0.23111258037592047,0.2234439184311375,0.21297104263965125,0.30175517360293574,0.4538930427738841,0.38988700751562644,0.2021880265400739,0.0,0.0,0.0,0.0,0.0,0.0,0.01893548741051937,0.484571623786673,0.6661236128294676
mp-10615,0.2073070310815155,0.0,0.2753330993946637,0.8657990756307629,1.0,0.6603475283594643,0.250232861605362,0.43446490739996,0.6047382642811474,0.5344779935753036,0.41674672716422567,0.3263662881291756,0.1731317680730837,0.027694703098466725,0.0,0.20783814420640756,0.3693410238157704,0.40252786383422506,0.7157776098890569,0.7332996058074186,0.5644534429702386,0.0,0.0,6.190278291716501e-06,0.008097252293380852,0.0,0.0,0.0,0.0,0.0,0.0,0.0,0.0,0.0,0.0,0.0,0.0,0.0,0.0,0.0,0.0,0.0,0.0,0.0,0.0,0.0,0.0,0.0,0.0,0.0,0.0
mp-10616,0.15035063331618315,0.0,0.24587715045694064,0.665859037500953,1.0,0.8942825714963842,0.5985898153192297,0.3496094013547633,0.11812301283509682,0.0,0.0,0.0,0.0,0.0,0.15499069079375224,0.27486470357364573,0.1793966082957271,0.4455671678793317,0.5285687086320751,0.44250399076942454,0.02745165052656434,0.0,0.1206243064491587,0.0,0.0,0.0,0.0,0.0,0.0,0.0,0.0,0.0,0.0,0.0,0.0,0.0,0.0,0.0,0.0,0.0,0.0,0.0,0.0,0.0,0.0,0.0,0.0,0.0,0.0,0.0,0.0
mp-10680,0.09101167912510741,0.2512660858068408,0.3350463583621914,0.6790590413511205,0.8861374827099193,1.0,0.7217389499437816,0.35504349815607344,0.07678100304019765,0.0,0.0,0.0,0.0,0.0,0.0,0.0,0.0,0.0,0.0,0.0,0.0,0.0,0.0,0.0,0.0,0.0,0.0,0.0,0.0,0.0,0.0,0.0,0.0,0.0,0.0,0.0,0.0,0.0,0.0,0.0,0.0,0.0,0.0,0.0,0.0,0.0,0.0,0.0,0.0,0.0,0.0
mp-1070,0.0,0.49474035853213,0.7088455904200525,0.5617557924344764,0.16129559729601445,0.18043618426944538,0.19896286107079675,0.22708606568803283,0.7561535984758004,1.0,0.5907356080319853,0.0,0.08956009098851095,0.0,0.0,0.0,0.0,0.0,0.0,0.0,0.0,0.0,0.0,0.0,0.0,0.0,0.0,0.0,0.0,0.0,0.0,0.0,0.0,0.0,0.0,0.0,0.0,0.0,0.0,0.0,0.0,0.0,0.0,0.0,0.0,0.0,0.0,0.0,0.0,0.0,0.0
mp-10760,0.0,0.011375605566140846,0.026483825111958174,0.1643234610796155,0.6062902250763766,0.8798186579738224,0.9206791573474662,0.48659656209188756,0.36065779529264197,0.7865451060931932,1.0,0.8296635799997627,0.22951313866033127,0.1664530035051006,0.20694907104974805,0.16336859590233638,0.08411191379051752,0.011488641915615895,0.0,0.0019319663385108281,0.0,0.0,0.0,0.0,0.0,0.0,0.0,0.0,0.0,0.0,0.0,0.0,0.0,0.0,0.0,0.0,0.0,0.0,0.0,0.0,0.0,0.0,0.0,0.0,0.0,0.0,0.0,0.0,0.0,0.0,0.0
mp-10776,0.0,0.16252654062375987,0.4781819060605996,0.8289530501809077,1.0,0.9320533864738763,0.9804278816827849,0.9589435728741369,0.6508559974940579,0.23400517472109406,0.0,0.07529311766663811,0.32317016895584355,0.45663034910866285,0.3896310085847513,0.472623352279796,0.48362324564259374,0.5433562807367975,0.48633438244397414,0.24760551899667152,0.08846887250176731,0.0,0.027162584698138488,0.02388345105281992,0.0,0.0,0.0,0.0,0.0,0.0,0.0,0.0,0.0,0.0,0.0,0.0,0.0,0.0,0.0,0.0,0.0,0.0,0.0,0.0,0.0,0.0,0.0,0.0,0.0,0.0,0.0
mp-10969,0.07136516701254732,0.0,0.14729814490628287,0.5380008235391073,0.782115347358296,0.7634041241352614,0.5305100558560722,0.5248755027258165,0.7179973958059931,0.661648958907603,0.5635490715514595,0.5470125145016362,0.6002271678794752,0.6605192201645227,0.6388402317836329,0.6025815030484832,0.5356849739817602,0.37339376614198305,0.1912069190772587,0.04379341604817623,0.0,0.0,0.0,0.0,0.0,0.0,0.0,0.0,0.0,0.0,0.22915801243493933,0.8887102782419236,1.0,0.5628895665693378,0.0,0.0,0.0,0.0,0.0,0.0,0.0,0.0,0.0,0.0,0.0,0.0,0.0,0.0,0.0,0.0,0.0
mp-11019,0.045747294549586405,0.0,0.0007866209469025977,0.4098749347061556,0.9525849569173264,1.0,0.7021720255404363,0.46143779197612533,0.5557981481573873,0.5003352958942323,0.4692443627523296,0.4940353407648664,0.37554640008280465,0.24470525020183534,0.24178395426463972,0.2971914718433478,0.3472926556254447,0.4126020122547222,0.46653734142894776,0.486969666082033,0.4267672133934416,0.519793810747304,0.7029662795395117,0.6154005187497144,0.4708388989771183,0.4823054536946849,0.40607094157674384,0.2573671386848656,0.0,0.021846167319992744,0.32707316990645585,0.46381182152791806,0.45359488277894466,0.3279575858178873,0.3637617752366195,0.305472843006975,0.14686499715807141,0.054824081764210136,0.010818590409992591,0.0,0.0,0.0,0.0,0.0,1.2295376132680444e-89,2.675629248045114e-90,0.0,0.0,0.0,0.0,0.0
mp-11020,0.0822450765468783,0.0,0.08801101402302262,0.4231810765129029,0.827026530568624,1.0,0.8342925195949444,0.7180939721931917,0.6250416118710552,0.6025386139685524,0.43414585316476956,0.303306025628379,0.27429212660748614,0.21034753104533233,0.23232110902532302,0.22772996228635056,0.358677211247149,0.4434000534117932,0.47748645167750514,0.4725360631915875,0.6521723160368541,0.8042651916517252,0.6102150249891416,0.32790305854131646,0.37276125768669444,0.3802759351502752,0.22717000142413202,0.296796914857985,0.43407245240078657,0.5078502115273761,0.360600896961645,0.3403366669436692,0.28322800433246775,0.1348662493864004,0.04976584751807424,0.0028059604092322728,0.0,0.0,0.0,0.0,2.561412178220014e-54,5.576702713167083e-55,0.0,0.0,0.0,0.0,0.0,0.0,0.0,0.0,0.0
mp-1105,0.15848903012489343,0.0,0.14399216934282388,0.6018148654092407,0.797934246674266,0.8269943769166948,0.838431275688105,1.0,0.855547928134477,0.886620437991551,0.892748253546062,0.7103720162508432,0.32480723712249304,0.1332035355027236,0.24636184639333927,0.2709272257770556,0.18921584156734347,0.07550354858063746,0.0,0.0,0.0,0.0,0.0,0.0,0.0,0.0,0.0,0.0,0.0,0.0,0.0,0.0,0.0,0.0,0.0,0.0,0.0,0.0,0.0,0.0,0.0,0.0,0.0,0.0,0.184061621998756,0.44855000388461586,0.4575672182512595,0.21111326475559064,0.0,0.0,0.0
mp-11123,0.0,0.569112179864483,1.0,0.9630290556964459,0.5293387135010565,0.33107383685631464,0.6429037866522053,0.8392987799406867,0.7826734943084944,0.5828298739467351,0.29247836818103656,0.06576253342380188,0.0,0.0,0.0,0.0,0.0,0.0,0.0,0.0,0.0,0.0,0.0,0.0,0.0,0.0,0.0,0.0,0.0,0.0,0.0,0.0,0.0,0.0,0.0,0.0,0.0,0.0,0.0,0.0,0.0,0.0,0.0,0.0,0.0,0.0,0.0,0.0,0.0,0.0,0.0
mp-11175,0.1408839549465398,0.0,0.31987567968135455,0.8520379309851999,1.0,0.8201596418452395,0.5700713067591268,0.6144495540839895,0.7554397283252542,0.4957648075303525,0.24617851570195934,0.15692290522434688,0.367664877811435,0.5805445807841335,0.6364982140485275,0.6819588690483572,0.6327253329975326,0.3443015434163262,0.3945662016767118,0.6129569226408712,0.706820117876092,0.5080130733564353,0.04289062954878991,0.0,0.10257606291975062,0.21721000112967562,0.2721711316551339,0.45198708598212084,0.4688668688972085,0.40584743154558356,0.045860048694703115,0.0,0.0,1.7226630645075267e-15,9.4672471176369e-15,0.0,0.0,0.0,0.0,0.0,0.0,0.0,0.0,0.0,0.0,0.0,0.0,0.0,0.0,0.0,0.0
mp-11265,0.0633665145657657,0.0,0.44776638192927176,0.9627804548847226,1.0,0.4876934846890416,0.16949076874507654,0.3982412472069019,0.6038094271193328,0.4011395851497723,0.02429763510618611,0.0,0.0,0.0,0.0,0.0,0.0,0.0,0.0,0.0,0.0,0.0,0.0,0.0,0.0,0.0,0.0,0.0,0.0,0.0,0.0,0.0,0.0,0.0,0.0,0.0,0.0,0.0,0.0,0.0,0.0,0.0,0.0,0.0,0.0,0.0,0.0,0.0,0.0,0.0,0.0
mp-1138,0.0,0.0013349668732062158,0.005276782608924459,0.012135384836472309,0.02232252450466801,0.036452841666014923,0.055520970319670696,0.08126179472191995,0.1139831805255054,0.18301943906825266,0.31658857149675534,0.4597642404981434,0.45820324311352895,0.338131830660262,0.4605471678689459,0.7993788713070586,1.0,0.7812850697651478,0.4574812196310597,0.1496506577527275,0.07195260838862162,0.0422549502052899,0.07919081798346712,0.11313253962188148,0.1173805013564228,0.11104956286265916,0.11490025275333224,0.11908827153944873,0.12598997230399173,0.12811196135086247,0.11280691824528231,0.07062181527210655,0.024544644187759083,0.0006948493756388742,0.0,0.0,0.0,3.930269417685405e-29,2.457871866831032e-29,0.0,0.0,0.0,0.0,0.0,0.0,0.0,0.0,0.0,0.0,0.0,0.0
mp-1143,3.926332109260693e-06,0.0013271873955912365,0.00523080990826481,0.011934344751827298,0.021770139065839255,0.03504359683332884,0.05256717262401194,0.07525940757955343,0.10429514928676444,0.1415714612709372,0.222094305890778,0.3036170722978253,0.40135968304302544,0.4451266588219705,0.5704829882770655,0.6110400364915739,0.4734995802036086,0.4719727459525056,0.5936034649166491,0.9135884377096767,1.0,0.9233984406795263,0.7689003826740447,0.7018078574627578,0.7252342297666412,0.7648581871346711,0.8291383210427015,0.8363297078664516,0.7280881693313883,0.5890694691095043,0.5644680502425784,0.570395495764181,0.6828841929202264,0.6543311259937724,0.41907082327550516,0.25653476375921386,0.4155723654045964,0.5598815036600514,0.4646089904537224,0.22453139233826888,0.28263405665657176,0.21725397555324996,0.1251342512447433,0.06747873185423747,0.019635599694964093,0.0,0.0,0.0,0.0,0.0,0.0
mp-1153,0.0,0.004628581072934118,0.01708128761589272,0.040574012859941416,0.07786361619507293,0.13525929847212578,0.2785957789705312,0.4630315963862939,0.6317008272322797,0.6492845101611621,0.5372714944449041,0.5069964203809562,0.4922110784676155,0.6102735884507601,0.680737516483301,0.89895159586678,0.9136702431960927,0.8666243488653288,0.9859879830115609,1.0,0.7019941623279788,0.3211837976039679,0.3205560558019779,0.4794241891003927,0.3778420528635087,0.0778202107664648,0.002501699816497689,0.0,0.0,5.415340166063215e-06,6.365124563580736e-06,0.0,0.0,0.0,0.0,0.0,0.0,0.0,0.0,0.0,0.0,0.0,0.0,0.0,0.0,0.0,0.0,0.0,0.0,0.0,0.0
mp-11659,0.11478356019231638,0.0,0.4250056250462399,0.851746311011458,0.9090530594873679,0.6930288891526966,0.5895018968151907,0.6679560514976473,0.565265654754975,0.42310125304895957,0.41384943384148803,0.4458219582668854,0.5597550202977746,0.6699507108586513,0.7596128490566108,0.5860182076485265,0.5698692407489683,0.7736823412803725,0.7657171453051077,0.5898677636298348,0.3093375265020298,0.331516801202391,0.23809047220478952,0.139404318891633,0.040747233652426613,0.010562892786483329,0.0,0.0,0.2190520929249858,0.698160709705722,1.0,0.7416578426918339,0.18289110103002046,0.06270042351357838,0.3691282194741269,0.5912686285249021,0.4361222182862097,0.0,0.0,0.0,0.0,0.0,0.0,0.0,0.0,0.0,0.0,0.0,0.25030880553353274,0.5489082999132007,0.5431464324004218
mp-11674,0.003351590526964914,0.04653250364826564,0.4074800772317284,0.7798576832079311,1.0,0.9215337937148514,0.6158350366551618,0.3055901851997654,0.2971341308977301,0.39733166007019666,0.33608455695473893,0.13029408846463442,0.0,0.08339732492835347,0.35924987787937734,0.46229163105825205,0.5705421242606576,0.4532256022956304,0.37989635190895793,0.3556338875683361,0.3581859138817403,0.38886099333884244,0.1277412127020736,0.0,0.0,0.013543148761544641,0.004888151730233075,0.0,0.0,0.0,0.0,0.0,0.0,0.0,0.0,0.0,0.0,0.0,0.0,0.0,0.0,0.0,0.0,0.0,0.0,0.0,0.0,0.0,0.0,0.0,0.0
mp-11703,0.0,0.5397217957511744,0.732998880791169,0.8001313636540599,0.8446440673986749,1.0,0.9039027412090586,0.6077653879434265,0.6469663266846034,0.7421851527178119,0.7926467845717263,0.5623769144362462,0.24676999219174206,0.0024922853857833253,0.20238986832934866,0.5636980194102277,0.6055748485854732,0.27889981180641793,0.046763721018483466,0.0,0.0685506376713804,0.0,0.0,0.0,0.0,0.0,0.0,0.0,0.0,0.0,0.0,0.0,0.0,0.0,0.0,0.0,0.0,0.0,0.0,0.0,0.0,0.0,0.0,0.0,0.0,0.0,0.0,0.0,0.0,0.0,0.0
mp-11715,0.0,0.0067851643298135755,0.018978927820410035,0.045252472761707734,0.07794542616191225,0.23966909587327506,0.4871797501329528,0.5603506462263544,0.32675843448583586,0.23879383170175597,0.3908557153919435,0.6701027888146767,0.7846014101096266,0.8090376261216083,0.8390942123803848,0.9070214377740187,0.6975222841954049,0.40469022547681194,0.3513755415443703,0.6427967726827013,0.9488722300564646,0.9253438166026178,0.6394986508452748,0.2776144679087058,0.0,0.0,0.0,0.0,0.0,0.0,0.12248113091003865,0.7700550795463263,1.0,0.634178007529069,0.4239094891985506,0.4159124970127516,0.4287635268429603,0.07108359506076423,0.0,0.0,0.0,0.0,0.0,0.0,0.0,0.2537691808082593,0.5257288889440322,0.5057984394268434,0.19397887734265368,0.0,0.0
mp-11719,0.0,0.07367391443367097,0.4003246326861358,0.7378276347342269,0.938093327278411,0.9070203424834675,1.0,0.8702846261481392,0.5832791854821613,0.25368910219803326,0.0010053205568840704,0.0,0.0,0.0,0.0,0.0,0.09893435263279841,0.13375763823772313,0.08923018837449666,0.006943331001934362,0.10362321416081949,0.13030177183489175,0.08576895991132184,0.0,0.0,0.002581256232645067,0.0014534417530258953,0.0,0.0,0.0,0.0,0.0,0.0,0.0,0.0,0.0,0.0,0.0,0.0,0.0,0.0,0.0,0.0,0.0,0.0,0.0,0.0,0.0,0.0,0.0,0.0
mp-11739,0.0,0.17116265458037866,0.34720059026726713,0.5202478100546342,0.8055016369680266,1.0,0.8886986788149343,0.46205983176563764,0.04330353499921888,0.0,0.0,0.0,0.0,0.0,0.0,0.0,0.0,0.0,0.0,0.0,0.0,0.0,0.0,0.0,0.0,0.0,0.0,0.0,0.0,0.0,0.0,0.0,0.0,0.0,0.0,0.0,0.0,0.0,0.0,0.0,0.0,0.0,0.0,0.0,0.0,0.0,0.0,0.0,0.0,0.0,0.0
mp-11824,0.027763991531317787,0.048847499056770355,0.18719468323314745,0.3609856079195933,0.45710507655100263,0.797561686443288,1.0,0.9513031437720985,0.6144324128396805,0.36537421346131826,0.3918736472861184,0.4472302104775597,0.6344223010805842,0.5510396821692983,0.2979737108295265,0.04824154845378437,0.1846387639399197,0.17125754881017904,0.10779504919416236,0.19610142705237654,0.28821416206300066,0.3235812490036187,0.19176341301609537,0.3260016751128803,0.3809574345288879,0.2849934376565182,0.08385495110580063,0.0,0.0,0.0,3.94887569135686e-06,0.0,0.0,0.0,0.0,0.0,0.0,0.0,0.0,0.0,0.0,0.0,0.0,0.0,0.0,0.0,0.0,0.0,0.0,0.0,0.0
mp-11869,0.0020258456404710695,0.016114983635697584,0.07313095008495282,0.2617760511885197,0.4957561626738766,0.7637994771038161,1.0,0.819063359623478,0.6768000348517658,0.8117328814625061,0.8308518401683435,0.4321217944401116,0.0,0.0,0.0,0.0,0.0,0.0,0.0,0.0,0.0,0.0,0.0,0.0,0.0,0.0,0.0,0.0,0.0,0.0,0.0,0.0,0.0,0.0,0.0,0.0,0.0,0.0,0.0,0.0,0.0,0.0,0.0,0.0,0.0,0.0,0.0,0.0,0.0,0.0,0.0
mp-11917,0.00014492022983282455,0.0005567273536373018,0.002659233922492338,0.006014715871353737,0.010850548628735987,0.017230197776379134,0.02589616597640001,0.037152281222362485,0.051260174845006216,0.06948060765827102,0.09432681002570308,0.13013356434041387,0.1653990384176729,0.33971013688030066,0.635135634608242,0.7162758255492284,0.554808499983011,0.47704483463809516,0.5468378113881175,0.48046187664564405,0.38117172800934424,0.38332725700616344,0.4930858425034441,0.4664157244877123,0.4217756604995614,0.38331893720679644,0.47271694655602264,0.6123264980792549,0.6896044767356106,0.5882759153946548,0.7480886560381915,0.8539349515320316,0.8673285509618398,0.839465072689032,1.0,0.9391419132378328,0.5340102810595285,0.07324960670939004,0.0,0.0402974098286141,0.22146529774187312,0.37480741326024963,0.4005089639852525,0.2990299925012099,0.2489109118301305,0.2530146797154919,0.26379749255960727,0.18593072379067804,0.07081264384677724,0.0,0.0
mp-11918,0.0,0.005828873239161647,0.011339893239148807,0.03005072430445088,0.07173983035387319,0.18916900626801564,0.3814211425154959,0.5943634846526894,0.6417772434278922,0.726997352140874,0.8253334165565089,1.0,0.8754491497390766,0.5736119977554808,0.32344047583985125,0.24578498795460993,0.2525701412242263,0.16506878729759983,0.08514647192906781,0.06496490573680166,0.06449049232726019,0.06612044592559282,0.11104362050479513,0.37109158492966365,0.5833409953808184,0.6018108637720375,0.3807025233769366,0.35760094654981794,0.41149674390342555,0.46313526851021836,0.443742350381922,0.29632537445611007,0.1231637635117269,0.0,0.0,0.2418071297940945,0.6731902338238109,0.7767537911732765,0.5001282187779834,0.0,0.0568144968919593,0.025470430898510803,0.005511049616798548,0.03633772961624862,0.14295793352215824,0.3089326639301615,0.35179805273358794,0.22848240180565274,0.21179451252205117,0.25182226251182677,0.33720483694494513
mp-12015,0.12862623158678693,0.11376748980794987,0.2839818993488464,0.5040642597750754,0.8210733102150964,1.0,0.76906285136711,0.4633951838647541,0.24742882791202955,0.3645733031620502,0.3021957948195327,0.14872941899637004,0.08852560203297294,0.19034375608739304,0.29505418890655005,0.2299700811224905,0.15154156786719417,0.13077928157761728,0.22535597565512017,0.32736907814284,0.4643535919243848,0.31261239722364165,0.044179697470606245,0.0,0.0,0.0,0.0,0.0,0.0,0.0,0.0,0.0,0.0,0.0,0.0,0.10363762197354165,0.4359361866928077,0.6324017486277338,0.46119757327855354,0.050215701940680826,0.0,0.0,0.004977412619015616,0.0,0.0,0.0,0.0,0.0,0.0,0.0,0.0
mp-12385,0.25052833194595125,0.0,0.11267439817249227,0.6702176267577525,0.9654163693462016,1.0,0.6646198681079634,0.5982419315052055,0.41435498817077326,0.4035845003909287,0.6047196862398182,0.7345929553471203,0.5552602390156322,0.38690144487322015,0.2846096897629302,0.2384435352156484,0.27350771972655263,0.2642620522323381,0.24183116827252962,0.31342001224149707,0.3030005404334985,0.21418059375664883,0.0,0.0,0.006914185299407422,0.2463001293872286,0.3728003678976157,0.48283293494214446,0.27912542049035943,0.16860099501385453,0.00417061249635652,0.0,0.0,0.0,0.07957039355277447,0.1566801317243781,0.1447620233410034,0.024600618918586125,0.06372992644952878,0.16338051712703672,0.13994088004733501,0.02751774457542894,0.0,0.0,0.0,0.0,0.0,0.0,0.0,0.0,0.0
mp-1243,0.0,0.007701030416344668,0.025204180454845383,0.05912264842052505,0.13462097314790092,0.2962710994363327,0.5976925710859086,0.8714288621240334,0.8686199195378798,0.736918834640271,0.6160970765624845,0.5107748745631955,0.5205074678637731,0.6380618418746266,0.9148709637471051,1.0,0.8510329998768769,0.6313134360038045,0.4960106627655396,0.5149442406671726,0.5812574429638528,0.6026050024583682,0.6406541415728367,0.6112929804586579,0.5780191880725393,0.507492993497881,0.46517623296903104,0.5361526812925033,0.5992931829366342,0.507844316300744,0.29881635696716713,0.13730030798403725,0.5870434502202141,0.880120497619037,0.6964461693460028,0.24475226166968647,0.0,0.0,0.0,0.0,3.9532582643773e-49,0.0,0.0,0.0,0.0,0.0,0.0,0.0,0.0,0.0,0.0
mp-12442,0.056210752037056,0.4090544372905259,0.8621287281332791,1.0,0.682111436689221,0.31495819698948657,0.0800747647091658,0.06422770564792965,0.0,0.3433484293345504,0.6364204954359908,0.7569999306882336,0.6574616070577195,0.5808252425102935,0.37320873489605716,0.16821295295206892,0.040066970647564905,0.0,0.0,0.0,0.0,0.0,0.0,0.0,0.0,0.0,0.0,0.0,0.31875324375282527,0.4842377462466904,0.6448431581838845,0.5073707467707786,0.38240591582095207,0.10916775029000053,0.0,0.0,0.0,0.0,0.0,0.0,0.0,0.0,0.0,0.0,0.0,0.0,0.0,0.0,0.0,0.0,0.0
mp-1249,0.0,0.009140728633864097,0.0233637966938319,0.05235634000413184,0.09896675439605203,0.2522590363008754,0.6079238714526347,0.8035750175016343,0.9023722503238943,0.8258175928154908,0.9145542191585684,0.9808425479513572,0.8457816670633449,0.7137165810445721,0.6381396404366397,0.7774458307374731,0.8464062657380318,0.748078080744243,0.673328487831892,0.897450677452131,1.0,0.9821266756388305,0.7860841594025328,0.6620454829073977,0.660931853376803,0.5356741125482827,0.44664601303875945,0.2283632183118564,0.1841337866585488,0.11949838808879096,0.05134378441798676,0.006199425330074863,0.0,0.0,0.0,2.7427151515340474e-16,0.0,0.0,0.0,0.0,0.0,0.0,0.0,0.0,0.0,0.0,0.0,0.0,0.0,0.0,0.0
mp-12491,0.0,0.6318756686706861,0.9913479915459033,1.0,0.7537554513230292,0.7704281810252828,0.8811412287602453,0.6888432669149364,0.2832523101286774,0.0,0.0,0.0,0.0,0.0,0.0,0.0,0.0,0.0,0.0,0.0,0.0,0.0,0.0,0.0,0.0,0.0,0.0,0.0,0.0,0.0,0.0,0.0,0.0,0.0,0.0,0.0,0.0,0.0,0.0,0.0,0.0,0.0,0.0,0.0,0.0,0.0,0.0,0.0,0.0,0.0,0.0
mp-1253,0.057744006162590636,0.0,0.2720055923510239,0.4626895929671502,0.8176829491247921,1.0,0.8485282709645715,0.493510006139879,0.04070909123595135,0.0,0.024523802938118275,0.0,0.0,0.0,0.0,0.0,0.0,0.0,0.0,0.0,0.0,0.0,0.0,0.0,0.0,0.0,0.0,0.0,0.0,0.0,0.0,0.0,0.0,0.0,0.0,0.0,0.0,0.0,0.0,0.0,0.0,0.0,0.0,0.0,0.0,0.0,0.0,0.0,0.0,0.0,0.0
mp-12532,0.0,0.46100780248624657,0.9113195245685505,1.0,0.6213585874095628,0.5028110309766842,0.5036874670593541,0.5507089278517755,0.564952504630199,0.44817161045191833,0.3413227270506358,0.1527486042616887,0.3066819305966873,0.5456805008139558,0.5627287477093212,0.21866414092975994,0.0,0.0,0.0,0.11518259899866391,0.16724560872155161,0.13103096048047236,0.006328669221451165,0.0,0.0,0.30756780629545766,0.46698939523262145,0.3617495173095335,0.0808908130683721,0.0,0.0,2.871067943552005e-07,0.0,0.0,0.0,0.0,0.0,0.0,0.0,0.0,0.0,0.0,0.0,0.0,0.0,0.0,0.0,0.0,0.0,0.0,0.0
mp-12535,0.0,0.21503322697622537,0.477743700456944,0.8069584772354168,1.0,0.9669936459079553,0.7153568838661106,0.45288192804908756,0.34074331957993675,0.26280209282041794,0.11973792998142666,0.005945803999383331,0.0,0.0,0.0,0.0,0.0,0.0,0.0,0.0,0.0,0.0,0.0,0.0,0.0,0.0,0.0,0.0,0.0,0.0,0.0,0.0,0.0,0.0,0.0,0.0,0.0,0.0,0.0,0.0,0.0,0.0,0.0,0.0,0.0,0.0,0.0,0.0,0.0,0.0,0.0
mp-12558,0.0,0.019231728960201647,0.026878776069103896,0.1206326563106612,0.40243135348961506,0.6745242670843031,0.6393568806014528,0.5277733990085359,0.2616979704158824,0.20601777996320486,0.3103148642381877,0.9172264359101847,1.0,0.4571465041214808,0.2094808383829494,0.6264526075401684,0.8235815850090328,0.7530591112811297,0.29125904156271687,0.2712269427036529,0.01950828490370572,0.0,0.0,0.0033390276130307803,0.0015428856052422681,0.0,0.0,0.0,0.0,0.0,0.0,0.0,0.0,0.0,0.0,0.0,0.0,0.0,0.0,0.0,0.0,0.0,0.0,0.0,0.0,0.0,0.0,0.0,0.0,0.0,0.0
mp-12623,0.034875599693157205,0.0597256670394963,0.34178724515259123,0.7391529520045844,0.9246107851614918,0.8965238788352128,0.6049773583264905,0.2092163598252038,0.1846022500752449,0.4496179605900368,0.882094973546916,1.0,0.7068565397735359,0.5575282820318592,0.1565664056024055,0.10551918349363698,0.0,0.0,0.0,0.0,0.0453742640889823,0.20410291013090895,0.16973081823223957,0.20447416994702508,0.4151328943915402,0.6450679276583259,0.49660410079033696,0.07297516913825017,0.011395413466641533,0.0,0.0,0.0,3.20576310723175e-13,6.193891953074039e-13,0.0,0.0,0.0,0.0,0.0,0.0,0.0,0.0,0.0,0.0,0.0,0.0,0.0,0.0,0.0,0.0,0.0
mp-1265,4.341750823926672e-05,0.0008123262315575114,0.00333368790921155,0.0076229734647689515,0.013878466887285954,0.022355965864769997,0.033431132656038184,0.047806860805022486,0.06646107607935914,0.09085274891300721,0.12337350356106372,0.16401010308893918,0.2516915634144405,0.475537645280495,0.5970305466103272,0.5403003846495934,0.31488555346390884,0.3052699373694934,0.4926273997382672,0.7978169842491449,1.0,0.8576658437719665,0.5945762513673265,0.33499619644908,0.21172247123217644,0.21136914502101134,0.25149167962102403,0.28704145491671795,0.2238247926446671,0.1576345782624078,0.1302799912476004,0.11081589342901275,0.09230142389466757,0.07050295122619603,0.039188011876502414,0.011749889191576858,0.0,0.0,0.0,0.0,8.531906419569162e-43,7.344359498453666e-43,0.0,0.0,0.0,0.0,0.0,0.0,0.0,0.0,0.0
mp-1266,0.06438160551457446,0.0,0.1504580469228472,0.4334235548131875,0.5647752656446463,0.7274458810262795,0.8298663567414937,0.9961264124151651,1.0,0.9309452551442162,0.6390632086742469,0.252249662289635,0.044859927394086854,0.0,0.0,0.0,0.0,0.0,0.0,0.0,0.0,0.0,0.0,0.0,0.0,0.0,0.0,0.0,0.0,0.0,0.0,0.0,0.0,0.0,0.0,0.0,0.0,0.0,0.0,0.0,0.0,0.0,0.0,0.0,0.0,0.0,0.0,0.0,0.0,0.0,0.0
mp-12779,0.0,0.6759404347026223,0.7459560905980055,0.47279978871486467,0.13263632234796205,0.11543334858419126,0.7639596382680008,1.0,0.7934995250196378,0.2247682052298904,0.0,0.0,0.0,0.0,0.0,0.0,0.0,0.0,0.0,0.0,0.0,0.0,0.0,0.0,0.0,0.0,0.0,0.0,0.0,0.0,0.0,0.0,0.0,0.0,0.0,0.0,0.0,0.0,0.0,0.0,0.0,0.0,0.0,0.0,0.0,0.0,0.0,0.0,0.0,0.0,0.0
mp-12814,0.02741306621428767,0.13751839337435157,0.599922123416279,0.9573128786375663,1.0,0.6716628381775486,0.3698252171822603,0.1704296374689892,0.05927582052856602,0.0,0.0052439587125866554,0.07089523726007517,0.11885270584504411,0.12579767239329,0.09512608848441852,0.11590120712835027,0.10970278009357162,0.09486144892604728,0.06330358224431229,0.048038889594182344,0.046447823121232266,0.055143055840006686,0.0459729614103121,0.017918914210818173,0.0,0.0009666626045231732,0.0060206458993577955,0.0,0.0,0.0,0.0,0.0,0.0,0.0,0.0,0.0,0.0,0.0,0.0,0.0,0.0,0.0,0.0,0.0,0.0,0.0,0.0,0.0,0.0,0.0,0.0
mp-1287,0.0,0.04765513331146559,0.1801940171108884,0.49072484941480893,0.8377724970106776,1.0,0.9412357774307417,0.9148146721442313,0.865095198614135,0.5968565984986499,0.1912034091555998,0.0,0.0,0.0,0.0,0.0,0.0,0.0,0.0,0.0,0.0,0.0,0.12329425214256076,0.22363195633225919,0.196792421864211,0.04298203419145763,0.0,0.0,0.01073101378635819,0.0,0.0,0.0,0.0,0.0,0.0,0.0,0.0,0.0,0.0,0.0,0.0,0.0,0.0,0.0,0.0,0.0,0.0,0.0,0.0,0.0,0.0
mp-12885,0.00700119732508078,0.06673214160424057,0.43093032950990706,0.8367730372108767,1.0,0.8119700013376161,0.5907655866591512,0.4050714915355583,0.2140615942488324,0.20890497700951052,0.39816270898684564,0.6660024719552864,0.6584708584710334,0.36485986469425347,0.07212911848251294,0.12007127566003074,0.2925400678714437,0.4871633806196961,0.37708811239955453,0.2734197649214234,0.1723113368419987,0.1172825685794561,0.08340883642854052,0.0,0.0,0.035808604269659323,0.2749070466424582,0.5596952788468272,0.6010335130922267,0.3720095276782807,0.2131803770274935,0.14008360936909048,0.08772259778584077,0.0,0.09024307473517433,0.3866527450455323,0.5268647755544159,0.46481202987562814,0.283256113253496,0.3696872802400566,0.14306528736100665,0.02658535808902649,0.0,0.0,0.0,0.0,0.0,0.0,0.1075297332605394,0.16062115878820027,0.12661857897778844
mp-12927,0.03574114954822216,0.0,0.010883348194538787,0.3805285599831522,0.8544187279989783,1.0,0.6000622851282932,0.18720576101919634,0.24132359149713872,0.5448440003657122,0.6347852729089614,0.4946690695239307,0.28190985585658035,0.17539567787606572,0.19932284531946723,0.19792665439259838,0.15795436028867277,0.09620625323155872,0.06694720856613291,0.05297201911005013,0.11533280700547492,0.16748870945095154,0.1406252513438711,0.15275340400107076,0.2060639710631063,0.14172850141950114,0.4378602510653083,0.585417855800061,0.5029563082187661,0.183541068486357,0.19057214689873753,0.2738902006089982,0.54501799183002,0.5887682534284038,0.5943827903248545,0.4182601686190398,0.10222193188707351,0.09144539148577296,0.030577602107242485,0.03282358092992167,0.12444852537972262,0.27194444369839743,0.2934673690237001,0.27286488827119443,0.25681158471085674,0.2478650010281973,0.22810503946230842,0.15356563716693436,0.14796139881980222,0.22465245142787113,0.30259730799328904
mp-12954,0.0,0.04050101222413324,0.009565968643814876,0.01687961145402236,0.3857324180548541,0.8715972158575206,1.0,0.5762855594678986,0.08860104824547055,0.0,0.2966113415659328,0.44127407430033194,0.43007110376173247,0.26451258682863527,0.4560233135732355,0.7046423110468785,0.6838310551766398,0.584791132480079,0.4750768437609048,0.44905484641681986,0.4504124353602435,0.365316082518669,0.20552071801699234,0.02276556100601374,0.0,0.0,0.0,0.0,0.1031813020057936,0.31863007623285844,0.594707447469731,0.6099148948499409,0.3849950538497057,0.40627105504812183,0.31836902364038383,0.19998810889511384,0.055183494569491856,0.0,0.0,0.0,0.0,1.2346540107302144e-60,2.6876054199770648e-61,0.0,0.0,0.0,0.0,0.0,0.0,0.0,0.0
mp-13031,0.0690153127756157,0.0,0.27915245466648275,0.6047852527075616,0.6752959151178014,0.40206019558251044,0.2510197396075935,0.30733878302145157,0.29953757739680864,0.13002364545299377,0.0,0.0,0.4449513432384897,0.8687792890308368,1.0,0.59355530334983,0.22132623472097734,0.05337214931141223,0.0,0.0,0.0,0.0,0.0,0.0,0.0,0.0,0.0,0.0,0.0,0.0,0.0,0.0,0.0,0.0,0.0,0.0,0.0,0.0,0.0,0.0,0.0,0.0,0.0,0.0,0.0,0.0,0.0,0.0,0.0,0.0,0.0
mp-13032,0.00956700589790427,0.0015142166188339384,0.03975994988318566,0.14267698235240497,0.3161749969414069,0.451746774527022,0.44951810659810076,0.34014744574911815,0.18490809573680603,0.1016872168811153,0.05926135416070754,0.14870253273656256,0.2375854546970678,0.20456051411302145,0.0,0.3316327765459781,0.9067733265431764,1.0,0.5568239726370824,0.0,0.07909945933293747,0.033202091102347155,0.0022398467938505246,0.0,0.0035169465810691272,0.0,0.0,0.0,0.0,0.0,0.0,0.0,0.0,0.0,0.0,0.0,0.0,0.0,0.0,0.0,0.0,0.0,0.0,0.0,0.0,0.0,0.0,0.0,0.0,0.0,0.0
mp-13033,0.0,0.3224819502476626,0.6896808962234442,0.6951873016996286,0.5483286371805307,0.32315695138821793,0.26810042151200664,0.08706658618705851,0.0,0.0,0.258884340050497,0.6970197576692485,1.0,0.79685204293274,0.10445152264797539,0.08277814528571668,0.0,0.15374357844476189,0.0,0.0,0.0,0.0,0.0,0.0,0.0,0.0,0.0,0.0,0.0,0.0,0.0,0.0,0.0,0.0,0.0,0.0,0.0,0.0,0.0,0.0,0.0,0.0,0.0,0.0,0.0,0.0,0.0,0.0,0.0,0.0,0.0
mp-13055,0.0,0.03117449790969917,0.3713577987122974,0.7850821008888558,1.0,0.9202101293486651,0.6618635834637676,0.6798168306071899,0.6836579865378477,0.6213453520126884,0.47924431517920624,0.4019728567800749,0.3860476419062798,0.39832319204460853,0.24578391646396178,0.19241880250410434,0.242478665130382,0.2712277160306812,0.3641449417193008,0.3375586606128869,0.2583763139619543,0.04480949523691218,0.06788659067234647,0.30722187289378117,0.40463084793529364,0.421899573865509,0.2514046994634392,0.14867573687519658,0.0,0.0,0.0,0.0,0.07798935173425785,0.16014332610868204,0.15123093834489204,0.0413501873360977,0.0,0.14139972804785192,0.16863364069717754,0.10479927726814542,0.0,0.01228976510515951,0.008251861734759098,0.0,0.0,0.0,0.0,0.0,0.0,0.0,0.0
mp-13056,0.0,0.012485321020172852,0.5050202476435781,0.890017635070921,1.0,0.8629668052529914,0.6734157162707883,0.6700632239416928,0.49976124268003547,0.6787284937176122,0.5112671278788085,0.37927570389061127,0.2935446180707286,0.3670133174987928,0.34880835548304856,0.19487076870559222,0.2355638298677029,0.253498390780626,0.3379254340760677,0.36144274065305704,0.2591123943949505,0.046075191631006526,0.038701026085922255,0.3002345759181159,0.39713295799327303,0.4426142963399976,0.2562827633628595,0.16497097113651582,0.0,0.0,0.0,0.0,0.06787875455217778,0.15802050315466984,0.15671313757455108,0.05820645119620221,0.0,0.136688992057544,0.17036941971144182,0.11259828735674668,0.0,0.0,0.0,0.0,0.0,0.0,0.0,0.0,0.0,0.0,0.0
mp-13097,0.07141649394153333,0.0,0.17183818448116076,0.39106145774471546,0.5621204002329429,0.7676316105257623,0.9043597323228396,0.995265229295539,1.0,0.9300851732669544,0.7232782723778062,0.26536518963203504,0.020873109457190807,0.0,0.012428227488513374,0.0,0.0,0.0,0.0,0.0,0.0,0.0,0.0,0.0,0.0,0.0,0.0,0.0,0.0,0.0,0.0,0.0,0.0,0.0,0.0,0.0,0.0,0.0,0.0,0.0,0.0,0.0,0.0,0.0,0.0,0.0,0.0,0.0,0.0,0.0,0.0
mp-13133,0.014481252839805957,0.015017779907907237,0.20891791299574639,0.4195510442837839,0.5531341684727274,0.6405496749816307,0.8040324887935085,1.0,0.8498626108261764,0.5588496852207764,0.38808813702072054,0.354682443547224,0.31887533486579556,0.20953282012344304,0.21680213951265911,0.1627884251934994,0.17056619827385264,0.176469468388748,0.17016911496726178,0.14000803951333377,0.2757319703544902,0.3297205470907677,0.3009275797718708,0.1319884911143854,0.09662463422444498,0.14035034051385892,0.1716976439310795,0.10747474951920705,0.1458686567604732,0.22834977325139755,0.2823387955575268,0.18048696233816658,0.1558287445614519,0.10352806070194566,0.0932940277089676,0.04008356494167165,0.0,9.874659992083817e-05,0.0513996473935856,0.17169781147914961,0.217422961156275,0.14807407895086566,0.025916671391270924,0.0,0.0,0.0,0.0,0.0,0.0,0.0,0.0
mp-1315,0.0,0.004001622745777809,0.013437582297789075,0.03244136318268923,0.05609482969059698,0.15590989780707717,0.3343288526067415,0.590440794385943,0.8014127731272337,0.8310323163851907,0.7860212753339239,0.7767948731909738,0.926588967253831,1.0,0.9289609100054204,0.5957976471572787,0.2970897972456873,0.12172417862322275,0.1619016308441537,0.1033667331772974,0.036349809469080535,0.0,0.0,0.005259159416183234,0.0,0.0,0.0,0.0,0.0,0.0,0.0,0.0,0.0,0.0,0.0,0.0,0.0,0.0,0.0,0.0,0.0,0.0,0.0,0.0,0.0,0.0,0.0,0.0,0.0,0.0,0.0
mp-13190,0.04591135812312446,0.3143504003290068,0.838220983546653,1.0,0.7247124863788242,0.14167909315151297,0.17815188275504398,0.4913525150413182,0.733044122676195,0.5941464596573763,0.11293834489278626,0.13217500971035764,0.4481313284635304,0.5642206316045236,0.40991775157081695,0.27763199996496357,0.06459490999006157,0.0,0.10278653133966884,0.23993203374692276,0.25015726262305726,0.0796156763307856,0.07101281539975657,0.24099590336665985,0.2901936482476842,0.3430377704305811,0.15567603914549225,0.15749082464384623,0.008995659302809902,0.0,0.0,0.0,0.0,0.0,0.0,0.0,0.0,0.0,0.0,0.0,0.0,0.0,0.0,0.0,0.0,0.0,0.0,0.0,0.0,0.0,0.0
mp-13275,0.06262690395997454,0.0,0.046923533432024433,0.4053295312050885,0.7342413414939634,0.7776878364013247,0.5993704787170899,0.5302770132865482,0.7277423008781104,0.955116132947687,1.0,0.7574514426223757,0.44410479770267236,0.1752613570690753,0.07016368107233995,0.0,0.0,0.0,0.0,0.0,0.0,0.0,0.0,0.0,0.0,0.0,0.0,0.0,0.0,0.0,0.0,0.0,0.0,0.0,0.0,0.0,0.0,0.0,0.0,0.0,0.0,0.0,0.0,0.0,0.0,0.0,0.0,0.0,0.0,0.0,0.0
mp-13277,0.1496511589637152,0.0,0.412287616932079,0.9802490243852334,1.0,0.5243799288483804,0.3455859866179499,0.48642278308743014,0.6188588225310548,0.4939861013814599,0.4898733925524148,0.35252085358524154,0.08350857453319131,0.22217768183451786,0.3930375513898904,0.2714688602169946,0.2606614512952994,0.6037144224270193,0.8253039232149452,0.5170512001937467,0.0,0.0,0.009396258516827067,0.007421213815418679,0.0,0.0,0.0,0.0,0.0,0.0,0.0,0.0,0.0,0.0,0.0,0.0,0.0,0.0,0.0,0.0,0.0,0.0,0.0,0.0,0.0,0.0,0.0,0.0,0.0,0.0,0.0
mp-13287,0.11503326094846347,0.2728919591255903,0.5326192713117975,0.7729337822382866,0.7856158175916208,0.6812685888859208,1.0,0.9769576015846532,0.6367680270648954,0.25045363750813854,0.4111977113245346,0.5219840079451863,0.39437299474885773,0.2563792885616454,0.13005701683176246,0.0,0.0,0.024921038136068142,0.0,0.0,0.0,0.0,0.0,0.0,0.0,0.0,0.0,0.0,0.0,0.0,0.0,0.0,0.0,0.0,0.0,0.0,0.0,0.0,0.0,0.0,0.0,0.0,0.0,0.0,0.0,0.0,0.0,0.0,0.0,0.0,0.0
mp-1330,0.0,0.0006715714571448037,0.0022924993144399527,0.00530772560285526,0.009681872227606282,0.015672530070650444,0.023534282583315,0.033587361371427545,0.0468257012433056,0.0641049880042363,0.0868226708543249,0.1175968068134453,0.1602652356866824,0.21274138958580976,0.36868468488598916,0.6986113550648287,0.8749003123718464,0.7840300083259477,0.5143613449834857,0.37732231203808475,0.30178580837416263,0.1509991633131796,0.30619246825092433,0.6652797493165491,0.9706793830837298,1.0,0.7805266109907646,0.6499517354295185,0.5193442577319022,0.4323455789747135,0.42853743990888427,0.40170212815391343,0.3172821243008713,0.16660793780626684,0.18758711329918798,0.349319706434637,0.46919559139098005,0.405086449985051,0.26341892867802597,0.19595143807949558,0.15488584988023077,0.12727756487339137,0.09960828562998358,0.05913844570679815,0.02100528609659066,0.0,0.0,0.0,0.0,0.0,0.0
mp-13356,0.09786647063863362,0.0,0.3309882498033034,0.798199088590269,1.0,0.962186568740608,0.6774104405372928,0.4757739735479816,0.5130959401364192,0.6448567814732055,0.4892533219516105,0.28233440700341667,0.276856416992847,0.4369210560433197,0.2800486786147606,0.003321024549697087,0.02451671573456585,0.5012281504995625,0.6650597632676878,0.5391037098847159,0.2881875968828652,0.25545081513841095,0.17664892293877035,0.0008407241076979501,0.0,0.0,0.0,0.0,0.19435548013825243,0.36203192542299384,0.5613332006470491,0.38551224528895217,0.19225178741231524,0.0501427635321486,0.31411132492366567,0.31809514567705943,0.1433228399789742,0.0,0.0,0.0,0.0,0.0,0.0,0.0,0.0,0.0,0.0,0.0,0.0,0.0,0.0
mp-1340,0.0,0.06429034717868691,0.46128412404825253,0.8415098715832272,1.0,0.691295118814134,0.34492752721915776,0.1292511022246376,0.24625946920639394,0.39400821949974557,0.6898731865686228,0.7579475991265949,0.730462226727945,0.46428191568846494,0.3376231949954313,0.22320514736659666,0.0,0.0,0.0,0.0,0.0,0.0,0.0,0.0,0.0,0.0,0.0,0.0,0.0,0.0,0.0,0.0,0.0,0.0,0.0,0.0,0.0,0.0,0.0,0.0,0.0,0.0,0.0,0.0,0.0,0.0,0.0,0.0,0.0,0.0,0.0
mp-1342,0.16022964349688726,0.0,0.36152145977154115,0.9081621983286514,1.0,0.9059892620668532,0.8029953875527324,0.8588206429326555,0.8673923975484455,0.8191303949563086,0.7101801389868238,0.3518056768505948,0.09789345417078225,0.06873903324751189,0.14337974969327447,0.1660426824291919,0.18812845470334635,0.23536613745360158,0.26144000262032574,0.1871248806271181,0.07024023209001298,0.0,0.0010153458119821625,0.011591688301786578,0.0,0.0,0.0,0.0,0.0,0.0,0.0,0.0,0.0,0.0,0.0,0.0,0.0,0.0,0.0,0.0,0.0,0.0,0.0,0.0,0.0,0.0,0.0,0.0,0.0,0.0,0.0
mp-1345,0.0,0.01261624660199749,0.032276765741175,0.0776116147465049,0.2098498576458686,0.3608522925110257,0.5954303376522663,0.8338751234594227,0.9668865064266755,1.0,0.9056142254044629,0.8405574873628908,0.9853324075186017,0.8835662786879245,0.5301593501051688,0.14699294941199936,0.0,0.0,0.16335232103677383,0.20072916348567946,0.1926344398937655,0.08542995512751735,0.1034727244132522,0.05296076478763454,0.0,0.0197840234753443,1.8996898713586324e-05,0.0,0.0,0.0,0.0,0.0,0.0,0.0,0.0,0.0,0.0,0.0,0.0,0.0,0.0,0.0,0.0,0.0,0.0,0.0,0.0,0.0,0.0,0.0,0.0
mp-13548,0.13140115301466843,0.6489851551274214,0.9351998211475858,1.0,0.6896187831077222,0.23110797045592568,0.0,0.0,0.0,0.0,0.0,0.0,0.0,0.0,0.0,0.0,0.0,0.0,0.0,0.0,0.0,0.0,0.0,0.0,0.0,0.0,0.0,0.0,0.0,0.0,0.0,0.0,0.0,0.0,0.0,0.0,0.0,0.0,0.0,0.0,0.0,0.0,0.0,0.0,0.0,0.0,0.0,0.0,0.0,0.0,0.0
mp-13660,0.0,0.07662450139975588,0.17090344510332406,0.38023414740474454,0.6495900979174154,0.8879345092433061,1.0,0.9081682056366368,0.7440692474767779,0.5047189198974223,0.3879484259661985,0.3497965095535272,0.2831953728405528,0.24360813944879556,0.1704618265560245,0.08716931423392896,0.06874932919276965,0.10422625318312274,0.13384941186531882,0.19539093922579534,0.17330785189119807,0.11569617141612996,0.01660387062606178,0.0,0.009185737907458793,0.0019181596046502292,0.0,0.0,0.0,0.0,0.0,0.0,0.0,0.0,0.0,0.0,0.0,0.0,0.0,0.0,0.0,0.0,0.0,0.0,0.0,0.0,0.0,0.0,0.0,0.0,0.0
mp-1367,0.0,0.004649303441098702,0.013860630243881126,0.0369917224673823,0.09072265254804335,0.216838608916177,0.47082576081081995,0.5986903218947106,0.6158563940586275,0.669063369009546,0.8426691371666772,0.8761568431986025,0.5036784502748092,0.5378830560822093,0.8492937047149844,1.0,0.7329246905461616,0.1473186061857827,0.05320301646846428,0.0,0.0,0.0,0.0,0.0,0.0,0.0,0.0,0.0,0.0,0.0,0.0,0.0,0.0,0.0,0.0,0.0,0.0,0.0,0.0,0.0,0.0,0.0,0.0,0.0,0.0,0.0,0.0,0.0,0.0,0.0,0.0
mp-7100,0.0,0.03208963808405898,0.07102445705319128,0.20103015994067783,0.49903335352563477,0.8234322039255852,0.9418878605704001,0.7856292456938383,0.7791568763804153,0.8881242652071726,1.0,0.9761321777549606,0.9851304167274405,0.8564488938166831,0.5924525127835948,0.3268943657756445,0.4333836533423524,0.5528668151120346,0.507430243308901,0.3455710591921338,0.2947443452385163,0.226646147546865,0.10700567320950351,0.06280904834919553,0.17716942781844902,0.447826878020973,0.4830414823145651,0.28698220336308444,0.04247806872570305,0.0,0.0,2.902039351506481e-09,3.342862543022946e-09,0.0,0.0,0.0,0.0,0.0,0.0,0.0,0.0,0.0,0.0,0.0,0.0,0.0,0.0,0.0,0.0,0.0,0.0
mp-7104,0.0,0.022003866427055055,0.48320457433807024,0.8536549710657114,1.0,0.7579328426318556,0.795392377832233,0.6731453560493215,0.6736040257610447,0.6108085444762695,0.4562162763562259,0.2323940643105726,0.17875165317541744,0.2471560554332346,0.25590888857228256,0.14333763794458357,0.2387701809699851,0.4936040718165765,0.49028923369731,0.19926967669902665,0.02206913410690421,0.24330396889781272,0.24299469457922535,0.10927319498086677,0.0,0.00717114723921875,0.033354312220855824,0.0,0.0,0.0,0.0,0.0,0.0,0.0,0.0,0.0,0.0,0.0,0.0,0.0,0.0,0.0,0.0,0.0,0.0,0.0,0.0,0.0,0.0,0.0,0.0
mp-7128,0.0284597857752346,0.0,0.040790476537219934,0.24776514345549044,0.5809437462290862,0.9841633195337007,0.9978779680749091,0.7620988592645158,0.536125639495672,0.41882178232905504,0.24123482074317984,0.1580980742293179,0.5579399273319327,0.6551102213119897,0.6342085732763545,0.5057129239889724,0.7725285891900431,0.8239853742064457,0.5791315979162817,0.5019446463910829,0.5597939034525613,0.46169049656129363,0.17807104495995743,0.07899491451417552,0.2351394417520686,0.533947337851256,0.5430650112622167,0.49214217108184977,0.541123759652012,0.8336119935611842,1.0,0.7065686104269351,0.4677874286247315,0.27744383237308917,0.6583546860475814,0.9214271605971686,0.9263133974188951,0.6893894969270863,0.10207485613868127,0.0,0.0,0.0,0.0,0.0,8.110557066271454e-85,0.0,0.0,0.0,0.0,0.0,0.0
mp-7148,0.004512461392068343,0.02349909353383035,0.06448826767688144,0.20796493038643693,0.46638988627696365,0.8682411081389713,1.0,0.8819219104806483,0.5612155727082662,0.540215233588222,0.4962623327616592,0.3690985535297171,0.2693609819930472,0.2394409162203368,0.2931691526594895,0.2786321740870664,0.21491803518305588,0.18047664983230652,0.25200971076822737,0.2912367977375306,0.22578111049043129,0.18776690981452426,0.11541829512218486,0.06841704089051892,0.011844512411697847,0.06487171429777856,0.08664141957342669,0.09350801987954187,0.12820807362595937,0.1995767353487283,0.17962003980025842,0.08492796492679998,0.0005709762205864816,0.061026797837788124,0.14987277288933737,0.1695058975842904,0.11278271865265746,0.029050788439742972,0.015646061711031677,0.013234518616845341,0.03396224563974206,0.07925428018554541,0.1253843302221231,0.15191427343897557,0.11371939801131727,0.03866300963063431,0.004312915118900722,0.0,0.0,0.0,0.0
mp-7188,0.0,0.022565270643753847,0.01984793298274199,0.04909297503845489,0.19090738311011757,0.5627708044048707,0.8265692400539083,1.0,0.8886011893765942,0.49799659682368086,0.2154521894110561,0.39498374618624127,0.9143962650733422,0.9569512670064805,0.6897842709900218,0.5669805853536855,0.6466462711219487,0.5629866555815005,0.5897236451624986,0.6806447924203143,0.6280584379945091,0.5927113145514263,0.5153213381101879,0.40720182198474913,0.17772117820268576,0.0,0.0,0.0,0.0005015112539241699,0.0,0.0,0.0,0.0,0.0,0.0,0.0,0.0,0.0,0.0,0.0,0.0,0.0,0.0,0.0,0.0,0.0,0.0,0.0,0.0,0.0,0.0
mp-7232,0.0,0.33107477203984625,0.8224425994748595,1.0,0.6941134862163628,0.28942341859836557,0.15703683964320825,0.13284159853600566,0.03402608110729971,0.14847165242223417,0.19021448426999724,0.2300440928192273,0.16594899965103893,0.05446046343510002,0.005880287815000151,0.0,0.0,0.0,0.0,0.0,0.0,0.0,0.0,0.0,0.0,0.0,0.0,0.0,0.0,0.10530259279787813,0.24139372352141608,0.251575774478612,0.11941590475681237,0.0,0.0024697005474408396,0.0,0.0,0.0,0.0,1.060387319168707e-47,5.732793343722988e-47,0.0,0.0,0.0,0.0,0.0,0.0,0.0,0.0,0.0,0.0
mp-7233,0.00068637974519452,0.013653130004371834,0.058684259209117025,0.18821549298523596,0.43516118844453916,0.6615812618332448,1.0,0.9173253537537579,0.7753083780945106,0.4109135897473779,0.19951730190793135,0.09262774187996944,0.12635385247267603,0.2209065204294906,0.33920748211525553,0.3678158842653599,0.46188932108712566,0.30097003582412046,0.1989948027359842,0.031018404751722222,0.08634712462318908,0.28304885241564576,0.3464023171938388,0.2376430656199001,0.06391129691862968,0.0,0.0037232705067632233,0.0,0.0,0.0,5.726608801797885e-07,0.0,0.0,0.0,0.0,0.0,0.0,0.0,0.0,0.0,0.0,0.0,0.0,0.0,0.0,0.0,0.0,0.0,0.0,0.0,0.0
mp-7251,0.009200557802998053,0.0,0.3531426688932745,0.8520099221220626,1.0,0.7855195104886468,0.42576218588707776,0.4671913671102048,0.44408854875176645,0.480369936986547,0.6066458898976547,0.5705961314483358,0.3150206605378499,0.03484789309508694,0.15978663220593783,0.38658195902127473,0.5032078703976189,0.3064609478267165,0.24849273610382,0.26373483989796315,0.2708163107738938,0.12347008242125795,0.0,0.0,0.0,0.17271920053227666,0.46386046886076393,0.5450598129267826,0.2903081155198394,0.06972966257469429,0.0,0.0,0.0,0.0,0.0,0.10212827733627984,0.15395534539040603,0.09873493213514722,0.10365071580183728,0.14086276268822404,0.13264945590209826,0.02676216627558341,0.0,0.017567267384073704,0.0,0.0,0.0,0.0,0.0,0.0,0.0
mp-7297,0.05007495406741133,0.08756636993484043,0.6087517785855114,1.0,0.7962870212470742,0.3454709544862051,0.05701243491615445,0.2184079339094584,0.2286967871019765,0.10378773096403646,0.23155966479885476,0.4254519324703611,0.5018908799334003,0.3095766498829505,0.008729735408868646,0.0,0.0,0.0,0.0,0.0,0.0,0.11090823320767716,0.20156357026935837,0.16628297931944433,0.03511584201026797,0.15957758409252806,0.36710380042288826,0.3459017211660159,0.12882342273067413,0.0,0.0,0.0,2.851095497996664e-12,5.51596845768729e-12,0.0,0.0,0.0,0.0,0.0,0.0,0.0,0.0,0.0,0.0,0.0,0.0,0.0,0.0,0.0,0.0,0.0
mp-733,0.08914825315763196,0.0,0.24797318565586313,0.5834042094767458,0.7070436696106772,0.7683312038909536,0.6616062628258907,0.6814695720575523,0.611299088273343,0.7505733147499134,0.761212005377133,0.6756717129726663,0.6322278502028298,0.7462772227125305,1.0,0.8824984186431614,0.47551287443810614,0.05180723834401135,0.0,0.0,0.0,0.14565433933500502,0.29675932056427384,0.4517317256415619,0.33413574486803593,0.3519930656657692,0.43873323750246807,0.7989657005067277,0.8170034008863292,0.5141945660798279,0.0986582885308546,0.0,0.0,0.0,0.0,0.0,0.0,0.0,0.0,0.17583927225591742,0.7546204935957673,0.8577714029124043,0.4517780702093361,0.0,0.4326535064073859,0.831386548373476,0.7472498127562347,0.21776965608229965,0.0,0.0,0.0
mp-736,0.0,0.01099738703383207,0.02631028157072317,0.06988688517505466,0.15919353362787236,0.37384155676996106,0.5713340312277952,0.7207147164817269,0.7832010550542661,0.7880839688143934,0.7562762806118345,0.9063604831825132,1.0,0.9730732827588343,0.7763590300234867,0.6323455179716615,0.7506300626222484,0.976902102071562,0.9528886073956349,0.599456717639813,0.33864853285834784,0.3546649976980634,0.4675318820738656,0.6845492459881715,0.9685762711501776,0.9593063706712162,0.438048282553293,0.0858806743510851,0.0,0.0,4.947302810053649e-06,4.3631430974426236e-06,0.0,0.0,0.0,0.0,0.0,0.0,0.0,0.0,0.0,0.0,0.0,0.0,0.0,0.0,0.0,0.0,0.0,0.0,0.0
mp-7374,0.0,0.10589330770751804,0.48066853713573704,0.8067089823719165,0.9060924699855238,1.0,0.8885022352967508,0.6295490471858243,0.30116017134744716,0.29034560625990313,0.2946688570197435,0.24544152978307157,0.16793736390676423,0.19681655422709243,0.14015918094861982,0.05685803654167822,0.0,0.0,0.0,0.0,0.0,0.0,0.0,0.0,0.10478808528453706,0.1841109201971091,0.37153634027871746,0.28117855613699266,0.24218421376902824,0.31769343291797686,0.42947565081416184,0.3741508851109006,0.11525314799759362,0.0,0.0,0.0,0.0,2.451769210725321e-25,0.0,0.0,0.0,0.0,0.0,0.0,0.0,0.0,0.0,0.0,0.0,0.0,0.0
mp-7375,0.0,0.005987932299565325,0.01494549639932355,0.03330587361679007,0.09084368226176166,0.19076452764213334,0.4333625090483116,0.8444140062528646,1.0,0.8099953351294805,0.4758836072899107,0.4974962412867623,0.5388018412832029,0.48814015116637083,0.4469192345826995,0.463332111750633,0.44137545597579353,0.3598924628634911,0.23396593996816203,0.26371311163549743,0.3543140499666478,0.3077804604557588,0.1709071605629699,0.0,0.05534930900355502,0.1557157600169728,0.21979929516352387,0.2065009855595266,0.2107427696388835,0.26743359757853946,0.21745146448946098,0.10222350256245107,0.0,0.0,0.0,0.0,0.0,0.0,0.0,0.0,0.03754938788367336,0.13640301430537363,0.2268814433102705,0.2074284106179779,0.10281239455258284,0.014026582027265495,0.0,0.0,0.0,0.0,0.0
mp-7392,0.0,0.24525072780276147,0.5776500874523172,0.8697314702283387,1.0,0.9759112842206904,0.9677193033593466,0.7503038933770705,0.664956083446456,0.5922488922239679,0.3526413838178121,0.10484080926209378,0.0,0.09001070527928953,0.0,0.0,0.0,0.0,0.0,0.0,0.0,0.0,0.0,0.0,0.0,0.0,0.0,0.0,0.0,0.0,0.0,0.0,0.0,0.0,0.0,0.0,0.0,0.0,0.0,0.0,0.0,0.0,0.0,0.0,0.0,0.0,0.0,0.0,0.0,0.0,0.0
mp-7394,0.03782932536869782,0.3894045441113019,0.8304249569880321,1.0,0.7146227649689256,0.5484021986437173,0.5381152417504211,0.5642797356835545,0.4015508928991952,0.34884164480995633,0.2959649648036605,0.5734033230689634,0.5916529246923776,0.35517424220390487,0.07659984465387921,0.0,0.03655143910107657,0.0542134322861547,0.433948560802116,0.5569926459871829,0.3489250463820254,0.046854885852557246,0.0,0.0,0.0,0.0,0.0,0.0,0.0,0.0,0.0,0.0,0.0,0.0,0.0,0.0,0.0,0.0,0.0,0.0,0.0,0.0,0.0,0.0,0.0,0.0,0.0,0.0,0.0,0.0,0.0
mp-7421,0.0,0.0959973516714144,0.20561078260794946,0.48388164665673505,0.8646798645938929,1.0,0.8945101617889021,0.4047831401211022,0.17956171739053,0.08715163170478732,0.09764120778158081,0.34554158723615114,0.46258528245701114,0.31767669368078527,0.030909548430128303,0.0,0.20875852251989221,0.0,0.0,0.0,0.0,0.0,0.0,0.0,0.0,0.0,0.0,0.0,0.0,0.0,0.0,0.0,0.0,0.0,0.0,0.0,0.0,0.0,0.0,0.0,0.0,0.0,0.0,0.0,0.0,0.0,0.0,0.0,0.0,0.0,0.0
mp-7436,0.0,0.22780440150632045,0.3538151535124768,0.6055740008596868,0.9143322044347553,1.0,0.8983812538211863,0.3090199502599078,0.2664106485062439,0.4454044848591949,0.4389161329219633,0.20224840245473777,0.0,0.0,0.0,0.0,0.0,0.0,0.0,0.0,0.0,0.0,0.0,0.0,0.0,0.0,0.0,0.0,0.0,0.0,0.0,0.0,0.0,0.0,0.0,0.0,0.0,0.0,0.0,0.0,0.0,0.0,0.0,0.0,0.0,0.0,0.0,0.0,0.0,0.0,0.0
mp-7437,0.005339677543029392,0.005724121909150494,0.04557813228359247,0.21353533936181432,0.5808405641390109,0.9214978064206614,1.0,0.7376132240204296,0.44249124857155897,0.2480859177337339,0.12145381347640968,0.06273440948554378,0.0,0.0,0.0,0.09661793338930795,0.33925203232772655,0.4848190413364757,0.3404599815411515,0.07990533351273305,0.0,0.0,0.04160767031557952,0.0,0.0,0.0,0.0,0.0,0.0,0.0,0.0,0.0,0.0,0.0,0.0,0.0,0.0,0.0,0.0,0.0,0.0,0.0,0.0,0.0,0.0,0.0,0.0,0.0,0.0,0.0,0.0
mp-7438,0.0,0.1460966010291083,0.41016807724676596,0.7135434103237623,1.0,0.9978475584350857,0.6817164098458812,0.21597539568945304,0.0,0.2973872605318062,0.48806276562879825,0.38448791044358677,0.0016745854802894889,0.0,0.0,0.0,0.0,0.0,0.0,0.0,0.0,0.0,0.0,0.0,0.0,0.0,0.0,0.0,0.0,0.0,0.0,0.0,0.0,0.0,0.0,0.0,0.0,0.0,0.0,0.0,0.0,0.0,0.0,0.0,0.0,0.0,0.0,0.0,0.0,0.0,0.0
mp-7439,0.0568725773637363,0.002074837751334457,0.26321514436995713,0.6792262617029461,0.9527948336408563,0.9518303393649264,1.0,0.8005943765509976,0.42299252396365394,0.04851860383019268,0.0,0.0,0.06790495695726285,0.20704757098913254,0.2724133979143357,0.3018696340413191,0.22946230413626678,0.2602570078684268,0.2172244032011251,0.17054601257554042,0.04408552926504292,0.0,0.012044659922149686,0.010080300637485261,0.0,0.0,0.0,0.0,0.0,0.0,0.0,0.0,0.0,0.0,0.0,0.0,0.0,0.0,0.0,0.0,0.0,0.0,0.0,0.0,0.0,0.0,0.0,0.0,0.0,0.0,0.0
mp-7449,0.0,0.5351681589798523,0.8839531529376875,1.0,0.7567017633774181,0.5671553482276935,0.34636261790541095,0.10761644068341555,0.0,0.0,0.04951461466733151,0.23125307659684444,0.2680296975314878,0.12095167922691534,0.0,0.0,0.0,0.0,0.0,0.0,0.0,0.0,0.0,0.0,0.0,0.0,0.0,0.0,0.0,0.0,0.0,0.0,0.0,0.0,0.0,0.0,0.0,0.0,0.0,0.0,0.0,0.0,0.0,0.0,0.0,0.0,0.0,0.0,0.0,0.0,0.0
mp-7505,0.0,0.12558285312816123,0.3680356310143863,0.6590097596514336,0.9152916745963737,1.0,0.9664809969693166,0.5459579760342228,0.18241900644618253,0.0014991750484662524,0.09854483781110343,0.3765784860107334,0.3867599759165654,0.379099915151871,0.34745970231007056,0.23881227602623006,0.07621956537334444,0.0,0.0,0.0,0.0,0.0020624807550537936,0.0737784096825656,0.1632661329516862,0.16780334969213787,0.06912190373269472,0.013118653058356921,0.0,0.00014654876468934584,0.0009603699100693074,0.0,0.0,0.0,0.0,0.0,0.0,0.0,0.0,0.0,0.0,0.0,0.0,0.0,0.0,0.0,0.0,0.0,0.0,0.0,0.0,0.0
mp-753098,0.34931082863510754,0.0,0.09907770862534727,0.7691067432802587,1.0,0.9118547219409786,0.43585427073719774,0.4609633942436022,0.39415547843629556,0.37511630962700476,0.6293782480194267,0.7523476940459156,0.787236166199501,0.6913937599161294,0.45049458874578313,0.26812342319004057,0.36571971789577185,0.59168818608346,0.6345534079711528,0.42924175556520605,0.14466509949769238,0.2850391894627734,0.5574334296833326,0.6870897087212752,0.4907747967623665,0.1790267818002681,0.06344980198726254,0.15645555088639454,0.3260915217775714,0.3753125755219266,0.23065812487572918,0.08511980995403774,0.03473625917927199,0.005808048411510461,0.0,0.0,0.0,0.0,0.0,5.701220705613097e-44,1.090688964007219e-43,0.0,0.0,0.0,0.0,0.0,0.0,0.0,0.0,0.0,0.0
mp-753260,0.0,0.2249915338244602,0.83285965270245,1.0,0.7376566782594612,0.5132124870265503,0.5487804789951918,0.5215394164194193,0.325133338861213,0.323195232266429,0.26698844022394946,0.09515551208925986,0.1473851411949718,0.43926202774694173,0.8997354272044573,0.8505944055058171,0.4746132120486137,0.08427464469506331,0.0,0.034661258549492535,0.22218021465986384,0.30132336068656734,0.22858924510020492,0.007844453341819992,0.0063628403245146415,0.26454162971350753,0.5022771879483482,0.5255815443672057,0.29583040145424505,0.14483667056449911,0.0632304033583976,0.023403056684176596,0.0040110761983981145,0.0,0.0,0.0,0.0,0.0,0.0,0.0,0.0,0.0,0.0,0.0,0.0,0.0,0.0,0.0,0.0,0.0,0.0
mp-753287,0.0,0.02844090772017069,0.027899709245014264,0.12868717552412956,0.46909332840721163,0.948159292876934,1.0,0.6353112593601096,0.3690611328899319,0.48679542798750247,0.660048909136568,0.6669715319850763,0.6878552515347205,0.6944685658787202,0.5814382406113827,0.6969981072288035,0.9476799758053672,0.9125102612777586,0.5922720899179886,0.25346210019754867,0.34070918676514755,0.4001071888414754,0.39127800180922867,0.3338739030023877,0.19678591314723418,0.06582221784862292,0.0,0.0,0.0002743773383199903,0.00044200032142846437,0.0,0.0,0.0,0.0,0.0,0.0,0.0,0.0,0.0,0.0,0.0,0.0,0.0,0.0,0.0,0.0,0.0,0.0,0.0,0.0,0.0
mp-753946,0.006770777811548269,0.0,0.02176044950498996,0.07146719947375027,0.12355040368274331,0.1565037799364965,0.17395493108588517,0.24314469982492995,0.2662625535905306,0.19860385092271757,0.3201760223289537,0.5111872399856996,0.5565517644717002,0.642832018338751,0.8557201996563149,1.0,0.7864628971028483,0.8266060560237296,0.7711887576271848,0.515343002702535,0.003546704463885553,0.0,0.0,0.0006769954867751381,0.0,0.0,0.0,0.0,0.0,0.0,0.0,0.0,0.0,0.0,0.0,0.0,0.0,0.0,0.0,0.0,0.0,0.0,0.0,0.0,0.0,0.0,0.0,0.0,0.0,0.0,0.0
mp-754212,0.05633834782461345,0.9782384674415574,1.0,0.7041407122312473,0.600235911214014,0.7386251476858675,0.6212297136654622,0.3568973586361221,0.049243884640313186,0.0,0.0,0.0,0.0,0.0,0.0,0.0,0.0,0.0,0.0,0.0,0.0,0.0,0.0,0.0,0.0,0.0,0.0,0.0,0.0,0.0,0.0,0.0,0.0,0.0,0.0,0.0,0.0,0.0,0.0,0.0,0.0,0.0,0.0,0.0,0.0,0.0,0.0,0.0,0.0,0.0,0.0
mp-754329,0.07608253572275576,0.0,0.12557913945636193,0.519305989793473,0.874929621412866,1.0,0.9559635673705427,0.8510672277387685,0.6459848575937309,0.2840436179693662,0.28280832925710525,0.3433918477401954,0.5547800166332989,0.5986900744640798,0.817005796039789,0.8613021155469921,0.5922059734388456,0.24227660579724483,0.0494453037783506,0.00016934584399409035,0.25835312999688786,0.5440268947466619,0.7215089586740967,0.6506241613595486,0.6125115338551003,0.49630753049337056,0.48769799177560036,0.33429811279805915,0.6229840366035904,0.8382812191568701,0.6935752090271589,0.2700048940496897,0.0,0.0,0.0,2.8850798717917227e-20,0.0,0.0,0.0,0.0,0.0,0.0,0.0,0.0,0.0,0.0,0.0,0.0,0.0,0.0,0.0
mp-754363,0.2014280210363068,0.0,0.13531577312768936,0.602467144968194,0.9158855302865316,1.0,0.7538619345850938,0.6988255691687976,0.6312663802396763,0.5611171725938788,0.5594139228323614,0.4093187976939762,0.3197826234091977,0.30389169379973496,0.2812075325894784,0.23297147296942985,0.17821585300992304,0.20695271202876864,0.3049377382060201,0.24781930865383672,0.1777130825178692,0.12836392357620338,0.15584262316703862,0.20494519752904342,0.18047136817260132,0.2230880108836957,0.17575128603279377,0.1334031332416443,0.12902173408877665,0.07997580411669972,0.04617880967068767,0.01289978269419917,0.009810051148040615,0.022485855852986594,0.030772610931966354,0.04831189585711023,0.08912966601248198,0.11272870083102193,0.1022916721419418,0.05029450355358636,0.01459053888043428,0.0,0.0,0.0,0.0,0.0,0.0,0.0,0.0,0.0,0.0
mp-754535,0.0,0.29852518646424553,0.799677204071075,1.0,0.7262493284920286,0.5115758139172656,0.5433669754756727,0.518357425379543,0.3237222383661073,0.3183908352586146,0.26116893525212354,0.11545635981735627,0.11727470495693341,0.4674419933985386,0.8779382707718456,0.8444375347033407,0.4414520198816757,0.1272218693948592,0.0,0.04257707541649406,0.21665545695578364,0.29522857363493,0.22429200393559245,0.011529316295315088,0.002219755488415121,0.2559522765929291,0.4956789666309707,0.5252824466416458,0.2970095428054142,0.14753951834451293,0.06292940029294644,0.023484773801848838,0.004214131838652361,0.0,0.0,0.0,1.8803868259059842e-31,6.632694471972864e-31,0.0,0.0,0.0,0.0,0.0,0.0,0.0,0.0,0.0,0.0,0.0,0.0,0.0
mp-7547,0.0,0.2563840021265402,0.5707532783792088,0.7953772688395545,0.8340379707544776,1.0,0.9813719915462513,0.5994067128873306,0.1660572816846912,0.0,0.22212035566710983,0.2362668452716307,0.10130299069209751,0.0,0.0,0.0,0.0,0.0,0.0,0.0,0.0,0.0,0.0,0.0,0.0,0.0,0.0,0.0,0.0,0.0,0.0,0.0,0.0,0.0,0.0,0.0,0.0,0.0,0.0,0.0,0.0,0.0,0.0,0.0,0.0,0.0,0.0,0.0,0.0,0.0,0.0
mp-7548,0.0,0.11866653279282212,0.4494427091755843,0.7790343060543945,0.9589115530445458,1.0,0.8690393853124022,0.4295318350681436,0.09777124997238788,0.0,0.05930893063010545,0.3344368652210025,0.3951901208949996,0.18092110814982576,0.0,0.0,0.0,0.0,0.0,0.0,0.0,0.0,0.0,0.0,0.0,0.0,0.0,0.0,0.0,0.0,0.0,0.0,0.0,0.0,0.0,0.0,0.0,0.0,0.0,0.0,0.0,0.0,0.0,0.0,0.0,0.0,0.0,0.0,0.0,0.0,0.0
mp-754826,0.4715682233567857,0.7547863861941234,1.0,0.7801361449317302,0.35273889925735846,0.3063498378635956,0.3097821021181803,0.37437340479729553,0.5143287445393174,0.5655838974429617,0.6499902864614211,0.6405931660748456,0.45965707702382497,0.28777981762286453,0.1723694388532343,0.1965003962949288,0.10871715584888328,0.12695827626849127,0.18424063802008864,0.1792434689664757,0.5321395110968501,0.6098103675159283,0.4214960765252341,0.0,0.0,0.0,0.0,0.0,0.0,0.0,0.0,0.0,0.0,0.427110308066035,0.5954784302205338,0.4502430000307953,0.0,0.0,0.0,0.10614321602314951,0.24199438188496833,0.4738107366086778,0.3977524409813457,0.19424706566712957,0.0,0.0,0.009505410743639493,0.0,0.0,0.0,0.0
mp-755013,0.008646455845654868,0.0,0.042361640432645474,0.14716203004852899,0.3449205363610446,0.4346345121291693,0.38955221099167314,0.289762938237964,0.3595300593181152,0.42344417985351196,0.48988342140198493,0.54357475443931,0.6332985496978176,0.7119770736631597,0.8162745602751377,0.935775329283696,0.9527664092691173,0.9618402046374268,0.9392503953658661,1.0,0.9416562908552653,0.8665768399765253,0.7558204871683957,0.8650743163817408,0.7846270680007188,0.6564106340548428,0.5676551563934654,0.474157788422494,0.42892695351316323,0.3330881797085033,0.369380272333207,0.3516293167160098,0.23564076604307535,0.17201630012714142,0.13235818204231012,0.1706211097662869,0.13223855420224653,0.06203536762931095,0.0376103125778414,0.07345005234098162,0.08598752464101274,0.06622237477404844,0.129085694066593,0.12421049219940687,0.06967675165319276,0.0,0.0,0.0,0.0,0.0,0.0
mp-755287,0.0,0.009057117721232329,0.01309094224689658,0.049672327311673536,0.2559250314288434,0.405585444065762,0.38189321899846596,0.2894578440988693,0.34022269543188466,0.4522076762411104,0.4480390028852532,0.34916515110032975,0.3086887300717616,0.4705773563466141,0.6489449841252812,0.9848889507918673,1.0,0.7057276949725072,0.2654092244256663,0.13004243779493835,0.1828858058538861,0.22249336926729393,0.23618389239461512,0.22984318152070796,0.18599518397935075,0.12449780844737018,0.06428054972705138,0.020818325758003072,0.0,0.0,0.0,1.3851923422073165e-06,0.0,0.0,0.0,0.0,0.0,0.0,0.0,0.0,0.0,0.0,0.0,0.0,0.0,0.0,0.0,0.0,0.0,0.0,0.0
mp-755309,0.0,0.21332568262010837,0.5537977355344021,0.8676816744225831,0.7375604991622122,0.4281019221090392,0.033658327207136074,0.0,0.5346649170531037,0.9110339133879937,0.8976367764097447,0.8428092936708568,1.0,0.9710681506875882,0.24237072607363602,0.0,0.0,0.0,0.007970767270926936,0.28284383565730764,0.5150168536368783,0.5442857248378579,0.29489687655235064,0.6766654202949024,0.7118073073611161,0.36896669658221654,0.0,0.0,0.025789362400433863,0.0,0.0,0.0,0.0,0.0,0.0,0.0,0.0,0.0,0.0,0.0,0.0,0.0,0.0,0.0,0.0,0.0,0.0,0.0,0.0,0.0,0.0
mp-755478,0.02557941730446917,0.04262150935088544,0.4233839187464414,0.8330596750269397,1.0,0.9240239735635692,0.7511388325084871,0.7366555872199702,0.6439609199436228,0.633579673308455,0.5498779523623991,0.5807650003133744,0.5144998735630533,0.5464557810280564,0.49979753215244815,0.4421071948144976,0.38937474287006,0.436966556442841,0.47927415082199337,0.43082239372828474,0.36787594911394583,0.36517127136975003,0.53334435136192,0.6176025200634822,0.4446796634923591,0.3171304533208598,0.3180059063478936,0.36933955104695293,0.19890196021078071,0.0,0.0,0.0,3.151128283121866e-10,0.0,0.0,0.0,0.0,0.0,0.0,0.0,0.0,0.0,0.0,0.0,0.0,0.0,0.0,0.0,0.0,0.0,0.0
mp-755895,0.09902312490013132,0.0,0.1505005930247008,0.6508080754280084,0.9826472953577589,1.0,0.629503924087553,0.5619285638306836,0.5431401818925671,0.6158356917637822,0.5384871563106992,0.4103479537529915,0.3673474302344639,0.4098814771994587,0.4445885595752633,0.36311368960219875,0.2881857880398225,0.2687009775149934,0.21745165576428058,0.2630551215135891,0.1385103172205837,0.10379771918557364,0.11728237097750753,0.16071560003495375,0.2336666824618407,0.31231032440295914,0.3528406694119487,0.24400810185779787,0.08004556531725089,0.0,0.0,0.002404224557378071,0.005117621448160532,0.018597621023093515,0.037998487629599426,0.08691189074291439,0.13841441944217683,0.16453449607375978,0.1180487773090997,0.045282625268044475,0.0025368142719812965,0.0,0.0,0.0,0.0,0.0,0.0,0.0,0.0,0.0,0.0
mp-7566,0.08341772730109033,0.0,0.07264319679937122,0.4093676883075001,0.6732915569327644,0.7457592465754054,0.6173683331355961,0.6861503902828021,0.8625946812410038,0.8966391235490387,0.7090231624522136,0.5714826235956032,0.6972039417474619,1.0,0.8028778796764312,0.43331270944800165,0.17958618409591312,0.29656146818568974,0.334045500122939,0.18174858528106444,0.15117434731696658,0.39751879569535425,0.6901490979712854,0.6333394064783389,0.4656599386067568,0.8348819769769918,0.9213966547375375,0.650401129169895,0.0,0.0,0.11028036216585411,0.41606708616727406,0.461284751863435,0.242881567747119,0.0,0.0,0.0,0.0,0.0,0.0,0.0,0.0,0.0,0.17229253767921054,0.4159911227477485,0.5337535275112095,0.5321790838114892,0.3598872219505174,0.30057252199550366,0.004612767554742198,0.04212517094870196
mp-7569,0.0,0.2209698789015524,0.7602952691875436,1.0,0.7788511454482343,0.3632289423874655,0.059063777502616654,0.07549859467829374,0.0,0.0,0.2572182432185641,0.45153373477946623,0.3937691615504667,0.10866914614759976,0.0,0.0,0.3137338579855955,0.6197302541768086,0.7429015907256425,0.3967352818606612,0.16395678565280486,0.0029873120994668378,0.0,0.0,0.0,0.0,0.15296073838155744,0.29790331369125655,0.27484441236200713,0.07934324409750153,0.0,0.19361402122789442,0.4134035723618056,0.46379913590299465,0.26720822285612195,0.10467607836581333,0.03594400318029487,0.0,0.0,0.0,0.0,0.0,0.0,0.0,0.0,0.0,0.0,0.0,0.0,0.0,0.0
mp-757,0.0,0.01471335900481338,0.045229771250869036,0.16414620669750385,0.44462684964846244,0.8232347426210356,1.0,0.8269432724554326,0.4104240822878383,0.2252158484856723,0.22799732877270956,0.507829780678247,0.5969692085587905,0.5506729804925348,0.5996129556162274,0.5173475921581471,0.6916749015552413,0.6038946539793033,0.37113149133418255,0.22390170368790774,0.204787183520757,0.4974182147620922,0.680522726999483,0.745767354744776,0.487898052740651,0.1472882863457314,0.0,0.0,0.0005344515171547163,0.0011210175549666744,0.0,0.0,0.0,0.0,0.0,0.0,0.0,0.0,0.0,0.0,0.0,0.0,0.0,0.0,0.0,0.0,0.0,0.0,0.0,0.0,0.0
mp-7572,0.0,0.012133427066672987,0.03050878253708931,0.0685047098249796,0.15679732086846299,0.37130681961663425,0.6882439201521842,0.8229350105262077,0.8396255899920562,0.8269163088328824,0.9714530770706572,0.9853174748078929,1.0,0.8855512573046213,0.7074317934034031,0.5037531447142338,0.1579299361617325,0.2561749285146592,0.3956294634025895,0.4270584587127653,0.19156394672408936,0.05052618810234497,0.3651874040206523,0.8238126646781434,0.8179915552749139,0.357399503832598,0.0,0.0,0.44106297927797394,0.9452798700122788,0.900400782254554,0.3018141485330681,0.07283422910954405,0.46189119519666766,0.436851489062805,0.15997189735532047,0.0,0.0,0.0,0.0,0.0,0.0,0.0,0.0,0.0,0.0,0.0,0.1081249919414713,0.41317040228864066,0.5076610898945191,0.40381923822171395
mp-7575,0.0,0.004100197095231132,0.007547824183317719,0.0054471220482892576,0.08134574591592532,0.27880229736412354,0.5356144339525349,0.6042982136622435,0.4885414378639875,0.35807004425350053,0.17956833160795727,0.07096546787782455,0.0,0.0,0.0,0.0,0.0,0.042539986943492515,0.16342373010596992,0.3083892094986102,0.4256208095326013,0.4033567454383746,0.3954013660621731,0.8515233619701109,1.0,0.7614244614449345,0.2050492224442866,0.20681367422328503,0.23527017994598845,0.144785161735221,0.07058268642969763,0.008208824987799004,0.0,0.0,0.0,1.5671765695698264e-19,0.0,0.0,0.0,0.0,0.0,0.0,0.0,0.0,0.0,0.0,0.0,0.0,0.0,0.0,0.0
mp-7581,0.0,0.074592408815331,0.12659022506311976,0.16731290533242546,0.2496559742091676,0.4822216419869005,0.6612252615122168,0.5684235163047352,0.46668049028241537,0.7489662506833934,0.9294800107686161,0.6907899118720915,0.1128596323600368,0.23571336031656387,0.8571766205117143,1.0,0.6031574043063571,0.02091158091932103,0.03973557886514119,0.0,0.0,0.003241051930622524,0.0,0.0,0.0,0.0,0.0,0.0,0.0,0.0,0.0,0.0,0.0,0.0,0.0,0.0,0.0,0.0,0.0,0.0,0.0,0.0,0.0,0.0,0.0,0.0,0.0,0.0,0.0,0.0,0.0
mp-760,0.0,0.006617098357486429,0.022804267592602467,0.053819410451280913,0.10050387586068472,0.25623946136336856,0.38740117344549485,0.5244780326429752,0.6741223541698985,0.8808254844453126,1.0,0.9102487098443501,0.6293948435022971,0.5413510683638902,0.7697119902457975,0.9306311678823616,0.7772229540631569,0.34005768070775805,0.0329435487573449,0.0,0.0,0.0106116198748043,0.0,0.0,0.0,0.0,0.0,0.0,0.0,0.0,0.0,0.0,0.0,0.0,0.0,0.0,0.0,0.0,0.0,0.0,0.0,0.0,0.0,0.0,0.0,0.0,0.0,0.0,0.0,0.0,0.0
mp-760375,0.0,0.20258567248398504,0.5305067438903467,0.8174571519495639,0.7214076487828293,0.4104687076265599,0.06009167827675699,0.0,0.0,0.3217736557294354,0.8579675355560108,0.7126318068370094,0.6898516072569507,0.5108384370352747,1.0,0.7354858839037202,0.3073450570573319,0.0,0.0,0.17714604722233462,0.532604194348506,0.5170668295974442,0.41774138234006664,0.0,0.07621518566301258,0.4350585722928482,0.5769237744198846,0.47020450087940374,0.03744173535488688,0.0,0.0,1.858117899884071e-06,0.0,0.0,0.0,0.0,0.0,0.0,0.0,0.0,0.0,0.0,0.0,0.0,0.0,0.0,0.0,0.0,0.0,0.0,0.0
mp-7604,0.0,0.0018248306643525978,0.006278555928587941,0.015079243120993737,0.01816204588605193,0.07664425629382474,0.21551755936899553,0.28706576133679657,0.47315402376899895,0.5594110010801309,0.6128932811664568,0.4465873288422268,0.31663751446073235,0.36152418672784614,0.7750463797696626,1.0,0.815294318831299,0.5038793722181392,0.3729173378995053,0.4161459146388165,0.2920556475302897,0.12226407746572873,0.09797930932915422,0.13861654255183617,0.14399954956217298,0.10065983504948801,0.013708343508953053,0.0221146770615972,0.28037021645658317,0.4139640243124083,0.36930674759095117,0.1053640313673703,0.10610619400893477,0.06600546744320365,0.024697282498003043,0.0013008211029839555,0.0,0.0,0.0,6.575730810451267e-29,5.66656501403353e-29,0.0,0.0,0.0,0.0,0.0,0.0,0.0,0.0,0.0,0.0
mp-7608,0.0,0.01372341231617786,0.04203382051909066,0.11044278885881548,0.35601744200102153,0.6393494287208737,0.6365624173800299,0.40581285965391845,0.21032167280454367,0.30856873347200525,0.35361491181960236,0.33628280910574326,0.41559512960567807,0.7251344541359662,0.8715452612098852,1.0,0.8765327090926271,0.8051995826942486,0.6888304371927163,0.5522695386993842,0.33275861280993596,0.12558984325161326,0.19197757395023632,0.40338370334655593,0.7287339170554684,0.7970861205450841,0.8991734957175711,0.8663797063295088,0.8050258554145959,0.7132391069895554,0.5231691602594913,0.3758121458274877,0.1827209224336303,0.014475300216447171,0.0,0.0,0.0,0.0,3.696591432920306e-23,1.1603670328078419e-24,0.0,0.0,0.0,0.0,0.0,0.0,0.0,0.0,0.0,0.0,0.0
mp-7610,0.0,0.0071390531494640785,0.022011726980113083,0.041349194548030384,0.09883449569404035,0.34389599505503193,0.5702434145120798,0.6684653724278503,0.6655229886825835,0.8042373017296983,0.927086604537751,0.8858800153545329,0.899049639259366,0.9015967501736143,0.7300699442959323,0.2960453623046527,0.22638265012149858,0.4908253606277168,0.6503288792809511,0.7055677634094902,0.6841209272715332,0.8471747950679505,0.7976430535325372,0.6287475645320614,0.7276202703001065,0.9901122531148318,1.0,0.8188761808944801,0.6983264245794581,0.5634642150031413,0.2855779988389781,0.0,0.0,0.0,0.0,0.0,0.0,0.0,0.0,0.17254825722434633,0.3688474336776749,0.31107655603228507,0.19731943535408963,0.3795587965997597,0.7072460433705223,0.6756261925774972,0.4297400480429277,0.2515900758266064,0.1579127881597993,0.01762575268834382,0.0
mp-7611,0.0,0.03267962806739886,0.02684727571319372,0.08449843029651016,0.2566433418583537,0.4702277117197013,0.625045984609583,0.7992414706828481,0.9273610587645779,0.7791053821798828,0.4670914018377356,0.41407413339790516,0.5809431951503226,0.6081126340293133,0.5183732248978952,0.5313123459290712,0.7094909339801241,0.8200016936388149,0.8696407861940647,0.8453625399165864,0.6196809601078741,0.4710034594669586,0.3873049448044772,0.2512617578638938,0.6592321036061564,0.9643149847512154,1.0,0.4634202502554443,0.20240334294454615,0.02202778684030339,0.0,0.0,0.0,0.0,0.537433142907132,0.8687487227520447,0.8818843449858647,0.4331374772970187,0.2600772751339473,0.14729751347859332,0.002042467036452571,0.0,0.0,0.0,0.0,0.0,2.4108910516769514e-88,2.7370955079789207e-88,0.0,0.0,0.0
mp-7618,0.21537860141723197,0.4216590089390179,0.7438168225339085,1.0,0.757899082226641,0.48159204349757806,0.2344510942659733,0.2391143979285734,0.581419915730909,0.6474861189650767,0.46535565291464576,0.24170897112261677,0.0922936229607171,0.04000680465241363,0.0,0.0,0.023407554903876075,0.20938373165022178,0.3585206418043003,0.3590459320409769,0.2514262387320666,0.13890575159321747,0.24037670871469097,0.21513831617725518,0.12239396425851906,0.011246779475251215,0.0,0.0,0.0,0.0,0.0,0.0,0.0,0.0,0.0,0.0,0.0,0.0,0.0,0.0,0.0,0.0,0.0,0.0,0.0,0.0,0.0,0.0,0.0,0.0,0.0
mp-7622,0.0,0.23025832652914727,0.5691738635547685,0.8783018770823021,1.0,0.8577677563532129,0.7527948859586042,0.8102806245626043,0.7003570365813757,0.4187159079537603,0.20030382093222143,0.11893756306525104,0.076734818806554,0.0,0.020037820348380992,0.14005924246669657,0.11269341540754035,0.19442920010444176,0.12322148849525262,0.2476749072068506,0.3358605773855787,0.26623742192761496,0.12289393515029604,0.01695461494331364,0.0,0.17074216408149223,0.5477515069732432,0.758345528946842,0.48119484806778046,0.08267989194322233,0.17995815468049742,0.15214685141459255,0.14441507822232333,0.09030244030589708,0.13587682761510336,0.18161596594362348,0.1741204588093393,0.11607637642245086,0.0,0.03629738885766013,0.14724541820419867,0.16802063778331944,0.09864246242779938,0.0,0.0,0.0,0.0,0.0,0.0,0.0,0.055799700867656454
mp-7642,0.08578027223485943,0.0,0.35889009783208525,0.8126030886589641,1.0,0.9048114875995545,0.6643053865784402,0.48773552857433433,0.2879598095286965,0.14466366200757957,0.1676203425336305,0.1551932515416604,0.09001839129104228,0.0,0.0,0.0,0.0,0.0,0.0,0.0,0.0,0.0,0.0,0.0,0.0,0.0,0.0,0.0,0.0,0.0,0.0,0.0,0.0,0.0,0.0,0.0,0.0,0.0,0.0,0.0,0.0,0.0,0.0,0.0,0.0,0.0,0.0,0.0,0.0,0.0,0.0
mp-7643,0.0,0.1403860309530026,0.6499501145626068,1.0,0.9974010613964297,0.8677328207565298,0.7037184940682429,0.4539553009200353,0.21273866152391288,0.13703176069220865,0.1450821000730519,0.05123257016807239,0.0,0.0,0.0,0.0,0.0,0.0,0.0,0.0,0.0,0.0,0.0,0.0,0.0,0.0,0.0,0.0,0.0,0.0,0.0,0.0,0.0,0.0,0.0,0.0,0.0,0.0,0.0,0.0,0.0,0.0,0.0,0.0,0.0,0.0,0.0,0.0,0.0,0.0,0.0
mp-766,0.0,0.015265844391079754,0.01720238346189047,0.047497608435435705,0.16714791908952037,0.2905703803634136,0.4286442382652386,0.5579323486308548,0.6478203084996937,0.6720085581375939,0.5886515781335979,0.544663809563447,0.7898418233724707,1.0,0.9383783045475466,0.49722080728361706,0.08891720814371103,0.0,0.0,0.004310902341989109,0.0,0.0,0.0,0.0,0.0,0.0,0.0,0.0,0.0,0.0,0.0,0.0,0.0,0.0,0.0,0.0,0.0,0.0,0.0,0.0,0.0,0.0,0.0,0.0,0.0,0.0,0.0,0.0,0.0,0.0,0.0
mp-7667,0.017705569451073606,0.016303030833092917,0.1740180502987764,0.5443666562993676,0.8841779533185574,1.0,0.8899268313716319,0.629675859818796,0.5534048014251699,0.2951128298445295,0.24827465315492284,0.20584416365222138,0.16122903405758374,0.07181639649839766,0.0,0.0,0.0,0.0,0.0,0.0,0.0,0.23035629517251524,0.3741901376771238,0.31557947147539744,0.055136543921268995,0.0,0.01884960608838247,0.013242802298884603,0.0,0.0,0.0,0.0,0.0,0.0,0.0,0.0,0.0,0.0,0.0,0.0,0.0,0.0,0.0,0.0,0.0,0.0,0.0,0.0,0.0,0.0,0.0
mp-7670,0.0,0.10917409306846712,0.4857473132825546,0.8068465740206902,0.9643131702923582,1.0,0.8881512521362582,0.5887397611337373,0.17791055920018697,0.03332544695911337,0.16718130617623225,0.3289267876102269,0.23742033194282433,0.0,0.0,0.0,0.0,0.0,0.0,0.0,0.0,0.0,0.0,0.0,0.0,0.0,0.0,0.0,0.0,0.0,0.0,0.0,0.0,0.0,0.0,0.0,0.0,0.0,0.0,0.0,0.0,0.0,0.0,0.0,0.0,0.0,0.0,0.0,0.0,0.0,0.0
mp-768368,0.0,0.2374190245118623,0.7265545997660036,1.0,0.7882525098517567,0.515592859541511,0.4555934588372932,0.38390715760173066,0.23143768122613528,0.046736819892088624,0.06613081425276904,0.055668466281646546,0.08754273582028509,0.20468628544496045,0.21938529577424554,0.16717356544663592,0.025098092391813258,0.0,0.005863735404349883,0.010568312904016846,0.0,0.0,0.0,0.0,0.0,0.0,0.0,0.0,0.0,0.0,0.0,0.0,0.0,0.0,0.0,0.0,0.0,0.0,0.0,0.0,0.0,0.0,0.0,0.0,0.0,0.0,0.0,0.0,0.0,0.0,0.0
mp-770932,0.025347256221229204,0.0006372570200948045,0.09341535958753222,0.30022727641465213,0.5136426689145689,0.6229235970751617,0.46675806472432707,0.27844927964796024,0.17030913944095322,0.3132618443781153,0.6275130629347546,0.8465301007503233,0.8921772511023568,0.8116514987070866,0.8296813930570254,0.8060280903780338,0.7259232771353822,0.46248059926311186,0.32124652841024015,0.5003009378429805,0.6659204125456295,0.8161696308158947,0.5346326146664658,0.37386925545369804,0.4341394463290076,0.6449570727554175,0.7804415994605793,1.0,0.9186726477669377,0.7355558460764297,0.44222953896653805,0.726425209853333,0.9281446197773242,0.7887346486185984,0.3256867888124384,0.03420257959446439,0.0,0.0,0.0,0.0,0.0,1.6751858659757801e-46,0.0,0.0,0.0,0.0,0.0,0.0,0.0,0.0,0.0
mp-772290,0.02017107547914139,0.019813772821278566,0.31227246923572666,0.7643914353361506,1.0,0.9968440333443355,0.7894184500760026,0.36832057509020694,0.11422867612504105,0.0,0.04703927823255817,0.14653613546954358,0.29904668884713964,0.35485724605554664,0.42912651702631716,0.6322050114961464,0.720785942962113,0.5640009549784986,0.26762732959014723,0.22023917579692603,0.3515437887333053,0.4946648804004343,0.4768404204007019,0.49734915359275933,0.5467646043919944,0.519484985413433,0.3476598837361112,0.23992301994357437,0.3448696856437035,0.46281534117740286,0.35150642553295286,0.1513086634844735,0.008510826017611427,0.0,0.0,0.0,1.1236933621338457e-25,0.0,0.0,0.0,0.0,0.0,0.0,0.0,0.0,0.0,0.0,0.0,0.0,0.0,0.0
mp-773137,0.0,0.23470494074713052,0.8211575562721374,1.0,0.804847047179649,0.33842470446820533,0.25058956475033933,0.41397444393635,0.45885325304335617,0.39779560084470056,0.22849092564995158,0.11612017676067718,0.0,0.0032353566572848754,0.0,0.0,0.0,0.0,0.0,0.0,0.0,0.0,0.0,0.0,0.0,0.0,0.0,0.0,0.0,0.0,0.0,0.0,0.0,0.0,0.0,0.0,0.0,0.0,0.0,0.0,0.0,0.0,0.0,0.0,0.0,0.0,0.0,0.0,0.0,0.0,0.0
mp-7738,0.09225807530326297,0.0,0.07023010424076957,0.3469711407280505,0.6007054658723071,1.0,0.9912251944291858,0.84969313294036,0.39404095131237443,0.2232411532171225,0.33070209336480855,0.29885817968930545,0.19492388712096997,0.0,0.2370784545938788,0.49067388369836623,0.5145090235308566,0.211369025393602,0.06973777391181629,0.0,0.0,0.0075146776892064445,0.0,0.0,0.0,0.0,0.0,0.0,0.0,0.0,0.0,0.0,0.0,0.0,0.0,0.0,0.0,0.0,0.0,0.0,0.0,0.0,0.0,0.0,0.0,0.0,0.0,0.0,0.0,0.0,0.0
mp-774907,0.05265460621025708,0.0,0.09341483610979678,0.45921540749776685,0.8905807930192464,1.0,0.6306631990441731,0.35816726244061864,0.3378231188052228,0.35409130846868125,0.40722011039462686,0.5106901819498896,0.5528635552125524,0.5914170767297955,0.4454175413767731,0.13769664387045405,0.021090215406906077,0.0,0.15964900296253534,0.22057138177046873,0.11335942892436476,0.2968222905691939,0.4735644391631784,0.41144236088222924,0.09060738624574159,0.0,0.05874440528499761,0.030333408687149965,0.0,0.0,0.0,0.0,0.0,0.0,0.0,0.0,0.0,0.0,0.0,0.0,0.0,0.0,0.0,0.0,0.0,0.0,0.0,0.0,0.0,0.0,0.0
mp-776532,0.1547563036279629,0.0,0.15678621613521157,0.5856333384418547,0.78524810090466,0.7316974852190928,0.6279333167006533,0.6969689730722094,0.5964300807321107,0.485100284434355,0.6045730489265444,0.8821596353410432,1.0,0.8285780828586761,0.562430794890981,0.3311331537270736,0.26577939722559646,0.2694295389602522,0.16751757550792204,0.3830458202150084,0.6235875639140367,0.611959020946226,0.4313185230695793,0.3368084851902504,0.8022049344711112,0.8590444437244834,0.59889503156004,0.33681789786243216,0.2702219383224687,0.22130848739915324,0.12499048756566679,0.017798012749762226,0.020141449408928886,0.1713675413462161,0.3282542358731434,0.37807368131208413,0.31816827811646853,0.3095261841246229,0.25550719529018606,0.13031660609815246,0.018545027039970286,0.0,0.0,0.0,0.0,0.0,0.0,0.0,0.0,0.0,0.0
mp-7773,0.0,0.33653849633756,0.5967090551601177,0.6924375466547881,0.7488487002278547,0.818307000001664,1.0,0.9548965702066919,0.8528953529564366,0.6635174418335448,0.5149340369212185,0.3527019344573188,0.2016793829128769,0.021801042226095302,0.0,0.0,0.0,0.0,0.0,0.0,0.0,0.0,0.0,0.0,0.0,0.0,0.0,0.0,0.0,0.0,0.0,0.0,0.0,0.0,0.0,0.0,0.0,0.0,0.0,0.0,0.0,0.0,0.0,0.0,0.0,0.0,0.0,0.0,0.0,0.0,0.0
mp-7786,0.0,0.4049678547645908,0.7137409409232047,1.0,0.9050333990088042,0.7158051289533817,0.5721171243989329,0.2854482251624555,0.20726441798678175,0.032853033163947686,0.0,0.0,0.13200703332858574,0.2718071171294845,0.3125530573178791,0.19265214740885947,0.21680855780885142,0.2492033217435758,0.2095968750067663,0.18463513524161357,0.16405358679153448,0.2603593144307113,0.1621930487927927,0.05728754209837759,0.0,0.0018802119021595984,0.013436098398887424,0.0,0.0,0.0,0.0,0.0,0.0,0.0,0.0,0.0,0.0,0.0,0.0,0.0,0.0,0.0,0.0,0.0,0.0,0.0,0.0,0.0,0.0,0.0,0.0
mp-7801,0.0,0.07832290009337396,0.2901510368972259,0.45907717784204216,0.44413921591498257,0.4292517613826792,0.44855025602880344,0.5544233013946144,0.6352214035845626,0.7061331513444482,0.7391588408177512,0.6900223454619612,0.6795045800224103,0.6485846486375252,0.8329242615678246,1.0,0.8784196148958284,0.5377591953175558,0.481432321441849,0.42754423563335503,0.29003358164631055,0.05893712645567776,0.00813918125236038,0.0,0.0,0.12289886025729725,0.32966931285372975,0.49019592736370765,0.36855289376647987,0.37416401769391877,0.46179025428659143,0.4840656595350189,0.21382440219570537,0.03265860879346988,0.21778135718274635,0.5328395059958446,0.3969039033105672,0.40139035351678687,0.523453996376947,0.5690093220724495,0.27733787156830675,0.0,0.020658663484433012,0.04949140965798349,0.0,0.0,0.0,0.0,0.0,0.0,0.0
mp-7808,0.15663132370664004,0.0,0.3380432695898828,0.8201117617341119,0.9926199443836774,1.0,0.6477331152731763,0.44289237083390914,0.5188776269396537,0.5832537082114331,0.6236346330761648,0.4462295070611255,0.2677693943662644,0.18636871470088046,0.021348257048151305,0.17386535799700242,0.14414541492805666,0.10911509188058365,0.2817990632209055,0.40328701105872844,0.5925511810197304,0.8026179227229724,0.6150341177399583,0.2944674330633269,0.0,0.0,0.06073682811761053,0.0,0.0,0.0,0.0,0.0,0.0,0.0,0.0,0.0,0.0,0.0,0.0,0.0,0.0,0.0,0.0,0.0,0.0,0.0,0.0,0.0,0.0,0.0,0.0
mp-7825,0.1026063387704053,0.0,0.20372480428974202,0.6229808278086808,0.9050816099246867,1.0,0.6435612300655968,0.3204596197817646,0.11544594360045013,0.18922903125836238,0.3422894515258356,0.311861956829177,0.09057465346871543,0.005695407352212103,0.1960844548293351,0.48946188753786574,0.6374839712789467,0.4592389025167503,0.17072813194631575,0.006655256792235178,0.0,0.03189705428135663,0.19131377913929953,0.26519807855878763,0.1886735730455756,0.0,0.0,0.14085353954100654,0.3863147697924713,0.4577922505329529,0.2920583980379781,0.05450000909062065,0.016629240119781164,0.0,0.0,0.0,7.475224405701125e-27,3.0960525348917052e-27,0.0,0.0,0.0,0.0,0.0,0.0,0.0,0.0,0.0,0.0,0.0,0.0,0.0
mp-7848,0.0,0.11195942174185579,0.3426738470111476,0.5683996791059222,0.6146650772532888,0.5836345657700386,0.5591012684017532,0.6166224512518372,0.7063058720281676,0.684511171442108,0.6799257983869814,0.5090040453342204,0.3116304968539054,0.35244938500469064,0.46089230365822376,0.3225121770319269,0.08631648390950059,0.42389008201931705,0.8612761315208868,0.9390167061745271,0.664481670797514,0.7672584428778971,0.7643985884926224,0.43224560259569766,0.37939248645601986,0.28810135980560403,0.42346728594603666,0.20191353007638865,0.03242041997871,0.0,0.12615083358385137,0.2657986787470378,0.3467203889152412,0.22026094878331945,0.23184613476924829,0.7685899477355995,1.0,0.714944986837788,0.146210864337048,0.0,0.0,0.0,0.0,0.0,0.0,0.0,0.0,0.0,0.0,0.0,0.0
mp-7849,0.0,0.13357287116361774,0.402142450848685,0.6164660835706077,0.6109615022088054,0.4981150750214025,0.4622345039593532,0.6099883811246875,0.7076040989155025,0.6651018662154863,0.5215539792012867,0.4480284559696052,0.3076179215855898,0.5550055001071779,0.6851551354799553,0.6850918221268278,0.8884462394017665,1.0,0.7375668086742863,0.20653014552825247,0.0,0.2489495873499122,0.3441409119235939,0.2633603391243901,0.09190237683855351,0.0,0.10990146660493029,0.3252301517399629,0.40160518074351254,0.3838498938839614,0.6690204353430239,0.7530094066811804,0.46768175644606885,0.13487424559516342,0.0,0.0,0.0,0.0,0.0,0.0,0.0,0.0,0.0,0.0,0.5121118858838478,0.8985877587370521,0.7429494125459999,0.3004646394993182,0.428076922787695,0.8344653302810716,0.6142185245748384
mp-7886,0.6180179694158213,0.8089323504947461,1.0,0.7253105528740491,0.7669455417050369,0.6585066228060983,0.3918335292910814,0.5129759302854632,0.5490570635114043,0.7395987243065044,0.42423022996502047,0.15278895168700005,0.0,0.0,0.0,0.0,0.0,0.0,0.0,0.4746653511504383,0.6302629369923098,0.5145058794712511,0.08045004436744697,0.23919847585852982,0.23346173480365398,0.09957838347404685,0.0,0.0,0.0,0.0,0.0,0.0,0.0,0.0,0.0,0.0,0.0,0.0,0.0,0.0,0.0,0.0,0.0,0.0,0.0,0.0,0.0,0.0,0.0,0.0,0.0
mp-7891,0.046413001612674025,0.0,0.13725920689698368,0.33417891156079954,0.5288300888753337,0.5275608673900934,0.7882140210662268,1.0,0.8673163764257987,0.39926884281199443,0.34348896655073285,0.39032319501050844,0.4528589404027898,0.4048760130644599,0.58172481773984,0.5807895038365014,0.4314723926092749,0.07958558269472182,0.0,0.000852324781892201,0.015233462235430638,0.0,0.0,0.0,0.0,0.0,0.0,0.0,0.0,0.0,0.0,0.0,0.0,0.0,0.0,0.0,0.0,0.0,0.0,0.0,0.0,0.0,0.0,0.0,0.0,0.0,0.0,0.0,0.0,0.0,0.0
mp-7896,0.01099203814757561,0.3107698975840522,0.7100730297232831,1.0,0.853607947318012,0.44561263774176796,0.23877875969189577,0.3176758700544139,0.5806718617022248,0.42824016505785223,0.2881576633611131,0.15586377811881477,0.36977277957450655,0.3641316519324408,0.20505018671882325,0.012217944890517985,0.0,0.0,0.0,0.0,0.0,0.0,0.0,0.0,0.0,0.0,0.0,0.0,0.0,0.0,0.0,0.0,0.0,0.0,0.0,0.0,0.0,0.0,0.0,0.0,0.11507843550667819,0.24076082657756354,0.23289274993244657,0.09147420559613009,0.0,0.0,0.0,0.0,0.0,0.0,0.0
mp-7903,0.0339545284561849,0.08265503653007435,0.6361761300358112,1.0,0.8282782433560598,0.42118002050304126,0.15693260135063053,0.19620042368918394,0.09860349603354808,0.12561089425825336,0.3673541689230779,0.49963003774222997,0.3668593484063774,0.06145580435237748,0.0,0.0,0.0,0.0,0.0,0.0,0.0,0.015264082086681514,0.15432350532991554,0.32435034852059147,0.3352908315471164,0.15828989224393727,0.08553177084138097,0.12341985968509105,0.13506745753472277,0.0842320345764455,0.002404494260319456,0.0,0.0,1.9563544938868897e-12,0.0,0.0,0.0,0.0,0.0,0.0,0.0,0.0,0.0,0.0,0.0,0.0,0.0,0.0,0.0,0.0,0.0
mp-7906,0.0,0.5200684331152473,0.7437445296470194,0.7333975381514762,0.5134508991302132,0.5215265478462505,0.6015647375974608,0.5193287991272633,0.5084141374654793,0.3682347455083346,0.4324238834395279,0.7074280058214197,0.692508205832259,0.4529340019798978,0.26388794857081616,0.3985537193280131,0.3436772394795553,0.26054803776020374,0.1122927484704101,0.04069217069957567,0.4197721976225605,0.796957951346491,1.0,0.781970421032007,0.36585094116105005,0.0,0.0,0.0,0.0031517020603514176,0.0,0.0,0.0,0.0,0.0,0.0,0.0,0.0,0.0,0.0,0.0,0.0,0.0,0.0,0.0,0.0,0.0,0.0,0.0,0.0,0.0,0.0
mp-7907,0.08898458921766263,0.0,0.28951606510764516,0.7460977048701964,1.0,0.8410247769947479,0.5156738446883932,0.30894569588308485,0.3374817014966905,0.6339318075252809,0.7404784923517127,0.49184987938715574,0.11497203133201042,0.0,0.0,0.12149757589335135,0.35756357568746006,0.564424470202176,0.644814202021538,0.49476911877779056,0.2178222677649111,0.0009306939780988323,0.0,0.0017665898676356416,0.0,0.0,0.0,0.0,0.0,0.0,0.0,0.0,0.0,0.0,0.0,0.0,0.0,0.0,0.0,0.0,0.0,0.0,0.0,0.0,0.0,0.0,0.0,0.0,0.0,0.0,0.0
mp-7908,0.0,0.11366014546119843,0.649756776294936,1.0,0.8207880854506966,0.5223965188873684,0.31144479217398685,0.4306950884254416,0.4727093473647723,0.34203608721574674,0.19433125649877925,0.0,0.022274109211513852,0.17046333867645871,0.3750707931752698,0.583964314973569,0.5339620053968163,0.28532260752311744,0.05493146054870994,0.0,0.013849435679896157,0.0,0.0,0.0,0.0,0.0,0.0,0.0,0.0,0.0,0.0,0.0,0.0,0.0,0.0,0.0,0.0,0.0,0.0,0.0,0.0,0.0,0.0,0.0,0.0,0.0,0.0,0.0,0.0,0.0,0.0
mp-7909,0.0,0.34775250548906844,0.8308748588400965,1.0,0.6717795670324299,0.40026609952469844,0.6292598958136834,0.6833661871599673,0.42742203221283975,0.06530482337982928,0.0,0.0,0.06086479734665203,0.23658241094255805,0.34795116090391504,0.5141276642427101,0.5340642357168264,0.3021067995732653,0.06507411993511648,0.0,0.0,0.0,0.0,0.0,0.0,0.0,0.0,0.0,0.0,0.0,0.0,0.0,0.0,0.0,0.0,0.0,0.0,0.0,0.0,0.0,0.0,0.0,0.0,0.0,0.0,0.0,0.0,0.0,0.0,0.0,0.0
mp-7910,0.0,0.5940591431914761,1.0,0.9901203334398769,0.5760068567909531,0.7348149918975436,0.8561824702975032,0.6887999295791281,0.18210701890697456,0.0,0.0,0.013644094604243377,0.06679587965917336,0.28056918689429516,0.3902886515127078,0.5624108393286628,0.5650926467868733,0.3053001486303326,0.03521167732367686,0.0,0.0,0.0,0.0,0.0,0.0,0.0,0.0,0.0,0.0,0.0,0.0,0.0,0.0,0.0,0.0,0.0,0.0,0.0,0.0,0.0,0.0,0.0,0.0,0.0,0.0,0.0,0.0,0.0,0.0,0.0,0.0
mp-7911,0.0,0.04008909516542155,0.2118731907738554,0.4441878985910987,0.5674042023303726,0.8878096050975524,1.0,0.9337180879772745,0.7324034735358479,0.5879249027820788,0.33916405253697285,0.24397774428619617,0.08957630059523827,0.2392026156078309,0.13815550861467168,0.060937052551951795,0.009969562290036078,0.0,0.0,0.0,0.0,0.0,0.0,0.0,0.0,0.08607127576661443,0.21158012710592966,0.4139164302842754,0.3104711943410028,0.19676892740705532,0.2775559601982339,0.28058501076561554,0.18372340002776463,0.0,0.0,0.0,0.0,1.3064971630679674e-33,1.926034045661906e-33,0.0,0.0,0.0,0.0,0.0,0.0,0.0,0.0,0.0,0.0,0.0,0.0
mp-7921,0.016365364892477297,0.005322903904871885,0.07916132074469602,0.21239874365407313,0.40030496440119656,0.7671450924679053,0.7587322625982396,0.5573683054008034,0.0966004858156526,0.28757182568922685,0.6022278145314913,0.9179840152618687,0.9284098456648747,0.7712683582414117,0.6713352936001576,0.44333363416336946,0.2336461873994391,0.3343173718206802,0.5420812413080929,0.49621887956500627,0.20509442334367112,0.0,0.0,0.0,0.0,0.0,0.0,0.1319366198140337,0.6920257140179998,1.0,0.7699214778129292,0.37049150298565414,0.09709986646604557,0.11382426032579575,0.004601170944498846,0.0,0.0,0.0,1.1966993358756296e-41,2.2894791290866423e-41,0.0,0.0,0.0,0.0,0.0,0.0,0.0,0.0,0.0,0.0,0.0
mp-7922,0.0,0.19770148451799383,0.4624661045635052,0.7308760083178966,0.801433634431894,0.5861378461898852,0.3734086304505172,0.08660282615224071,0.39276145851155186,0.5621647549850973,0.8209148978648806,0.7613516682886738,0.9557274708799604,0.8599151885236661,0.7426355963142457,0.6943377984773097,0.46560000261763107,0.18118429133862757,0.0,0.0,0.0,0.0,0.0,0.0,0.0,0.0,0.03520897256749118,0.22453691134973938,0.8655594140976971,1.0,0.6171256377734518,0.3262801080158306,0.11364762354170801,0.0573227007318998,0.0,0.0,0.0,0.0,1.1178793126507428e-38,0.0,0.0,0.0,0.0,0.0,0.0,0.0,0.0,0.0,0.0,0.0,0.0
mp-7928,0.0,0.07093275924185696,0.22464930710606007,0.539228741469651,0.8400171976847223,0.9897167977095607,1.0,0.8059907911715775,0.6418821320326255,0.31341134208472815,0.11787242076623773,0.0,0.0,0.0004907092261878466,0.26263085576525447,0.5348020802205953,0.6302077430034622,0.4160561460535041,0.142008711895369,0.0889618430135831,0.0,0.0,0.0,0.0,0.0,0.0,0.0,0.0,0.0,0.0,0.0,0.0,0.0,0.0,0.0,0.0,0.0,0.0,0.0,0.0,0.0,0.0,0.0,0.0,0.0,0.0,0.0,0.0,0.0,0.0,0.0
mp-7936,0.0032182741818805012,0.0017986996131707628,0.01972906810308221,0.056513293266514504,0.09820814744251932,0.12978174865785014,0.17801486328632515,0.27901857816479925,0.4153113633709841,0.41012968893434537,0.2481282415471896,0.14214233775137047,0.2114966558312135,0.4553155137213045,0.6678506635844512,0.6905495402266453,0.6993068033271925,0.9107283885481685,1.0,0.6796165171041006,0.16923864395094704,0.0,0.0010214667087752283,0.0,0.00017392259200269247,0.0,4.5988536270000616e-05,0.00016421050668547645,0.0,0.0,0.0,0.0,0.0,0.0,0.0,0.0,0.0,0.0,0.0,0.0,0.0,0.0,0.0,0.0,0.0,0.0,0.0,0.0,0.0,0.0,0.0
mp-7938,0.0,0.01566367397332534,0.03839122366960461,0.08714626212245782,0.25547032182269946,0.4340596146624965,0.8405789701715769,0.9988536999153129,1.0,0.7185516667101142,0.40387150710480096,0.05107771884817231,0.0,0.18135975889568234,0.6358802430480395,0.9177018433700951,0.9764713231994043,0.9118719238485633,0.7360044122090508,0.32753409269163447,0.19979296319833967,0.0,0.0,0.0,0.004925720858908261,0.0,0.0,0.0,0.0,0.0,0.0,0.0,0.0,0.0,0.0,0.0,0.0,0.0,0.0,0.0,0.0,0.0,0.0,0.0,0.0,0.0,0.0,0.0,0.0,0.0,0.0
mp-7940,0.0,0.021271611774017707,0.09357537426836735,0.19897647609413854,0.5196102159759783,0.8655154874549077,1.0,0.9543021206632737,0.9509459737236364,0.9911027981372365,0.6635744101383375,0.21367056676516297,0.5066681245984529,0.8602780239853701,0.7255696347372192,0.09757422283271963,0.015696396718079566,0.0,0.0,0.0,0.0,0.0,0.0,0.0,0.0,0.0,0.0,0.0,0.0,0.0,0.0,0.0,0.0,0.0,0.0,0.0,0.0,0.0,0.0,0.0,0.0,0.0,0.0,0.0,0.0,0.0,0.0,0.0,0.0,0.0,0.0
mp-7955,0.011776871059028669,0.015011493515059801,0.16343786293431803,0.6079466177199855,1.0,0.9806264935953175,0.5163212132902659,0.10424910076179777,0.0,0.18894879114826038,0.49410747294600993,0.6446641448150048,0.733180492031018,0.6455326037252607,0.5835944799403238,0.4625711576389548,0.3069498367048412,0.1580148191325662,0.08766639962276303,0.4972213743439308,0.8120134584336082,0.6765282173941013,0.3572293011160678,0.042235363189361025,0.0,0.0,0.0,0.0,2.2200760222274805e-55,0.0,0.0,0.0,0.0,0.0,0.0,0.0,0.0,0.0,0.0,0.0,0.0,0.0,0.0,0.0,0.0,0.0,0.0,0.0,0.0,0.0,0.0
mp-7958,0.07636407234784236,0.0,0.10320932331506709,0.4263650255110981,0.7246874927235532,0.8355473161658636,0.8536032434960582,0.8080093730518797,0.6815361692334077,0.3802340742933548,0.2966899311601826,0.47106803239825973,0.6192741601442839,1.0,0.939136030450757,0.6491189858648232,0.142190957252544,0.10048990161723552,0.0970064199464636,0.08436290515059763,0.0182062622557131,0.1418291906219463,0.31337711167358434,0.33295002373901555,0.17179916819529167,0.0,0.0,0.00032480486252261034,0.0036459225861627297,0.0,0.0,0.0,0.0,0.0,0.0,0.0,0.0,0.0,0.0,0.0,0.0,0.0,0.0,0.0,0.0,0.0,0.0,0.0,0.0,0.0,0.0
mp-7979,0.051266720585285364,0.030313613665947346,0.23956224659656258,0.617638006065835,0.9780692329481521,1.0,0.6219262872771965,0.23567010162197097,0.0,0.04416663419262368,0.4111893726681412,0.7066490450956067,0.6157579871842617,0.4387329427552072,0.344683738838817,0.26362332784550097,0.07715271060368442,0.0,0.0,0.0,0.0,0.0,0.0,0.0,0.0,0.06847049128560755,0.28297653050731175,0.38114880270879825,0.451093872168283,0.3208196350819474,0.27871333442016016,0.12557519241144435,0.031973953255226326,0.0,0.0,0.0,8.171629495638745e-29,1.2052863930821693e-28,0.0,0.0,0.0,0.0,0.0,0.0,0.0,0.0,0.0,0.0,0.0,0.0,0.0
mp-7988,0.0,0.5598595904355819,0.8735876327571116,1.0,0.7551950676692845,0.2718356486912462,0.20529587968893306,0.1889731560153068,0.3093741238166764,0.23456867349668337,0.09647570121469773,0.14058469732042778,0.1670870507874041,0.21629091171863454,0.18184258287777907,0.08407788821273433,0.004082508690775648,0.0,0.0,0.00039608396841235756,0.0,0.0,0.0,0.0,0.0,0.0,0.0,0.0,0.0,0.0,0.0,0.0,0.0,0.0,0.0,0.0,0.0,0.0,0.0,0.0,0.0,0.0,0.0,0.0,0.0,0.0,0.0,0.0,0.0,0.0,0.0
mp-8016,0.033677847746712807,0.0,0.3751491236861909,0.7960947996722303,0.9154468492280015,0.5355704057539432,0.2547177903462952,0.25858107174208317,0.4695417075323526,1.0,0.932790476860916,0.5737331012558858,0.0,0.0,0.0,0.0382599997617282,0.36046616572030193,0.6996474392490258,0.7013717742211037,0.2810776118058081,0.016055243786649815,0.0,0.0064749958983822435,0.0,0.0,0.0,0.0,0.0,0.0,0.0,0.0,0.0,0.0,0.0,0.0,0.0,0.0,0.0,0.0,0.0,0.0,0.0,0.0,0.0,0.0,0.0,0.0,0.0,0.0,0.0,0.0
mp-8017,0.026421534098729348,0.0507997983001116,0.6303490002655335,1.0,0.751429845277466,0.4355386381418396,0.294898792019608,0.6474393668303591,0.8877780341790676,0.7019589531473363,0.3755524346428213,0.0,0.0,0.06998832087884876,0.4120694252516186,0.720644094665686,0.5994202483763218,0.20228503986775517,0.0,0.0,0.0,0.0,0.0,0.0,0.0,0.0,0.0,0.0,0.0,0.0,0.0,0.0,0.0,0.0,0.0,0.0,0.0,0.0,0.0,0.0,0.0,0.0,0.0,0.0,0.0,0.0,0.0,0.0,0.0,0.0,0.0
mp-8039,0.018845092583370374,0.03667417837809267,0.08431144701930163,0.14688744802781856,0.21797183760467076,0.35776560610794234,0.6214164348081567,0.7583768766271297,0.7293842992744389,0.5987382875312678,0.6241749514521622,0.7336200848406114,0.7189879852411366,0.6746195783780996,0.7346233835306646,0.9259230949826227,1.0,0.7385605103263393,0.39342369574402447,0.18646345889018223,0.20504300958023394,0.23871177082126147,0.28387765286456335,0.35890731103212237,0.3229981937907705,0.3189662337645303,0.3286362447101058,0.4963923666664917,0.5429275593963483,0.49620695018873734,0.38046767445864976,0.5026540255220285,0.5250465683467148,0.3576688895120388,0.13512537854283813,0.15022053016615183,0.3824693506989258,0.3926306711091899,0.2594151612193751,0.10539550135535354,0.04162600606580393,0.0006519885521962535,0.0,0.0,0.0,0.0,0.0,0.0,0.0,0.0,0.0
mp-804,0.0,0.0042895229550077504,0.014437948712579737,0.034362571793634236,0.06677511651374368,0.11825777021952544,0.30632987741289264,0.5872836068244536,0.7876184952203152,0.7667327096682052,0.615377767599517,0.45178618138527793,0.2648684712799643,0.195960804611923,0.3941776944796893,0.5452057390762671,0.39566268679845623,0.090992016202577,0.0,0.0,0.0,0.0,0.0,0.0,0.0,0.0,0.0,0.3726155703537878,0.8330242048679656,1.0,0.8374439189533164,0.45201436523558397,0.4290612604345865,0.5892642520261273,0.6743654933921176,0.4307748880261827,0.056834356262946716,0.0,0.0,0.0,0.0,0.0,6.400020853520743e-66,0.0,0.0,0.0,0.0,0.0,0.0,0.0,0.0
mp-8098,0.04892651626372267,0.0,0.06789364680124466,0.33859614247142,0.5622041500696644,0.6486747049243358,0.6619262539856091,0.8069486472120654,0.896607941261337,0.8016071942475425,0.5581404998466856,0.5456567239687985,0.6086083418694167,0.8118735965435979,0.8029430897996016,0.4447603726276075,0.28129104671573046,0.3378795034091603,0.7993806786003047,1.0,0.8478509703498398,0.5309288414377871,0.4523059925111092,0.5045739508539162,0.7039987734004237,0.5777559234886156,0.6790493941036614,0.7233132793604473,0.7541740570954905,0.4010355403465369,0.2029756198524285,0.41623559594772963,0.5775687627441969,0.4272870162846639,0.03146796779608387,0.0,0.0,0.0,9.172692572876308e-39,3.7939127480572565e-39,0.0,0.0,0.0,0.0,0.0,0.0,0.0,0.0,0.0,0.0,0.0
mp-8127,0.0,0.015706319745317002,0.0639218399067991,0.15307640398024572,0.5301005885161651,0.6774492851883873,0.7460011487305878,0.6901709705490187,0.868993584980399,1.0,0.924764412464184,0.8533550568698459,0.6726378026168948,0.3669850333599179,0.3300276870881196,0.3428148592773732,0.43518881849170665,0.3147240753872544,0.15801039883681448,0.060031218169741635,0.033401626309283984,0.007488304304821182,0.0,0.0,0.0,0.0,0.0,0.0,0.0,0.0,0.0,0.0,0.30147421295195936,0.7148863286274912,0.7184776024982653,0.31224865705367005,0.0,0.0,0.0,0.0,0.0,0.2104991759041579,0.3726164448349478,0.32982313310855504,0.08220831833998588,0.0,0.0,0.0,0.0,0.0,0.0
mp-8147,0.0,0.268876249626112,0.5391241009184019,0.7330515985249471,0.9100205223979857,0.9412054035627828,1.0,0.8642020612585278,0.5568641557866911,0.2561696445302137,0.12711644742795933,0.1593207941725765,0.08621624187306952,0.14188830945202188,0.1851846618397795,0.1629710229462824,0.0,0.0,0.0,0.0,0.0,0.0,0.0,0.0,0.0,0.0,0.0,0.0,0.0,0.0,0.0,0.0,0.0,0.0,0.0,0.0,0.0,0.0,0.0,0.0,0.0,0.0,0.0,0.0,0.0,0.0,0.0,0.0,0.0,0.0,0.0
mp-8161,0.0,0.022764841722881218,0.051772468623590535,0.1522076617853824,0.3846559942807302,0.5737108196753662,0.6537624474525826,0.5408617040476825,0.43274833995279305,0.4159891177582175,0.5527055908740957,0.832801886732941,1.0,0.847887896220269,0.5717029295109151,0.3434430960870694,0.1908631416725942,0.09298162608853822,0.0,0.0,0.12014977192726092,0.20818020682811939,0.154250909245867,0.16988536244089755,0.32834649514311476,0.5079394974597644,0.42060856598180596,0.23761396707260157,0.050698045760234935,0.0,0.0,0.0,0.0,9.352327139462303e-15,3.026564702112034e-16,0.0,0.0,0.0,0.0,0.0,0.0,0.0,0.0,0.0,0.0,0.0,0.0,0.0,0.0,0.0,0.0
mp-8175,0.13386278746528155,0.0,0.24355020256222787,0.5861083325458886,0.8591364629095266,1.0,0.8076183105992846,0.9459992183007966,0.7917382864568043,0.542607221001105,0.214698114898584,0.1361162260716114,0.32589149786386085,0.6322311910176289,0.7234196813462159,0.755358917298843,0.556985130025485,0.39059967529872913,0.45179780578636664,0.5172053798527024,0.6589185191523348,0.49152433048876254,0.2697944281724973,0.0,0.0,0.05550281518198313,0.0,0.0,0.0,0.0,0.0,0.0,0.0,0.0,0.0,0.0,0.0,0.0,0.0,0.0,0.0,0.0,0.0,0.0,0.0,0.0,0.0,0.0,0.0,0.0,0.0
mp-8177,0.0,0.1650311770728742,0.6933056668361074,0.9595307447131943,1.0,0.9339133176889288,0.978934767437622,0.803900999649992,0.48295506996584747,0.45496983201231095,0.3688553500122623,0.3702578523388883,0.559803712648013,0.7267002092540836,0.7485891552533757,0.5478087669683194,0.5667070421607331,0.5434418234693907,0.3918737401747224,0.11436059973906013,0.0,0.0,0.023548901364716577,0.0,0.0,0.0,0.0,0.0,0.0,0.0,0.0,0.0,0.0,0.0,0.0,0.0,0.0,0.0,0.0,0.0,0.0,0.0,0.0,0.0,0.0,0.0,0.0,0.0,0.0,0.0,0.0
mp-8180,0.0,0.010820954443979744,0.03345189432354483,0.07561888785746346,0.15582583196294006,0.3984381580925358,0.6308237352201346,0.8190814162588229,0.9942952664999726,1.0,0.9771962350769537,0.860370431140369,0.6383679080842727,0.7234174587471963,0.6717589054023675,0.5892919318577673,0.40736005605367287,0.10767121139361972,0.17060869938100612,0.1514760796626502,0.1139456029073372,0.057497515948881826,0.00982103369710991,0.0,0.0,0.0,0.0,0.0,0.0,0.0,0.0,0.0,0.0,0.0,0.0,0.7027710259372827,0.944329926416692,0.687544676782538,0.0,0.0886278140428508,0.4028055132617856,0.4659855358195571,0.2799934833205473,0.0,0.0,0.0,0.0,0.0,0.0,0.0,0.0
mp-8187,0.0,0.14115477956635109,0.43954780029016327,0.6209895153045676,0.8399185094378572,0.9096960434079664,1.0,0.9350217308680357,0.9203323268046875,0.8934656410570188,0.6914878471736914,0.6049517118261368,0.546324746720345,0.42977050630641156,0.11236372019034077,0.027538831760108733,0.2633409495725329,0.42028579423983925,0.4854834926626216,0.298046404782989,0.2880874542235362,0.2686831022856336,0.3635817370880446,0.4361055700535736,0.33570662256736866,0.18106347395394604,0.0,0.0,0.0024363381583649263,0.0017629677945777875,0.0,0.0,0.0,0.0,0.0,0.0,0.0,0.0,0.0,0.0,0.0,0.0,0.0,0.0,0.0,0.0,0.0,0.0,0.0,0.0,0.0
mp-8188,0.0,0.0060181646030499445,0.018872670452686844,0.03975245088494332,0.07987427390057027,0.32680136930806164,0.6470270891605658,0.9638002509850074,1.0,0.7449161976593527,0.6970872513902968,0.6613488484229119,0.535473318034508,0.3117059569453167,0.3638501892271226,0.6219214419907212,0.8087318425296065,0.9608628253450432,0.8185651984641802,0.6535916954531767,0.6207138510286482,0.6442345949433521,0.5435892321131219,0.2618588535588326,0.10731510252723292,0.15915111007193963,0.2954947257842713,0.3697977233741674,0.31353878574669625,0.17550752308192638,0.0638131832550069,0.0035804586585874132,0.0,0.0,0.0,2.1518186309827767e-19,0.0,0.0,0.0,0.0,0.0,0.0,0.0,0.0,0.0,0.0,0.0,0.0,0.0,0.0,0.0
mp-8200,0.1928667614872952,0.0,0.47352587539076957,1.0,0.8756973795101132,0.6046551842909176,0.3485248569943529,0.4692929564559,0.3884114130201309,0.3569503049787136,0.2325205170122224,0.20401159540443953,0.3097213822362235,0.7590467000894255,0.6862371323469468,0.35556005227193016,0.0,0.0,0.0,0.06436268847742878,0.5050767460983779,0.8183627793966823,0.8133826630337639,0.4778269571535008,0.07636234178902601,0.0011350454902632266,0.0,0.020995994264455645,0.0,0.0,0.0,0.0,0.0,0.0,0.0,0.0,0.0,0.0,0.0,0.0,0.0,0.0,0.0,0.0,0.0,0.0,0.0,0.0,0.0,0.0,0.0
mp-8208,0.004992189804607326,0.01636028820258672,0.08615296220247941,0.16156175090910863,0.32400786706101303,0.5368898240448788,0.7216201971539317,1.0,0.9799462042677715,0.9166287071077438,0.7744279341928678,0.680789283983648,0.6040229574784779,0.36304160815627345,0.27287818536681147,0.19334664170450755,0.3295806045212099,0.38716886491163577,0.3514505093222782,0.3694292396524863,0.43183970207337613,0.5024857490421699,0.5866396150412444,0.6191902166483952,0.4663638207610526,0.4018496810448371,0.552802700503513,0.7007034801249314,0.7319143955819021,0.5281489186526931,0.6798711707390435,0.7990072157070853,0.6607182607422961,0.4756601420539179,0.38270386616001667,0.489388816191757,0.5737673151641421,0.46484021578717694,0.2353659521265738,0.0,0.0,0.0,0.0,0.0,0.0,0.0,0.0,0.0,0.0,0.0,0.0
mp-8212,0.0,0.04114730192405236,0.07269100225803343,0.19676384332294697,0.44932569837005365,0.7956358296801745,1.0,0.9219151408059852,0.7993377378274257,0.7209707947143932,0.6564503671274332,0.5492193104147091,0.2658937293030161,0.07903977952465098,0.019352657418310385,0.13571632747647394,0.2750593895480368,0.3563653318258125,0.3048064290607318,0.280925377328734,0.29426564840083874,0.35439445013836135,0.44306832320464723,0.4764646604750212,0.5245463511082359,0.5863703963429648,0.5492659577127363,0.5730591618246831,0.5212247947088527,0.4797599075078717,0.3552525153488067,0.5164966502746113,0.7801604716617638,0.8502241950376147,0.6541913703623873,0.33675650582458666,0.14709312913397932,0.0,0.0,0.0,0.0,0.0,8.169351075829918e-70,1.7780451559401298e-70,0.0,0.0,0.0,0.0,0.0,0.0,0.0
mp-8217,0.11267481186989563,0.0562152211524392,0.6104882484089742,1.0,0.814576589067801,0.3276861771080377,0.0,0.0,0.0,0.2241043245663692,0.3167991341996751,0.24256213185888345,0.0013877031332977792,0.0,0.1691946152722015,0.42504121417588214,0.5323465746864124,0.307483821969688,0.09773259564186684,0.0,0.0,0.01599909896863264,0.16590347587039764,0.20749161843816327,0.13779188635655726,0.0,0.0,0.14501119044426594,0.3609984862907878,0.3806842705646329,0.17779506042370183,0.0,0.0,0.0,0.0,5.054934971789515e-20,0.0,0.0,0.0,0.0,0.0,0.0,0.0,0.0,0.0,0.0,0.0,0.0,0.0,0.0,0.0
mp-8224,0.0,0.18973594892549442,0.5675430163642796,0.7957578180492891,0.6558621611714784,0.43961654671684297,0.5855852811540132,0.569482581142183,0.48774623353893365,0.6224934039518459,1.0,0.776292059118451,0.41030343943089687,0.33038689962309664,0.4578027806667367,0.3248506559168001,0.08452056688100786,0.0,0.0,0.0,0.0,0.0,0.003885715477593038,0.2173330037596434,0.35154590357776927,0.18259058849386173,0.2286099965787237,0.39091344043513215,0.31742064209225773,0.3485506974545152,0.2678938069677656,0.33896526894701084,0.11337374049355405,0.0,0.02196690092056742,0.0,0.0,0.0,0.0,0.0,0.0,0.0,0.0,0.0,0.0,0.0,0.0,0.0,0.0,0.0,0.0
mp-8235,0.08496422027746549,0.0,0.177187965833734,0.5746099632996852,0.9144507153173942,1.0,0.9663978225211965,0.8783458857480708,0.6004033590896165,0.4286185077862142,0.27061326906693234,0.25423808329288616,0.1117535147744168,0.030933751774026103,0.04774815599166157,0.05106331923892354,0.10960451002981483,0.13849127191441726,0.3194742005033416,0.3254972957868381,0.2239608626294161,0.08455839822489507,0.1261046731063172,0.38214987794719657,0.3993458548606167,0.2060263768421257,0.0,0.0,0.0020660312642356653,0.0013738494834980878,0.0,0.0,0.0,0.0,0.0,0.0,0.0,0.0,0.0,0.0,0.0,0.0,0.0,0.0,0.0,0.0,0.0,0.0,0.0,0.0,0.0
mp-8255,0.00075807348048754,0.14337836918691552,0.5107286002246235,0.8216107409395325,0.7869934155375212,0.5115353426312939,0.170339502808447,0.21472496013550263,0.5206646402378998,0.5780596261942613,0.7281704826717573,0.7948562374211925,1.0,0.780875405863764,0.6982447841958401,0.5543128019820015,0.34637675410082436,0.031897895196382246,0.0,0.0,0.0,0.0,0.0,0.0,0.0,0.0,0.0,0.07992898047849291,0.6052362673425175,0.8602615412423787,0.9233290163857966,0.4947795154393052,0.19977907109999532,0.0,0.0,0.0,0.0,3.025792871692726e-34,4.4608220900682215e-34,0.0,0.0,0.0,0.0,0.0,0.0,0.0,0.0,0.0,0.0,0.0,0.0
mp-567290,0.035749489680080584,0.02694290331446134,0.29919619206686937,0.60767581220146,0.7913108230659763,0.7588210110638139,0.6313102219725836,0.5939903794261611,0.6677376019258977,0.526214767505993,0.22528521990832737,0.0,0.06702936978423499,0.19590795038503128,0.536205095786991,0.9579469127605214,1.0,0.5851629087474822,0.11796555598371848,0.0,0.0011227171990999703,0.027634953559775768,0.04929587948494841,0.14315498949099503,0.46394084854837225,0.5795026642875367,0.3993787580200021,0.06750216072903037,0.0,0.0,0.0,1.556697563466374e-07,0.0,0.0,0.0,0.0,0.0,0.0,0.0,0.0,0.0,0.0,0.0,0.0,0.0,0.0,0.0,0.0,0.0,0.0,0.0
mp-567373,0.05099610536542052,0.0,0.08350526669186809,0.3590786717395172,0.5786165934584906,0.6614651231061356,0.6142608247253953,0.7333735126638564,1.0,0.7828461454687019,0.5710265566142672,0.5260060723822197,0.7112763242283885,0.8240190508559745,0.7441724119257428,0.5205880914559893,0.30763480074297284,0.2436850093433819,0.21378302334499547,0.06503477056976663,0.0,0.0,0.0,0.0,0.0,0.0,0.0,0.0,0.0,0.17025291017129487,0.3619669033867904,0.6136784627815284,0.4667350895646584,0.2222983230997074,0.0,0.0,0.0,0.0,0.0,0.0,0.0,0.0,0.0,0.0,0.0,0.0,0.0,0.0,0.0,0.0,0.0
mp-567558,0.0,0.3877539658100783,0.8168414825968778,1.0,0.6774238084226515,0.4112118919936054,0.147761968515327,0.1546077407735544,0.11637099529998676,0.09469142354272546,0.2730058851905678,0.2833080177220011,0.16045488071297312,0.0,0.0,0.0,0.0,0.0,0.0,0.0,0.0,0.0,0.0,0.0,0.0,0.0,0.0,0.0,0.0,0.0,0.0,0.0,0.0,0.0,0.0,0.0,0.0,0.0,0.0,0.0,0.0,0.0,0.0,0.0,0.0,0.0,0.0,0.0,0.0,0.0,0.0
mp-567652,0.0,0.2869252853750562,0.7247060490944276,1.0,0.7700287896687824,0.713578164322633,0.602039697661804,0.35868532743551274,0.0,0.0923426456979475,0.34880074183826304,0.4097363195804115,0.32400308387222787,0.28487695527422013,0.27378422445142764,0.14362598086320766,0.021666809763842984,0.0,0.028243980215956834,0.0,0.0,0.0,0.0,0.0,0.0,0.0,0.0,0.0,0.0,0.0,0.0,0.0,0.0,0.0,0.0,0.0,0.0,0.0,0.0,0.0,0.0,0.0,0.0,0.0,0.0,0.0,0.0,0.0,0.0,0.0,0.0
mp-567666,0.0,0.3274456146404413,0.8021144739692797,1.0,0.8537234502673733,0.49744137773149133,0.36000130618326903,0.15285182028372524,0.054404488674526526,0.0,0.022773856018865096,0.08572625752450092,0.12682912573496455,0.1210363409236422,0.10368732193289794,0.11688056332960217,0.10845455678640227,0.08555688355907144,0.052599712894535626,0.039846997174768896,0.04798368332267556,0.05559685325436577,0.03820563912967364,0.00891788617002447,0.0,0.005960145944718423,0.0019711387694735273,0.0,0.0,0.0,0.0,0.0,0.0,0.0,0.0,0.0,0.0,0.0,0.0,0.0,0.0,0.0,0.0,0.0,0.0,0.0,0.0,0.0,0.0,0.0,0.0
mp-567680,0.0,0.18856214892811335,0.5109685288313609,0.6760318025107944,0.8512576852933285,1.0,0.8555105861955338,0.6457008483632156,0.5721885514679484,0.7380547249105406,0.5901885200253577,0.23214977165510334,0.029175618009937482,0.0,0.0,0.0,0.0,0.0,0.0,0.0,0.0,0.0,0.0,0.0,0.0,0.0,0.0,0.0,0.0,0.0,0.0,0.0,0.0,0.0,0.0,0.0,0.0,0.0,0.0,0.0,0.0,0.0,0.0,0.0,0.0,0.0,0.0,0.0,0.0,0.0,0.0
mp-567776,0.0,0.5626233052497609,0.9537459293127494,1.0,0.716297562860237,0.44851122064483523,0.4281020556197713,0.29430654261006717,0.1853439642633225,0.028177516554647924,0.0,0.07890157489298097,0.13484348811060912,0.15302743750190595,0.12719591929906376,0.24730716091507016,0.24297156702300526,0.13956069584740236,0.0,0.0,0.0,0.0,0.0,0.0,0.0,0.0,0.0,0.0,0.0,0.0,0.0,0.0,0.0,0.0,0.0,0.0,0.0,0.0,0.0,0.0,0.0,0.0,0.0,0.0,0.0,0.0,0.0,0.0,0.0,0.0,0.0
mp-567841,0.0,0.013576334615880372,0.004068658281198674,0.014530622382146809,0.1123699900846936,0.2844349316177249,0.4933917195998537,0.6454960608989859,0.6531082846716014,0.5655691918992033,0.4566059991970324,0.43656867582057146,0.38997028523952393,0.30565216502663684,0.3129208241274314,0.3309927716702576,0.3266551812014703,0.2182595559583067,0.24875993574901262,0.6246331272953002,0.9081718880465358,0.7680364767276155,0.5526304002129848,0.5088917137321852,0.7740095626215447,1.0,0.9063562803104667,0.7125721826159486,0.517282457884407,0.5305861263790209,0.3558250843043371,0.14619231118106538,0.0032298398687565654,0.0,0.0,0.0,0.0,1.2972536259738324e-33,0.0,0.0,0.0,0.0,0.0,0.0,0.0,0.0,0.0,0.0,0.0,0.0,0.0
mp-567913,0.0,0.5203300850808179,0.9531870489375142,1.0,0.7633710661347143,0.42340878140058724,0.21736447569595607,0.06441172121767669,0.0,0.2184681674755058,0.46837118292829877,0.5202474645021014,0.25465023530734043,0.0,0.0,0.0,0.0,0.0,0.0,0.0,0.0,0.0,0.0,0.0,0.0,0.0,0.0,0.0,0.0,0.0,0.0,0.0,0.0,0.0,0.0,0.0,0.0,0.0,0.0,0.0,0.0,0.0,0.0,0.0,0.0,0.0,0.0,0.0,0.0,0.0,0.0
mp-568032,0.0,0.3345660303996821,0.7874453699009393,0.9195359200717881,0.564932319602276,0.09037958497830965,0.14053090339082727,0.35078718486564486,0.6947193014744442,1.0,0.9058605862783204,0.5304316471189755,0.057641500526070207,0.0,0.0,0.0,0.0,0.0,0.0,0.0,0.0,0.0,0.0,0.0,0.0,0.0,0.0,0.0,0.0,0.0,0.0,0.0,0.0,0.0,0.0,0.0,0.0,0.0,0.0,0.0,0.0,0.0,0.0,0.0,0.0,0.0,0.0,0.0,0.0,0.0,0.0
mp-568052,0.0,0.15249765984948546,0.5681474363765407,0.8964572922110533,1.0,0.8355279673497318,0.7615097455458558,0.5589018653006866,0.4329458139823213,0.36611016144039144,0.2599078439183815,0.15780219053869082,0.12657372364295358,0.14098994146847413,0.08472507656786334,0.0,0.0,0.0,0.0,0.0,0.0,0.0,0.0,0.0,0.0,0.0,0.0,0.0,0.0,0.0,0.0,0.0,0.0,0.0,0.0,0.0,0.0,0.0,0.0,0.0,0.0,0.0,0.0,0.0,0.0,0.0,0.0,0.0,0.0,0.0,0.0
mp-568273,0.12004969011571757,0.0,0.5168785435141594,1.0,0.8760169921188278,0.3109908923431601,0.0,0.0,0.5264923084112761,0.7563856122238369,0.6142420395119941,0.1387369355472314,0.17203141599076344,0.20945990716311344,0.18454395534550222,0.11695433662406457,0.04748186480424553,0.0010037539031352851,0.0,0.0010211967174156484,0.001037755368465917,0.0,0.0,0.0,0.0,0.0,0.0,0.0,0.0,0.0,0.0,0.0,0.0,0.0,0.0,0.0,0.0,0.0,0.0,0.0,0.0,0.0,0.0,0.0,0.0,0.0,0.0,0.0,0.0,0.0,0.0
mp-568536,0.0,0.4715056378297323,0.8828892446472197,1.0,0.8988421551355664,0.5956723664142072,0.3608148381488523,0.06586886226108056,0.0,0.0,0.0,0.0,0.0,0.0,0.0,0.0,0.0,0.0,0.0,0.0,0.0,0.0,0.0,0.0,0.0,0.0,0.0,0.0,0.0,0.0,0.0,0.0,0.0,0.0,0.0,0.0,0.0,0.0,0.0,0.0,0.0,0.0,0.0,0.0,0.0,0.0,0.0,0.0,0.0,0.0,0.0
mp-568544,0.0,0.35298659121647435,0.7847495137235144,1.0,0.8207882338508554,0.6972494309682197,0.471322725344761,0.25290358950818653,0.09072241822212351,0.06517918422766242,0.16375521140922966,0.15406517824631202,0.14890763035217608,0.1534119023814207,0.12270814939893798,0.07196746108645535,0.0,0.0005467615213321596,0.0,0.0,0.0,0.0,0.0,0.0,0.0,0.0,0.0,0.0,0.0,0.0,0.0,0.0,0.0,0.0,0.0,0.0,0.0,0.0,0.0,0.0,0.0,0.0,0.0,0.0,0.0,0.0,0.0,0.0,0.0,0.0,0.0
mp-568661,0.0,0.22945192022053065,0.6996602189667771,0.9230306724266826,0.6030453975170342,0.16069066890073233,0.08265293668064434,0.31761414289878886,0.6888790230683111,1.0,0.8989177514110324,0.5259458838233367,0.019988847677380166,0.0,0.0,0.0,0.0,0.0,0.0,0.0,0.0,0.0,0.0,0.0,0.0,0.0,0.0,0.0,0.0,0.0,0.0,0.0,0.0,0.0,0.0,0.0,0.0,0.0,0.0,0.0,0.0,0.0,0.0,0.0,0.0,0.0,0.0,0.0,0.0,0.0,0.0
mp-568662,0.0,0.13083945298073482,0.3615862327850563,0.5019795198711567,0.49141774222218326,0.5826983507340224,0.8381092882012691,1.0,0.9165681225751646,0.591485076708591,0.21257660624295815,0.0,0.02790780712488088,0.0,0.0,0.0,0.0,0.0,0.0,0.0,0.0,0.0,0.0,0.0,0.0,0.0,0.0,0.0,0.0,0.0,0.0,0.0,0.0,0.0,0.0,0.0,0.0,0.0,0.0,0.0,0.0,0.0,0.0,0.0,0.0,0.0,0.0,0.0,0.0,0.0,0.0
mp-568968,0.0,0.46068592677108805,0.6332818685618521,0.8437416893311417,0.8237201909693883,1.0,0.9776743398430453,0.6315905528920353,0.37871813323841524,0.07595797429762459,0.256965518439604,0.3566681543048758,0.3128357671748728,0.03568001843620931,0.0,0.0,0.0,0.0,0.0,0.0,0.0,0.0,0.0,0.0,0.0,0.0,0.0,0.0,0.0,0.0,0.0,0.0,0.0,0.0,0.0,0.0,0.0,0.0,0.0,0.0,0.0,0.0,0.0,0.0,0.0,0.0,0.0,0.0,0.0,0.0,0.0
mp-569149,0.2920993450144203,0.801554479117446,1.0,0.821516683991289,0.48077835556839005,0.8307354345203015,0.6075539054584999,0.3665217536115513,0.0,0.0,0.0,0.13247811154000239,0.35493082591160463,0.5013630260646096,0.40961864579494855,0.16612033647662344,0.06570626287885728,0.0,0.0,0.0,0.0,0.0,0.0,0.0,0.0,0.0,0.0,0.0,0.0,0.0,0.0,0.0,0.0,0.0,0.0,0.0,0.0,0.0,0.0,0.0,0.0,0.0,0.0,0.0,0.0,0.0,0.0,0.0,0.0,0.0,0.0
mp-569346,0.0,0.2934934131098951,0.576986298222042,0.573814661209629,0.33864099533283587,0.08258834948661857,0.5322837696712842,0.9734202767467364,1.0,0.45054469510569983,0.0,0.0,0.0,0.0,0.0,0.0,0.0,0.0,0.0,0.0,0.0,0.0,0.0,0.0,0.0,0.0,0.0,0.0,0.0,0.0,0.0,0.0,0.0,0.0,0.0,0.0,0.0,0.0,0.0,0.0,0.0,0.0,0.0,0.0,0.0,0.0,0.0,0.0,0.0,0.0,0.0
mp-569548,0.0,0.7264017841365025,1.0,0.8989197833913671,0.45797931420005034,0.21891432723588963,0.11643993101942704,0.03333497396871566,0.12520163077885596,0.10636426450130967,0.16502334138460578,0.17761281135180454,0.13439507041755008,0.03253765888615509,0.0,0.0,0.0,0.0,0.0,0.0,0.0,0.0,0.0,0.0,0.0,0.0,0.0,0.0,0.0,0.0,0.0,0.0,0.0,0.0,0.0,0.0,0.0,0.0,0.0,0.0,0.0,0.0,0.0,0.0,0.0,0.0,0.0,0.0,0.0,0.0,0.0
mp-569812,0.0565094951526963,0.0,0.22497816706363774,0.4274583497529336,0.5060584616778843,0.5080901777619751,0.6829903342123061,0.9327557697802303,1.0,0.8606983820377136,0.6429924191268115,0.33422729487576974,0.11573763106870161,0.011659607341832962,0.0,0.0,0.0,0.0,0.0,0.0,0.0,0.0,0.0,0.0,0.0,0.0,0.0,0.0,0.0,0.0,0.19812749751315342,0.4581840407441566,0.45272803511511134,0.18176124414555936,0.0,0.0,0.0,0.0,0.0,0.0,0.0,0.0,0.0,0.0,0.0,0.0,0.0,0.0,0.0,0.0,0.0
mp-570256,0.0,1.0,0.8228020625628364,0.2701860970515278,0.20058419732847552,0.8775492293030664,0.9681905864290589,0.5387164125690043,0.0,0.0,0.0,0.0,0.0,0.0,0.0,0.0,0.0,0.0,0.0,0.0,0.0,0.0,0.0,0.0,0.0,0.0,0.0,0.0,0.0,0.0,0.0,0.0,0.0,0.0,0.0,0.0,0.0,0.0,0.0,0.0,0.0,0.0,0.0,0.0,0.0,0.0,0.0,0.0,0.0,0.0,0.0
mp-570354,0.029459708468079618,0.2969405873884007,0.7603818567714814,1.0,0.9632629893650878,0.7624971171001541,0.6706007839240455,0.5170220621289411,0.006009281268636094,0.0,0.0,0.0,0.0,0.0,0.0,0.0,0.0,0.0,0.0,0.0,0.0,0.0,0.0,0.0,0.0,0.0,0.0,0.0,0.0,0.0,0.0,0.0,0.0,0.0,0.0,0.0,0.0,0.0,0.0,0.0,0.0,0.0,0.0,0.0,0.0,0.0,0.0,0.0,0.0,0.0,0.0
mp-5707,0.0,0.3742522773478353,0.763181760247994,1.0,0.7817306577173931,0.3757047646075896,0.010631016415275175,0.023167011877736763,0.17665227324155638,0.2742169607723371,0.2018292263837014,0.08131461617378373,0.0,0.18171721170933722,0.27577419483294696,0.3706877470251754,0.21006624844667363,0.07698768017466955,0.06424569957491512,0.14906299646403298,0.23441030095167562,0.18249344834752865,0.10386845385468714,0.0002902020611286492,0.006258040950208975,0.0,0.01695241707521336,0.10505712051849407,0.13491428946971876,0.11474211892077618,0.14994352347105433,0.13766753722708988,0.09841641226490998,0.0,0.0,0.0,1.36491111124691e-29,4.815383287071932e-29,0.0,0.0,0.0,0.0,0.0,0.0,0.0,0.0,0.0,0.0,0.0,0.0,0.0
mp-570844,0.10905924322880886,0.0,0.08725290057133021,0.4427290876500313,0.7730268874882037,0.9430209947444057,0.9212140244379474,1.0,0.9280228177360351,0.6214450949341975,0.183499402759269,0.10814479496667477,0.29320968568445305,0.4842486829876157,0.5467319625076018,0.3747405775265803,0.20573699131374265,0.06569449039953307,0.0,0.0,0.0,0.0,0.0,0.0,0.0,0.0,0.0,0.0,0.0,0.0,0.0,0.0,0.0,0.0,0.0,0.0,0.0,0.0,0.0,0.0,0.0,0.0,0.0,0.0,0.0,0.0,0.0,0.0,0.0,0.0,0.0
mp-570891,0.09085546913671304,0.0,0.31337660805345574,0.7530880192571838,1.0,0.868818935191146,0.43135827587044495,0.14051633580628475,0.050990301990991596,0.0,0.0,0.0,0.0,0.0,0.0,0.0,0.0,0.0,0.0,0.0,0.0,0.0,0.0,0.0,0.0,0.0,0.0,0.0,0.0,0.0,0.0,0.0,0.0,0.0,0.0,0.0,0.0,0.0,0.0,0.0,0.0,0.0,0.0,0.0,0.0,0.0,0.0,0.0,0.0,0.0,0.0
mp-570935,0.0,0.6672985752187509,1.0,0.8790375110703458,0.3408713891858075,0.12216568823064851,0.0,0.0,0.0,0.0,0.0,0.0,0.5340561541450279,0.7904564149561737,0.7246914872112069,0.42123904277445634,0.35296601432993,0.2591073539435903,0.0,0.0,0.15883781420648826,0.0,0.0,0.0,0.0,0.0,0.0,0.0,0.0,0.0,0.0,0.0,0.0,0.0,0.0,0.0,0.0,0.0,0.0,0.0,0.0,0.0,0.0,0.0,0.0,0.0,0.0,0.0,0.0,0.0,0.0
mp-571093,0.1444517134425289,0.0,0.06549777114949212,0.5687163289554772,1.0,0.8340758580671507,0.36624410382323286,0.49366792948404864,0.7450157795558384,0.6988912076883237,0.32370745609360496,0.3722648744553137,0.270062800442022,0.13955658549017222,0.18022257007327766,0.18915985964649024,0.12754413710326798,0.2835416789415101,0.5488590960669414,0.5474217956052133,0.3196801727051175,0.0,0.0,0.0,0.0,0.0,0.0,0.0,0.0,0.0,0.0,0.0,0.0,0.0,0.0,0.0,0.0,0.0,0.0,0.0,0.0,0.0,0.0,0.31626797891330455,0.6735503887148196,0.640331250512313,0.20118167519773344,0.0055608823525522075,0.0,0.0,0.0
mp-571124,0.39762753747848983,0.7333981282953703,1.0,0.7709682040136218,0.2946630068681028,0.5690853788413276,0.5085748767686662,0.5668959720778426,0.3174663107708648,0.24238766426909317,0.21694605506882952,0.19298197905827918,0.1930503193743006,0.1298853814117065,0.20665052233635384,0.3638653027790027,0.33595372132965434,0.08658786922870682,0.0,0.0,0.0,0.0,0.0,0.0,0.0,0.0,0.0,0.0,0.0,0.0,0.0,0.0,0.0,0.0,0.0,0.0,0.0,0.0,0.0,0.0,0.0,0.0,0.0,0.0,0.0,0.0,0.0,0.0,0.0,0.0,0.0
mp-571166,0.10794560339794168,0.6228548983324887,1.0,0.8541442712429013,0.5853090016646862,0.602284410320841,0.5374363832582697,0.2555522627232742,0.5045902934162051,0.6385509233468454,0.7018071403884231,0.35790748047664256,0.17942622766811608,0.12546272755522533,0.0,0.0,0.0,0.0,0.0,0.0,0.0,0.0,0.0,0.0,0.0,0.0,0.0,0.0,0.0,0.0,0.0,0.0,0.0,0.0,0.0,0.0,0.0,0.0,0.0,0.0,0.0,0.0,0.0,0.0,0.0,0.0,0.0,0.0,0.0,0.0,0.0
mp-571222,0.016238178032088886,0.260759812801156,0.757119568773685,1.0,0.7063398411807368,0.23122198464633056,0.0,0.0,0.0,0.0,0.0,0.0,0.0,0.0,0.0,0.0,0.0,0.0,0.0,0.0,0.0,0.0,0.0,0.0,0.0,0.0,0.0,0.0,0.0,0.0,0.0,0.0,0.0,0.0,0.0,0.0,0.0,0.0,0.0,0.0,0.0,0.0,0.0,0.0,0.0,0.0,0.0,0.0,0.0,0.0,0.0
mp-571306,0.01727028226879198,0.0,0.026854751699970893,0.19741027422568955,0.5129741600844009,0.9458052944484088,0.9271632555965182,0.9808773538596874,0.9701167579827538,1.0,0.7859648286384828,0.3922638218891342,0.2569827469294238,0.290104872209344,0.4171353025123894,0.7687648988091332,0.8743786732027166,0.5952874099427732,0.22052987959292544,0.0,0.0,0.006187063680683102,0.0,0.0,0.0,0.0,0.0,0.0,0.0,0.0,0.0,0.0,0.0,0.0,0.0,0.0,0.0,0.0,0.0,0.0,0.0,0.0,0.0,0.0,0.0,0.0,0.0,0.0,0.0,0.0,0.0
mp-571386,0.05532663241198194,0.47660597657455966,0.9135480096341788,1.0,0.8407567422298076,0.6299722308141444,0.5378006795524095,0.3426212084926996,0.2801326009244924,0.44225373924002953,0.47220858718066827,0.33897285954326006,0.0,0.0,0.0,0.0,0.0,0.0,0.0,0.0,0.0,0.0,0.0,0.0,0.0,0.0,0.0,0.0,0.0,0.0,0.0,0.0,0.0,0.0,0.0,0.0,0.0,0.0,0.0,0.0,0.0,0.0,0.0,0.0,0.0,0.0,0.0,0.0,0.0,0.0,0.0
mp-571461,0.0,0.15718022799688144,0.4571058950708327,0.7104984114919302,0.8478028011987868,1.0,0.9387383137929565,0.5168761281148571,0.031675732010338,0.0,0.10354930886630546,0.09648056495817924,0.032650913782029584,0.0,0.0,0.06072074269616661,0.10485542274617723,0.09228768703100998,0.02339983430146735,0.0,0.007512483399432484,0.0,0.0,0.0,0.0,0.0,0.0,0.0,0.0,0.0,0.0,0.0,0.0,0.0,0.0,0.0,0.0,0.0,0.0,0.0,0.0,0.0,0.0,0.0,0.0,0.0,0.0,0.0,0.0,0.0,0.0
mp-571467,0.3741569595269631,0.7787344163622126,1.0,0.7973484336825378,0.3023282212429114,0.21024517129148498,0.06992161302618329,0.21678015593810288,0.2970957740666463,0.3296756853402071,0.3223812004759991,0.17089667332619563,0.010542988834091391,0.0,0.0,0.0,0.0,0.0,0.0,0.0,0.0,0.0,0.0,0.0,0.0,0.0,0.0,0.0,0.0,0.0,0.0,0.0,0.0,0.0,0.0,0.0,0.0,0.0,0.0,0.0,0.0,0.0,0.0,0.0,0.0,0.0,0.0,0.0,0.0,0.0,0.0
mp-573204,0.4751681057056287,0.7287722193420905,1.0,0.8943895602261707,0.6413266989149817,0.5383376371051165,0.37856985254219777,0.4502502666161456,0.5474558088566721,0.39861116926130513,0.2039549517785427,0.0,0.0,0.0,0.015264846281760353,0.2092494639434287,0.2868930680696149,0.3285228915031506,0.16983584730693732,0.28694368466598313,0.20934472341911226,0.08315065543015339,0.1353315494719041,0.12169358726538179,0.1156394170429281,0.0,0.0,0.0,0.0,0.0,0.0,0.0,0.0,0.0,0.0,0.0,0.0,0.0,0.0,0.0,0.0,0.0,0.0,0.0,0.0,0.0,0.0,0.0,0.0,0.0,0.0
mp-573658,0.0,0.4521177066623856,0.8787197400302442,1.0,0.621930323551595,0.22899201280119832,0.0005471521185959742,0.0,0.0,0.0,0.0,0.0,0.0,0.041682607176811555,0.10442172626952985,0.23884608792039905,0.21905104723462532,0.12177835073046846,0.0,0.0,0.0,0.0,0.0,0.0,0.0,0.0,0.0,0.0,0.0,0.0,0.0,0.0,0.0,0.0,0.0,0.0,0.0,0.0,0.0,0.0,0.0,0.0,0.0,0.0,0.0,0.0,0.0,0.0,0.06261877775758518,0.09642125646191221,0.07839763864923681
mp-573697,0.0,0.7755467432616607,1.0,0.8322385717435302,0.8775547649233034,0.9501536166000715,0.9135028203180884,0.25932768035112985,0.0,0.3890212593330644,0.0,0.0,0.0,0.0,0.0,0.0,0.0,0.0,0.0,0.0,0.0,0.0,0.0,0.0,0.0,0.0,0.0,0.0,0.0,0.0,0.0,0.0,0.0,0.0,0.0,0.0,0.0,0.0,0.0,0.0,0.0,0.0,0.0,0.0,0.0,0.0,0.0,0.0,0.0,0.0,0.0
mp-573721,0.0,0.449626041255283,0.8349307183163495,1.0,0.7034844934158742,0.4840112792683769,0.2910727257596785,0.1836795680063889,0.12012104299257496,0.09767867244978488,0.1652319672918492,0.11203572416854443,0.018250186350643273,0.0,0.0,0.11827563322040867,0.15719688557993083,0.15182674055752626,0.1868550279269782,0.276787221784721,0.2028514748860764,0.04133376378823906,0.0,0.00602283430813322,0.0031904622097733274,0.0,0.0,0.0,0.0,0.0,0.0,0.0,0.0,0.0,0.0,0.0,0.0,0.0,0.0,0.0,0.0,0.0,0.0,0.0,0.0,0.0,0.0,0.0,0.0,0.0,0.0
mp-573755,0.0,0.5671663824194003,1.0,0.9423647202138239,0.44130405187644556,0.06710243025582324,0.08220198787019274,0.15246929113234253,0.12796954132311933,0.16443248012757689,0.130246711895077,0.052508996970719986,0.0,0.0,0.0,0.0,0.0,0.0,0.0,0.0,0.0,0.0,0.0,0.0,0.0,0.0,0.0,0.0,0.0,0.0,0.0,0.0,0.0,0.0,0.0,0.0,0.0,0.0,0.0,0.0,0.0,0.0,0.0,0.0,0.0,0.0,0.0,0.0,0.0,0.0,0.0
mp-573763,0.0,0.639123162132675,0.9955986012881531,1.0,0.6001479353185599,0.2083040312805585,0.0,0.0,0.0,0.0,0.0,0.0,0.0,0.0,0.0,0.0,0.0,0.0,0.0,0.0,0.0,0.0,0.0,0.0,0.0,0.0,0.0,0.0,0.0,0.0,0.0,0.0,0.0,0.0,0.0,0.0,0.0,0.0,0.0,0.0,0.0,0.0,0.0,0.0,0.0,0.0,0.0,0.0,0.0,0.0,0.0
mp-574599,0.09521156726722546,0.6200044197984258,1.0,0.8852057920749818,0.5486060345109409,0.15121817816163152,0.08036168168584035,0.0,0.0,0.11977264163107011,0.27969862142589613,0.3573105336179685,0.2539968094854198,0.0,0.0,0.0,0.0,0.0,0.0,0.0,0.0,0.0,0.0,0.0,0.0,0.0,0.0,0.0,0.0,0.0,0.0,0.0,0.0,0.0,0.0,0.0,0.0,0.0,0.0,0.0,0.0,0.0,0.0,0.0,0.0,0.0,0.0,0.0,0.0,0.0,0.0
mp-5782,0.0,0.4383754828707176,0.9280969366936094,0.9339696781091072,0.4096941895820431,0.267470286629353,0.3672923256863719,0.37024894911745737,0.18966723092933127,0.42476661058442267,0.5539659728678279,0.858483435073749,0.7469288683742608,0.3849709855676974,0.1776559197462683,0.12807419973892326,0.2927950707185587,0.20966987603726353,0.10118175487986573,0.0,0.17300990005412442,0.7661152757648528,1.0,0.673194959781191,0.02790487183676509,0.0,0.0,0.0,0.0006679608827860608,0.0,0.0,0.0,0.0,0.0,0.0,0.0,0.0,0.0,0.0,0.0,0.0,0.0,0.0,0.0,0.0,0.0,0.0,0.0,0.0,0.0,0.0
mp-5795,0.0,0.004177657139810923,0.013061717750786997,0.03211849833722849,0.05710036455918622,0.17464239734684814,0.3810681763346167,0.6460947919552631,0.782783060690953,0.7534212894963633,0.6261459249701692,0.459587556279203,0.4516654486258785,0.6734547875763588,0.901407696030724,0.8266324121000783,0.6687436073683268,0.6345365871050828,0.6202852437745774,0.6386129018490544,0.5520838726434752,0.43574315886267817,0.6209778929611552,0.96268323816499,1.0,0.7825916127251219,0.3469572785195226,0.45241693994051835,0.32052050008796573,0.23803452019212612,0.14424436347882238,0.06438380650416697,0.013838444262975308,0.0,0.0,0.0,0.0,8.343700739609049e-24,0.0,0.0,0.0,0.0,0.0,0.0,0.0,0.0,0.0,0.0,0.0,0.0,0.0
mp-581024,0.0,0.6932644453845545,0.8261406719005768,0.7233161507000849,0.8869371573056937,1.0,0.8772667918946091,0.23858069808062388,0.0,0.0,0.0,0.0,0.0,0.0,0.0,0.0,0.0,0.0,0.0,0.0,0.0,0.0,0.0,0.0,0.0,0.0,0.0,0.0,0.0,0.0,0.0,0.0,0.0,0.0,0.0,0.0,0.0,0.0,0.0,0.0,0.0,0.0,0.0,0.0,0.0,0.0,0.0,0.0,0.0,0.0,0.0
mp-5858,0.0,0.2216048908800586,0.4673455691960622,0.668580692078549,0.6273989929128206,0.6923606869055797,0.659940841931584,0.5114216959346808,0.3162209029032838,0.04667700945333191,0.3656836256819457,0.7701032320399279,1.0,0.6671689027829736,0.4736949283807529,0.4512997693732864,0.4971723915679584,0.18628028120153556,0.0,0.0,0.0,0.0,0.0,0.0,0.0,0.0,0.016676018979363775,0.37650453384387794,0.7848490892223778,0.9453692002160807,0.5862896237626799,0.18501832082280223,0.0024272466899245737,0.0,0.0,0.0,6.386262806624299e-32,6.9010113926902835e-31,0.0,0.0,0.0,0.0,0.0,0.0,0.0,0.0,0.0,0.0,0.0,0.0,0.0
mp-5860,0.0,0.2550415313319926,0.5989226822849046,0.6115920669284509,0.5067674169941894,0.5884056843226538,0.8576355253754857,1.0,0.6667765534096104,0.5107519142957088,0.2588936294318627,0.3510315906342872,0.40526064959004526,0.3458922446226769,0.16002207755806772,0.08160114003450343,0.0,0.0,0.0,0.0,0.0,0.0,0.0,0.0,0.0,0.0,0.0,0.0,0.0,0.09265474641339161,0.34559117674946843,0.4197673740438889,0.2700601860608162,0.016880303140933035,0.013773147464570085,0.003205045847940022,0.0,0.0,0.0,0.0,1.0709015328701909e-54,2.713113932163044e-54,0.0,0.0,0.0,0.0,0.0,0.0,0.0,0.0,0.0
mp-5878,0.01647718021260048,0.0,0.06049500525424142,0.17475361404795658,0.5405795618577021,0.93790845483156,1.0,0.8047458673340747,0.5318697521323504,0.6412326586490592,0.5706108565277125,0.3907283326341429,0.3103642913600182,0.3027866201044252,0.2697345826766787,0.20192512932987797,0.07495011919912063,0.11318457050920605,0.12522398536951285,0.21477566610224008,0.20426440994212167,0.11670401641801563,0.0,0.05991182831483131,0.1831785450093132,0.1998818942436752,0.10914993206240745,0.0020298710509785295,0.0,0.0,7.300303480624026e-06,2.8276143734146534e-07,0.0,0.0,0.0,0.0,0.0,0.0,0.0,0.0,0.0,0.0,0.0,0.0,0.0,0.0,0.0,0.0,0.0,0.0,0.0
mp-588,0.0073952125594516456,0.006839699758233938,0.05513065863555563,0.16825153537956578,0.37002749470203783,0.5430085189636927,0.7172471796361902,0.8452809653728349,0.9867191670473197,0.9047542040203304,1.0,0.9289397119166529,0.8357811391344016,0.661706400724889,0.570853734076554,0.6624692606495894,0.5833372240608721,0.600040804835947,0.4755948213591912,0.47291358444928705,0.3621142360287905,0.2776572594642779,0.24723869401064155,0.2814028549075864,0.2967990530925595,0.4752401900341759,0.5149058753404689,0.3487080985857405,0.08074122229360485,0.0,0.31734847160135277,0.5055873906138364,0.41017276897139077,0.10704896492427317,0.0,0.0,0.0,5.585181610856696e-37,3.024093721553301e-36,0.0,0.0,0.0,0.0,0.0,0.0,0.0,0.0,0.0,0.0,0.0,0.0
mp-5928,0.0,0.04944221271504009,0.38532727511023424,0.6837931636274055,0.8134249587609571,0.6690536995650521,0.5907416207263425,0.5395371347471022,0.47872264036836293,0.37370420181488395,0.24181169128057953,0.5992572690239748,0.6014583538887268,0.5798123608656878,0.3972108392119697,0.3414809275613333,0.3966380276970078,0.3342891500332564,0.07077704236403186,0.00749709355126382,0.360359753707745,0.751064760101511,1.0,0.8086671381540133,0.38377990574901766,0.02809952361155623,0.0,0.0,0.003089924068962488,0.0,0.0,0.0,0.0,0.0,0.0,0.0,0.0,0.0,0.0,0.0,0.0,0.0,0.0,0.0,0.0,0.0,0.0,0.0,0.0,0.0,0.0
mp-5986,0.013783422134337519,0.022514831463366497,0.05432939757259791,0.0395066912404005,0.5514207663436833,1.0,0.9270322827041758,0.392813065618873,0.03593119391885254,0.44123227452639974,0.7324402913574785,0.7406976733752,0.6274292538397829,0.5722328478250934,0.5319558460751421,0.47264487968601204,0.515126414496989,0.6104735038081254,0.5972183348405541,0.4518600476847208,0.40480358752016904,0.4976238551548379,0.5403091638431715,0.4575839004170979,0.3289441877743191,0.31785429111099767,0.3341305566674511,0.2272646519104112,0.07833618632229035,0.0,0.0,0.0,0.0,0.03656814887407861,0.09378313735485141,0.15626210668867443,0.23924900443982602,0.23761478911639308,0.14259266329696085,0.020371792534934593,0.0,0.011943100701821871,0.0,0.0,0.0,0.0,0.0,0.0,0.0,0.0,0.0
mp-6058,0.061649871644305326,0.0159565159485322,0.5197942414649188,0.9609839423359313,1.0,0.7398049810106884,0.4478398133419976,0.39278841229300204,0.1049221072237188,0.19249987088973614,0.5989013175688565,0.6743550544978,0.399540181477008,0.28354502073740856,0.3396963929014078,0.2799905003667944,0.09721517362813747,0.0,0.0,0.0,0.14346647854404446,0.24810136149324524,0.19561705159817258,0.20951766102076116,0.20014726083302625,0.31086486005513025,0.23071032560616486,0.20396057003816345,0.1331779368057228,0.022167980370848092,0.014852243558555477,0.0,0.0,0.0,0.0,0.0,0.0,0.0,0.0,0.0,0.0,0.0,0.0,0.0,0.0,0.0,0.0,0.0,0.0,0.0,0.0
mp-6059,0.20115123258102865,0.7273595367705966,0.99202140554772,1.0,0.5333257165011733,0.35810702799211036,0.30107636175490654,0.4689963247567882,0.7374685458493554,0.6209314674285997,0.4043579838862655,0.25022275462565813,0.10949607821007679,0.0,0.0,0.0,0.0,0.0,0.026585513787942737,0.4140319382384548,0.5198423055968119,0.4039133203491635,0.07056817567075621,0.2105718899703042,0.1880524963619507,0.06713547917027136,0.0,0.0,0.0,0.0,0.0,0.0,0.0,0.0,0.0,0.0,0.0,0.0,0.0,0.0,0.0,0.0,0.0,0.0,0.0,0.0,0.0,0.0,0.0,0.0,0.0
mp-608555,0.0,0.518262192067063,1.0,0.8679949631325812,0.5678792720291694,0.0926976904691655,0.4125194008514317,0.6109767218703827,0.5244172894848044,0.2994552797091418,0.0,0.15241376617133123,0.13598981743575103,0.2103642987556612,0.29148081062496206,0.3748707997593714,0.2293039074205876,0.0,0.0,0.12546290863726117,0.0,0.0,0.0,0.0,0.0,0.0,0.0,0.0,0.0,0.0,0.0,0.0,0.0,0.0,0.0,0.0,0.0,0.0,0.0,0.0,0.0,0.0,0.0,0.0,0.0,0.0,0.0,0.0,0.0,0.0,0.0
mp-6088,0.07058709036944265,0.0,0.05894744076429089,0.534475561111451,0.96264752714307,1.0,0.5560412278011808,0.11212531563959074,0.13427383985240218,0.362954798840017,0.5350035026999037,0.4848140382202948,0.3013974638770312,0.31890426810467165,0.3175576024506373,0.31655327122806753,0.23299652720383374,0.24857369667353332,0.13260877031336787,0.11578462580334509,0.10051753260878436,0.09597813586141608,0.08681573655928683,0.08884928344843825,0.12661087727744,0.15966557242773785,0.15527440665059733,0.07807680999087045,0.019297563655684115,0.0,0.0,0.0,6.532499718079426e-13,7.490735204381064e-13,0.0,0.0,0.0,0.0,0.0,0.0,0.0,0.0,0.0,0.0,0.0,0.0,0.0,0.0,0.0,0.0,0.0
mp-614603,0.0,0.5604703305816277,1.0,0.9652877451905035,0.48639795077178233,0.0,0.0,0.0,0.0,0.0,0.0,0.0,0.0,0.0,0.0,0.0,0.0,0.0,0.0,0.0,0.0,0.0,0.0,0.0,0.0,0.0,0.0,0.0,0.0,0.0,0.0,0.0,0.0,0.0,0.0,0.0,0.0,0.0,0.0,0.0,0.0,0.0,0.0,0.0,0.0,0.0,0.0,0.0,0.0,0.0,0.0
mp-616378,0.4219054987704087,0.87412359277476,1.0,0.7340469904526656,0.4535428998293183,0.3885297812921598,0.42673822734901506,0.006017738329510418,0.0,0.0,0.0,0.0,0.0,0.0,0.0,0.0,0.0,0.0,0.0,0.0,0.0,0.0,0.0,0.0,0.0,0.0,0.0,0.0,0.0,0.0,0.0,0.0,0.0,0.0,0.0,0.0,0.0,0.0,0.0,0.0,0.0,0.0,0.0,0.0,0.0,0.0,0.0,0.0,0.0,0.0,0.0
mp-6204,0.14227741990607898,0.0,0.4807517805010559,0.7439083133277875,0.9415217925143354,0.925723893384103,0.8043019328906803,1.0,0.8035651464211769,0.6869571301392315,0.45796305945966165,0.4711455553541835,0.7478054230445335,0.48125207405451725,0.17206996334844069,0.04839085802793846,0.0,0.16540082999257857,0.29707389743521284,0.21561165515233194,0.16415400052843765,0.2467932203812286,0.34256639857281357,0.354490555103371,0.2505489274001009,0.20858148019787942,0.0,0.0,0.0,5.4531618453615885e-05,6.454738398995254e-05,0.0,0.0,0.0,0.0,0.0,0.0,0.0,0.0,0.0,0.0,0.0,0.0,0.0,0.0,0.0,0.0,0.0,0.0,0.0,0.0
mp-625136,0.0,0.19019149794161772,0.7498315276697984,1.0,0.641665672249033,0.5135177731027679,0.5201565054659805,0.5195593552013569,0.2046215510415453,0.10344268968668582,0.20337032739124308,0.31080933210415873,0.3171081140217221,0.15230875034124372,0.015849188745726783,0.0,0.0,0.0,0.0,0.0,0.0,0.0,0.0,0.0,0.0,0.0,0.0,0.0,0.0,0.0,0.0,0.0,0.0,0.0,0.0,0.0,0.0,0.0,0.005482212545763155,0.054706999261556,0.09166983726973005,0.09436743523633967,0.022549278822629158,0.13017248568896453,0.31808594382422,0.400176588646307,0.2727644932053489,0.10039403337994321,0.013810577700078628,0.05125843995442405,0.0684431532527777
mp-626724,0.0007573470760583198,0.03341790117530569,0.13201359628905296,0.3251055812006503,0.5814095232896646,0.8237385315194388,0.8041375566029131,0.6365526020856562,0.6274841203131505,0.7710492384941319,0.8171390019554756,0.8159172975421898,0.9245605896387786,0.9756647975531703,1.0,0.9524256898621716,0.8352415881330814,0.5868079145226565,0.4072262350023601,0.36329008024431897,0.23302475823385677,0.16043525480227153,0.15977902906309283,0.2839383932372113,0.43699942432345923,0.41189722021741176,0.30644210708656294,0.19544089879699875,0.2151884478300172,0.2256943706417287,0.18856412136670042,0.1582845150863716,0.10319233799399034,0.11582062393092672,0.28390611419992884,0.3032327558520625,0.18430430636815223,0.0,0.0,0.0,0.0,0.0,0.0,0.0,0.0,0.0,0.0,0.0,0.0,0.0,0.0
mp-626785,0.0,0.03173123046480551,0.06759144594674953,0.23262919371916652,0.6175702247656021,0.8679901662096802,0.9496159898060789,1.0,0.9848157671585406,0.7669742308587589,0.41140905606529804,0.10719334843173604,0.14752150141624584,0.3148932457401288,0.44283246086811084,0.37667104665724804,0.1170438632292098,0.002745723084193727,0.0,0.0,0.0,0.0,0.0,0.0,0.0,0.0,0.0,0.0,0.0,0.0,0.0,0.0,0.0,0.0,0.0,0.0,0.0,0.0,0.0,0.0,0.04617235173623486,0.09583028265753696,0.11320695387596068,0.04985832030552362,0.11114705989256687,0.20628970398104032,0.2673880025973145,0.24519402045697028,0.23751628242636486,0.28213602680952976,0.22989621597793294
mp-6270,0.05151889973974844,0.0,0.15215751602620403,0.5626232516260978,0.7655263973321449,0.9629437518010286,1.0,0.8535241111270622,0.6125111330977145,0.23422695395949597,0.18855280213641204,0.2492811886849649,0.590445004230676,0.7548518978157329,0.6152195088081897,0.32085916078209215,0.13450871126865716,0.2964085939904957,0.2813716598471274,0.22172728069688205,0.2359294014511865,0.39468463814239324,0.5741838340779277,0.43993934498334886,0.1827801124899797,0.0,0.0,0.0,0.11576161797887864,0.18410896580270655,0.4639028749352364,0.5438076506736981,0.4139975774818617,0.13967303014822288,0.0,0.1704576932781948,0.17512310588296107,0.03687870418128679,0.031799054443939594,0.17587054677138955,0.18681491577629242,0.09462169643590297,0.0,0.0,0.0,0.0,0.0,0.0,0.0,0.0,0.0
mp-632319,0.013384309261195215,0.33640089175385157,0.7979648860659764,1.0,0.7130399266165197,0.30622555507133337,0.0,0.0,0.0,0.0,0.0,0.0,0.0,0.0,0.0,0.0,0.0,0.0,0.01844297429607914,0.15607866340767312,0.3344601865584398,0.4354002032199635,0.42555059824414954,0.31196283524122287,0.25389156803705554,0.21635571049274824,0.18891825533043927,0.14480358184129266,0.08442272320547883,0.08460095501318754,0.08833436717270561,0.09238938409983324,0.10356383421752527,0.104520033091987,0.07026311271836178,0.024394591612553244,0.0,0.0,0.0,0.0,5.3378359989208485e-58,2.8832818621811495e-57,0.0,0.0,0.0,0.0,0.0,0.0,0.0,0.0,0.0
mp-634676,0.02773796663352555,0.04040578174691316,0.26407532889978164,0.5504119559912157,0.688331266122984,0.8465986544208637,1.0,0.8450522937373509,0.4325842723196597,0.031990354611113166,0.006631841870367771,0.0,0.0,0.05812340367333972,0.12138849677658713,0.16610812843393247,0.14201394453888772,0.12561471196500945,0.1468852913441097,0.2843154564173097,0.31704104317497234,0.19918073699283578,0.041237107351982626,0.0,0.0,0.0,0.0,0.0,0.0,0.0,0.0,0.0,0.0,0.0,0.0,0.0,0.0,0.0,0.0,0.0,0.0,0.0,0.0,0.0,0.0,0.0,0.0,0.0,0.0,0.0,0.0
mp-638729,0.0,0.6017358391005195,0.9458674840059446,1.0,0.6005098251715169,0.03847702134663391,0.4188774618481835,0.4641939778423331,0.4864741222365494,0.13237909260347133,0.0,0.0,0.13611425251752768,0.1637709025710292,0.27321896945388,0.29695820477044715,0.3190713689513083,0.13919579449246577,0.0,0.0,0.006608561489228362,0.0,0.0,0.0,0.0,0.0,0.0,0.0,0.0,0.0,0.0,0.0,0.0,0.0,0.0,0.0,0.0,0.0,0.0,0.0,0.0,0.0,0.0,0.0,0.0,0.0,0.0,0.0,0.0,0.0,0.0
mp-641923,0.0,0.7924050512263923,1.0,0.8541728546767059,0.6022879748707475,0.4517431965252829,0.3643840962035863,0.12538933395223661,0.14032167395019576,0.1918327016947071,0.2483082501580657,0.17972876952363576,0.05841149898248555,0.0,0.0,0.0,0.0,0.0,0.0,0.0,0.0,0.0,0.0,0.0,0.0,0.0,0.0,0.0,0.0,0.0,0.0,0.0,0.0,0.0,0.0,0.0,0.0,0.0,0.0,0.0,0.0,0.0,0.0,0.0,0.0,0.0,0.0,0.0,0.0,0.0,0.0
mp-642648,0.02415007767931392,0.05297476345921996,0.3837611967083882,0.6348190948116947,0.7727371617840971,0.8344894491573501,0.9024993939509596,1.0,0.7571024426006906,0.4306608078179759,0.0783012151720857,0.0,0.0,0.0,0.0,0.0,0.0,0.0,0.0,0.0,0.0,0.03680216558872956,0.23583002267052752,0.2833390635508291,0.17874455858273336,0.0,0.0,0.0,0.0,0.0,0.0,0.0,0.0,0.0,0.0,0.0,0.0,0.08478984689000892,0.25303503157343216,0.2692010882860495,0.1328999695037429,0.0,0.21853192896804158,0.28895726633322844,0.2072203151668344,0.0,0.0,0.0,0.0,0.0,0.4308865958137388
mp-642725,0.1579452536245596,0.0,0.09327923006019097,0.4098938185598344,0.5568946250955514,0.5107650672466209,0.5898963176843733,0.924211345197964,1.0,0.7278163195354239,0.5198333705535205,0.3525326238459106,0.2383318177803287,0.027047543976723366,0.0,0.3484728090260653,0.802130021889672,0.9580782106387882,0.6517409609444733,0.17554090970935407,0.12749181564561907,0.0,0.0,0.0,0.0,0.0,0.0,0.0,0.0,0.0,0.0,0.2786199116009388,0.4248390759531599,0.38820903519921357,0.34279639540840406,0.3608530313485274,0.255744009239438,0.0,0.0,0.0,0.0,0.0,0.0,0.0,0.0,0.0,0.0,0.0,0.0,0.0,0.0
mp-643243,0.0,0.3020989661828939,0.8184622939221359,1.0,0.644209066846024,0.11471665287237004,0.0,0.0,0.0,0.0,0.0,0.0,0.0,0.0,0.0,0.25603946029083113,0.4175711715823669,0.3563074243911993,0.07224847697099318,0.0,0.0,0.0,0.0,0.0,0.0,0.0,0.0,0.0,0.0,0.0,0.0,0.0,0.0,0.0,0.0,0.0,0.20299935396314386,0.42779246124781006,0.7171869570591821,0.4668071656441741,0.3698067818538494,0.32092046467573915,0.40122709926434497,0.19067922628941406,0.0,0.0,0.0,0.0,0.0,0.0,0.0
mp-643257,0.0,0.11045896176491242,0.280640642078904,0.5857917215525469,0.8612132076226032,0.9549084837314443,0.8218033531911435,0.40681978530295576,0.12796708467731377,4.393608643807246e-06,0.0,0.0,0.0,0.0,0.0,0.0,0.0,0.0,0.02736554021094104,0.299752648071079,0.5254397217745921,0.4420711171639881,0.1678954629990919,0.0,0.0,0.0,0.0,0.0,0.0,0.0,0.0,0.0,0.0,0.0,0.0,0.0,0.0,0.0,0.7480410960740749,1.0,0.7211080457825467,0.0,0.0,0.0,0.0,0.0,0.0,0.0,0.0,0.0,0.0
mp-643264,0.05865034609602171,0.0,0.04938993302273887,0.41423447410633696,0.6734626150134138,0.5781096549407019,0.3644574815517046,0.2733350841266891,0.4088119769289735,0.43514999300814816,0.479774678374305,0.609144433511336,0.6889993823103612,0.7159781882511782,0.5569453631036151,0.3607907739372873,0.20063921115307243,0.1560525700363263,0.0,0.041363205338914,0.047282938622234615,0.08274918591231163,0.1362739130093046,0.14213671533118716,0.06647579037446175,0.038566603139441095,0.1311656668838715,0.2579789385722542,0.284822771723011,0.24958293776967533,0.15222147064739433,0.07631830479078466,0.0,0.0,0.1490622583049967,0.43098265893433835,0.570811122375411,0.5077710190770502,0.31873456136440953,0.4327239106467299,0.8120237490554657,1.0,0.8016961847809652,0.42523860678209396,0.23181998946987326,0.5139312714496842,0.6765636647697859,0.5904688262507883,0.115007789309265,0.0,0.0
mp-643279,0.0,0.2555311777053321,0.400676604735153,0.44614540765843086,0.650254316983815,0.8462931068421448,0.9039731797420161,0.4773937626478413,0.07575428831139529,0.011292144837057217,0.0,0.0,0.0,0.0,0.0,0.0,0.243229959299901,0.5485082987189074,0.545637086981105,0.23461632409007954,0.0,0.0,0.0,0.0,0.0,0.0,0.0,0.0,0.0,0.0,0.0,0.0,0.0,0.0,0.0,0.0,0.0,0.0,0.3762216320229939,1.0,0.9947707787267147,0.4837132171731378,0.4881453202373958,0.5785166043169805,0.3649307866881562,0.0,0.0,0.0,0.0,0.0,0.0
mp-643370,0.10503085433113764,0.0,0.14316052183989242,0.5896938752632405,1.0,0.9912402105604471,0.5027072541046176,0.08794099706210137,0.11785620705736266,0.23583395898870682,0.06952051083789855,0.18771323703372406,0.4421835007831395,0.4430266534881758,0.18651845686481439,0.0,0.0,0.0,0.0,0.0,0.0,0.0,0.007167375495343677,0.021669138115023523,0.036525807002798116,0.0427060090299637,0.06600328358010726,0.17808020999285987,0.32429141589771937,0.5381226097760622,0.5379194897279818,0.40722448445264925,0.23561193323565022,0.32645587144451155,0.4832090960192357,0.5471846191120886,0.402239250095826,0.3170263536803365,0.27371473178643796,0.3235795105132738,0.32245582000518763,0.3646097015199833,0.39452392688484134,0.27383486975131677,0.1131581700288823,0.0,0.0,0.10425450199420808,0.3550718422879222,0.42174258659137176,0.2620531162588816
mp-644203,0.0,0.04442495415768601,0.7002433505109161,1.0,0.6345822911910898,0.09178558448738383,0.36393867198607005,0.48846220913628347,0.5789075817612537,0.5107595508078712,0.29912628108029826,0.02639468389593978,0.0,0.0,0.0,0.0,0.0,0.0,0.03489001208053325,0.14492543947195524,0.2708546950593264,0.3127074726773285,0.39506579597080566,0.5744155157491491,0.6197057743222047,0.5358542433934277,0.3697744278596556,0.3129946213842447,0.23814810775713863,0.12904346655024657,0.04722724658192847,0.013048977777998919,0.01556827395103491,0.13675828889394934,0.27563564819445713,0.2605426510132335,0.1203361324387773,0.0,0.0,0.0,0.0,0.0,0.0,0.0,0.0,0.0,0.0,0.0,0.0,0.0,0.0
mp-6450,0.0,0.08029001972116065,0.045267361153520556,0.12034685459249596,0.5675172568318355,0.9439221690287578,1.0,0.7649460772151473,0.650487399487995,0.518178808917562,0.44054746986976223,0.3158902248427889,0.20664605492942648,0.1502603930885765,0.29124049580361056,0.5860686568223065,0.7426461698564416,0.5984287361172391,0.33097453852680364,0.26309714882335794,0.35846163487374505,0.24752593451997312,0.02479669976330249,0.0,0.0,0.009134882339191878,0.0,0.0,0.0,0.0,0.0,0.0,0.0,0.0,0.0,0.0,0.0,0.0,0.0,0.0,0.0,0.0,0.0,0.0,0.0,0.0,0.0,0.0,0.0,0.0,0.0
mp-6459,0.0,0.0129785396168494,0.022141257063814115,0.0815390069941432,0.2098713488547976,0.3376873841512746,0.5988968888927017,0.8074915339509677,0.8374146567637404,0.7813681297829949,0.670408308515324,0.7096985306727802,0.5756361716623749,0.5913944345388007,0.716049254994295,0.6541385082705393,0.6971936440485464,0.7071691511086406,0.6887403236690237,0.43522816729335445,0.07206011544258294,0.06394362587660124,0.028339323724619742,0.0016623750036602152,0.0,0.0,0.0,0.0,0.0,0.0,0.0,0.0,0.0,0.001764645659827193,0.7652018903662906,1.0,0.7006462665927696,0.0,0.0,0.0,0.0,0.3832789164500964,0.5055058165395219,0.36065679512129173,0.0,0.0,0.0,0.0,0.0,0.0,0.0
mp-6492,0.0030325745440616197,0.0,0.05598877474944005,0.6073637818824603,0.9765104202413827,1.0,0.6694282539953517,0.5175603585788321,0.3712280930853369,0.27279468101966126,0.4648087383742591,0.6319589112987898,0.6698457033644666,0.3573363339139932,0.1834880044378436,0.30424135161752835,0.5769048525658643,0.49958368845933104,0.131403961820515,0.1725521094882007,0.28812508283036364,0.2076327071655393,0.03262653993432817,0.0,0.0,0.0,0.0,0.1583946202263976,0.22070828906003068,0.3654585308810422,0.3711201419828111,0.3199376599964239,0.14988781958603106,0.0,0.020826298423736116,0.15642770745876144,0.2907127269245805,0.2510621440480873,0.07561246644122134,0.0,0.0,0.03277882581716365,0.0,0.0,0.0,0.0,0.0,0.0,0.0,0.0,0.0
mp-6494,0.03813709508721143,0.0,0.06487472952543126,0.317220294389825,0.5258450679344038,0.6181025556710236,0.661403043992439,0.9153969321352313,1.0,0.671369539029568,0.3325351447838863,0.21295356219829992,0.26234485440649497,0.33175443869120375,0.3621464075144582,0.2857012959302777,0.08623079169057284,0.02445794088733425,0.014723551235974172,0.0,0.0,0.0,0.0,0.0,0.0,0.0,0.0,0.0,0.0,0.0,0.0,0.0,0.19703167423575546,0.5130321922452163,0.5325540450895083,0.2555972053351759,0.0,0.0,0.0,0.0,0.004876509790797822,0.209437767046417,0.2713455680977965,0.1850140227010196,0.0,0.0,0.0,0.0,0.0,0.0,0.0
mp-6560,0.0,0.1364402991039187,0.37638672745805696,0.5739693853405284,0.7165202967087639,1.0,0.9758303474691773,0.6057813049714724,0.1362422581877694,0.0,0.0,0.0,0.0,0.0,0.0,0.042644874905663176,0.17170506460171653,0.34904546880324316,0.3346593876104006,0.10450463701078544,0.024982637286972198,0.0,0.0159495216116813,0.09142798497599387,0.16397037510470025,0.15850554047487167,0.051661453213401605,0.10772859669356881,0.19380819228185453,0.18808719603795812,0.06206564572434323,0.0,0.0,0.0,0.0,0.0,0.0,0.0,0.0,0.0,0.0,0.0,0.0,0.0,0.0,0.0,0.0,0.0,0.0,0.0,0.0
mp-6586,0.023985848523194984,0.0,0.0910897985207258,0.3105915348010543,0.7319639724989679,1.0,0.8254087592336008,0.40980481644938804,0.02561693064702972,0.25091320412727824,0.5308922011713176,0.614535748738976,0.3113632328865832,0.1206103567479301,0.20685277716408165,0.36202030262377316,0.2862591394208816,0.0,0.1048424910909696,0.4309851753691486,0.5298776777845585,0.33147539457937353,0.06123485261292314,0.004234796290211205,0.0,0.0,0.0776211260299062,0.11234024185031545,0.27319288728605384,0.2696960666191894,0.2335154539533933,0.10305430577379446,0.08579779937850925,0.045082485730445904,0.0,0.0,0.0,0.0,1.3385764756881435e-36,0.0,0.0,0.0,0.0,0.0,0.0,0.0,0.0,0.0,0.0,0.0,0.0
mp-66,0.00012995384133617535,0.00022856399162260547,0.0011331747708060967,0.002830040279162997,0.004975521232778639,0.007596295038339399,0.01074849738450697,0.0151908640060859,0.02024819050682098,0.02554915951955384,0.03175810901733758,0.038940809320539796,0.04771957300346768,0.058193331135229134,0.06939566232393303,0.08121483740130366,0.0946034825528687,0.11031212397909226,0.1279658835493329,0.14951015750823993,0.17297861929255787,0.1994658207384334,0.23105857216924863,0.2672939130734315,0.31204909088139327,0.36778192797418574,0.46444757602240516,0.5758474719808346,0.6636099847254612,0.7021899111841068,0.7187546607967992,0.7450150952407452,0.7714472269254102,0.7962261424123387,0.8244869130843213,0.851440944631412,0.8816591175186768,0.9223973831895989,0.9311529541884724,0.8703119242491328,0.7675857209834662,0.683498836996713,0.6499785271560157,0.6271719348278556,0.6144819538476313,0.6248733953024513,0.6425780537649336,0.6498962832606093,0.6825190609847515,0.8281618357059847,1.0
mp-661,7.846566669147264e-06,0.0008657513312039856,0.0033867358718667356,0.007626687284286573,0.013763048714515872,0.022084958897566228,0.03318623859007033,0.047916860199132,0.06744552679898014,0.09308909520706539,0.13390388226520022,0.24276486274243236,0.33361872369439344,0.36522274025593643,0.3337070009340629,0.30932341045243933,0.2976826493000319,0.2740317928310054,0.24451599413950623,0.2216572351612193,0.18780915796920408,0.14096249031015104,0.10439202343293154,0.12323419554295109,0.18695628587960478,0.2377141517823843,0.24440323784050202,0.16991833461743358,0.07884963063507257,0.0,0.020990338186852232,0.17639255315440772,0.6206177795978213,1.0,0.8347361593085055,0.5839832338351277,0.28459000312977284,0.2968690974516117,0.19799484096063075,0.13725263836221122,0.11483436282262564,0.09553818917816706,0.07813608102624994,0.056859845737769886,0.030012621860826323,0.007797405849180068,0.0,0.0,0.0,0.0,0.0
mp-6613,0.009418852877874783,0.0,0.25895056210432393,0.739704916968185,1.0,0.8754606974085756,0.4577629416423324,0.37113340381757226,0.2569442506854478,0.3728752758948078,0.5626882854854527,0.5615220763108572,0.3746828652720614,0.25019975827728713,0.23616626052608164,0.23299394998318976,0.2399646791939276,0.2134336154704666,0.2632552288925268,0.2725367610843477,0.2404982923454062,0.09267087007723228,0.0,0.0,0.0,0.037842827989053286,0.2369181132407071,0.3676566922902999,0.41407273443142695,0.2135733286744143,0.12172075653266513,0.0,0.0,0.0,0.0,0.08173673066523303,0.1377830555741243,0.11454526157766141,0.03252569288637847,0.08167235800629112,0.14298066820345118,0.10434739217186793,0.0,0.0,0.01651251560309807,0.0,0.0,0.0,0.0,0.0,0.0
mp-6654,0.0,0.5346672742266451,0.9414873167060099,1.0,0.9606633476465356,0.9237260349662992,0.6987884498438446,0.37036512124977267,0.10830253421546587,0.46392079016919874,0.6726140960655153,0.5300684297449025,0.4367643580849901,0.47709783552726837,0.6970220679536036,0.5976564655655294,0.3604663661467587,0.2764796417224373,0.32030370282094883,0.3078604242271599,0.1596730819352887,0.06408058424653552,0.27384832764627903,0.44484736557904925,0.5177794407183391,0.24285401247565266,0.27374766831106423,0.17008257715124914,0.1565779322060056,0.061899589379080425,0.0,0.0,5.748854176863488e-12,6.584777527873037e-12,0.0,0.0,0.0,0.0,0.0,0.0,0.0,0.0,0.0,0.0,0.0,0.0,0.0,0.0,0.0,0.0,0.0
mp-6660,0.08195813227668827,0.0,0.08708494640695795,0.38639375176979096,0.6561058775462794,0.6973740749080024,0.45487297118693915,0.4853270508243646,0.8046746572639264,0.9565754155888717,1.0,0.918446766394337,0.7854087482986517,0.47420559351308583,0.20217780960332057,0.12189858559482801,0.041947258118033175,0.0068306347077266944,0.0,0.0,0.0,0.0,0.0,0.0,0.0,0.0,0.0,0.27654909064184274,0.5354488689246529,0.48430467304616376,0.13495373179407966,0.0,0.0,0.0,0.0,0.0,0.0,0.21045424318220168,0.296145378755793,0.22539852502298882,0.0,0.0,0.0,0.09167346674192757,0.26684552480768875,0.2855796002417369,0.14787568636948348,0.0,0.0,0.0,0.0
mp-6686,0.0,0.24388009682025227,0.777885167700016,1.0,0.8529352895865773,0.474143891042082,0.3638013023234052,0.22965814151345101,0.3617171069907606,0.6255258502900715,0.5783435239465873,0.321665541834683,0.33850640391381437,0.3495825912495108,0.20286046053240472,0.0016220984895151168,0.0,0.0,0.0,0.08114691418596862,0.21616516823499257,0.19085283085858043,0.21582466493901142,0.23302734340541628,0.3376659692441977,0.35527357126217457,0.18500346597848472,0.11149129131445595,0.0,0.0,0.0,0.0,0.0,0.0,0.0,0.0,0.0,0.0,0.0,0.0,0.0,0.0,0.0,0.0,0.0,0.0,0.0,0.0,0.0,0.0,0.0
mp-672,0.0,0.20575478410031492,0.6545060266691852,0.7851366835787581,0.437168632330959,0.16467202492716274,0.3196081495014966,0.31438653911309583,0.12307951392273707,0.0,0.0,0.03667569017362027,0.4451069125843431,0.9744256827852641,1.0,0.48415357099531525,0.046884173186686806,0.0,0.0,0.0,0.0,0.0,0.0,0.0,0.0,0.0,0.0,0.0,0.0,0.0,0.0,0.0,0.0,0.0,0.0,0.0,0.0,0.0,0.0,0.0,0.0,0.0,0.0,0.0,0.0,0.0,0.0,0.0,0.0,0.0,0.0
mp-675011,0.023415673490972424,0.5042237719196474,1.0,0.9068745523715638,0.4050692050196924,0.0,0.0,0.0,0.0,0.0,0.0,0.0,0.0,0.11671781638456048,0.3706985254179227,0.40355494571349654,0.21528595743817583,0.0,0.0,0.0,0.0,0.22047562733666187,0.40582965250671416,0.3700582070800701,0.02007173864548427,0.05802090179196049,0.5265224710143394,0.6539615725269265,0.4128583503875471,0.0,0.0,0.0,0.0,0.0,0.10559959496887074,0.14007671248403455,0.10084536047507539,0.0,0.0,0.17840409713366637,0.2654705607025024,0.27547868055243385,0.13089740951437706,0.09749311385203317,0.036046012957556,0.0,0.0,0.00168244322337998,0.00027713554917524523,0.0,0.0
mp-676464,0.0,1.0,0.9609162176038762,0.6399962880361648,0.4996713743973806,0.6534518629178178,0.6056747580420182,0.23782876601882083,0.09621166816619064,0.0406908893216058,0.19548298669508424,0.2991401878982471,0.2206040902309656,0.01278732358178555,0.0,0.0,0.0,0.0,0.0,0.0,0.0,0.0,0.0,0.0,0.0,0.0,0.0,0.0,0.0,0.0,0.0,0.0,0.0,0.0,0.0,0.0,0.0,0.0,0.0,0.0,0.0,0.0,0.0,0.0,0.0,0.0,0.0,0.0,0.0,0.0,0.0
mp-676861,0.0,0.005112521364917702,0.016220235050833316,0.033627308879171876,0.050752296223384466,0.24687574223638734,0.4661044257210779,0.5062653903148814,0.5012566692343388,0.39586835979167606,0.4451043477859394,0.4606816582300949,0.45633213524082766,0.6502003841640659,0.8144504602547512,1.0,0.8710675929765088,0.652696221390353,0.43219591359956805,0.4701207072604223,0.5829279468942326,0.5618100407351728,0.44562197039682444,0.2930562377580177,0.32823631618001076,0.4188199194136787,0.5807138938742494,0.7281647596293981,0.7213524302470888,0.6439742055000939,0.4964489751936142,0.5555365354630526,0.6015686319113792,0.5458619166819313,0.3190728064258439,0.28623135471827227,0.24283739489939138,0.353902259082171,0.4350822545822154,0.4663613513812947,0.30664106926838763,0.07628224472077919,0.0,0.0,0.0,0.0,0.0,0.0,0.0,0.0,0.0
mp-677335,0.0,0.07609160272704243,0.3287100150048441,0.5512574618133286,0.5745338841200257,0.45454542803542863,0.4845300089247714,0.722613931446532,0.8020639320742918,0.5229332298367056,0.05171006953212654,0.07673602164567944,0.3164012469026268,0.3080805695189704,0.1802712961285187,0.39860858225234896,0.9949893321744573,1.0,0.4735206712428489,0.0,0.16720414118217164,0.2587700166168147,0.49090622649631416,0.4975756764570221,0.32093989947260393,0.16224324092212605,0.0,0.0,0.14246341363875142,0.3034027339874035,0.42568504480916863,0.61981193956563,0.6550948697524905,0.5935746589113409,0.1553786992739929,0.0,0.0,0.0,0.0,0.0,0.0,0.0,0.0,0.0,0.0,0.0,0.0,0.0,0.0,0.0,0.38626973586749536
mp-6798,0.01155065482729334,0.0,0.34802356014585545,0.7648641108838983,1.0,0.8414773562097438,0.46743307044845456,0.19043722292018284,0.13440007053465083,0.17371991578752177,0.3187637931088791,0.15771066719272628,0.3477964140500353,0.36156741238538587,0.34271098997160937,0.19401648898145923,0.188093711133383,0.21256597069810632,0.1255150597683848,0.12070346741415094,0.27782361429288016,0.39936732103043715,0.3185316811703989,0.1124244277758428,0.0,0.0,0.0,0.0,0.0,0.0,0.07052286055243981,0.27350624181653965,0.468457873797451,0.3827348310402972,0.161935464055908,0.0,0.11148856023477693,0.12476737927286186,0.05995239079711288,0.0,0.08515427774287251,0.13683689722358972,0.11512972943879524,0.020560704655766454,0.0,0.0,0.0,0.0,0.0,0.0,0.0
mp-684,0.0,0.13167624547724463,0.3846326436313015,0.6012970127319733,0.6749506297118895,0.5556059928049099,0.5058495296216791,0.5663127991312954,0.9458716733703691,1.0,0.5871872667071126,0.059114797677325706,0.0,0.0,0.0,0.0,0.0,0.0,0.0,0.0,0.0,0.06586750755356532,0.27837433772232545,0.31755358467975725,0.1833537934078328,0.0,0.0,0.04603778885969042,0.0,0.0,0.0,0.0,0.0,0.0,0.0,0.0,0.0,0.0,0.0,0.0,0.0,0.0,0.0,0.0,0.0,0.0,0.0,0.0,0.0,0.0,0.0
mp-684580,0.0,0.6411541344232438,0.5825555113367482,0.27585440431631075,0.19164928659072628,0.7717624602489492,1.0,0.47147106768387126,0.0,0.0,0.0,0.0,0.0,0.0,0.0,0.0,0.0,0.0,0.0,0.0,0.0,0.0,0.0,0.0,0.0,0.0,0.0,0.0,0.0,0.0,0.0,0.0,0.0,0.0,0.0,0.0,0.0,0.0,0.0,0.0,0.0,0.0,0.0,0.0,0.0,0.0,0.0,0.0,0.0,0.0,0.0
mp-6867,0.058479369118262126,0.0,0.04793484593589967,0.22443957932587147,0.48119787896708105,0.708930279018534,0.8910358898438202,1.0,0.9590659009273216,0.7855657819588712,0.5808355598219385,0.40660552485241236,0.23255771223774643,0.17443743291076783,0.10229811637062455,0.084163599534858,0.05353874780597639,0.010823230873424619,0.0,0.1132012403277645,0.18475218912707628,0.15793108937658012,0.04430708393985643,0.0,0.0,0.0,0.0,0.0,0.0,0.0,0.0,0.0,0.0,0.12777127092391144,0.37767888366333147,0.40254898047316845,0.20234982155372674,0.0,0.0,0.0,0.0,0.1571572507023223,0.21333720447280619,0.15698253000774667,0.0,0.0,0.0,0.0,0.0,0.0,0.0
mp-6870,0.08526193642323826,0.0,0.17642403734589046,0.4910528702797416,0.7941761657314582,1.0,0.7619632891828777,0.39668774307797694,0.13277179711719223,0.29920755972221036,0.470970473465252,0.4759161231463397,0.3686534466278882,0.27204964522081615,0.1131774983972934,0.23948412045074569,0.3381175961243589,0.3636414907660304,0.27948213868214317,0.2688491670398427,0.32405246707603214,0.3664325039460313,0.249110414559313,0.24411161205823367,0.08460452653470676,0.08470556277558257,0.12862017847027407,0.17304047185462162,0.14973442861513306,0.08687933187314066,0.04882221810906453,0.1448937349576598,0.22479015499563373,0.293251376698642,0.28806999644174863,0.16524859302993486,0.09924558841792049,0.35411646753434484,0.46712378436242025,0.4475363841670316,0.2884356442654351,0.48402678264258253,0.5546521693255999,0.42918001692106056,0.29035548596416294,0.12314544326931151,0.01395739451067565,0.013097867369118431,0.007821388892426137,0.0226270781413541,0.04644671738005556
mp-6920,0.0,0.04921550300473452,0.18819764671207678,0.5100155734404133,0.7398441109928038,0.950551680553242,1.0,0.7255230901215389,0.38593921057302577,0.0017603462032896313,0.003060657335642347,0.0,0.0,0.0,0.0,0.0,0.0,0.0,0.0,0.0,0.0,0.0,0.0,0.0,0.0,0.0,0.0,0.0,0.0,0.0,0.0,0.0,0.0,0.0,0.2376888164472436,0.43436109214061536,0.39545697231595184,0.12097646084938461,0.0,0.00850883159070412,0.17486284527741347,0.22343287857293806,0.1542147141094438,0.0,0.0,0.0,0.0,0.0,0.0,0.0,0.0
mp-6929,0.0,0.014208054322874064,0.0746970081275683,0.21796324608146567,0.41430114939356033,0.6919706503629887,0.8571896121789607,0.9321176545710836,0.8231370086608499,0.7168945577756216,0.6386007818053389,0.7066472615218241,0.8281281927425213,0.918688733767717,0.8658856297976331,0.6984011139669745,0.7883037495402575,0.9735351906565571,0.9403380198305549,0.7212843835713802,0.477142835104467,0.5046884578457137,0.4384093974750234,0.3634401831452999,0.18069723095130885,0.012499003471818766,0.0,0.0,0.0,0.0,0.0,0.0,0.0,0.0,0.0,0.0,0.0,0.0536983160117666,0.2200242936239997,0.17162617951948178,0.3997406498368177,0.7889885679426017,1.0,0.6814527022940756,0.30412998495194576,0.3394312423231169,0.26925664284706086,0.14049267699971346,0.0,0.0,0.009412628356366356
mp-6949,0.0,0.0830814746789577,0.31638551309048085,0.4557484297840108,0.7127324291730053,0.9708910248528808,1.0,0.8781195218699939,0.706935957263315,0.5661299816527009,0.4236895372073396,0.39109660758352366,0.5480652997704368,0.6081210220787402,0.5886516253141536,0.4628488363152622,0.30565028253327575,0.08955549078706186,0.0,0.030935508532181584,0.14302616198283286,0.24946639286655203,0.29464832144143427,0.3823600464883566,0.47825317970347064,0.3646497804299341,0.1158926931888753,0.13163839193194124,0.4000528516487369,0.3789040469662637,0.14872230862706295,0.0,0.0,0.0,1.612452862729827e-18,5.115282753865535e-20,0.0,0.0,0.0,0.0,0.0,0.0,0.0,0.0,0.0,0.0,0.0,0.0,0.0,0.0,0.0
mp-697038,0.014380160840670104,0.020941457081851134,0.22724457952294846,0.529406426854941,0.7351463222005397,0.7946022187030761,0.6963747176028146,0.4568878980987941,0.3325444736970015,0.05536274409987238,0.0535371809629797,0.0,0.0,0.0,0.0,0.0,0.0,0.0,0.0,0.0,0.0,0.0,0.0,0.0,0.0,0.38918818267107863,0.5656710416618898,0.436916187929143,0.01767797313050398,0.0,0.0,0.0,0.0,0.0,0.0,0.0,0.15229284182448044,0.7895132614905231,0.8972429034000748,1.0,0.7600823507522608,0.30685546442181466,0.04566465403396796,0.0,0.0,0.0,0.0,0.0,0.0,0.0,0.0
mp-697044,0.0025616985984029715,0.05237962056521001,0.2713863505187589,0.5581141256800889,0.9295043427481724,1.0,0.7729804834141623,0.3365267276011357,0.005736286193596953,0.00907084985110507,0.0,0.0,0.0,0.0,0.0,0.0,0.0,0.0,0.0,0.0,0.0,0.0,0.0,0.0,0.4006291908351169,0.5745176652479026,0.4416776435947756,0.005665854084127368,0.0,0.0,0.0,0.0,0.0,0.0,0.030199581452907694,0.4405426136314451,0.5340075717946201,0.7920991845902711,0.6221393836042309,0.906114093769815,0.5463881243700927,0.34565666468207396,0.0,0.0,0.0,0.0,0.0,0.0,0.0,0.0,0.0
mp-697133,0.0,0.321620600800825,0.894419916439538,1.0,0.48713632337569573,0.0,0.254711397369643,0.34712248240789195,0.34221606512512365,0.17741268413739958,0.10932765397596639,0.018615370714717253,0.0,0.0,0.0,0.0,0.0,0.0,0.05734808192164567,0.19014898838202643,0.2846241059830782,0.2881064158258849,0.3389920115811483,0.3819609451639084,0.3771419841178728,0.26840848659887956,0.1747778604924222,0.11538867911439928,0.07185170370631118,0.07882328358345969,0.09147193718537953,0.14438742758747786,0.19541813503100783,0.18490874907256144,0.10718937320105716,0.034264789475442196,0.0,0.0,0.0,0.0,0.0,0.08762253488665414,0.13934609745834392,0.20812582103549723,0.18564258565056846,0.15754865409915042,0.06531475471993314,0.0030978203142254667,0.00019230568653570728,0.0006928805472343795,0.0
mp-6973,0.0,0.42592491397649307,0.9505776245851314,1.0,0.6295333229762979,0.38241122575940667,0.6296387570190622,0.6097327128260995,0.818646337975915,0.9789170864655385,0.8934210351518529,0.5127868283744531,0.18421829041100338,0.013871025522189401,0.0006088199918160775,0.015949589928120872,0.0,0.0,0.0,0.0,0.0,0.0,0.0,0.0,0.0,0.0,0.0,0.0,0.0,0.0,0.0,0.0,0.0,0.0,0.0,0.0,0.0,0.0,0.0,0.0,0.0,0.0,0.0,0.0,0.0,0.0,0.0,0.0,0.0,0.0,0.0
mp-6984,0.044924482462397615,0.029767799680997603,0.2899005103825501,0.6014654554456144,0.8011676445775201,1.0,0.8596568790991309,0.5653660160266188,0.22493584606553527,0.06000840800088211,0.1802397695963939,0.13564060556943555,0.04267092102583268,0.0,0.0,0.11311054828263667,0.17953691460002716,0.17608162778053094,0.154116826671804,0.2666240301656958,0.26119850335258316,0.12268430369838722,0.0,0.0,0.007990257720692284,0.0,0.0,0.0,0.0,0.0,0.0,0.0,0.0,0.0,0.0,0.0,0.0,0.0,0.0,0.0,0.0,0.0,0.0,0.0,0.0,0.0,0.0,0.0,0.0,0.0,0.0
mp-6989,0.056152062139881075,0.0,0.30008380947692526,0.7086982653989145,0.9341930549729385,1.0,0.7885960527121225,0.6601083260259771,0.6323595850177877,0.6889501493898467,0.5219892532051507,0.20905411704588822,0.0,0.0,0.0,0.0,0.01996783514762246,0.335957714467433,0.5646784323622515,0.42330025091330353,0.2431620439005962,0.2701445219701527,0.2630280610109962,0.08968916782279063,0.0,0.0,0.0,0.0,0.0,0.0,0.0,0.0,0.0,0.0,0.16033934590020119,0.3862896381284211,0.4907862585918706,0.3477473880790097,0.3485192898810431,0.335542783573866,0.20168991036682757,0.0,0.0,0.0,0.0,0.0,0.0,0.0,0.0,0.0,0.0
mp-7027,0.0,0.03209204739714314,0.027322847603759113,0.08525986065752637,0.3155627006459589,0.6043480115956769,0.7193450297932784,0.6852233854461801,0.787076238341704,0.8289193854112785,0.7141206680076195,0.5076201188806116,0.6682879321483438,0.8295825877541968,0.5695827058131095,0.14215103691268094,0.12698041493660264,0.5356483753903317,0.8170769280195778,0.8318231463336202,0.6547448408069885,0.469972254653851,0.2419709135374338,0.06498548259784794,0.005310287244381573,0.0,0.0,0.0,0.0,0.042803745456239675,0.5797218994677346,1.0,0.835405524566979,0.1490258240946444,0.22492997735420414,0.5282182796563801,0.4408676236008101,0.06474358413804292,0.0,0.0,0.0,0.0,0.0,0.0,0.0,0.3332430124996895,0.5450903449241805,0.46592129451372943,0.09573802897825087,0.0,0.0
mp-7041,0.0,0.12243986942495107,0.6282968786100266,1.0,0.8417177604012457,0.2675795477948848,0.22018122640890006,0.20594272972937996,0.39941319466699504,0.4552139235177396,0.38466994331055504,0.26528153134347376,0.40848892517883434,0.6088211323535534,0.9027600625047968,0.911686119190876,0.6405090438451115,0.40541107468604193,0.21125858875631354,0.2759885907770183,0.11738430151733914,0.02594596421502098,0.0,0.0,0.0,0.0,0.0,0.0,0.0,0.0,0.18242449083486723,0.5345566652410112,0.6486896573443836,0.40895085669816195,0.12409161301187785,0.044532219183474976,0.02673255071392367,0.007643151452132644,0.0,0.0,0.0,0.0,0.0,8.102674447466967e-77,0.0,0.0,0.0,0.0,0.0,0.0,0.0
mp-7060,0.0018073219844554713,0.014889272738607413,0.05820596753092594,0.31605022801515603,0.646101538804795,0.9792658521654085,1.0,0.6101072397522672,0.34537846030440594,0.25945215609968386,0.27519942922137836,0.37259345521799836,0.3572399468074692,0.617505872778084,0.6707138534113509,0.6406081214396473,0.4102389121103805,0.20770407219075873,0.14749177279108688,0.1339607676762835,0.12214530338242183,0.11133426806655455,0.09432018471373427,0.13943228139786998,0.18047755638643215,0.2016808914476661,0.11691047812967388,0.03730380474311183,0.0,0.0,0.0,2.670149989680665e-10,3.078953126074186e-10,0.0,0.0,0.0,0.0,0.0,0.0,0.0,0.0,0.0,0.0,0.0,0.0,0.0,0.0,0.0,0.0,0.0,0.0
mp-7067,0.11241301234084039,0.0,0.35961252609447786,0.8250692153184769,0.7342674303312935,0.496441536997653,0.3587913088212077,0.6237292340944948,1.0,0.9230895257613281,0.5528743522731242,0.08061708772550277,0.0,0.0,0.0,0.0,0.0,0.0,0.0,0.0,0.0,0.0,0.0,0.0,0.0,0.0,0.0,0.0,0.0,0.0,0.0,0.0,0.0,0.0,0.0,0.0,0.0,0.0,0.0,0.0,0.0,0.0,0.0,0.0,0.0,0.0,0.0,0.0,0.0,0.0,0.0
mp-7077,0.0,0.6771704772322567,0.9989985743780453,1.0,0.8904578811592332,0.8176608882296118,0.584904336859508,0.40725916033729925,0.24096030736954227,0.2266228773113846,0.0603048952360919,0.0,0.0,0.0,0.0,0.2749463892923071,0.6684564197517183,0.674412467444164,0.2927972712650077,0.0,0.0,0.0,0.0,0.0,0.0,0.0,0.0,0.0,0.0,0.0,0.0,0.0,0.0,0.0,0.0,0.0,0.0,0.0,0.0,0.0,0.0,0.0,0.0,0.0,0.0,0.0,0.0,0.0,0.0,0.0,0.0
mp-7089,0.0,0.06640624472800812,0.1481625046017664,0.42444215993779727,0.8431563373080934,1.0,0.6759989933486081,0.13241917134320141,0.0008353682544956313,0.272271036333442,0.41792132140820026,0.3594966030127818,0.2531880285459339,0.18797851419622996,0.09849764757552269,0.0,0.0,0.0,0.0,0.0,0.0,0.0,0.0,0.0,0.0,0.0,0.0,0.0,0.0,0.0,0.0,0.0,0.0,0.0,0.0,0.0,0.0,0.0,0.0,0.0,0.0,0.0,0.0,0.0,0.0,0.0,0.0,0.0,0.0,0.0,0.0
mp-22898,0.0,0.8634126632270124,1.0,0.848843810521468,0.8773175422985826,0.9292631523516588,0.7674579389686572,0.14866446414695908,0.0,0.0,0.0,0.0,0.0,0.0,0.0,0.0,0.0,0.0,0.0,0.0,0.0,0.0,0.0,0.0,0.0,0.0,0.0,0.0,0.0,0.0,0.0,0.0,0.0,0.0,0.0,0.0,0.0,0.0,0.0,0.0,0.0,0.0,0.0,0.0,0.0,0.0,0.0,0.0,0.0,0.0,0.0
mp-22899,0.0613877870054809,0.010063443594313706,0.5992872257246623,1.0,0.7788509678462292,0.17853117417356787,0.0,0.13645405292279636,0.6521876921437524,0.7793597159766562,0.5240236476421061,0.008321140961472368,0.15605634273898059,0.17522560104202756,0.16040226925735432,0.09838155438916361,0.02551274026548744,0.0,0.0013046091359595717,0.0,0.0,0.0,0.0,0.0,0.0,0.0,0.0,0.0,0.0,0.0,0.0,0.0,0.0,0.0,0.0,0.0,0.0,0.0,0.0,0.0,0.0,0.0,0.0,0.0,0.0,0.0,0.0,0.0,0.0,0.0,0.0
mp-22901,0.0,0.21216806508217095,0.6609991500091467,1.0,0.9259174477039109,0.5478956212714304,0.1740397312656159,0.023201800867242866,0.0,0.0,0.0,0.0,0.0,0.0,0.0,0.0,0.0,0.0,0.0,0.0,0.0,0.0,0.0,0.0,0.0,0.0,0.0,0.0,0.0,0.0,0.0,0.0,0.0,0.0,0.0,0.0,0.0,0.0,0.0,0.0,0.0,0.0,0.0,0.0,0.0,0.0,0.0,0.0,0.0,0.0,0.0
mp-22904,0.0,0.13548383344317738,0.6304971330873189,1.0,0.9325195179482929,0.5722688318827405,0.3188814428041181,0.44520659602411106,0.5066265505106975,0.5775901968668136,0.6743115098035389,0.8836703816004661,0.8223171919982728,0.5122245778337114,0.2240814990907782,0.1093997958664586,0.0,0.009747427280082136,0.0,0.0,0.0,0.0,0.0,0.0,0.0,0.0,0.0,0.0,0.0,0.0,0.0,0.0,0.0,0.0,0.0,0.0,0.0,0.0,0.0,0.0,0.0,0.0,0.0,0.0,0.0,0.0,0.0,0.0,0.0,0.0,0.0
mp-22905,0.0,0.008658335438125705,0.025030955429226467,0.05964382644013585,0.1278314813273876,0.4386550475154843,0.6826397348237143,0.655896998921488,0.5587010672604322,0.5020483921129039,1.0,0.9996896265234043,0.6965117919974265,0.02959822561694305,0.08083109306201741,0.13688414116386902,0.14105150182488665,0.14711239393698758,0.1669872500064632,0.15265218092652993,0.09183613493250867,0.022961300094982977,0.0,0.005779620411257417,0.002309602984941803,0.0,0.0,0.0,0.0,0.0,0.0,0.0,0.0,0.0,0.0,0.0,0.0,0.0,0.0,0.0,0.0,0.0,0.0,0.0,0.0,0.0,0.0,0.0,0.0,0.0,0.0
mp-22906,0.0,0.1783327810177101,0.704179213354275,1.0,0.7242268607900517,0.17116750885847257,0.0,0.0,0.0,0.0,0.0,0.0,0.0,0.0,0.0,0.0,0.0,0.0,0.0,0.0,0.0,0.0,0.0,0.0,0.0,0.0,0.0,0.0,0.0,0.0,0.0,0.0,0.0,0.0,0.0,0.0,0.0,0.0,0.0,0.0,0.0,0.0,0.0,0.0,0.0,0.0,0.0,0.0,0.0,0.0,0.0
mp-22913,0.0,0.5594828315821496,0.7574865154616778,0.5624705599660081,0.150110776554953,0.19716667814222583,0.19411473179210065,0.699979898711557,1.0,0.8824393655079993,0.34750824482266707,0.0,0.0,0.0,0.0,0.0,0.0,0.0,0.0,0.0,0.0,0.0,0.0,0.0,0.0,0.0,0.0,0.0,0.0,0.0,0.0,0.0,0.0,0.0,0.0,0.0,0.0,0.0,0.0,0.0,0.0,0.0,0.0,0.0,0.0,0.0,0.0,0.0,0.0,0.0,0.0
mp-22914,0.0,0.8198657072511881,1.0,0.6532561871110572,0.0661822035964916,0.33714832432825653,0.40107672814344014,0.22004503778123669,0.0,0.17949166133210273,0.5572571307160598,0.9159048041849617,0.9258590606753264,0.5311110627415419,0.10092002453627415,0.0,0.17921907198004797,0.0,0.0,0.0,0.0,0.0,0.0,0.0,0.0,0.0,0.0,0.0,0.0,0.0,0.0,0.0,0.0,0.0,0.0,0.0,0.0,0.0,0.0,0.0,0.0,0.0,0.0,0.0,0.0,0.0,0.0,0.0,0.0,0.0,0.0
mp-22919,0.03238201814722881,0.4075523372045363,0.8175012283664524,1.0,0.9246857747606435,0.6367532782815116,0.18854829684557456,0.0,0.0,0.0,0.0,0.0,0.0,0.0,0.0,0.0,0.0,0.0,0.0,0.0,0.0,0.0,0.0,0.0,0.0,0.0,0.0,0.0,0.0,0.0,0.0,0.0,0.0,0.0,0.0,0.0,0.0,0.0,0.0,0.0,0.0,0.0,0.0,0.0,0.0,0.0,0.0,0.0,0.0,0.0,0.0
mp-22922,0.0,0.5231002587684696,0.9020083879565334,1.0,0.708911808601186,0.5444180433363329,0.4773092132302941,0.40523386122988764,0.5817326039901667,0.5278899142750066,0.30493472078651723,0.037975790077330276,0.0,0.0,0.0,0.0,0.0,0.0,0.0,0.0,0.0,0.0,0.0,0.0,0.0,0.0,0.0,0.0,0.0,0.0,0.0,0.0,0.0,0.0,0.0,0.0,0.0,0.0,0.0,0.0,0.0,0.0,0.0,0.0,0.0,0.0,0.0,0.0,0.0,0.0,0.0
mp-22925,0.0,0.6407990891102803,0.5830716149750146,0.2769090201752297,0.19109375724441818,0.7716566116928297,1.0,0.4715719254955943,0.0,0.0,0.0,0.0,0.0,0.0,0.0,0.0,0.0,0.0,0.0,0.0,0.0,0.0,0.0,0.0,0.0,0.0,0.0,0.0,0.0,0.0,0.0,0.0,0.0,0.0,0.0,0.0,0.0,0.0,0.0,0.0,0.0,0.0,0.0,0.0,0.0,0.0,0.0,0.0,0.0,0.0,0.0
mp-22934,0.0,0.31409453324591996,0.6117374784266641,0.7708752726576107,0.8116732620406242,1.0,0.793561605464879,0.5002081942380261,0.511566438434862,0.5421983530011508,0.3359201702145164,0.0,0.0,0.0,0.0,0.3998328501199499,0.6076415040508866,0.48194636053557377,0.06735447862050754,0.0,0.1194915923442516,0.0,0.0,0.0,0.0,0.0,0.0,0.0,0.0,0.0,0.0,0.0,0.0,0.0,0.0,0.0,0.0,0.0,0.0,0.0,0.0,0.0,0.0,0.0,0.0,0.0,0.0,0.0,0.0,0.0,0.0
mp-22935,0.0,0.37075726395695663,0.7866891716223541,1.0,0.7123971181500456,0.4210254646072775,0.3194780267674925,0.40090019874479615,0.4325801350191858,0.2274345554370932,0.07887230072707596,0.13156846877139827,0.1762856850917329,0.18947847794889167,0.08616415857573079,0.0712086384286058,0.0,0.005957204082000652,0.015029488243620945,0.0,0.0,0.0,0.0,0.0,0.0,0.0,0.0,0.0,0.0,0.0,0.0,0.0,0.0,0.0,0.0,0.0,0.0,0.0,0.0,0.0,0.0,0.0,0.0,0.0,0.0,0.0,0.0,0.0,0.0,0.0,0.0
mp-22936,4.2927204369689606e-05,0.005396998559366569,0.022656645704570145,0.05267646744492549,0.09656388577865273,0.22618434123097814,0.398826568701766,0.6861161302847665,0.9611586613487331,1.0,0.7243493891061619,0.41739725365056696,0.24273125776684548,0.3553126843681483,0.37146223429898484,0.4153165582784765,0.366077496062443,0.29124059967615945,0.11742882097513804,0.13551690119867577,0.10332501696682392,0.06405465872398962,0.14244396413466823,0.21762592286189356,0.21139242985837953,0.10240931140771184,0.00019000279471059208,0.0,0.0,3.445503242131344e-07,2.0585775568623054e-06,0.0,0.0,0.0,0.0,0.0,0.0,0.0,0.0,0.0,0.0,0.0,0.0,0.0,0.0,0.0,0.0,0.0,0.0,0.0,0.0
mp-22951,0.05522102278003407,0.03484782359249357,0.48842048773721547,0.9985370134206655,1.0,0.7415247058893832,0.3556158293908923,0.09133993789300227,0.048671401569506605,0.37164931455362143,0.5209160285625419,0.5259100637179054,0.28505029838452156,0.16213980202780584,0.04037669451661063,0.0,0.0005980047514716329,0.0,0.00022475449698081064,0.0,0.0,0.0,0.0,0.0,0.0,0.0,0.0,0.0,0.0,0.0,0.0,0.0,0.0,0.0,0.0,0.0,0.0,0.0,0.0,0.0,0.0,0.0,0.0,0.0,0.0,0.0,0.0,0.0,0.0,0.0,0.0
mp-22956,0.0,0.19954992201190755,0.5090602929538206,0.7126885198913462,0.864547180044659,1.0,0.8039942405750778,0.47767162692815374,0.4616170561432923,0.5248474296699838,0.3110304106568404,0.0,0.002814665233661981,0.0781020834191739,0.19706550298648015,0.3281751711625841,0.3644709591838802,0.31271078788940104,0.15355733693915913,0.0,0.0,0.0,0.0,0.0,0.0,0.0,0.0,0.0,0.0,0.0,0.0,0.0,0.0,0.0,0.0,0.0,0.0,0.0,0.0,0.0,0.0,0.0,0.0,0.0,0.0,0.0,0.0,0.0,0.0,0.0,0.0
mp-22988,0.0,0.71574909819608,1.0,0.888332418642283,0.5306179543870453,0.5414947785309869,0.5831969132368697,0.4135129309410009,0.23325315644067623,0.1556647295997982,0.12403799898170546,0.14436851013955154,0.1752235601773778,0.19857327655810358,0.14662765150851603,0.053378643579732994,0.0,0.0,0.0,0.0,0.0,0.0,0.0,0.0,0.0,0.0,0.0,0.0,0.0,0.0,0.0,0.0,0.0,0.0,0.0,0.0,0.0,0.0,0.0,0.0,0.0,0.0,0.0,0.0,0.0,0.0,0.0,0.0,0.0,0.0,0.0
mp-22990,0.0,0.6250221500058059,0.9957600051006879,1.0,0.4493949696656647,0.45461953297070884,0.3618808560866756,0.2549957899183238,0.01602942918199646,0.0,0.0,0.07293177356105097,0.27853211153876184,0.30656458025884625,0.15259039206060213,0.024333978105733567,0.0,0.013227760170211777,0.0,0.0,0.0,0.0,0.0,0.0,0.0,0.0,0.0,0.0,0.0,0.0,0.0,0.0,0.0,0.0,0.0,0.0,0.0,0.0,0.0,0.0,0.0,0.0,0.0,0.0,0.0,0.0,0.0,0.0,0.0,0.0,0.0
mp-23004,0.0,0.6423371507969531,0.9902483531210272,1.0,0.6851218868266834,0.6173138670637611,0.5248202306960349,0.8635463503513049,0.9502493564186921,0.6014397179946144,0.2842191690890024,0.390613761893984,0.5004101824290519,0.42578301229198534,0.2409783016543766,0.2392597695327414,0.22550072392710618,0.21007604577783962,0.15891624049417372,0.07697689817476001,0.01671197039253473,0.0,0.005865271103524578,0.0,0.0,0.0,0.0,0.0,0.0,0.0,0.0,0.0,0.0,0.0,0.0,0.0,0.0,0.0,0.0,0.0,0.0,0.0,0.0,0.0,0.0,0.0,0.0,0.0,0.0,0.0,0.0
mp-23009,0.0,0.025296062101936127,0.03847517629868265,0.17305821988875067,0.6856297232776959,1.0,0.9482862564614039,0.632336487026532,0.7942027768213973,0.8845610733051777,0.6383795352330927,0.4086145202120421,0.42342342163166385,0.4748222972334469,0.612137213753699,0.578233098740301,0.4241959850237015,0.25864358094275003,0.16670823540627708,0.1594818395058818,0.08621393084826097,0.16605488554894962,0.2935352587025904,0.3012591697480926,0.15974225282341661,0.0,0.0,0.0,1.2611543410677796e-05,5.001666003944214e-05,0.0,0.0,0.0,0.0,0.0,0.0,0.0,0.0,0.0,0.0,0.0,0.0,0.0,0.0,0.0,0.0,0.0,0.0,0.0,0.0,0.0
mp-23017,0.20975416172320607,0.5395264364868715,1.0,0.9281363549856719,0.5625988971555141,0.19296332750016215,0.35473412347632893,0.553474985539887,0.6052592200497279,0.43923757911949973,0.11081732875424256,0.0,0.0,0.0,0.0,0.0,0.0,0.0,0.0,0.0,0.0,0.0,0.0,0.0,0.0,0.0,0.0,0.0,0.0,0.0,0.0,0.0,0.0,0.0,0.0,0.0,0.0,0.0,0.0,0.0,0.0,0.0,0.0,0.0,0.0,0.0,0.0,0.0,0.0,0.0,0.0
mp-23018,0.05476662046481383,0.0038594081510110213,0.5023025536287277,0.8551005146146042,0.7845221055941368,0.7073477379211482,0.8989445790435341,1.0,0.902007499596502,0.8624467513594015,0.8442374068807463,0.8532492354487292,0.9717975928998759,0.9681410093986352,0.8516564148258314,0.5592923400099247,0.3014951611168037,0.19465652392023247,0.39848791269088013,0.829871593337863,0.8184023764180272,0.714975223267239,0.5763105208846193,0.5642267063316558,0.4381736448586957,0.3178016865504739,0.14222304951277873,0.13689304075439263,0.481062760114836,0.6144514516098922,0.567648527735952,0.38526910480797427,0.29172119606882724,0.3060268329378579,0.38765221524675436,0.6043985682519394,0.6061351547125863,0.3894242984733424,0.09128154694211409,0.0,0.0,0.0,0.0,3.3970714643895216e-83,3.638631429993735e-82,0.0,0.0,0.0,0.0,0.0,0.0
mp-23023,0.014444061106126276,0.01879857200744231,0.07838668520011183,0.2993649135052243,0.6400612114574427,1.0,0.8424255018420971,0.39975024541212184,0.19140252024236165,0.21281379835862124,0.20086868585095488,0.05650411151486983,0.0,0.008081186202633603,0.13596246481309582,0.2886820096588313,0.32099439569793947,0.22915381300993878,0.1205005002855663,0.12365430331930898,0.08641548681334109,0.046538520755943606,0.0813666706589246,0.1609401986408409,0.20042981933370854,0.1287680489897442,0.039064034048923994,0.0,0.0,0.0,3.5083567592179814e-08,3.082750207395025e-08,0.0,0.0,0.0,0.0,0.0,0.0,0.0,0.0,0.0,0.0,0.0,0.0,0.0,0.0,0.0,0.0,0.0,0.0,0.0
mp-23025,0.0,0.03304411653192329,0.08941579178351011,0.14231472237959375,0.4476864759826759,0.858768530462578,1.0,0.8849075455530334,0.8144046880021677,0.8813697610755286,0.6528800559013612,0.20440482171974633,0.0,0.0,0.0948357205639156,0.35143961359944853,0.47940224563968503,0.4001993163713368,0.2265383785788173,0.19881747563968918,0.17267915395765193,0.10655541529325992,0.06460955686909704,0.137330074730357,0.2738009178648091,0.2985256073406397,0.1701856986077724,0.03563452362903,0.0,0.0,0.0,9.116829185365066e-09,0.0,0.0,0.0,0.0,0.0,0.0,0.0,0.0,0.0,0.0,0.0,0.0,0.0,0.0,0.0,0.0,0.0,0.0,0.0
mp-23036,0.05641164547516159,0.544714771768695,0.8717791919770629,1.0,0.8838100776509232,0.4415424889803861,0.23577347656732636,0.09487735997039745,0.22436237675862197,0.2362157706340026,0.15205596841944122,0.18706135264358476,0.15400100752946705,0.02577923699721233,0.012534511236610965,0.0,0.0,0.0,0.0,0.0,0.0,0.0,0.0,0.0,0.0,0.0,0.0,0.0,0.0,0.0,0.0,0.0,0.0,0.0,0.0,0.0,0.0,0.0,0.0,0.0,0.0,0.0,0.0,0.0,0.0,0.0,0.0,0.0,0.0,0.0,0.0
mp-23040,0.11330893573466483,0.0,0.4783908762404814,0.8924376114835322,1.0,0.648330434607734,0.4499163776382203,0.7591594356572207,0.7665213803589108,0.6031785252218611,0.37400862435172816,0.4636439905319975,0.6575824265323834,0.5442063775484915,0.46679302123443184,0.27187848186615216,0.14116949851591157,0.0,0.0032400037062122384,0.008364054886283953,0.0,0.0,0.0,0.0,0.0,0.0,0.0,0.0,0.0,0.0,0.0,0.0,0.0,0.0,0.0,0.0,0.0,0.0,0.0,0.0,0.0,0.0,0.0,0.0,0.0,0.0,0.0,0.0,0.0,0.0,0.0
mp-23060,0.0,0.6289061278406104,1.0,0.9930180515474881,0.5659398462229015,0.2576514420913818,0.1440626038835494,0.19767150818852552,0.2794901994556063,0.22267223485196092,0.15307136532020968,0.0,0.0,0.0,0.0,0.0,0.0,0.0,0.0,0.0,0.0,0.0,0.0,0.0,0.0,0.0,0.0,0.0,0.0,0.0,0.0,0.0,0.0,0.0,0.0,0.0,0.0,0.0,0.0,0.0,0.0,0.0,0.0,0.0,0.0,0.0,0.0,0.0,0.0,0.0,0.0
mp-23067,0.11230694753092182,0.34945790615070255,0.8110981456802429,1.0,0.6312973223818468,0.4969728894494844,0.48255762556207055,0.7189127772734514,0.710797855685977,0.38140977686800387,0.18049323257619737,0.0,0.0,0.08452368367254075,0.23888633120863847,0.2835391335606788,0.4370520523639534,0.3492273496617232,0.2927481486523148,0.060682389433345904,0.0,0.0,0.0,0.0,0.0,0.0,0.0,0.0,0.0,0.0,0.0,0.0,0.0,0.0,0.0,0.0,0.0,0.0,0.0,0.0,0.0,0.0,0.0,0.0,0.0,0.0,0.0,0.0,0.0,0.0,0.0
mp-23070,0.048406585420357556,0.0,0.21519070780168473,0.6231472733143859,0.9868564144550342,1.0,0.6190246802654652,0.17469729090072783,0.01882043120142633,0.1284131081432296,0.43218588878569264,0.4810271275008808,0.3917537219820544,0.22103187786458822,0.15356002778481603,0.029263094117623827,0.0,0.00047369496402709614,0.0,0.00014264523906713523,0.0,0.0,0.0,0.0,0.0,0.0,0.0,0.0,0.0,0.0,0.0,0.0,0.0,0.0,0.0,0.0,0.0,0.0,0.0,0.0,0.0,0.0,0.0,0.0,0.0,0.0,0.0,0.0,0.0,0.0,0.0
mp-23091,0.0,0.03844378744820732,0.43143004913005856,0.8105549423772652,1.0,0.9199304208155662,0.8626552265951138,0.7421354176186662,0.4987045769755195,0.38179742416697293,0.4339865048998689,0.35972881255598,0.2507007446475781,0.1744159654119006,0.4556026398294253,0.5786171272159988,0.4898654285777141,0.3312578793240175,0.30139403929711023,0.25906149873976964,0.1250991332393762,0.06440737445437421,0.1557436440586775,0.15677467935893996,0.1835928708549348,0.1966389281541017,0.23807397618931883,0.24738330277317241,0.18430367459847138,0.057278186394150096,0.0,0.19293606937767133,0.3201796901861474,0.26585001441798406,0.04313618371782096,0.0,0.0,0.0,0.0,0.0,0.0,0.0,0.0,0.0,0.0,0.0,0.0,0.0,0.0,0.0,0.0
mp-23092,0.0,0.1236056028987836,0.5192626065574342,0.8760204898884536,1.0,0.9461498659109323,0.793231967960612,0.553506730905072,0.3728606008104217,0.43197079810174827,0.3943933956576535,0.3536682232015177,0.3002672098025907,0.3781424276461452,0.284024969207566,0.18841255424615122,0.22845031192196408,0.32738307989901116,0.3564659426575996,0.2930386740205011,0.2613283654322214,0.22627587714532538,0.25161534916467615,0.15461636457345046,0.12217568113908475,0.15744865784833897,0.21316852349779253,0.164196165932259,0.06429985456953284,0.0,0.0,0.0,0.10853258744405263,0.15729402715839846,0.12036158459130705,0.0,0.07229430480254596,0.15508189710314801,0.14433562219683918,0.04781918652340113,0.0,0.0,0.0,0.0,0.0,0.0,0.0,0.0,0.0,0.0,0.0
mp-23097,0.2453869663704324,0.645706255534635,0.9197847025548136,1.0,0.7801217733399894,0.7225469343152091,0.6985000706817923,0.6916519447773033,0.7878296050331738,0.5375984486274504,0.2398490028746017,0.0,0.1993954806848882,0.2354330758013885,0.7071773728867731,0.7293038685388965,0.5449991631641308,0.08627914011605628,0.0,0.0,0.0,0.0,0.0,0.0,0.0,0.0,0.0,0.0,0.0,0.0,0.0,0.0,0.0,0.0,0.0,0.0,0.0,0.0,0.0,0.0,0.0,0.0,0.02757166869832779,0.14276850425252222,0.1567153616771972,0.14454989783449937,0.10514323870597217,0.1669119781960578,0.09556767819782319,0.0,0.027414136919729194
mp-23116,0.1785521535345227,0.0,0.42335673702733473,0.9976546493658704,1.0,0.5223885914929328,0.2773332344697626,0.6373315258524356,0.7962158113716471,0.49561448685295484,0.08187929200692312,0.0,0.0510139910684398,0.08550197136549623,0.10596331355735472,0.13856503108761337,0.22382717937105726,0.24020697591525825,0.1957174625860789,0.12813900600891417,0.14159171249037666,0.17997318425444245,0.15542706991318292,0.0816463294935819,0.00631813488593568,0.0,0.0,1.8401313396255764e-05,5.493939308237154e-05,0.0,0.0,0.0,0.0,0.0,0.0,0.0,0.0,0.0,0.0,0.0,0.0,0.0,0.0,0.0,0.0,0.0,0.0,0.0,0.0,0.0,0.0
mp-23120,0.09763280405665324,0.5698304379117759,1.0,0.8186537080863941,0.45013509351835646,0.538399290471703,0.37545501101295475,0.2884002181734749,0.16371965501326555,0.21486410300805733,0.13203390451920433,0.08275709781793436,0.24467735039804617,0.35600612976566526,0.28025630350683073,0.16251625078368515,0.025896218293095748,0.0,0.0,0.0,0.0,0.0,0.0,0.0,0.0,0.0,0.0,0.0,0.0,0.0,0.0,0.0,0.0,0.0,0.0,0.0,0.0,0.0,0.0,0.0,0.0,0.0,0.0,0.0,0.0,0.0,0.0,0.0,0.0,0.0,0.0
mp-23127,0.06902547190929112,0.0,0.3485544522451722,0.7628488073565267,1.0,0.9551848397548037,0.8530270235773464,0.7761656491663809,0.6434281560764323,0.44587027027538007,0.32832161836648815,0.35009086584911314,0.33961397538367866,0.2020363483713612,0.396577889115982,0.5876214966753576,0.5195366245306628,0.32487977681894115,0.27870475963733626,0.27032038280003556,0.1264981762375836,0.07921212374336847,0.15819135825040684,0.1604848345623796,0.18761956988736814,0.198488460457695,0.24657309873998903,0.24801412799441394,0.17910110400550952,0.03952697209037777,0.0,0.21142357476852502,0.32670977085718195,0.2578194922112711,0.032256870003985215,0.0,0.0,0.0,2.363869295161671e-42,5.99180753687769e-42,0.0,0.0,0.0,0.0,0.0,0.0,0.0,0.0,0.0,0.0,0.0
mp-23137,0.0013703015536491688,0.013713325055543093,0.47928873878505296,0.899620393631828,1.0,0.6506066264895572,0.4118376959984419,0.3010158259192164,0.2565302339892798,0.4570108605466846,0.5553769579337813,0.6318511997024698,0.4895726334187761,0.44372167368940113,0.34240859874849705,0.14667340298767112,0.18525481371866376,0.25935586859568077,0.22519971269199154,0.05278404739250538,0.0,0.0,0.0,0.0,0.0,0.0,0.10490145347230753,0.238865267880873,0.47879961869673454,0.4055532554008142,0.20204545142577404,0.0,0.019897434240176627,0.07151637052852886,0.2221921489077816,0.23549632293787284,0.10005423071098174,0.024708677383001143,0.0,0.0691066408530739,0.0,0.0,0.0,0.0,0.0,0.0,0.0,0.0,0.0,0.0,0.0
mp-23193,0.021561738950764308,0.010428496111118027,0.1591669381064669,0.4001350209538769,0.5888060357121732,0.7238546369967321,1.0,0.9076082017071591,0.5523629178830822,0.08950801739456236,0.020701306903409992,0.042548008750217046,0.0,0.0,0.0,0.0,0.0,0.0,0.0,0.0,0.0,0.0,0.0,0.0,0.0,0.0,0.0,0.0,0.0,0.0,0.0,0.0,0.0,0.0,0.0,0.0,0.0,0.0,0.0,0.0,0.0,0.0,0.0,0.0,0.0,0.0,0.0,0.0,0.0,0.0,0.0
mp-23214,0.043269005502151375,0.0233594339102541,0.5401194074815224,0.9922011983362509,1.0,0.6241853437480237,0.3630121655519889,0.463308905178459,0.5189764700994719,0.5853392447302084,0.6981996781599201,0.9069082918129775,0.8297215016793011,0.49874185417126093,0.21369484396021787,0.09588354226498327,0.02303330572259793,0.0,0.0,0.0,0.0,0.0,0.0,0.0,0.0,0.0,0.0,0.0,0.0,0.0,0.0,0.0,0.0,0.0,0.0,0.0,0.0,0.0,0.0,0.0,0.0,0.0,0.0,0.0,0.0,0.0,0.0,0.0,0.0,0.0,0.0
mp-23222,0.0,0.13752797596564104,0.5449773120820022,0.7079073897998391,0.4360950891922689,0.0,0.011678188181273473,0.4203061520043541,0.6011352593144635,0.5305624294424467,0.1560632077701862,0.11864875607742359,0.0,0.0,0.5206516904816824,0.8293984936970935,1.0,0.5974541299647591,0.5291964255198867,0.21987433654217736,0.10528285235571459,0.0,0.0016702687974268833,0.03909176318439516,0.0,0.0,0.0,0.0,0.0,0.0,0.0,0.0,0.0,0.0,0.0,0.0,0.0,0.0,0.0,0.0,0.0,0.0,0.0,0.0,0.0,0.0,0.0,0.0,0.0,0.0,0.0
mp-23231,0.0,0.4962933574777924,0.8411934001502015,1.0,0.7831747314120502,0.8980703028099056,0.7173232892755165,0.38320998673135953,0.0,0.0,0.0,0.0,0.0,0.0,0.0,0.0,0.0,0.0,0.0,0.0,0.0,0.0,0.0,0.0,0.0,0.0,0.0,0.0,0.0,0.0,0.0,0.0,0.0,0.0,0.0,0.0,0.0,0.0,0.0,0.0,0.0,0.0,0.0,0.0,0.0,0.0,0.0,0.0,0.0,0.0,0.0
mp-23251,0.016689023676477715,0.08812053832925873,0.5887340300427547,0.8201239372573753,0.9702737574317136,1.0,0.9077261657672997,0.5752064727289801,0.0,0.0,0.0,0.0,0.0,0.0,0.0,0.0,0.0,0.0,0.0,0.0,0.0,0.0,0.0,0.0,0.0,0.0,0.0,0.0,0.0,0.0,0.0,0.0,0.0,0.0,0.0,0.0,0.0,0.0,0.0,0.0,0.0,0.0,0.0,0.0,0.0,0.0,0.0,0.0,0.0,0.0,0.0
mp-23259,0.17502587196576191,0.0,0.17384769368358943,0.6190254617230774,1.0,0.9393198552328721,0.4245589277075118,0.02363839301122153,0.1063326415161589,0.8057891523769005,0.9348568371678141,0.5933177969218019,0.0,0.14958763878402526,0.157706399371236,0.17489149829686879,0.1830952116163021,0.13422739400208694,0.05627075443177089,0.0,0.0,0.006870124207088063,0.0,0.0,0.0,0.0,0.0,0.0,0.0,0.0,0.0,0.0,0.0,0.0,0.0,0.0,0.0,0.0,0.0,0.0,0.0,0.0,0.0,0.0,0.0,0.0,0.0,0.0,0.0,0.0,0.0
mp-23260,0.0,0.412194300761323,0.8070463648325815,1.0,0.9818936680290098,0.6509126067407418,0.27328639825549805,0.0,0.016514442727636285,0.0,0.0,0.0,0.0,0.0,0.0,0.0,0.0,0.0,0.0,0.0,0.0,0.0,0.0,0.0,0.0,0.0,0.0,0.0,0.0,0.0,0.0,0.0,0.0,0.0,0.0,0.0,0.0,0.0,0.0,0.0,0.0,0.0,0.0,0.0,0.0,0.0,0.0,0.0,0.0,0.0,0.0
mp-23263,0.0,0.06129740053169397,0.24978814189980011,0.4562081905586631,0.6905021059681906,0.8876287322081807,1.0,0.8143994283600865,0.432346147430873,0.10638273341942377,0.0,0.03309673915490669,0.0,0.0,0.0,0.0,0.0,0.0,0.0,0.0,0.0,0.0,0.0,0.0,0.0,0.0,0.0,0.0,0.0,0.0,0.0,0.0,0.0,0.0,0.0,0.0,0.0,0.0,0.0,0.0,0.0,0.0,0.0,0.0,0.0,0.0,0.0,0.0,0.0,0.0,0.0
mp-23289,0.03479125134991458,0.0,0.1416144059201582,0.3880722500298708,0.7345479026519682,0.975206878321999,1.0,0.7322114530883757,0.35038936366022594,0.12297671558013872,0.025557738305497617,0.02182359914464562,0.0,0.0,0.0,0.0,0.0,0.0,0.0,0.0,0.0,0.0,0.0,0.0,0.0,0.0,0.0,0.0,0.0,0.0,0.0,0.0,0.0,0.0,0.0,0.0,0.0,0.0,0.0,0.0,0.0,0.0,0.0,0.0,0.0,0.0,0.0,0.0,0.0,0.0,0.0
mp-23349,0.021373197140903338,0.07752230410402905,0.3388880951424965,0.6529586231808672,0.9356891720944787,0.9394324266039517,0.6392160872719788,0.5140456299464512,0.7526077780179299,0.9584409248589075,0.8657510754154129,0.3921939849365018,0.39370185127072865,0.41635237438734707,0.33730628030683746,0.18313168439351618,0.22023143034595255,0.4673921105197904,0.5176921886345345,0.3752998838220132,0.14238669964745454,0.26447605867469287,0.38321159480443723,0.4285138216185717,0.2578714325024968,0.15435024311410125,0.3583063129163137,0.5116886124375046,0.4847145969835599,0.19038358007214867,0.3859961668828087,0.873802388855454,1.0,0.7815130302409434,0.2498364518082683,0.17903497049655637,0.20809839030125,0.22148042871764664,0.1627237650511293,0.05255318502718034,0.11461247197740011,0.27684388015255756,0.32300281049211993,0.23603790861961357,0.08422105850330237,0.1810863707963219,0.3949260485161128,0.5176012047815863,0.388013560685258,0.11838035622324897,0.0
mp-23353,0.0,0.7286546954841736,0.8953997431549889,0.634863823293829,0.24563845173441115,0.23153817777703428,0.9260324627607888,1.0,0.646903862403407,0.0,0.0,0.0,0.0,0.0,0.0,0.0,0.0,0.0,0.0,0.0,0.0,0.0,0.0,0.0,0.0,0.0,0.0,0.0,0.0,0.0,0.0,0.0,0.0,0.0,0.0,0.0,0.0,0.0,0.0,0.0,0.0,0.0,0.0,0.0,0.0,0.0,0.0,0.0,0.0,0.0,0.0
mp-23364,0.0,0.2879528402727979,0.8155961974358327,1.0,0.8044656430141273,0.8440112933038938,0.8816258436619213,0.7698577795873768,0.2522563441791328,0.4045997424149708,0.43352907916501043,0.3125549060744679,0.13305244051233162,0.07408818025280046,0.16965622151591814,0.1655641429248044,0.05573922429658443,0.16937623654285616,0.2676737727847376,0.24893760164983136,0.06359812314044598,0.0,0.0,0.0008882642592887426,0.000522973925887248,0.0,0.0,0.0,0.0,0.0,0.0,0.0,0.0,0.0,0.0,0.0,0.0,0.0,0.0,0.0,0.0,0.0,0.0,0.0,0.0,0.0,0.0,0.0,0.0,0.0,0.0
mp-23405,0.0,0.5742083615517453,0.9816212016731756,1.0,0.5256629364857188,0.1927899574688799,0.0,0.12848740250261584,0.2571674829392037,0.2720983653607852,0.16534467259658878,0.06670137684752174,0.0,0.009327763337563228,0.0,0.0,0.0,0.0,0.0,0.0,0.0,0.0,0.0,0.0,0.0,0.0,0.0,0.0,0.0,0.0,0.0,0.0,0.0,0.0,0.0,0.0,0.0,0.0,0.0,0.0,0.0,0.0,0.0,0.0,0.0,0.0,0.0,0.0,0.0,0.0,0.0
mp-23406,0.0,0.34258997868574365,0.8719652841787813,1.0,0.5746465185892782,0.0,0.16052920046234978,0.6146403316386626,0.8160488899415053,0.5289585050721111,0.08108009290524684,0.0,0.0,0.0,0.01029855856302927,0.4057910425001881,0.5884588046285492,0.4454595031575931,0.047864716510871645,0.0,0.12487675833218309,0.0,0.0,0.0,0.0,0.0,0.0,0.0,0.0,0.0,0.0,0.0,0.0,0.0,0.0,0.0,0.0,0.0,0.0,0.0,0.0,0.0,0.0,0.0,0.0,0.0,0.0,0.0,0.0,0.0,0.0
mp-23425,0.0,0.7686900378695696,1.0,0.9200817567235346,0.39798135858030387,0.3945163255790206,0.6689215868071716,0.41661869193333734,0.19391511176195053,0.0,0.10383909266757572,0.18127500042384134,0.4174708150506957,0.3882779665302216,0.25342047308723453,0.0,0.0,0.0,0.0,0.0,0.0,0.0,0.0,0.0,0.0,0.0,0.0,0.0,0.0,0.0,0.0,0.0,0.0,0.0,0.0,0.0,0.0,0.0,0.0,0.0,0.0,0.0,0.0,0.0,0.0,0.0,0.0,0.0,0.0,0.0,0.0
mp-23432,0.08495397496314754,0.0,0.19292631351503056,0.45849176611206177,0.5077543874961384,0.7918746865252099,0.9647425816135519,1.0,0.4951096408706846,0.183435376435963,0.3168307750433588,0.5451680164214037,0.47373535928568733,0.35764654326150175,0.2832858045411758,0.17992487358864645,0.015404036792816902,0.0,0.0,0.0,0.0003452636662960506,0.0,0.0,0.0,0.0,0.0,0.0,0.0,0.0,0.0,0.0,0.0,0.0,0.0,0.0,0.0,0.0,0.0,0.0,0.0,0.0,0.0,0.0,0.0,0.0,0.0,0.0,0.0,0.0,0.0,0.0
mp-23465,0.0,0.7259723843309898,1.0,0.9069757978877043,0.555748533170902,0.5805280469786672,0.6831586638207916,0.27550385529815635,0.0,0.0,0.0,0.2520727949656888,0.3905551955367315,0.42897114039175666,0.17848720571276294,0.09746082744232054,0.0,0.0,0.0,0.0,0.0,0.0,0.0,0.0,0.0,0.0,0.0,0.0,0.0,0.0,0.0,0.0,0.0,0.0,0.0,0.0,0.0,0.0,0.0,0.0,0.0,0.0,0.0,0.0,0.0,0.0,0.0,0.0,0.0,0.0,0.0
mp-23484,0.0,0.5898908169469583,1.0,0.9438990857955775,0.4927806881747313,0.28110478334328837,0.38754298211794364,0.39244003538311034,0.1963749844980597,0.04824550119862754,0.0,0.04022071924958266,0.08457352075751522,0.11226824548333543,0.10748373115503916,0.23250527236747384,0.2702740035855529,0.2061425158999361,0.05352580206307981,0.0,0.0,0.0,0.0,0.0,0.0,0.0,0.0,0.0,0.0,0.0,0.0,0.0,0.0,0.0,0.0,0.0,0.0,0.0,0.0,0.0,0.0,0.0,0.0,0.0,0.0,0.0,0.0,0.0,0.0,0.0,0.0
mp-23485,0.0,1.0,0.84725655120152,0.3157917641218673,0.21262841536672392,0.9051543721142721,0.9921426170655029,0.5461647565034443,0.0,0.0,0.0,0.0,0.0,0.0,0.0,0.0,0.0,0.0,0.0,0.0,0.0,0.0,0.0,0.0,0.0,0.0,0.0,0.0,0.0,0.0,0.0,0.0,0.0,0.0,0.0,0.0,0.0,0.0,0.0,0.0,0.0,0.0,0.0,0.0,0.0,0.0,0.0,0.0,0.0,0.0,0.0
mp-23513,0.1108720962989202,0.3928426330260134,0.9022234102245782,1.0,0.6241185397685618,0.2814523105557231,0.43345738426142355,0.8101877369797088,0.8605628592693993,0.34342435122331877,0.12523930798925698,0.0,0.0,0.0,0.0,0.2453798988496917,0.6438459464704773,0.638703965423291,0.29551962175803664,0.0,0.0,0.0,0.0,0.0,0.0,0.0,0.0,0.0,0.0,0.0,0.0,0.0,0.0,0.0,0.0,0.0,0.0,0.0,0.0,0.0,0.0,0.0,0.0,0.0,0.0,0.0,0.0,0.0,0.0,0.0,0.0
mp-23550,0.08835000780690658,0.0008129895386337103,0.5092530623415154,0.9599899452989211,1.0,0.8229551127976369,0.7481031526219116,0.5660167738507027,0.5765180879893534,0.5421092284933513,0.7455037543020955,0.44184896443165866,0.23392403683024246,0.006666275368768891,0.03617869843752878,0.21497768801335462,0.2393523324955609,0.1340591302380697,0.0,0.01803399413193176,0.1774767358223907,0.2687507815628745,0.358030662093452,0.17958959447552877,0.38858317615032467,0.38431589001719624,0.31836782690078624,0.14074407905106842,0.0,0.01046919359838746,0.0006415299227227774,0.0,0.0,6.525575190439345e-17,3.5851680590147074e-16,0.0,0.0,0.0,0.0,0.0,0.0,0.0,0.0,0.0,0.0,0.0,0.0,0.0,0.0,0.0,0.0
mp-23703,7.664047359807982e-05,0.0006125268804631214,0.0026999191396269366,0.006292788935942878,0.01178170945216818,0.01978306447742275,0.03093679748622385,0.046153569267245426,0.06669398966967383,0.09483227653531344,0.13315778394495445,0.18631210396965808,0.2547240536689828,0.4421951137417422,0.7406913095585753,1.0,0.9715518267041363,0.7167482485974477,0.4480784236021578,0.28120922670049403,0.409607899947937,0.5600787501114715,0.5729923196038684,0.35376170343741464,0.1811322667017877,0.10592163532849654,0.04350624743975937,0.00496419096556503,0.0,0.0,0.0,0.007924930159625162,0.026250355483621684,0.0499387281854122,0.07319099443053835,0.10135895338782012,0.14127872076031625,0.19760620176123503,0.29663168490954134,0.5615825693876901,0.8489526848861138,0.9181518072819845,0.7091399490755843,0.4509382154778513,0.30171455767861816,0.2315368395839183,0.14229135346389107,0.08639949939542113,0.11528242233439202,0.2450310336458321,0.40610665428490816
mp-2371,0.0,0.39942270686729353,0.8598839398417324,1.0,0.9337701203655908,0.8969099531574017,0.7979056827160952,0.4734904060251528,0.2429411808752393,0.562037181002331,0.6970250547170463,0.3698986394769022,0.11292032448441063,0.0,0.11697063909032258,0.0,0.0,0.0,0.0,0.0,0.0,0.0,0.0,0.0,0.0,0.0,0.0,0.0,0.0,0.0,0.0,0.0,0.0,0.0,0.0,0.0,0.0,0.0,0.0,0.0,0.0,0.0,0.0,0.0,0.0,0.0,0.0,0.0,0.0,0.0,0.0
mp-23737,0.0,0.007453613866716156,0.016951277897204617,0.0381787304527201,0.040362993690336746,0.615231152776241,1.0,0.791384488358878,0.32393314874824397,0.16677375851513848,0.45984114570774615,0.5126273092573799,0.510585240296908,0.5122769235237603,0.3264528741265189,0.08280725166823624,0.0,0.0,0.0,0.0,0.01502730602545003,0.04896241894259458,0.08346349717727347,0.10278204734680815,0.11379658043816952,0.1298512605284355,0.14875961355561282,0.1674257991602245,0.24720518421825435,0.3617380182230112,0.45590649416769274,0.4881960213860878,0.39585306664575726,0.284882003439138,0.2468659009139341,0.2799100715826056,0.3022043325705869,0.2580305498000232,0.18075744532193086,0.09451528265438087,0.16423628538208138,0.34134180923388296,0.35117773002274993,0.17660152438930954,0.0,0.0,0.0,0.0,0.0,0.0,0.008351507125175914
mp-23818,0.11179855858899625,0.0,0.062155585898399,0.3971058491623697,0.9521824244482573,1.0,0.5050753863392315,0.06844507468198555,0.0,0.0,0.0,0.0,0.0,0.0,0.02170768688692244,0.3146589781940716,0.716699214739405,0.956362696012916,0.690676077349832,0.29136073316620836,0.0,0.0,0.0,0.0,0.0,0.0,0.0,0.008280470796655429,0.03417400784587973,0.06299041648925663,0.1292702286942006,0.3614341504729679,0.5996528958454761,0.7213053246113704,0.6467836850909516,0.45867766784878766,0.527563615318746,0.6442638724463707,0.5497677845264957,0.2307964473553554,0.0,0.11820918006721294,0.27710154040193763,0.4463502990678079,0.7479510119092723,0.78096385176362,0.49586634202895297,0.08018415787008226,0.02588576153729751,0.21741664276135142,0.30157483253412676
mp-23859,0.0,0.009861604895808734,0.04407291832940332,0.07824497676850677,0.1635405265300574,0.42321221561298217,0.7451927038477375,0.9494850324073488,0.9750534599162834,1.0,0.7870775022666147,0.6317009573193341,0.42180979068608393,0.31103086597587365,0.01580290469747812,0.0,0.0,0.0,0.0,0.0,0.0,0.0,0.0,0.0,0.0,0.0,0.0,0.0,0.0,0.0,0.0,0.0,0.0,0.0,0.0,0.0,0.0,0.0,0.0,0.0,0.03730715476569307,0.16525501599587428,0.24662786763841513,0.22972946488523477,0.11100720917541364,0.15685166366378284,0.4179653930858577,0.5751827228534904,0.5152118172773973,0.2882769461452026,0.25803008375352154
mp-23861,0.08482507689377347,0.0,0.22558625193293777,0.5106897001222065,0.5436909701076104,0.7779513497665344,0.9614021505000233,1.0,0.5742690090430754,0.11634211149381068,0.0,0.0,0.0,0.0,0.0,0.0,0.0,0.0,0.0,0.0,0.0,0.0,0.0,0.0,0.0,0.0,0.0,0.0,0.0,0.0,0.0,0.0,0.0,0.0,0.0,0.0,0.06579366585435337,0.21184973861492076,0.5121842198990917,0.5424181842405953,0.3149675927568393,0.14743085025415387,0.18771363639115712,0.2417713717067723,0.13650069172547483,0.026846276397804868,0.006072892874817812,0.012002906444953415,0.007647143670055564,0.003261466137551934,0.000191736477044381
mp-23862,0.02706641908213075,0.042715606571096944,0.46345930788664513,0.8756064758043632,1.0,0.6838848906362832,0.32176259642907645,0.0464396629497803,0.0,0.0,0.0,0.0,0.0,0.0,0.0,0.0,0.0,0.0,0.0,0.0,0.0,0.0,0.0,0.0,0.0,0.0,0.0,0.0,0.0,0.0,0.0,0.0,0.0,0.0,0.13847928624810182,0.4151691193274242,0.4585066826012831,0.23924624916996792,0.06125382820803602,0.15044872803592038,0.1803543805371397,0.09112339472599894,0.025486029207501797,0.0,0.0026652592488584817,0.00020402405512493445,0.0,0.0,0.0,0.0,0.0
mp-239,0.0,0.051408304861781884,0.36968355451452944,0.7073876214255198,1.0,0.8302173082075153,0.8905124989477532,0.7849348079653223,0.5807648764401973,0.7615438134423078,0.7990810037595739,0.8430064456665463,0.2546464156910737,0.0,0.0,0.0,0.0,0.0,0.0,0.0,0.0,0.19131980977368906,0.601334749917855,0.647694718413363,0.3303586861481439,0.0,0.000978285431381039,0.08102361292478129,0.0,0.0,0.0,0.0,0.0,0.0,0.0,0.0,0.0,0.0,0.0,0.0,0.0,0.0,0.0,0.0,0.0,0.0,0.0,0.0,0.0,0.0,0.0
mp-23933,0.0,0.00317117123260361,0.01114561138191171,0.026929499505861165,0.052955068270601424,0.09122036529944945,0.22403125588468187,0.44364411422864786,0.5892491772576273,0.5876443813053666,0.5202690481618794,0.45132005195231967,0.4765833030276609,0.5495162818390457,0.8201670336397537,0.8455035138446017,0.5972201913792996,0.20861849826064738,0.0,0.0,0.0,0.0,0.0,0.0,0.0,0.006562511055078906,0.15025966117873585,0.38976072780434906,0.6315706676112949,0.7384321485095569,0.6823973761886759,0.5449177877887978,0.43829725720589846,0.442484087246132,0.43887619073169987,0.388550194435539,0.31909453473528493,0.2938900059982495,0.2974103188901175,0.2611717736303807,0.2058686843564354,0.14559352696316508,0.10250292552710442,0.12679703907538822,0.474815564518589,0.7118320111112049,0.5853737367161426,0.2098291474635085,0.3003756190168529,0.6228553304042135,1.0
mp-23956,0.0,0.010216457486222384,0.03952028598922738,0.02936988670723153,0.3742145453022573,0.8244003205694329,1.0,0.6432702680066218,0.0949690032889377,0.05379877057948149,0.3097412119481988,0.40356252641218376,0.3482258313572473,0.22622205222500041,0.10081867266357347,0.013377338989806038,0.0,0.0,0.0,0.0,0.0,0.0,0.014519439590069525,0.09754882132964728,0.17219773691541088,0.19258816367898232,0.15187199880997618,0.14604849061411168,0.2256212904804589,0.31410815414817345,0.3361653332471075,0.2672202160951367,0.21660433968035292,0.22665770386822548,0.22550084182291152,0.18849476005554633,0.1313756521592397,0.14349736547702283,0.15964140271556349,0.19832329820131978,0.236064308870083,0.20104143551657563,0.12355321956284285,0.04517000153376785,0.08402446765664198,0.11087105996283428,0.14434139909736868,0.18551383864530893,0.1931302872975566,0.13090673250548557,0.05707585694157719
mp-24084,0.08536785522122022,0.0,0.06264169780417288,0.5011701504282822,0.8558899100596685,1.0,0.7783776585525959,0.4164632021296806,0.1784394567469659,0.0,0.0,0.0,0.0,0.0,0.0,0.0,0.0,0.0,0.0,0.0,0.0,0.0,0.0,0.015924695976601618,0.13261778610143007,0.4598123485642264,0.6573752209541458,0.5989349779070958,0.34318097851377394,0.16402790474701398,0.08840082385837768,0.0666493877064684,0.09922945134562335,0.14138831080174694,0.15178252674521547,0.1631892346269362,0.19835881636994074,0.21545264809626227,0.1538679546427841,0.058873450395904345,0.0,0.0,0.0,0.0,0.0,0.0,0.0,0.0,0.0,0.0,0.0
mp-241,0.00044999500919801335,0.031325771344190435,0.10793861461388829,0.41804722763248936,0.8721280511774978,0.9953895398245692,0.8294641511187997,0.8226100591214746,1.0,0.9891012416367597,0.699599665067348,0.5850366170758894,0.5431744146228584,0.5050513319705504,0.615214815499702,0.8019361189518327,0.8738889691580461,0.7887061420886654,0.7729319736370568,0.5816174971144527,0.3179078808233233,0.0,0.0,0.054321034517422366,0.0,0.0,0.0,0.0,0.0,0.0,0.0,0.0,0.0,0.0,0.0,0.0,0.0,0.0,0.0,0.0,0.0,0.0,0.0,0.0,0.0,0.0,0.0,0.0,0.0,0.0,0.0
mp-24341,0.0,0.8159302241601656,1.0,0.6696195113034652,0.09891634190568603,0.0,0.05536594070472554,0.5152438062134457,0.8547026796499332,0.7522955369975235,0.22515624292546416,0.010213177701613438,0.015819719163362073,0.051525731570563664,0.31154043776620477,0.487168650576766,0.447749299258468,0.214852085973041,0.08358604314100318,0.21411170257134263,0.2715025066059081,0.20006423153166708,0.07006181997659325,0.0,0.0,0.0,0.0,0.0,0.0,0.0,0.0,0.0,0.0,0.0,0.0,0.0,0.0,0.0063432807340663856,0.14279774449456287,0.17952354879781476,0.3419574856626091,0.4989859945542706,0.633842964199479,0.47034641609295647,0.0869830222839357,0.0,0.0,0.0,0.0,0.0,0.0
mp-24424,0.037085559865234166,0.014159682637830153,0.24481045829383463,0.6168063448380192,0.9919449431110595,1.0,0.5985429807038642,0.1449031486925856,0.0,0.0,0.0,0.0,0.0,0.0,0.0,0.0,0.0,0.0,0.0,0.0,0.0,0.0,0.0,0.0,0.0,0.0,0.0,0.0,0.0,0.0,0.0,0.0,0.0,0.0,0.0,0.010978296195747876,0.19233838560887412,0.44273901472402005,0.4362359266488111,0.1958493010182484,0.07352394696037458,0.16462441411330397,0.17980772681955073,0.08489002176875907,0.018602377570983642,0.0028822547749907438,0.005979846294131924,0.0023913278226574916,9.843639733781947e-06,0.0,0.0
mp-24428,0.04488899554524948,0.0,0.13068199339184877,0.4776975167668556,0.7920581235500835,1.0,0.9303049671671938,0.6862471667034646,0.4649575228125002,0.4424261844694332,0.5292608550711752,0.5580427795653046,0.3492013480663118,0.18680917758043658,0.06949321787523939,0.052737943623908656,0.08091877788159159,0.1086634329725189,0.1690823530857722,0.30230739752074515,0.3399323383364482,0.2686423638339695,0.14795589645213622,0.14776683064392307,0.20151529281249303,0.2089033322921487,0.2202135673047183,0.2324784611865769,0.2693722215797032,0.19721734014880335,0.07767914826211685,0.0,0.0,0.0,0.0,0.0,0.0,0.0,0.0,0.0,0.0,0.0,0.0,0.0,0.0,0.0,0.0,0.0,0.0,0.0,0.0
mp-2455,0.0,0.01719152937401803,0.0238275101038523,0.08545147033185418,0.24219264917554323,0.40433336614200266,0.5714748159596381,0.7265614708450716,0.8932774804157215,0.7693592599534315,0.5642832516929306,0.3644057183505641,0.6730472811587402,1.0,0.9243702006924679,0.49449683595919747,0.07095237204181543,0.0,0.007296324212932423,0.008163728619487363,0.0,0.0,0.0,0.0,0.0,0.0,0.0,0.0,0.0,0.0,0.0,0.0,0.0,0.0,0.0,0.0,0.0,0.0,0.0,0.0,0.0,0.0,0.0,0.0,0.0,0.0,0.0,0.0,0.0,0.0,0.0
mp-24589,0.0,0.07840224912570457,0.39499349000536127,0.7468802878160788,1.0,0.8820540730680397,0.7483430316011472,0.4446164232537883,0.2619801053958138,0.23943781136721398,0.24172698401171525,0.3758698213004516,0.3404889243841716,0.22161626965785555,0.06747475374102077,0.0,0.0,0.0,0.0,0.0,0.0,0.0,0.0,0.0,0.0,0.0,0.04276139899730642,0.16238687671025837,0.14900986351915788,0.1814959545984124,0.22308302936227323,0.19325956620679285,0.10510280371865545,0.0,0.0,0.0,0.0,0.0,0.0,0.0,0.0,0.0,0.0,0.0,0.0,0.0,0.0,0.0,0.0,0.0,0.0
mp-2469,0.0,0.20513052695733255,0.6475095641519836,0.7761929901096477,0.4251887169715512,0.15644415446126664,0.3129752794096224,0.3115804173837839,0.12037886467816919,0.0,0.0,0.012244971107417058,0.4432270481000496,0.9515150851783738,1.0,0.5088281326266586,0.04549956946474366,0.0,0.0,0.0,0.0,0.0,0.0,0.0,0.0,0.0,0.0,0.0,0.0,0.0,0.0,0.0,0.0,0.0,0.0,0.0,0.0,0.0,0.0,0.0,0.0,0.0,0.0,0.0,0.0,0.0,0.0,0.0,0.0,0.0,0.0
mp-2490,0.0,0.01428573523543972,0.013549829895531704,0.1361921660753749,0.4331199155863459,0.6311265247534016,0.5332416531279996,0.23364592246849014,0.0682038798940061,0.14927996178570158,0.28803371781422044,0.25488865750401973,0.10613657629149872,0.0,0.0,0.0,0.37556771698284336,0.734312977486884,1.0,0.6602716500671356,0.12015480581959931,0.0,0.0,0.010538233563126534,0.0,0.0,0.0,0.0,0.0,0.0,0.0,0.0,0.0,0.0,0.0,0.0,0.0,0.0,0.0,0.0,0.0,0.0,0.0,0.0,0.0,0.0,0.0,0.0,0.0,0.0,0.0
mp-2517,0.010841552454513133,0.009383095364967136,0.14019757778276745,0.3166249235008007,0.5096539850942662,0.7357972779726479,0.8679077678826077,0.9796658989931571,0.9006936507251324,1.0,0.8244230376130224,0.7886829994513753,0.8794661300455089,0.7424334849601658,0.41401878556659194,0.0,0.0,0.030997103566265765,0.0,0.0,0.0,0.0,0.0,0.0,0.0,0.0,0.0,0.0,0.0,0.0,0.0,0.0,0.0,0.0,0.0,0.0,0.0,0.0,0.0,0.0,0.0,0.0,0.0,0.0,0.0,0.0,0.0,0.0,0.0,0.0,0.0
mp-252,0.04837540410119232,0.0,0.0888200872712344,0.4145288739874315,0.7553541685356261,0.7829339844320758,0.743472310997402,0.5161646600315533,0.30326133171593633,0.048975256991745354,0.0,0.0,0.0,0.0,0.0,0.0,0.0,0.0,0.0,0.0,0.0,0.36097297827497565,0.8844039742931459,1.0,0.7459797872887126,0.37397239372660074,0.32922720988518456,0.04108646003992066,0.0,0.0,0.0,4.253396249995919e-09,6.378282578247743e-09,0.0,0.0,0.0,0.0,0.0,0.0,0.0,0.0,0.0,0.0,0.0,0.0,0.0,0.0,0.0,0.0,0.0,0.0
mp-2530,0.04333534530058981,0.0,0.25029714198139835,0.5963274447495622,0.7241926612398566,0.4525962474289254,0.12105938003336023,0.0,0.0,0.0,0.0,0.17555518917029325,0.5906011101613585,0.8919707027311818,1.0,0.6438819051660979,0.38420897969115786,0.19914175497061332,0.2600251640651288,0.19972371838703096,0.002853099667301599,0.0,0.0,0.0050022788948340564,0.0,0.0,0.0,0.0,0.0,0.0,0.0,0.0,0.0,0.0,0.0,0.0,0.0,0.0,0.0,0.0,0.0,0.0,0.0,0.0,0.0,0.0,0.0,0.0,0.0,0.0,0.0
mp-2534,0.13270658480357522,0.0,0.1513768072134213,0.5283438501843528,0.7158539808006814,0.5138653413769539,0.14816601188123485,0.09359038530456817,0.2395174430308363,0.26398076679278276,0.18567540748936212,0.4682776643648416,1.0,0.9699997870532217,0.5076593468209434,0.0,0.0,0.0,0.0,0.0,0.0,0.0,0.0,0.0,0.0,0.0,0.0,0.0,0.0,0.0,0.0,0.0,0.0,0.0,0.0,0.0,0.0,0.0,0.0,0.0,0.0,0.0,0.0,0.0,0.0,0.0,0.0,0.0,0.0,0.0,0.0
mp-2542,2.2065521296234196e-05,0.00030911549993222794,0.0012631331810286546,0.002828153495887596,0.005040002842326057,0.007998476219334595,0.011638684309973654,0.016081979557384468,0.021555101364628317,0.027996861429582617,0.03581530794758496,0.04512141845553596,0.056537382384212756,0.07021270277522532,0.0878777716933712,0.11620810667728244,0.1491351139617287,0.20177672259300994,0.24691062422599783,0.2618600517904409,0.2425332713929825,0.210183051307692,0.19820227406096425,0.19269776108677475,0.1865558911384883,0.17495304355736482,0.16049964904631597,0.15417104767878234,0.15438105862560805,0.15764350884968212,0.15066502136636423,0.18406265205916572,0.16246505840478478,0.2783931737184087,0.6253329370899036,1.0,0.9130749378875265,0.37141110748610384,0.0,0.0,0.04494809929626775,0.08982006027715136,0.12190016638734598,0.13409437960772663,0.14466564092710388,0.14609361847969465,0.13693621620297927,0.11781044337657792,0.09765452768511691,0.0861173999916551,0.07513503999315402
mp-2600,0.0,0.13885655953722864,0.5098727262957011,0.9323259160301668,1.0,0.682627051794717,0.1358271274477733,0.0,0.0,0.0,0.0,0.0,0.0,0.0,0.0,0.0,0.0,0.0,0.0,0.0,0.0,0.0,0.0,0.0,0.0,0.0,0.0,0.0,0.0,0.0,0.0,0.0,0.0,0.0,0.0,0.0,0.0,0.0,0.0,0.0,0.0,0.0,0.0,0.0,0.0,0.0,0.0,0.0,0.0,0.0,0.0
mp-2605,0.0,0.0016777285112513697,0.006316504281853908,0.014854407267896557,0.028284393035028225,0.048577248375599236,0.07851823264279767,0.127293929679906,0.27371496668750084,0.45288628200003334,0.49721297394488495,0.38850096718361593,0.18830687882667832,0.17670259843737313,0.692178282033236,1.0,0.8904982696263409,0.3539028888399745,0.09474942396045462,0.0913529709603054,0.12164547756271611,0.13756067767386973,0.1493746091444445,0.15061021719521328,0.13285540267810123,0.10387698953977953,0.07442005049646745,0.04141087303597385,0.012012764109803134,0.0,0.0,0.0,7.060891564170736e-08,0.0,0.0,0.0,0.0,0.0,0.0,0.0,0.0,0.0,0.0,0.0,0.0,0.0,0.0,0.0,0.0,0.0,0.0
mp-2624,0.08423128483828156,0.0,0.2940301335263034,0.621015098295442,0.5727946018196056,0.32618200902419436,0.27510543612604604,0.26480236291610504,0.1465002925457575,0.0,0.0,0.0,0.0,0.07250069382750148,0.6702491419962673,1.0,0.769036242055179,0.07494357011774082,0.0,0.008884941974028266,0.0022823425513880035,0.0,0.0,0.0,0.0,0.0,0.0,0.0,0.0,0.0,0.0,0.0,0.0,0.0,0.0,0.0,0.0,0.0,0.0,0.0,0.0,0.0,0.0,0.0,0.0,0.0,0.0,0.0,0.0,0.0,0.0
mp-2667,0.0,0.6460557091912379,1.0,0.8847501292590245,0.28471398763901923,0.0,0.0,0.0,0.0,0.0,0.0,0.0,0.0,0.0,0.0,0.0,0.0,0.0,0.0,0.0,0.0,0.0,0.0,0.0,0.0,0.0,0.0,0.0,0.0,0.0,0.0,0.0,0.0,0.0,0.0,0.0,0.0,0.0,0.0,0.0,0.0,0.0,0.0,0.0,0.0,0.0,0.0,0.0,0.0,0.0,0.0
mp-2672,0.030384138391331195,0.0,0.08798176250658928,0.28874881222340043,0.5909679003657534,0.8206155779598238,0.9384050036522684,0.8989062171133321,0.6526651160500081,0.8168791289239009,1.0,0.881966186705942,0.7022881759461567,0.6006248064467917,0.5384559096482254,0.27666021114899175,0.0,0.004718852535211907,0.0,0.0,0.0,0.0,0.0,0.0,0.0,0.0,0.0,0.0,0.0,0.0,0.0,0.0,0.0,0.0,0.0,0.0,0.0,0.0,0.0,0.0,0.0,0.18686560489923576,0.3529600948272498,0.3266751008160861,0.10801062340509089,0.0,0.0,0.0,0.0,0.0,0.0
mp-2691,0.0,0.4871089413726666,0.7048900750657727,0.5647867661616431,0.18093885636705326,0.18923337939822832,0.20410333941850575,0.2215518903195846,0.742698591658569,1.0,0.6020566727515398,0.0,0.05840554661845505,0.0,0.0,0.0,0.0,0.0,0.0,0.0,0.0,0.0,0.0,0.0,0.0,0.0,0.0,0.0,0.0,0.0,0.0,0.0,0.0,0.0,0.0,0.0,0.0,0.0,0.0,0.0,0.0,0.0,0.0,0.0,0.0,0.0,0.0,0.0,0.0,0.0,0.0
mp-27138,0.0,0.559888116233,0.7443112080404917,0.8060333413158628,0.8275356208556428,1.0,0.8318487655925844,0.30521742711937805,0.15586150402382629,0.20751305258224223,0.1580519141422276,0.046160100679675194,0.19022885425515773,0.2486867708285873,0.10255216072466468,0.0,0.0,0.0,0.0,0.0,0.0,0.0,0.0,0.0,0.0,0.0,0.0,0.0,0.0,0.0,0.0,0.0,0.0,0.0,0.0,0.0,0.0,0.0,0.0,0.0,0.0,0.0,0.0,0.0,0.0,0.0,0.0,0.0,0.0,0.0,0.0
mp-27207,0.06670816944771772,0.19314819630803517,0.5362518481318042,0.857155525357227,1.0,0.8217063130497659,0.6673450899937375,0.5185859603069445,0.4477623038848476,0.3617141362792938,0.21478230005496574,0.12455794727650384,0.07084156163550807,0.1583620321816001,0.28141395840840006,0.32663150677124336,0.24625232345723755,0.1090391278761422,0.015013597869573542,0.0,0.0,0.0,0.0,0.0,0.0,0.0,0.0,0.0,0.0,0.0,0.0,0.0,0.0,0.0,0.0,0.0,0.0,0.0,0.0,0.0,0.0,0.0,0.0,0.0,0.0,0.0,0.0,0.0,0.0,0.0,0.0
mp-27227,0.0,0.07242076028357028,0.434253709887517,0.7895902679597289,1.0,0.7891719681955158,0.5777830239567207,0.3346300320737931,0.1649967584318114,0.05129038933779153,0.0,0.013984491878631204,0.04269553143712034,0.04414688767456522,0.07374989089582051,0.17608336552980133,0.31535640966398015,0.4175452256494494,0.3890367047021625,0.4102583128716196,0.4488828959729967,0.5441390898380308,0.5156407641655645,0.41242050277128306,0.2577719157992847,0.1426196950302451,0.049191039769926746,0.0,0.0,0.0,2.4113951855263616e-07,2.827762070289656e-07,0.0,0.0,0.0,0.0,0.0,0.0,0.0,0.0,0.0,0.0,0.0,0.0,0.0,0.0,0.0,0.0,0.0,0.0,0.0
mp-27243,0.0,0.5744275274507799,0.7570234590516836,0.7843188248078811,0.8005600792910355,1.0,0.782371906226162,0.29242984876358263,0.0,0.10764090758228677,0.31766988911787686,0.39861856454772493,0.23296961386134252,0.08329177552843106,0.0,0.0,0.0,0.0,0.0,0.0,0.0,0.0,0.0,0.0,0.0,0.0,0.0,0.0,0.0,0.0,0.0,0.0,0.0,0.0,0.0,0.0,0.0,0.0,0.0,0.0,0.0,0.0,0.0,0.0,0.0,0.0,0.0,0.0,0.0,0.0,0.0
mp-27253,0.00190902697773297,0.04186512618489367,0.20851310457843855,0.3936887916869134,0.5880187459734113,0.7466649540062542,0.7775527883239063,0.646184066729098,0.6020156377617661,0.488903526527369,0.28855732316287086,0.0,0.016070939532604935,0.29176248444118424,0.34196417558240144,0.18735547197578944,0.0,0.17181008092849676,0.41243828577457803,0.5552570308938524,0.3803297830991931,0.15011536136191436,0.0,0.0,0.0,0.026552884273946396,0.3837379396573309,0.8349002983953675,0.7651595172125945,1.0,0.9959167492632539,0.8065904208518694,0.14704966430511682,0.0,0.0,0.0,0.0,6.084300065405052e-32,6.917687554672362e-32,0.0,0.0,0.0,0.0,0.0,0.0,0.0,0.0,0.0,0.0,0.0,0.0
mp-27255,0.0,0.35451282219335306,0.7979948975147808,1.0,0.7952341952175249,0.7090420918722882,0.42574456002110705,0.31533299182082297,0.1809133768901946,0.48552416551880967,0.5943578797586546,0.37237462932118925,0.23794643441411867,0.35547569001309187,0.5242206735277225,0.7374639381816541,0.7899540136328649,0.8469609797886479,0.43401565647462764,0.09410667864954578,0.036545421430513474,0.0,0.010138296700038046,0.0,0.0,0.0,0.0,0.0,0.0,0.0,0.0,0.0,0.0,0.0,0.0,0.0,0.0,0.0,0.0,0.0,0.0,0.0,0.0,0.0,0.0,0.0,0.0,0.0,0.0,0.0,0.0
mp-27294,0.0,0.4543325340652562,0.665269416260583,0.6199804939792367,0.6747859876576049,0.8153469198320925,0.7475817395739337,0.7802947372950927,0.8696811208705241,1.0,0.7324102200877615,0.3896579249098325,0.15899225186613797,0.08679260818305637,0.0,0.0,0.0,0.0,0.0,0.0,0.0,0.0,0.0,0.0,0.0,0.0,0.0,0.0,0.0,0.0,0.0,0.0,0.0,0.0,0.0,0.0,0.0,0.0,0.0,0.0,0.0,0.0,0.0,0.0,0.0,0.0,0.0,0.0,0.0,0.0,0.0
mp-27315,0.0,0.14108759693695808,0.6481544794084215,1.0,0.9066850766745072,0.4499084416001179,0.781398976652588,0.8351454578105512,0.7679175270978246,0.5287165697759095,0.40761537867354597,0.7032118459604698,0.8750928968917905,0.8326894486631352,0.5614586189143222,0.42299247897813885,0.7002162952720068,0.47657136361044045,0.12413441374402012,0.0,0.0,0.0,0.0,0.3016605477537932,0.4938964735938784,0.3448632192570195,0.3276837904266486,0.5041780609770413,0.4722372669764861,0.16091084789642496,0.0,0.26158385413665514,0.3917662457176808,0.3860808277579439,0.1522079199269447,0.07219731157868922,0.0,0.0,0.0,0.0,3.185712122846309e-54,8.070625166874274e-54,0.0,0.0,0.0,0.0,0.0,0.0,0.0,0.0,0.0
mp-27385,0.0,0.6706799658159142,0.9864951232425972,1.0,0.8550495534902487,0.9500225131619068,0.8424125095445255,0.45076559325628346,0.07373478566268363,0.0,0.0,0.0,0.2504101817670794,0.6408394272783945,0.6563220461608639,0.2910091112955388,0.0,0.0,0.0,0.0,0.0,0.0,0.0,0.0,0.0,0.0,0.0,0.0,0.0,0.0,0.0,0.0,0.0,0.0,0.0,0.0,0.0,0.0,0.0,0.0,0.0,0.0,0.0,0.0,0.0,0.0,0.0,0.0,0.0,0.0,0.0
mp-2741,0.0,0.006172567135133795,0.023259455709214127,0.053418836182503524,0.0978286246637638,0.14518946641032082,0.34265712130592,0.6218788306154218,0.742555533686959,0.6034783868175583,0.5346818015921141,0.7656356839778746,0.9738294947125814,1.0,0.8151602737475624,0.8998199587315964,0.7866852380765794,0.5655714637657793,0.3451225359105563,0.2455660182991243,0.29113676210671324,0.14377394792514378,0.09030958405952673,0.04094635032832537,0.005779013353258841,0.0,0.0006255667084923598,0.0032785727624039572,0.0,0.0,0.0,0.0,0.0,0.0,0.0,0.0,0.0,0.0,0.0,0.0,0.0,0.0,0.0,0.0,0.0,0.0,0.0,0.0,0.0,0.0,0.0
mp-27419,0.0,0.27723689595266093,0.4365929489545868,0.6332819605554821,0.6868255482090633,0.4831912825416784,0.6253302370814412,0.4533142944930344,0.6022407624423317,0.7293738325880362,1.0,0.8583539398414917,0.30241848987440645,0.09655339700596106,0.3024307787920648,0.41950329595621816,0.3331440744355576,0.15153000387343213,0.0925382635875197,0.007491219700300218,0.0,0.0,0.0,0.047110206172855926,0.21245559560556787,0.5631234154217797,0.7891004346222978,0.6970285435547549,0.4783313196144389,0.041469130875467254,0.011234281248659996,0.0,0.0,9.637644650663271e-16,1.856149722406655e-15,0.0,0.0,0.0,0.0,0.0,0.0,0.0,0.0,0.0,0.0,0.0,0.0,0.0,0.0,0.0,0.0
mp-27422,0.0,0.590584026265327,1.0,0.9034876137518875,0.32777359154229585,0.06111708629755595,0.33359217433667326,0.3256117624229083,0.18974443115968112,0.3262731774289695,0.7169262302307978,0.6240488678249231,0.20769618173779889,0.0,0.0,0.0,0.0,0.0,0.0,0.0,0.0,0.0,0.0,0.02878969104124019,0.10873161512602288,0.41944105949276556,0.6158191869179681,0.43963238432458157,0.2563629988290441,0.0,0.0,0.0,8.995921755104081e-11,7.814714945985118e-11,0.0,0.0,0.0,0.0,0.0,0.0,0.0,0.0,0.0,0.0,0.0,0.0,0.0,0.0,0.0,0.0,0.0
mp-27456,0.0,0.2205590479892813,0.6008498822766093,0.9118850122820177,0.941461192880899,1.0,0.7512021485950554,0.44414680276915475,0.06369752632268867,0.0,0.0,0.0,0.0,0.0,0.0,0.0,0.0,0.0,0.0,0.0,0.0,0.0,0.0,0.0,0.0,0.0,0.0,0.0,0.0,0.0,0.0,0.0,0.0,0.0,0.0,0.0,0.0,0.0,0.0,0.0,0.0,0.0,0.0,0.0,0.0,0.0,0.0,0.0,0.0,0.0,0.0
mp-27546,0.0007059516998819066,0.00983280330635921,0.05258488668778717,0.09200874463116526,0.18461126628098004,0.39024879951145797,0.7612138735323508,0.9673741846154884,1.0,0.8192586543854088,0.5639580613929797,0.5587921767418981,0.6046526776976401,0.6804511699600889,0.48097883941549685,0.3237967607358384,0.308491673669585,0.40703691981244117,0.3348643330486416,0.15542665054198074,0.0069738172156059,0.004469795064292583,0.003125443313126999,0.0,0.0,0.0007350554873700599,0.0,0.0,0.0,0.0,0.0,0.0,0.0,0.0,0.0,0.0,0.0,0.0,0.0,0.0,0.0,0.0,0.0,0.0,0.0,0.0,0.0,0.0,0.0,0.0,0.0
mp-27549,0.0,0.38926899217620364,0.7906545724343523,1.0,0.8978211037334448,0.7680764026927626,0.5527575795034422,0.3655683801461432,0.19502695050055477,0.10709664118580627,0.010990643515263179,0.0,0.0,0.0,0.0,0.0,0.0,0.0,0.0,0.0,0.0,0.0,0.0,0.0,0.0,0.0,0.0,0.0,0.0,0.0,0.0,0.0,0.0,0.0,0.0,0.0,0.0,0.0,0.0,0.0,0.0,0.0,0.0,0.0,0.0,0.0,0.0,0.0,0.0,0.0,0.0
mp-27608,0.0,0.002357843185870274,0.007489316957879667,0.017595137207924452,0.03576625681799739,0.0874459673365983,0.1509057294831996,0.21588768603721195,0.28681482108544076,0.3534657461946367,0.3502084750049602,0.29290234780891994,0.21859883092133717,0.15912528530081418,0.255567933100454,0.37807593444439486,0.4792750418207457,0.4130807129953125,0.40891481482759573,0.33245191534040697,0.3265383318660267,0.26894382957134466,0.2221236518633991,0.18908490135743988,0.14531375811506084,0.10422140717627248,0.10804804200528105,0.20096111692584864,0.34007438307396143,0.44451062729665997,0.4155360570269294,0.23469704082973297,0.12462767744402475,0.47248260731271724,0.8849745523240702,1.0,0.4913977830556545,0.41733851531537874,0.44195561820823975,0.6598336862167361,0.4723930578768561,0.1878558492424018,0.062159342809268346,0.12334252264879524,0.115195951932492,0.02906924044746657,0.08896649740517516,0.11826395799002862,0.2007296019361882,0.16977895970295095,0.14381051125061253
mp-27691,0.2087589996574708,0.4312248202371914,0.6474484114478313,0.897493071760268,1.0,0.7219835702396737,0.32765559276388806,0.02609767557007258,0.0,0.1835040662805465,0.31542102900669844,0.41253140247835524,0.32074845502521826,0.04179891022545902,0.0,0.0,0.0,0.0,0.0,0.0,0.0,0.0,0.0,0.0,0.0,0.0,0.0,0.0,0.0,0.0,0.0,0.0,0.0,0.0,0.0,0.0,0.0,0.0,0.0,0.0,0.0,0.0,0.0,0.0,0.0,0.0,0.0,0.0,0.0,0.0,0.0
mp-27716,0.0,0.44164872458250637,0.7227591122221477,0.858673937723829,0.8478878835844866,0.8040375849454949,1.0,0.7254164061546927,0.4398349805274273,0.11972924960464296,0.0,0.16424932625092362,0.48994289471875696,0.6260464995770949,0.432572795783671,0.28458547924128497,0.3048150141063795,0.32967520897424646,0.1906119533557029,0.0644629534104913,0.029181835068223836,0.014062860483556594,0.003401599760140395,0.0,0.0004269393023390234,0.001395958961554764,0.0,0.0,0.0,0.0,0.0,0.0,0.0,0.0,0.0,0.0,0.0,0.0,0.0,0.0,0.0,0.0,0.0,0.0,0.0,0.0,0.0,0.0,0.0,0.0,0.0
mp-27828,0.0,0.3650896595153036,0.9685310352669076,1.0,0.795257729669473,0.41404308198576517,0.19987249611489932,0.17923829730526475,0.503866351784799,0.6585839519407922,0.430134396834116,0.02191207939438589,0.2211016454427437,0.1399210397307043,0.0,0.23010385409306017,0.3388538664136536,0.31873849561159906,0.0824392410862153,0.05144275824226434,0.003234350289499321,0.0,0.0005471706285805042,0.0,0.0,0.0,0.0,0.0,0.0,0.0,0.0,0.0,0.0,0.0,0.0,0.0,0.0,0.0,0.0,0.0,0.0,0.0,0.0,0.0,0.0,0.0,0.0,0.0,0.0,0.0,0.0
mp-27830,0.0,0.3721672485774819,0.9293012736589491,1.0,0.6405802992428472,0.12148336539165852,0.5579773290328979,0.7681443187662182,0.4541804521544689,0.17863119491201548,0.0,0.16158664951826138,0.3725329808849472,0.43398937298910306,0.27082072259396955,0.14913772485019805,0.012271015367068611,0.00014124641299795139,0.0,0.0,0.0,0.0,0.0,0.0,0.0,0.0,0.0,0.0,0.0,0.0,0.0,0.0,0.0,0.0,0.0,0.0,0.0,0.0,0.0,0.0,0.0,0.0,0.0,0.0,0.0,0.0,0.0,0.0,0.0,0.0,0.0
mp-27839,0.03095535355720245,0.33992759825518976,0.8774519850641636,1.0,0.8371907357077704,0.39376195057675095,0.18194378993997937,0.036352050875637726,0.5410485811910329,0.6401586972920196,0.35368250813601354,0.0,0.18896368619969037,0.19965523434699983,0.04568341395925618,0.12428522668598609,0.3013833800243322,0.3069373387326369,0.17384224470169005,0.06345024225069251,0.06266333240187738,0.012779599642214874,0.0,0.0,0.0,0.0,0.0,0.0,0.0,0.0,0.0,0.0,0.0,0.0,0.0,0.0,0.0,0.0,0.0,0.0,0.0,0.0,0.0,0.0,0.0,0.0,0.0,0.0,0.0,0.0,0.0
mp-27869,0.0,0.06944451834197973,0.2663034189256004,0.5859694698559268,0.9829952466189035,1.0,0.5776053823393051,0.11068945024582437,0.07832733299466202,0.2691142921457147,0.32425556533645156,0.22970763938683644,0.16746976191003,0.05956533995502063,0.0,0.030979970280567568,0.0,0.0,0.0,0.0,0.0,0.0,0.0,0.0,0.0,0.0,0.0,0.0,0.0,0.0,0.0,0.0,0.0,0.0,0.0,0.0,0.0,0.0,0.0,0.0,0.0,0.0,0.0,0.0,0.0,0.0,0.0,0.0,0.0,0.0,0.0
mp-27882,0.0,0.2711795772213136,0.827338237706726,1.0,0.5411187261367405,0.19572354625897007,0.1826537878999829,0.22094153321629748,0.3568932229334346,0.410061992484076,0.6659768924393954,0.42453510205355344,0.07274600478744045,0.08446307150735043,0.27552803548045085,0.37863410095051947,0.2548706055073649,0.0,0.03143387613927265,0.024490860278330383,0.0,0.0,0.0,0.0,0.0,0.0,0.0,0.0,0.0,0.0,0.0,0.0,0.0,0.0,0.0,0.0,0.0,0.0,0.0,0.0,0.0,0.0,0.0,0.0,0.0,0.0,0.0,0.0,0.0,0.0,0.0
mp-27904,0.0,0.01030469763734485,0.02450717581853567,0.04139439560919754,0.18925573773136345,0.4424071768942609,0.80328863293959,0.961164771371546,0.6639454286062374,0.40143884695612597,0.3436028092607792,0.522129758175938,0.7958322933039412,0.6733925884468017,0.4664489604607303,0.3990386363316503,0.7009432171711433,1.0,0.6871648244147066,0.266279474618375,0.30161441680291484,0.4354767163121258,0.3352508936512168,0.07657771039966267,0.0,0.0,0.002952466309956874,0.00025573192322798867,0.0,0.0,0.0,0.0,0.0,0.0,0.0,0.0,0.0,0.0,0.0,0.0,0.0,0.0,0.0,0.0,0.0,0.0,0.0,0.0,0.0,0.0,0.0
mp-8257,0.04032996980437376,0.006756945886178627,0.24946403979137594,0.5600089289799072,0.7958370714989225,1.0,0.8543553076444332,0.6999507307210258,0.6470464010884309,0.7995520728089863,0.7908387799891442,0.560234637225967,0.36796113207401115,0.4039315291392697,0.4049266352303435,0.47723589589115567,0.3687598718010835,0.1487918388855285,0.0,0.0,0.0,0.0,0.0,0.0,0.0,0.0,0.0,0.0,0.0,0.0,0.0,0.0,0.0,0.0,0.0,0.0,0.0,0.0,0.0,0.0,0.0,0.0,0.0,0.0,0.0,0.0,0.0,0.0,0.0,0.0,0.0
mp-8262,0.0,0.12538956670796433,0.3530073041736015,0.6344112318896148,0.9280309444962518,1.0,0.8314229130754839,0.6933324284003045,0.5639674127144703,0.45549344538335834,0.2530321015234649,0.10411242120841589,0.0,0.0,0.0,0.0,0.08370904990379648,0.1723860710354343,0.36090683334709955,0.3158773662468893,0.12805247619055943,0.008237563171134464,0.0,0.0,0.22577698381083897,0.32773014851408677,0.2533661424621272,0.009433499766920511,0.0,0.00025663775823284136,0.0003924627120901234,0.0,0.0,0.0,0.0,0.0,0.0,0.0,0.0,0.0,0.0,0.0,0.0,0.0,0.0,0.0,0.0,0.0,0.0,0.0,0.0
mp-8267,0.06960138581596773,0.3702291371129724,0.6141087668100981,0.9443478130117151,1.0,0.7509594498479799,0.41454227047267356,0.1873894741911246,0.3343300267549452,0.41572237342183116,0.2877836715088446,0.41397790894735065,0.2804671161801109,0.2115087150229209,0.08425407755975077,0.15495243891113258,0.17549961009234266,0.08204206024208027,0.14769078801837368,0.1776996399553283,0.23072062606865915,0.10102437982776491,0.006309807445016882,0.0,0.027407261758595616,0.1300579960409237,0.21789960565652086,0.18608164431110435,0.0611116952705402,0.10807906891699436,0.092659775795262,0.1478535772112806,0.18965194101427635,0.2435329510142688,0.130426484843542,0.0,0.0,0.019352570685102058,0.0,0.0,0.0,0.0,0.0,0.0,0.0,0.0,0.0,0.0,0.0,0.0,0.0
mp-827,0.033668356043418515,0.0,0.06515398429185584,0.2840764348724758,0.5402676067108446,0.8639590311593908,1.0,0.9655547143652586,0.6953290508084604,0.42591085004707263,0.18773622952422006,0.10819010151866425,0.013650162474673218,0.0,0.0,0.0,0.0,0.0,0.0,0.0,0.0,0.0,0.0,0.0,0.0,0.0,0.0,0.0,0.0,0.0,0.0,0.3399978105934375,0.5604559174410623,0.481264418483178,0.1024250351381429,0.0,0.0,0.0,0.0,0.0,0.0,0.0,0.0,0.0,0.0,0.0,0.0,0.0,0.0,0.0,0.0
mp-8278,0.12058644068152113,0.0,0.08000236920105938,0.4360119639673941,0.6577608503460884,0.609353611835861,0.3728106193092622,0.3977044360560878,0.4719392213516336,0.5321567449880718,0.6197016400575529,0.47010254896213294,0.5592522207001158,0.7800979699658644,1.0,0.7672021787991353,0.3989053585989982,0.20250085733126105,0.032955273518796686,0.0,0.0,0.002168773241273831,0.0,0.0,0.0,0.0,0.0,0.0,0.0,0.0,0.0,0.0,0.0,0.0,0.0,0.0,0.0,0.0,0.0,0.0,0.0,0.0,0.0,0.0,0.0,0.0,0.0,0.0,0.0,0.0,0.0
mp-8279,0.10249427303868702,0.0,0.17714754421119233,0.6761424034841735,1.0,0.8919606514966729,0.4162585582675332,0.05621096831053285,0.0,0.05527599254209492,0.15794362488244204,0.3521710645169764,0.5466383534128701,0.6011386928697129,0.37566378451501237,0.08348343045977741,0.0,0.08436350778559601,0.0,0.0,0.0,0.0,0.0,0.0,0.0,0.0,0.0,0.0,0.0,0.0,0.0,0.0,0.0,0.0,0.0,0.0,0.0,0.0,0.0,0.0,0.0,0.0,0.0,0.0,0.0,0.0,0.0,0.0,0.0,0.0,0.0
mp-8280,0.12333905044627613,0.0,0.14251974850348922,0.5468004990125884,0.8090357048828861,1.0,0.8638540362559255,0.8223843892018692,0.41139592629287486,0.2916078802261555,0.3793776870750645,0.7124124779129787,0.6895686634979189,0.5405024616711598,0.47963803668699334,0.23362521979502412,0.0,0.0,0.0,0.0,0.0,0.0,0.0,0.0,0.0,0.0,0.0,0.0,0.0,0.0,0.0,0.0,0.0,0.0,0.0,0.0,0.0,0.0,0.0,0.0,0.0,0.0,0.0,0.0,0.0,0.0,0.0,0.0,0.0,0.0,0.0
mp-8291,0.0,0.017542706473688614,0.26185759378223766,0.624023864070701,0.929392803530855,1.0,0.7382728017986266,0.4842432302850256,0.46878296887168064,0.45679505933414455,0.2193746729890928,0.0,0.17203707434345095,0.6513135818421508,0.7880186888898573,0.6041470723921828,0.3260537347809976,0.04979537440207283,0.0,0.0,0.0,0.0,0.14536480540430732,0.31923744319631764,0.30857725720981843,0.14624126735112383,0.16152651743856783,0.2561530118424978,0.25837392026737477,0.2922612475741065,0.30655120370351435,0.23492439854037495,0.10944673129527648,0.07916192650311389,0.03682942533423896,0.0,0.0,0.01797080745632279,0.0,0.0,0.0,0.0,0.0,0.0,0.0,0.0,0.0,0.0,0.0,0.0,0.0
mp-830,0.0,0.004552625505565161,0.014185709508794145,0.03379630904033384,0.06687199145988212,0.13396889090117117,0.28755422528958935,0.48669683815117776,0.7100320470523865,0.7243312285866002,0.6257340741095205,0.4117420075415404,0.23180187908033079,0.18058795389547816,0.3811086342359638,0.5142468543611927,0.36714533052452447,0.060446730872473695,0.0,0.0,0.0,0.0,0.0,0.0,0.0,0.0,0.0,0.2777708462719931,0.7245321024722267,1.0,0.9007020657085615,0.41451926586905824,0.25866057170333145,0.48935713299593564,0.6916274437114469,0.4814696040502254,0.022837856686561752,0.0,0.0,0.0,0.0,1.884157405379335e-66,3.373790535171202e-64,0.0,0.0,0.0,0.0,0.0,0.0,0.0,0.0
mp-8300,0.15501339601976197,0.4159578588259747,0.6338447405047077,0.8756862219760465,1.0,0.8624946294247255,0.5878033362574999,0.3248723618103305,0.231861389078015,0.073733826642276,0.0,0.0,0.01030287373777734,0.04301249993670586,0.06633707528326996,0.06601569019277231,0.05166612399053645,0.053344860900756186,0.08558449000125538,0.1073089265026128,0.08022439735186951,0.0267326430505208,0.0,0.0,0.0,0.0,0.0,0.0,0.0,0.0,0.0,0.0,0.0,0.0,0.0,0.0,0.0,0.0,0.0,0.0,0.0,0.0,0.0,0.0,0.0,0.0,0.0,0.0,0.0,0.0,0.0
mp-8335,0.2516571445553148,0.0,0.22528084047428382,0.7282513009901901,0.9440463221727936,1.0,0.7292082701544503,0.7005690184564854,0.46639601839729355,0.5788185220493389,0.713801584549173,0.5771713768305413,0.3313067312231203,0.169592419055466,0.3153565373185027,0.36946345166184996,0.30808120895654073,0.31259519970120636,0.32461281352836957,0.22801586046468386,0.13680176175693015,0.08516809776615833,0.2076933372699131,0.2517684567863043,0.2395593623583328,0.24777748142620679,0.19108284544472026,0.18257503696962965,0.09150007543297727,0.0410446059664486,0.0002857284132940054,0.007522109160568717,0.0156821646591675,0.023790577771649904,0.03387196158976447,0.08010368361060974,0.11855888189310046,0.1318157432207606,0.08594903165002223,0.030862474938743344,0.0007090267752817208,0.0,0.0,0.0,0.0,0.0,0.0,0.0,0.0,0.0,0.0
mp-8361,0.0,0.2602728826512155,0.7823856179174097,1.0,0.6675867943138564,0.20320185253599884,0.0,0.061817374261836734,0.12852654460838908,0.13321156294867434,0.0,0.0,0.0,0.0,0.0,0.0,0.0,0.0,0.0,0.0,0.0,0.0,0.0,0.0,0.0,0.0,0.0,0.0,0.0,0.0,0.0,0.0,0.0,0.0,0.0,0.0,0.0,0.0,0.0,0.0,0.0,0.0,0.0,0.0,0.0,0.0,0.0,0.0,0.0,0.0,0.0
mp-8399,0.04811597416048222,0.0,0.4220669916361541,0.855307977509683,0.9636477115056757,0.7904140163967377,0.9474312972202811,1.0,0.723844726979615,0.3153205950589463,0.18805799195010825,0.17249727527928838,0.10104275572858824,0.015984458644078586,0.10255058560900215,0.1506302314211253,0.14711576573749024,0.24916793662588807,0.23759711992372953,0.1315422663695621,0.06014330094571282,0.14859314146687166,0.20987501444360807,0.1348580729705289,0.012944278329555154,0.0,0.0005659162785027559,0.007096074408957387,0.0,0.0,0.0,0.0,0.0,0.0,0.0,0.0,0.0,0.0,0.0,0.0,0.0,0.0,0.0,0.0,0.0,0.0,0.0,0.0,0.0,0.0,0.0
mp-8405,0.05314495040165735,0.0,0.15426193843089453,0.43198185502987674,0.7802122230065539,1.0,0.7667021758543182,0.35006879908952954,0.0,0.17526277948931576,0.44470112215705804,0.4399958051371878,0.13130369245891224,0.0,0.2609815614758011,0.3265874093372482,0.128897951725341,0.09839218336948105,0.5383659308770032,0.6177682798934637,0.3301758010070231,0.011422950385556947,0.0,0.00033340290086057706,0.0,0.0,0.0,0.0,0.0,0.0,0.0,0.0,0.0,0.0,0.0,0.0,0.0,0.0,0.0,0.0,0.0,0.0,0.0,0.0,0.0,0.0,0.0,0.0,0.0,0.0,0.0
mp-8407,0.0,0.03424374020013927,0.03952328525749689,0.18218494619042022,0.5190139947023944,0.6633737238890873,0.5212366151826386,0.4791278790937291,0.8039042542707026,1.0,0.8063192250708405,0.6713637965704816,0.8290221403757163,0.9113240128783416,0.6254134109097131,0.15359904013168543,0.07890126555772609,0.4440450258283912,0.5232904924770898,0.4223410270698107,0.3740912804494414,0.7430449531639214,0.9082153933256646,0.49134859921742313,0.27891726559830643,0.0,0.00013910354127394912,0.05865096021241254,0.0,0.0,0.0,0.0,0.0,0.0,0.0,0.0,0.0,0.0,0.0,0.0,0.0,0.0,0.0,0.0,0.0,0.0,0.0,0.0,0.0,0.0,0.0
mp-8409,0.0,0.02526323273508541,0.034176493180562706,0.05037222266709157,0.33398880738531256,0.7173936327102999,0.9764252655507342,1.0,0.9116266290870783,0.815153997284488,0.39370162803644637,0.24808415121546815,0.2698543598370801,0.31598057762394,0.5618974310763223,0.6132433637658032,0.9976205009907552,0.9580229892382205,0.834739045765381,0.5251917612718756,0.2531083933599959,0.12029740509360845,0.07387510119814784,0.15683220251465918,0.3505087424229092,0.406314636541964,0.24693151139366662,0.021294447691825275,0.0,0.0,6.718345991599178e-07,9.029468988993592e-06,0.0,0.0,0.0,0.0,0.0,0.0,0.0,0.0,0.0,0.0,0.0,0.0,0.0,0.0,0.0,0.0,0.0,0.0,0.0
mp-841,0.0,0.0025721262474469857,0.009863127413698887,0.02272385704833061,0.04241546037578428,0.07422261485585212,0.12051081060398415,0.17357888102903535,0.2606018606625236,0.4626267316801305,0.6762795027183762,0.6767822979043412,0.7514795834364686,0.8206093231982713,0.8021102247695805,0.7070024274590372,0.8893824465905764,1.0,0.9438911997381572,0.8456242693641514,0.6346816052899868,0.38988083778042776,0.208642020313839,0.37722787986630524,0.3447115791595908,0.6013878480715216,0.5638357766406921,0.4506669563846334,0.1570577980143983,0.2740409031283877,0.3491141680055598,0.2699779361189935,0.13441175937540228,0.04752355437631954,0.0052087464574879375,0.0,0.0,0.0,0.0,0.36149174104476417,0.5471733765279223,0.43506868558558665,0.03718918685076058,0.0,0.0,0.0,0.0,0.0,0.0,0.0,0.0
mp-8411,0.0,0.06348283754984652,0.37367372341323984,0.6527148809111315,0.8334780075325323,0.8496675842925917,1.0,0.9540431357755279,0.8081313990476487,0.6017621221753523,0.3742208268925077,0.304130755748212,0.13903313903526412,0.08174340282214813,0.0,0.0,0.0,0.0,0.0,0.0,0.0,0.0,0.0,0.0,0.0,0.0,0.0,0.0,0.0,0.0,0.0,0.0,0.0,0.0,0.0,0.0,0.0,0.0,0.0,0.0,0.0,0.0,0.0,0.0,0.0,0.0,0.0,0.0,0.0,0.0,0.0
mp-8426,0.0,0.06757584121818139,0.24195783752207395,0.47213069509576244,0.7252794235565748,0.9450334469222038,1.0,0.6775850065048339,0.2292818669446747,0.0,0.0,0.0,0.0,0.0,0.0,0.0,0.0,0.0,0.0,0.0,0.0,0.0,0.0,0.0,0.0,0.0,0.0,0.0,0.0,0.0,0.0,0.0,0.0,0.0,0.0,0.0,0.0,0.0,0.0,0.0,0.0,0.0,0.0,0.0,0.0,0.0,0.0,0.0,0.0,0.0,0.0
mp-8430,0.0,0.06135632601071813,0.043266040151160735,0.09968145437625796,0.603550076727943,0.9392726418842705,1.0,0.85710585513369,0.7744151600823365,0.7420267616905102,0.6018371873612156,0.4247889065077726,0.18734160371559738,0.0,0.13123837619256137,0.4390979222765993,0.6661893446575011,0.6122896979164382,0.4489857107842332,0.35929160983815217,0.30237923512313813,0.17180867410516573,0.0037475609721373294,0.0,0.0,0.0030923578901066733,0.0,0.0,0.0,0.0,0.0,0.0,0.0,0.0,0.0,0.0,0.0,0.0,0.0,0.0,0.0,0.0,0.0,0.0,0.0,0.0,0.0,0.0,0.0,0.0,0.0
mp-8446,0.057926137158715085,0.0,0.17743490067629458,0.5433812670843075,0.8733878204459784,1.0,0.8608370041840401,0.5978882686466073,0.403560038277609,0.16671813342632497,0.09106340152642886,0.0,0.00012931025165961363,0.06836229471744003,0.13938861576845984,0.17780914793672017,0.17426359940125905,0.1978957816983723,0.14104075938324712,0.05718198051016826,0.0,0.0,0.00443365618889912,0.0,0.0,0.0,0.0,0.0,0.0,0.0,0.0,0.0,0.0,0.0,0.0,0.0,0.0,0.0,0.0,0.0,0.0,0.0,0.0,0.0,0.0,0.0,0.0,0.0,0.0,0.0,0.0
mp-8452,0.0,0.007361940096162914,0.03037419209106479,0.051240383009279106,0.17414326905329097,0.4726409805637949,0.8313301365286521,1.0,0.9079453066128432,0.8209145761960025,0.6773852568965041,0.620221595477561,0.3613774430557242,0.17076066182332295,0.0,0.05003795921952548,0.2649555144086161,0.49585290269358345,0.5361205610443474,0.4453427945754478,0.30706047788838386,0.32303344958217406,0.33104942066392384,0.2281121777063965,0.09849267697666904,0.0,0.0,0.00048347892909127946,0.0006021876990671861,0.0,0.0,0.0,0.0,0.0,0.0,0.0,0.0,0.0,0.0,0.0,0.0,0.0,0.0,0.0,0.0,0.0,0.0,0.0,0.0,0.0,0.0
mp-8454,0.01391308565901049,0.0062036194152651665,0.17130379196814724,0.3234096099999712,0.3512258273246153,0.3991594467729823,0.6418412238141296,0.9479207505166133,1.0,0.839988272927991,0.5567877479071751,0.33027204681457534,0.21444382526212372,0.17888510983072273,0.14357857605908642,0.0719039211120213,0.014290522695083595,0.0,0.0,0.0,0.0,0.0,0.0,0.0,0.0,0.0,0.0,0.0,0.0,0.0,0.0,0.0,0.0,0.0,0.0,0.0,0.0,0.0,0.0,0.0,0.0,0.0,0.0,0.0,0.0,0.0,0.0,0.0,0.0,0.0,0.0
mp-8455,0.1647759620300961,0.2428909037235054,0.26561913849517027,0.5351893425639513,0.8977150126963183,1.0,0.7681880213350355,0.3167587500888781,0.22979983661196463,0.16965341829571914,0.15860673416172502,0.12740941266403494,0.02619994051173685,0.0,0.0,0.0,0.0,0.0,0.0,0.0,0.0,0.0,0.0,0.0,0.0,0.0,0.0,0.0,0.0,0.0,0.0,0.0,0.0,0.0,0.0,0.0,0.0,0.0,0.0,0.0,0.0,0.0,0.0,0.0,0.0,0.0,0.0,0.0,0.0,0.0,0.0
mp-8459,0.03576156924596905,0.016036792537225997,0.43806513012272247,0.7995548102176667,0.8684558551612377,0.8891500487668657,1.0,0.9725852554602528,0.7213040215792844,0.7388456059666205,0.9021392231523131,0.7967810783475759,0.5419250963644507,0.2661268118413022,0.24119389144260756,0.06673253226950775,0.0037170060860270784,0.0,0.0,0.0,0.30515006435114256,0.41885524545393726,0.6298994786806466,0.4357383262389847,0.3385282148371964,0.04347540866007678,0.0,0.5125824862833803,0.8887574523990002,0.7601042346405412,0.20174912838993322,0.24912006053388858,0.4496855682125119,0.31226557263021615,0.0,0.0,0.0,0.0,0.0,0.0,0.0,0.0,0.0,0.0,0.0,0.0,0.17632246566998677,0.4529792955175658,0.5536638236068699,0.43298085197900754,0.23285475399383626
mp-8579,0.019003813531938696,0.036500139781705195,0.596370771127661,1.0,0.9258969977672626,0.4214887497029287,0.17839225575676612,0.023862336148950187,0.0008463346961512458,0.2715790309244773,0.4786188135035936,0.6256858750307263,0.48391430133873264,0.26351403815503827,0.05367555432383538,0.0,0.08464119217886432,0.0,0.0,0.0,0.0,0.0,0.0,0.0,0.0,0.0,0.0,0.0,0.0,0.0,0.0,0.0,0.0,0.0,0.0,0.0,0.0,0.0,0.0,0.0,0.0,0.0,0.0,0.0,0.0,0.0,0.0,0.0,0.0,0.0,0.0
mp-8615,0.0,0.0030339273200245946,0.010797964274903326,0.025354243750932457,0.047239627808046906,0.08707279189674678,0.1767941279311462,0.2780463141938557,0.3665960515607982,0.4076429058230014,0.5179213822818481,0.7953102101999028,0.8918792409956451,0.7946008057627242,0.8614485536076517,0.9981063509490996,1.0,0.6634816735958017,0.3572416655555652,0.17019551895055304,0.34307355049831384,0.7148853161035936,0.9554272220650373,0.9366851258111997,0.760769578516176,0.5320392245230593,0.2457890565892192,0.05519679377887987,0.18452133445251345,0.4349454018180463,0.6338740241559798,0.7609222162664013,0.7938436673500822,0.679674026451868,0.3629151523830455,0.08068201845653349,0.0,0.11637235349923292,0.2903607103822367,0.3880796120032844,0.30245421661844496,0.2860637385246813,0.36970089120197575,0.4915313722026381,0.5658444397632769,0.4908942734034504,0.6666188472978208,0.7602538698121512,0.6786554326786183,0.3506319626452967,0.07952717176899922
mp-861937,0.0,0.36317457517451546,0.804039535846577,1.0,0.8016274249238492,0.7330139639855326,0.5103384582516293,0.22550640051043275,0.0,0.0,0.0,0.0,0.0,0.0,0.0,0.0,0.0,0.0,0.0,0.0,0.0,0.0,0.0,0.0,0.0,0.0,0.0,0.0,0.0,0.0,0.0,0.0,0.0,0.0,0.0,0.0,0.0,0.0,0.0,0.0,0.0,0.0,0.0,0.0,0.0,0.0,0.0,0.0,0.0,0.0,0.0
mp-861979,0.0,0.01826974243733752,0.043394378854348804,0.12158158291380868,0.29942609293118255,0.5495532113125068,0.6993259538763068,0.8182569876670255,0.8796026280197385,0.6365138841387358,0.2780192762908654,0.0,0.0,0.0,0.0444480627197362,0.47584505459306214,0.7606508580700789,0.8607737179848363,0.9081744738457138,1.0,0.9878787421962365,0.7013687162399175,0.45364815746324294,0.2788276741584341,0.010171434349518624,0.0,0.0,0.0017903508293643402,0.0,0.0,0.0,0.0,0.0,0.0,0.0,0.0,0.0,0.0,0.0,0.0,0.0,0.0,0.0,0.0,0.0,0.0,0.0,0.0,0.0,0.0,0.0
mp-8621,0.02025903453613884,0.08525526600826298,0.36226121882733164,0.6667102439078295,0.819598958102498,1.0,0.8987452186445372,0.5654962556591084,0.16849721065718717,0.3041136318312928,0.624792744655472,0.5463589777673463,0.1616095386029768,0.0,0.0,0.0,0.0,0.0,0.0,0.0,0.0,0.0,0.0,0.0,0.0,0.0,0.0,0.0,0.0,0.0,0.0,0.0,0.0,0.0,0.0,0.0,0.0,0.0,0.0,0.0,0.0,0.0,0.0,0.0,0.0,0.0,0.0,0.0,0.0,0.0,0.0
mp-8623,0.0,0.2891368125458632,0.6163632245774318,0.8592754969069821,0.9673858521255732,1.0,0.8354115546365094,0.6181358957801361,0.5735123578745386,0.44456528903734016,0.21180093326991845,0.0,0.0,0.0,0.0,0.0,0.0,0.0,0.0,0.0,0.0,0.0,0.0,0.0,0.0,0.0,0.0,0.0,0.0,0.0,0.0,0.0,0.0,0.0,0.0,0.0,0.0,0.0,0.0,0.0,0.0,0.0,0.0,0.0,0.0,0.0,0.0,0.0,0.0,0.0,0.0
mp-862631,0.0,0.6210781786645208,1.0,0.8902401383714856,0.7231577074253264,0.6525202170476383,0.4921224022928389,0.06330299731074567,0.0,0.0,0.0,0.0,0.0,0.0,0.0,0.0,0.0,0.0,0.0,0.0,0.0,0.0,0.0,0.0,0.0,0.0,0.0,0.0,0.0,0.0,0.0,0.0,0.0,0.0,0.0,0.0,0.0,0.0,0.0,0.0,0.0,0.0,0.0,0.0,0.0,0.0,0.0,0.0,0.0,0.0,0.0
mp-862868,0.5817577228090375,1.0,0.9394163302145155,0.702589623334916,0.811166125145336,0.8186754700722291,0.5886565763182173,0.3372986479549906,0.10290847485571591,0.0,0.0,0.0,0.0,0.0,0.0,0.0,0.0,0.0,0.0,0.0,0.0,0.0,0.0,0.0,0.0,0.0,0.0,0.0,0.0,0.0,0.0,0.0,0.0,0.0,0.0,0.0,0.0,0.0,0.0,0.0,0.0,0.0,0.0,0.0,0.0,0.0,0.0,0.0,0.0,0.0,0.0
mp-862871,0.2254966822498467,0.7310078523750337,1.0,0.8930815338679025,0.64564166788691,0.5330442989509445,0.5201678255043348,0.5003230574150049,0.384702278294897,0.29993896326019415,0.2737683899072382,0.30892591292718796,0.1980731420865038,0.0,0.0,0.0,0.0,0.0,0.0,0.0,0.0,0.0,0.0,0.0,0.0,0.0,0.0,0.0,0.0,0.0,0.0,0.0,0.0,0.0,0.0,0.0,0.0,0.0,0.0,0.0,0.0,0.0,0.0,0.0,0.0,0.0,0.0,0.0,0.0,0.0,0.0
mp-862947,0.0,0.8342307204529239,1.0,0.9372916289605483,0.7294821905278099,0.7029566652558801,0.1331048324672096,0.0,0.0,0.0,0.0,0.0,0.0,0.0,0.0,0.0,0.0,0.0,0.0,0.0,0.0,0.0,0.0,0.0,0.0,0.0,0.0,0.0,0.0,0.0,0.0,0.0,0.0,0.0,0.0,0.0,0.0,0.0,0.0,0.0,0.0,0.0,0.0,0.0,0.0,0.0,0.0,0.0,0.0,0.0,0.0
mp-864954,0.0,0.0013036029604156971,0.0049858909916321555,0.011396403080762814,0.020851351653525405,0.03624961572423666,0.0556196534343964,0.07497334520173092,0.10356993524890283,0.13823748175140416,0.1689698888440866,0.22143494253946752,0.3888450465182698,0.5609187939002163,0.7234844983982694,0.6345134549165897,0.4608228784211037,0.44287627793002265,0.3995336212447128,0.37494608264003537,0.22412183833156404,0.2098809110339295,0.12393406170907041,0.02047600381165824,0.0,0.0,0.095253439533452,0.4692198913515913,0.8709489178734753,1.0,0.8820647227171529,0.6012874436780893,0.4707750643142049,0.2458313833270283,0.2871793937786712,0.2188186713972688,0.1305865353693815,0.09581867832684866,0.05770056063282897,0.022456912546823155,0.0,0.0,0.0,0.0,0.0,0.0,0.0,0.0,0.0,0.0,0.0
mp-865185,0.03634992426789439,0.0,0.037834068041978634,0.26675871611702034,0.5996050752670716,0.9936083239091206,1.0,0.8067761882880004,0.7029298657847759,0.7416675921086703,0.9270427399732645,0.9021047116784205,0.6182013388237898,0.2706824253338514,0.0,0.0030554060217272464,0.0,0.0,0.3799169295814925,0.6290549302242244,0.8010615830844353,0.736127587637181,0.8229074811802274,0.7756571143378037,0.6005847327700036,0.4278261656463787,0.13324641685819186,0.010489203277077632,0.0,0.0,0.0,1.0981902321661261e-07,0.0,0.0,0.0,0.0,0.0,0.0,0.0,0.0,0.0,0.0,0.0,0.0,0.0,0.0,0.0,0.0,0.0,0.0,0.0
mp-865427,0.08983304398275949,0.21255361880511908,0.3576038118681531,0.6425626944697008,0.9323050098388538,1.0,0.8006143279493217,0.5777983665329326,0.4691097493974165,0.4166372783906055,0.5426598018586731,0.6000341877663201,0.39046942573816873,0.19061271725127624,0.0,0.0,0.0,0.012777080561664838,0.05790985580146676,0.155324169956772,0.18068507512613005,0.10984548734289648,0.029443786778068744,0.0,0.0,0.0,0.0,0.0,0.0,0.0,0.0,0.0,0.0,0.1641402869217,0.41940496765671864,0.43066400355290513,0.19791409831117876,0.0,0.0,0.0,0.0,0.16069375625181553,0.23121089442056433,0.1797235593496964,0.0062515832481263925,0.0,0.0,0.0,0.0,0.0,0.0
mp-865500,0.06184640392848011,0.11490546087639707,0.2339245369053241,0.5100128271950711,0.7154262776510616,0.647144314584772,0.4542160272129986,0.599382659203687,0.9698133214611742,1.0,0.7996463801215972,0.4863290830675681,0.5601068768491676,0.48368325383250893,0.5313785478518485,0.5214263378337203,0.42783470733080986,0.2676777821903391,0.24487655712143866,0.28485573766647165,0.28259953280343175,0.21383278113990697,0.05235246310844369,0.0,0.0,0.0,0.0,0.16900093232513871,0.40695209964652995,0.407384719442569,0.18629559061700837,0.0040786215320854574,0.05870326991891906,0.15078359360233173,0.1636768129141253,0.10472808309346825,0.013748073304285366,0.009632516325073262,0.04028636271021661,0.0878930227546751,0.11329507986687708,0.14319452128130106,0.22967149029225872,0.2332116563790794,0.14006122508662863,0.009028207060265704,0.0,0.00236830757059052,0.00517188225672457,0.0,0.0
mp-8658,0.0,0.30567851997318235,0.7675327884863059,1.0,0.8647891846572131,0.5252315789390223,0.3627424754467551,0.42889507867496285,0.5321695528005936,0.5639735646526588,0.2654259390418141,0.04659185273951474,0.0,0.0,0.0,0.0,0.0,0.0,0.0,0.0,0.0,0.0,0.0,0.0,0.0,0.0,0.0,0.0,0.0,0.0,0.0,0.0,0.0,0.0,0.0,0.0,0.0,0.0,0.0,0.0,0.0,0.0,0.0,0.0,0.0,0.0,0.0,0.0,0.0,0.0,0.0
mp-866132,0.29796004600728776,0.3449091985927373,0.5360959917795132,0.5207066759644884,0.3955992259832412,0.06930444611709513,0.12388294015176972,0.750419053173617,1.0,0.689230610661383,0.0,0.0,0.0,0.0,0.0,0.0,0.0,0.0,0.0,0.0,0.0,0.0,0.0,0.0,0.0,0.0,0.0,0.0,0.0,0.0,0.0,0.0,0.0,0.0,0.0,0.0,0.0,0.0,0.0,0.0,0.0,0.0,0.0,0.0,0.0,0.0,0.0,0.0,0.0,0.0,0.0
mp-866291,0.16528874774557387,0.8212719043794543,0.589021050621117,0.20336632948456948,0.18127823292444778,0.3386235187696991,0.810150834586821,1.0,0.6866539933743697,0.0,0.0,0.0,0.0,0.0,0.0,0.0,0.0,0.0,0.0,0.0,0.0,0.0,0.0,0.0,0.0,0.0,0.0,0.0,0.0,0.0,0.0,0.0,0.0,0.0,0.0,0.0,0.0,0.0,0.0,0.0,0.0,0.0,0.0,0.0,0.0,0.0,0.0,0.0,0.0,0.0,0.0
mp-8703,0.11712217232705778,0.4246059149200298,0.5774630928040584,0.6948867016604223,0.8620745086156043,1.0,0.9340488523076381,0.6266712310875288,0.4546912846354642,0.28538199587407537,0.0,0.19155588873823604,0.3566911380400759,0.48432513851057796,0.015528097861069923,0.0,0.0,0.0,0.0,0.0,0.0,0.0,0.0,0.0,0.0,0.0,0.0,0.0,0.0,0.0,0.0,0.0,0.0,0.0,0.0,0.0,0.0,0.0,0.0,0.0,0.0,0.0,0.0,0.0,0.0,0.0,0.0,0.0,0.0,0.0,0.0
mp-8724,0.019592584913133874,0.04269770711080097,0.36312472182654376,0.6770203731664518,0.8019441664702094,0.8158631545297128,0.9553006842354979,1.0,0.7372026292819422,0.26560610065394424,0.01575618154437708,0.0,0.0,0.14748157971634634,0.35293505544591297,0.5009342133954159,0.3816293741425214,0.08380913451268864,0.04904222292210635,0.0,0.0,0.0,0.0,0.0,0.0,0.0,0.0,0.0,0.0,0.0,0.0,0.0,0.0,0.13756429265098477,0.2796076858389466,0.42738823590156183,0.3875885516981554,0.20715690464675485,0.10328367380453857,0.0,0.0,0.0,0.0,2.201684851566605e-81,5.575321834252004e-81,0.0,0.0,0.0,0.0,0.0,0.0
mp-8752,0.0,0.16235246421675367,0.4216449425186692,0.6888024526719488,0.7430519609551159,0.7303564410569958,0.8436288781897133,1.0,0.8441213784512487,0.9462482285243633,0.7744002358323422,0.580950393262796,0.1887355311094387,0.0,0.0,0.11462764341356482,0.20230383345449549,0.27493873633624466,0.1696437346213968,0.11177797128767294,0.0,0.0,0.013798037030522818,0.0,0.0,0.0,0.0,0.0,0.0,0.0,0.0,0.0,0.0,0.0,0.0,0.0,0.0,0.0,0.0,0.0,0.0,0.0,0.0,0.0,0.0,0.0,0.0,0.0,0.0,0.0,0.0
mp-8753,0.0,0.2668959171099035,0.6226861366979664,0.8752006533760961,0.9558112805817524,1.0,0.974509251911898,0.841723390983292,0.4762227669149641,0.29465586633139434,0.0,0.0,0.0,0.0,0.0,0.12660279432137692,0.2635382180116417,0.25505336998394773,0.09469395664605722,0.0,0.004287511639667957,0.011038656227406555,0.0,0.0,0.0,0.0,0.0,0.0,0.0,0.0,0.0,0.0,0.0,0.0,0.0,0.0,0.0,0.0,0.0,0.0,0.0,0.0,0.0,0.0,0.0,0.0,0.0,0.0,0.0,0.0,0.0
mp-8756,0.0,0.030206761200585595,0.08089585956817612,0.2551126327631673,0.59904628013704,0.9493831484031923,1.0,0.615017905553397,0.18323858562899153,0.0,0.0,0.0,0.009329467308658648,0.07783143313352373,0.2973481184575462,0.4477469040538571,0.369598048386781,0.298961958701484,0.19157349449975977,0.13511612285662725,0.026023891857243665,0.0,0.017375413190703178,0.0,0.0,0.0,0.0,0.0,0.0,0.0,0.0,0.0,0.0,0.0,0.0,0.0,0.0,0.0,0.0,0.0,0.0,0.0,0.0,0.0,0.0,0.0,0.0,0.0,0.0,0.0,0.0
mp-8759,0.0,0.23518194168116166,0.6515282818264057,1.0,0.9967008493479932,0.6669705496646645,0.2309581461199306,0.20704895060268194,0.3507924563441177,0.3703703079230166,0.2592301058230949,0.11479184370488034,0.1337900372581882,0.16323667694212007,0.16188905109310925,0.19687683450101412,0.16053522593260286,0.10429960935600341,0.04351861069205983,0.053012151044424985,0.17858431807485775,0.20580258492290718,0.22128525862746462,0.16468188674269413,0.19135481534309806,0.13041833123782207,0.17879178499329387,0.15860273909443395,0.11557513691822671,0.11789736512682228,0.05085224681048974,0.04424551644499621,0.0,0.05144444446354282,0.17530642560703957,0.19014544969783118,0.09640906627310973,0.0,0.0,0.0,0.0,0.0,2.7370013929515515e-57,0.0,0.0,0.0,0.0,0.0,0.0,0.0,0.0
mp-8789,0.03768134377029219,0.0,0.06978285901186582,0.22674623562727395,0.5382524191456894,0.8946770075978522,1.0,0.8755416858078582,0.6432517383497752,0.46640377004687195,0.345799229276539,0.3923410163146891,0.3478979869799022,0.2858919960745043,0.10428819008754021,0.08964891604184576,0.08775311625663232,0.06886093812034164,0.03759588093341645,0.0,0.021770358580395343,0.08176244584502534,0.17501143666139146,0.23007073244754386,0.14953017046391426,0.07013190816682763,0.0,0.0,0.0026297824457411608,0.0,0.0,0.0,0.0,0.0,0.0,0.0,0.0,0.0,0.0,0.0,0.0,0.0,0.0,0.0,0.0,0.0,0.0,0.0,0.0,0.0,0.0
mp-8812,0.134186864474946,0.0,0.5307282787067983,1.0,0.919555906140618,0.40864836215254624,0.0058736428956235685,0.0006626355194403738,0.0,0.2323782796127739,0.3275093071292474,0.2499000059202879,0.0,0.0,0.13324117092889906,0.39668474423763445,0.5480699512082127,0.368884039533276,0.12486481254794655,0.00485861376527232,0.0,0.0,0.10918756899023804,0.2061291532211972,0.18797667069592278,0.05468227781188027,0.0,0.06835709655320939,0.28996052051945814,0.4008745301453111,0.2846064857046114,0.0,0.0,0.0,0.0,4.95221925566677e-24,1.7506586327243344e-23,0.0,0.0,0.0,0.0,0.0,0.0,0.0,0.0,0.0,0.0,0.0,0.0,0.0,0.0
mp-8818,0.0,0.01467777060987951,0.030951598701827628,0.03134381094862383,0.2541930445646818,0.6249870630991023,0.76343510858356,0.6334617889410146,0.6542929851417884,1.0,0.9093826956214709,0.6136879130015435,0.6457813857173231,0.8125207895378018,0.8130250310056322,0.5136315118460166,0.46070556649516653,0.39953645725156606,0.3936602019196354,0.387761116992513,0.3126641029904168,0.18391785240653774,0.06469209035588572,0.004323876459245676,0.0,0.0,0.0,0.0,0.0,0.0,0.0,0.03727070171657737,0.23103028539582923,0.45172596532053716,0.46259835852101955,0.2760633661478533,0.10105068021140433,0.04890555516287482,0.026570458578137914,0.007615514670079746,0.0,0.0,0.0,0.0,0.0,0.0,0.0,0.0,0.0,0.0,0.0
mp-8830,0.0016743631292674458,0.004277079065020052,0.022760986955371983,0.05088025316073312,0.09267547409176567,0.13989858240108152,0.1589640255747072,0.20612518121329937,0.43051321987540947,0.6409169588987225,0.7512540673301306,0.7451867260539563,0.6634794046533636,0.36727452735686517,0.18616426565972438,0.13868161031793544,0.16621025511805462,0.10681223240246643,0.0,0.0,0.17560522580642288,0.3208246414563132,0.42528181593932024,0.545258858664052,1.0,0.9906131594176033,0.6987664984548878,0.33818442889680106,0.2241908552243127,0.15306331281489974,0.016968830831750548,0.0,0.0,0.0,1.774178805218635e-11,2.647745786278181e-11,0.0,0.0,0.0,0.0,0.0,0.0,0.0,0.0,0.0,0.0,0.0,0.0,0.0,0.0,0.0
mp-8857,0.0,0.33941670791429474,0.82862844681907,1.0,0.643235785220135,0.11051788919024833,0.13275273120360612,0.34177771886676456,0.3324970541626483,0.15176406876639761,0.048335579250691346,0.11724164995995953,0.04085070340478938,0.09345976051482803,0.11624817937486841,0.10395332997521653,0.0007934483894599867,0.0,0.0,0.0,0.0,0.0,0.0,0.0,0.0,0.0,0.0,0.0,0.0,0.0,0.0,0.0,0.0,0.0,0.0,0.0,0.0,0.0,0.0,0.0,0.0,0.0,0.0,0.0,0.0,0.0,0.0,0.0,0.0,0.0,0.0
mp-886,0.01065406563267672,0.00024593504722229494,0.04251699278207704,0.10636908245042838,0.19105593823298678,0.4442814185442906,0.7575731258711292,0.9701777307465138,1.0,0.8689224380262303,0.7189511342942985,0.6376717313977557,0.5977225491187439,0.6077620807066398,0.7054376108789668,0.8226693384682533,0.863104378108375,0.6333667215733618,0.46668603241171636,0.4305551998777787,0.5115189989476054,0.621190765157257,0.5005354515389379,0.3539240613501331,0.19556526577828384,0.25712762472897377,0.2664219729443531,0.23602795382163633,0.264592449690432,0.4803283176943143,0.519298907588839,0.5715279498988899,0.5326227559527411,0.5513090355419995,0.5371717953676501,0.665704387807985,0.6120912661515668,0.37939869009893784,0.09045544569360922,0.027200295738938677,0.0,0.0,0.0,0.0,0.0,0.0,0.0,0.0,0.0,0.0,0.0
mp-8873,0.0,0.013299066328787816,0.026625741328461287,0.07378089695634261,0.17216419270954053,0.39323420967997746,0.6305585563822805,0.6750805910171074,0.6181248118337551,0.38719760645390977,0.4491351046976923,0.7060724940544332,0.745351313618392,0.7042955446109729,0.5420338751203921,0.5456080282670055,0.33401412304357764,0.33840766632070535,0.5162025027230516,0.73764115294492,0.8696061569478931,0.6864754351805114,0.7538150738394304,0.8411159326964387,0.7199761803660562,0.3243278853453129,0.18985779570458527,0.5702001560581824,0.7893762357388839,0.549461180710303,0.14274520922888462,0.0,0.0,0.0,0.0,0.205740381647479,0.34710574039977765,0.7870945158804653,1.0,0.7428666837123145,0.3323900321296843,0.0,0.0,0.0,0.1838520647863061,0.5815257229385263,0.9283707315810817,0.9420618819056352,0.5123152040777315,0.2212849236411205,0.0
mp-8874,0.0,0.004488880323197195,0.012870653584327303,0.02797694186147514,0.06559513460747428,0.14058599646697167,0.29736758104420385,0.4139527500709797,0.46740292635646274,0.45898938577701087,0.4115008760958659,0.4401421498324522,0.54896559801646,0.612163841202344,0.7248873580229657,0.6965953822624762,0.6510980480957946,0.4586379093167355,0.4299123702964085,0.773964559642435,0.9205230519892198,0.7933673556675159,0.44400953870426924,0.39018217245012116,0.5090881621063258,0.5609461109227522,0.5792353370907105,0.424359731908883,0.5345274898299922,0.4125553992368132,0.43135286552499136,0.3292014904575872,0.3161181043079756,0.209917429891386,0.07049718802772681,0.01095249217129042,0.0,0.0,0.013072710633044082,0.13154904171959286,0.26243344833072024,0.3058603988130769,0.21139991602444916,0.07578631340494327,0.14202391062361422,0.5073078897104437,0.7699324927917987,1.0,0.9787616988379971,0.6191837993358243,0.2633643703571417
mp-8880,0.0,0.006798934073114897,0.011482508483105091,0.026773818496281354,0.09075858952358506,0.2852391823165867,0.4585145976123089,0.5011379613725758,0.4041170925961466,0.23995907530839433,0.11546805416594462,0.03530186319986254,0.07269081710788759,0.1074109019911679,0.15954839861089787,0.22495066319169243,0.17476848072996398,0.11535258828337103,0.07898344355271603,0.19308988869536142,0.792853095130652,1.0,0.7624777663982142,0.13776920016872385,0.0,0.0072417507094416095,0.0,0.0,0.0014578384217535834,0.0,0.0,0.0,0.0,0.0,0.0,0.0,0.0,0.0,0.0,0.0,0.0,0.0,0.0,0.0,0.0,0.0,0.0,0.0,0.0,0.0,0.0
mp-8881,0.03970979686266396,0.0,0.03404214879522524,0.24833886743334171,0.4908505167833576,0.599903178495686,0.3979859680225296,0.1570792399206876,0.16746886924927315,0.28282069527116005,0.24856254508933606,0.09471843382407719,0.0,0.0,0.0,0.12073847218273474,0.716089448063684,1.0,0.785643740862977,0.10838232942222017,0.03905052773677487,0.0,0.00552809402206225,0.001213680155423835,0.0,0.0,0.0,0.0,0.0,0.0,0.0,0.0,0.0,0.0,0.0,0.0,0.0,0.0,0.0,0.0,0.0,0.0,0.0,0.0,0.0,0.0,0.0,0.0,0.0,0.0,0.0
mp-8882,0.0,0.020052459446236185,0.0074441209325088456,0.1482421479754711,0.4204709629523732,0.6378449362754723,0.523716376843014,0.21255443103831487,0.058117344982240575,0.1434539057296595,0.2898859369991806,0.25391053082309056,0.10521111035115481,0.0,0.0,0.0,0.3127345923479216,0.7636265117626195,1.0,0.666515904348741,0.1559288023017477,0.0,0.0,0.016277887738179432,0.0,0.0,0.0,0.0,0.0,0.0,0.0,0.0,0.0,0.0,0.0,0.0,0.0,0.0,0.0,0.0,0.0,0.0,0.0,0.0,0.0,0.0,0.0,0.0,0.0,0.0,0.0
mp-8891,0.021578470493292472,0.0,0.07300903115906064,0.1457892764181526,0.5037470002937788,0.7509198479288398,0.9030382472255147,1.0,0.908640304129368,0.6514709449604599,0.40083020559425814,0.4183421443437825,0.5325902828931687,0.41155410316595653,0.34186302441118166,0.3522927088993569,0.6085135018186277,0.5539271210142581,0.2860443442888698,0.11835937101991907,0.16792729297919362,0.1579700475522692,0.03337643870853457,0.0,0.0,0.0,0.0,0.0,0.13381922297088972,0.5069865211053808,0.6953362602934405,0.47940223710503516,0.038570748602848676,0.03132472594213112,0.13503270876444906,0.33500087198254924,0.3199690054598698,0.10834885096111303,0.0,0.0,0.0,0.0,0.0,0.0,0.0,0.0,0.0,0.0,0.23533638312882252,0.3705113195814401,0.30070254853818246
mp-8922,0.04991808607484336,0.0,0.10971395600577023,0.28595268109918437,0.6973804617444702,1.0,0.8923457871257986,0.5016579917313598,0.17467745439492507,0.244456938453077,0.4584194272808514,0.48651704920915706,0.4121531584368958,0.5534270325812592,0.799934135648271,0.6912413358641273,0.4725763579396829,0.27465956046152856,0.1625890135068835,0.10133578637313598,0.0,0.0,0.0,0.05896908122872292,0.30768055237685066,0.7147436934112779,0.865698277209141,0.9033797682610207,0.6489612192047668,0.36418210034004606,0.46507087335887126,0.8337074389661023,0.9713708105742482,0.5494622622704209,0.041723156569006714,0.0,0.0,0.0,0.0,1.3701491209875635e-39,0.0,0.0,0.0,0.0,0.0,0.0,0.0,0.0,0.0,0.0,0.0
mp-8930,0.007502970984904186,0.08965232647222883,0.3927735213085984,0.7364298682455507,0.9544303081696175,1.0,0.7423700396242419,0.3646792096030562,0.16293988645375307,0.15810827416345125,0.2831686833025278,0.27779421321718434,0.35011538065309916,0.26678810786964435,0.2024155825547745,0.0,0.0,0.0,0.0,0.0,0.0,0.0,0.0,0.0,0.0,0.0,0.0,0.0,0.0,0.0,0.0,0.0,0.0,0.0,0.0,0.0,0.0,0.0,0.0,0.0,0.0,0.0,0.0,0.0,0.0,0.0,0.0,0.0,0.0,0.0,0.0
mp-8932,0.0,0.5121662023557608,1.0,0.9828797615053185,0.5478696510277673,0.3838798615566975,0.4482411060775341,0.4594309826270119,0.18219425196858544,0.1988224040258667,0.24706666646038677,0.22621853370599246,0.13773402929846382,0.0254284067038278,0.03320738475443305,0.030198625437389943,0.1282283683400159,0.13852270899452504,0.2677963576518734,0.24716286171400004,0.1585240945723938,0.07564055176209773,0.28821076798550943,0.3714339785291381,0.26702353455062383,0.012235453315713558,0.0,0.004591875161900696,0.0075728422885527275,0.0,0.0,0.0,0.0,0.0,0.0,0.0,0.0,0.0,0.0,0.0,0.0,0.0,0.0,0.0,0.0,0.0,0.0,0.0,0.0,0.0,0.0
mp-8934,0.0,0.4843079361321481,0.8948974344621937,1.0,0.6128179689891516,0.3119542894741618,0.0,0.02642019927079508,0.2125443515032385,0.3032354360711934,0.37975366806966726,0.22459694557551482,0.11546383484872799,0.029238498301594612,0.0,0.0,0.0,0.0,0.0,0.0,0.0,0.0,0.0,0.0,0.0,0.0,0.0,0.0,0.0,0.0,0.0,0.0,0.0,0.0,0.0,0.0,0.0,0.0,0.0,0.0,0.0,0.0,0.0,0.0,0.0,0.0,0.0,0.0,0.0,0.0,0.0
mp-8943,0.0,0.28020317376083714,0.430516606778404,0.5272272360187668,0.5863100649439914,0.7969099530130178,0.8500227923197944,0.7165314148001931,0.673073495535855,0.7616136362797316,0.9849612984645281,0.9538930821911694,1.0,0.6481186199864596,0.23642731224933855,0.0,0.0,0.0,0.2600867946471817,0.4406171075320444,0.5940089003078037,0.4719971540484269,0.3103681335767716,0.08240678729052156,0.0,0.18992132092106262,0.6791945806515238,0.8106959473635116,0.4619427297314667,0.08016432413384965,0.0,0.09681477001092606,0.713401842173855,0.8784922319446224,0.5632773980963169,0.0,0.0,0.0,0.0,1.303529392162794e-46,1.4007636379675877e-45,0.0,0.0,0.0,0.0,0.0,0.0,0.0,0.0,0.0,0.0
mp-8963,0.009631083043390967,0.4007796863289418,0.7866773525976933,1.0,0.842185100259085,0.7377208549887547,0.46363278436977085,0.34008893952978264,0.18333191731852427,0.16066258668050187,0.09325403979426462,0.08172701646323986,0.09074282061908465,0.05597599970474129,0.04610873280535327,0.08894565092131435,0.17122201725985986,0.1567001191951896,0.11247020810521316,0.07875412107834164,0.11337199255741248,0.0636909746387577,0.0,0.0,0.0,0.0,0.0,0.0,0.0,0.0,0.0,0.0,0.0,0.0,0.0,0.0,0.0,0.0,0.0,0.0,0.0,0.0,0.0,0.0,0.0,0.0,0.0,0.0,0.0,0.0,0.0
mp-8978,0.26385466359487303,0.5772065018316292,1.0,0.8508209989957954,0.5447967155996675,0.15975546790351977,0.208904062406287,0.22359693221621924,0.23857030255253342,0.25104649927617634,0.2649981178194322,0.2775943347051954,0.29361188877181627,0.3207649890087637,0.41645891573634464,0.4143843797395063,0.3416206630663135,0.27134247838457315,0.3525926378773461,0.43537269178932175,0.2693228242055297,0.06823827959891185,0.0,0.0,0.0,0.0,0.0,0.0,0.0,0.0,0.0,0.0,0.0,0.0,0.017909622496835212,0.11541732284156667,0.25774353684202417,0.29338942419005126,0.17998361034411003,0.04151821815031121,0.0,0.0,0.0,0.0,0.0,0.0,0.0,0.008763777607129162,0.04470407834991845,0.11214663586025786,0.1298983923121323
mp-9107,0.0,0.014553490822671274,0.18846034259522046,0.496137826859513,0.8508875138690256,1.0,0.9423139058454599,0.7059731726486973,0.43878991868037265,0.1965835279134895,0.1762695402159666,0.3734683513057485,0.7385779974732011,0.8951303996591885,0.8424681442539078,0.9022677829924711,0.6431959933188773,0.24934877610176842,0.0,0.0,0.0,0.0,0.0,0.0,0.0,0.0,0.0,0.0,0.0,0.0,0.0,0.0,0.0,0.0,0.0,0.0,0.0,0.0,0.0,0.0,0.0,0.0,0.0,0.0,0.0,0.0,0.0,0.0,0.0,0.0,0.0
mp-9124,0.0341695638104314,0.0,0.05518070003428773,0.3248977727499762,0.6039532327816972,0.5827073511493804,0.4160859168690149,0.5474101864546378,0.9739423957408503,0.9173246574772934,0.5255865158196698,0.07034157021459457,0.0,0.0,0.0,0.06667111092166492,0.614348439316821,1.0,0.8157239710442574,0.08716193832357716,0.0,0.007383964452883254,0.025703684737038462,0.0,0.0,0.0,0.0,0.0,0.0,0.0,0.0,0.0,0.0,0.0,0.0,0.0,0.0,0.0,0.0,0.0,0.0,0.0,0.0,0.0,0.0,0.0,0.0,0.0,0.0,0.0,0.0
mp-9125,0.07468941492643069,0.0,0.07495497625446963,0.300216131692143,0.4602820278609868,0.4959374068935876,0.32843233771331803,0.4268577800903137,0.565515061918105,0.7559782049347264,0.8155222510741923,0.6007757079163706,0.47405720388076156,0.5430247900632736,0.7813056531196421,0.6840264319748727,0.41715445714505944,0.28203132931139213,0.20676886162942013,0.14811689756507843,0.013653509749809584,0.0,0.0,0.1433256973852407,0.27091863756981865,0.5845964779639935,0.7967862833822614,0.983012461615451,0.7765439129405792,0.32448399995733185,0.36076034852170047,0.7826746491521097,1.0,0.6337509565647343,0.09911075180164194,0.0,0.0,0.0,0.0,3.47421552001472e-40,5.119473103451304e-40,0.0,0.0,0.0,0.0,0.0,0.0,0.0,0.0,0.0,0.0
mp-9127,0.044912111684154446,0.0,0.28270459963448646,0.6286006746690947,0.8496126640040357,0.7556073387175001,0.5618856188898569,0.23737965940737074,0.32344307178775733,0.4772285207148994,0.6018994341603193,0.6315097080568727,0.5186572798228044,0.5856955352904685,0.4803777505485519,0.37224798346060206,0.38543863095248393,0.2831255857031607,0.12584178521068604,0.007498736222110069,0.0,0.0,0.0800705562759597,0.22658696304427295,0.41737232079933867,0.7593348865775278,0.76022352479676,0.7834628655221348,0.45431970217013806,0.30585513644321716,0.47515624519630445,0.9755461440391844,1.0,0.47091512102938843,0.0,0.0,0.0,0.0,1.6338578939896511e-40,1.4065247597203107e-40,0.0,0.0,0.0,0.0,0.0,0.0,0.0,0.0,0.0,0.0,0.0
mp-9143,0.19597398345763137,0.0,0.10427615487025721,0.629098033499469,1.0,0.8582070772821395,0.27169693688681656,0.010443786623736732,0.0,0.0,0.0025887430714095767,0.31335411200674074,0.4009462481369394,0.38241076572257277,0.5168793156121818,0.7011302261472507,0.5067237334925507,0.0001027326035006601,0.023030710549024596,0.0,0.0,0.3745932470336828,0.6064761266764293,0.5123833231996354,0.004703973629350174,0.038028705163041285,0.6450088795966527,0.9121736628968392,0.6958967881576457,0.08382139842249567,0.00018598639890657944,0.0,0.0,0.0,0.0,0.14599506644215884,0.20609982536732846,0.12185327899085399,0.07010135077152344,0.27401214994129847,0.35707458191534375,0.25394631675009977,0.09680235237521385,0.11138198909374952,0.14996972518666157,0.09962259522052645,0.03435977475193492,0.0,0.0,0.0,0.0
mp-9144,0.11979209219314267,0.0,0.17971573548778472,0.6695487967418463,1.0,0.7751998079873939,0.26196895174879536,0.0,0.0,0.0,0.3201154352785717,0.8594970026390727,0.9231152422807134,0.47513764245701373,0.08158439232241077,0.0642264698821786,0.46934067630841836,0.6996672499954816,0.8042497923586478,0.5519423790892176,0.3899197606092255,0.10406989674888581,0.0,0.0,0.0,0.0,0.16255782662733384,0.3546483776404721,0.3532332270287052,0.13533680505107246,0.0,0.15349606228759233,0.5158206027405959,0.5983780981812047,0.4348354528310104,0.10152150064649368,0.1289844932796321,0.03219059881954038,0.0,0.0,0.0,0.0,3.683045218456568e-73,7.040798396486475e-73,0.0,0.0,0.0,0.0,0.0,0.0,0.0
mp-9158,0.0,0.012910410161549573,0.041697059142807254,0.11132321456680946,0.2273796024482372,0.3927570872847082,0.579908589737229,0.5961274256320949,0.4928493724263735,0.4050548542607225,0.4473936838871011,0.5593903289105426,0.627034579828974,0.6227491192301282,0.6541580168506697,0.7657667643371703,0.9956135117543704,1.0,0.7413657625126745,0.3660820216335825,0.1699083780606213,0.06731566438687682,0.02990643916680627,0.08637505142262134,0.21322383230853792,0.37361833000348293,0.35269366338237107,0.15305348545824715,0.3261021692516702,0.6156409684051789,0.8306322983862416,0.7227026146947152,0.6268356436206123,0.44753120223053544,0.21663834944803884,0.050618678577949335,0.0,0.0,0.0,0.0,0.0,1.051708749675565e-49,3.2216272654083707e-51,0.0,0.0,0.0,0.0,0.0,0.0,0.0,0.0
mp-9166,0.0,0.012517040987083615,0.0324054741124038,0.05538055799182237,0.07843310450544473,0.10541189101542223,0.13799086627021653,0.17746468152520536,0.25683360109802067,0.3629672693657819,0.46517145547485855,0.5785480518011409,0.7100705606569687,0.7028167973182328,0.6202997256955827,0.7374034480280403,1.0,0.9524976552559972,0.6274766838379576,0.40464327436859343,0.3390459628490941,0.25668487207882373,0.09280880880359253,0.0264898484953783,0.002030567186008973,0.004062932423780619,0.0009947933692283774,0.0,0.0,0.0,0.0,0.010945520905358858,0.37511416261244535,0.8386167484072043,0.7942269822017501,0.2629218981026212,0.0,0.0,0.0,0.0,0.0,0.0,0.0,0.0,0.0,0.0,0.0,0.0,0.0,0.0,0.0
mp-9195,0.045433136084240495,0.22657240831089065,0.4709046126038283,0.9292882760912102,1.0,0.8553870843493698,0.5995915887101729,0.7675009718187833,0.9085592421331131,0.577709045089602,0.47697579683898045,0.3780466149903809,0.43410422668465853,0.33917931547870067,0.29038194084950397,0.15881668273440291,0.023184944136642006,0.0,0.01447173803378453,0.006955712624570359,0.0,0.0,0.0,0.0,0.0,0.0,0.0,0.0,0.0,0.0,0.0,0.0,0.0,0.0,0.0,0.0,0.0,0.0,0.0,0.0,0.0,0.0,0.0,0.0,0.0,0.0,0.0,0.0,0.0,0.0,0.0
mp-9198,0.0,0.0033134009928691846,0.01141497184982709,0.02786660171993282,0.053368532517834195,0.1143054119041532,0.25985902739395333,0.47289180038407763,0.6501244312777684,0.7109402646045446,0.6706018945544389,0.6071982614531386,0.5606123112254886,0.44587459424734954,0.32097783695545,0.3160872656820209,0.490226645038934,0.5507556876682899,0.39340947297854867,0.34747086815545986,0.5713487884165551,0.9626687261558117,1.0,0.7841163379762279,0.7464051074719297,0.6208513830032704,0.3410531995287484,0.09536193810039995,0.0,0.0,1.521822296099502e-05,0.0,0.0,0.0,0.0,0.0,0.0,0.0,0.0,0.0,0.0,0.0,0.0,0.0,0.0,0.0,0.0,0.0,0.0,0.0,0.0
mp-9200,0.0,0.7669397487928069,1.0,0.8220026494902977,0.4058030181713888,0.37852919264896034,0.42004389380233537,0.3745540264078826,0.24980764526307825,0.12531595837637896,0.0564585488116289,0.10108823174498603,0.19482520701293074,0.3586802161636006,0.31005828155380594,0.17805189469184915,0.04274260568272334,0.0,0.009722652873072205,0.0,0.0,0.0,0.0,0.0,0.0,0.0,0.0,0.0,0.0,0.0,0.0,0.0,0.0,0.0,0.0,0.0,0.0,0.0,0.0,0.0,0.0,0.0,0.0,0.0,0.0,0.0,0.0,0.0,0.0,0.0,0.0
mp-9205,0.0,0.17358256705415143,0.45641437966701226,0.6513028981402056,0.7444082576660717,0.962704959402167,1.0,0.6543766948070526,0.16414861355122515,0.0,0.0,0.015520052056903592,0.1730440594303437,0.22451300432453186,0.31713419757370753,0.19214496275831353,0.16160104923232774,0.0,0.1659144493649937,0.2887013313884354,0.2608605453340984,0.16097976527104604,0.09706213077358888,0.08075500020817648,0.01879918340948426,0.0,0.0,0.0,0.0,0.0,0.0,0.0,0.0,0.0,0.0,0.0,0.0,0.0,0.0,0.0,0.0,0.017377927316177447,0.2365672209310593,0.40810259221941864,0.34675166784276856,0.09898127877464845,0.0,0.0,0.0,0.0,0.0
mp-924128,0.0,0.06149375204467662,0.029670028236485905,0.20190747895527295,0.5871398037401324,0.7677478332340557,0.6970431325833337,0.8395665858478891,1.0,0.5313660979811121,0.5177674196726854,0.9208040726303297,0.9897038042642236,0.45752201925439256,0.0,0.02118467128823938,0.0,0.0,0.0,0.0,0.0,0.0,0.0,0.0,0.0,0.0,0.0,0.0,0.0,0.0,0.0,0.0,0.0,0.0,0.0,0.0,0.0,0.0,0.0,0.0,0.0,0.0,0.0,0.0,0.0,0.0,0.0,0.0,0.0,0.0,0.0
mp-9244,1.5595034560056926e-05,0.0006100633374911236,0.002412714429917124,0.005546505371809708,0.010031118201602768,0.015853366388809874,0.02336278365351474,0.03279176944419891,0.044778739880072145,0.05915124152980494,0.07495650029402386,0.09260375487338243,0.11354628099544752,0.16056824363295324,0.2049466163403128,0.2514373151858929,0.45195205271104866,0.7879554380516707,1.0,0.9377112079625882,0.7031207558049187,0.7179759101107976,0.5825254348785891,0.3719010638464267,0.12999417187608348,0.14794563318237158,0.16588367205351748,0.14449843176509652,0.11139142292605546,0.10338573014492401,0.09736512542673059,0.07925074945640578,0.09915589765439974,0.19236392473297803,0.2920335217497486,0.3224624100703172,0.2685810810164988,0.24091893247496632,0.25525712772361236,0.2788259988308881,0.23807488862293905,0.14832096221348262,0.07152024473676015,0.06829977410734975,0.09009775281789878,0.09817984626596617,0.09761416830891627,0.0943634017671471,0.09346367750757187,0.09068813157040521,0.057889072805288995
mp-9259,0.15270791981670429,0.0,0.19829128865460807,0.5887530533739908,0.8400053710736214,0.8261909168191923,0.5804920711814502,0.6352638529707394,0.6687448048985993,0.6293946615693659,0.6533871823710236,0.7852527560913857,0.8099156493103823,0.8771167334856599,0.8889417395886589,1.0,0.8967179735938999,0.5277047625668921,0.24706580534309594,0.08505941337546986,0.06094058640221961,0.024097528764580576,0.0,0.0,0.0,0.0,0.0,0.18341431236158962,0.7799716314547995,0.9099130229523812,0.5148422305851398,0.0,0.0,0.0,0.0,0.08509927814816771,0.3450478229387348,0.4370803603838367,0.2664554131241038,0.08783193777930869,0.0,0.0,0.0,0.0,0.2682774837950265,0.47717622338606597,0.4233846637139743,0.10713741274206952,0.0,0.0,0.0
mp-9262,0.04571576757275852,0.15922658355093167,0.7095920302295642,1.0,0.7150875238413039,0.20486399813052603,0.0,0.0,0.16907668857206462,0.2552356434143962,0.3496606196728139,0.293794926392438,0.4747712961868456,0.4644588773539389,0.13286879738180957,0.013744658453981146,0.0,0.0,0.0,0.0,0.0,0.0,0.0,0.0,0.0,0.0,0.0,0.28753298110576514,0.5684064824894207,0.5291084805666154,0.1638345411173434,0.0,0.0,0.0,3.2860206156715675e-19,4.858218331951333e-19,0.0,0.0,0.0,0.0,0.0,0.0,0.0,0.0,0.0,0.0,0.0,0.0,0.0,0.0,0.0
mp-9268,0.0,0.31797803111042156,0.7099049974056549,0.8785037818137577,0.8488052788231961,0.8007225050837705,1.0,0.7317106692442803,0.2886511380013134,0.0,0.0,0.06897453106789307,0.19555001831122648,0.20612479709935919,0.060062306146716815,0.0,0.0,0.0,0.0,0.0,0.0,0.0,0.0,0.0,0.0,0.0,0.0,0.0,0.0,0.0,0.0,0.0,0.0,0.0,0.0,0.0,0.0,0.0,0.0,0.0,0.0,0.0,0.0,0.0,0.0,0.0,0.0,0.0,0.0,0.0,0.0
mp-927,0.007098158408023431,0.0,0.044319579829742835,0.16036123013278572,0.5975408152935299,1.0,0.9110939941232752,0.5788310407427628,0.43564905896693606,0.53003127046389,0.5914964657754133,0.4289224803372778,0.16487029231460348,0.172591184560131,0.7503409218071415,0.9871058772800251,0.6292525673218361,0.060424633782623076,0.0,0.0,0.258764120315782,0.6509901007678663,0.8536225243917192,0.7330365438033737,0.4862007861824617,0.1622405964765632,0.034603492301076476,0.0,0.0001474615345351152,0.0009584925116044735,0.0,0.0,0.0,0.0,0.0,0.0,0.0,0.0,0.0,0.0,0.0,0.0,0.0,0.0,0.0,0.0,0.0,0.0,0.0,0.0,0.0
mp-9273,0.0,0.7190855373085625,1.0,0.8324882572875821,0.5501269392666159,0.5850558017041049,0.7566739175551194,0.5943229181036475,0.3795662481440989,0.1816190278931482,0.11826685707243385,0.02798378156313282,0.0,0.0,0.0,0.0,0.0,0.0,0.0,0.0,0.0,0.0,0.0,0.0,0.0,0.0,0.0,0.0,0.0,0.0,0.0,0.0,0.0,0.0,0.0,0.0,0.0,0.0,0.0,0.0,0.0,0.0,0.0,0.0,0.0,0.0,0.0,0.0,0.0,0.0,0.0
mp-9307,0.0816906456537669,0.0,0.2638920421551827,0.5819228105492649,0.9380374555467362,1.0,0.8124467194227656,0.6437313173114203,0.39395888951624547,0.23669309528515448,0.06125656401346742,0.19479799334388112,0.334655390898954,0.32162986598121035,0.19803724455729155,0.14229405029872938,0.11602511571483566,0.04701964893623546,0.0,0.0,0.0,0.0,0.0,0.0,0.0,0.0,0.0,0.0,0.0,0.0,0.0,0.06977259218803236,0.2797115101493556,0.3592326752043292,0.2461134734047311,0.05180432355320637,0.009904606775307164,0.004203676051839521,0.0,0.0,0.0,0.0,0.0,3.54527976886798e-76,5.2200092534381733e-76,0.0,0.0,0.0,0.0,0.0,0.0
mp-9317,0.05398951386362946,0.0,0.13762163205224517,0.41093567847352275,0.7679420419134735,1.0,0.8249004059676408,0.5069078042586159,0.2475807657739889,0.08454582695553592,0.16477448914550535,0.30471322742775886,0.629588883450689,0.7403720620595349,0.7649597242799063,0.6960115836059482,0.4908519360974207,0.24770537118175412,0.0,0.0,0.006147841597181595,0.0,0.0,0.0,0.0,0.0,0.0,0.0,0.0,0.0,0.0,0.0,0.0,0.0,0.0,0.0,0.0,0.0,0.0,0.0,0.0,0.0,0.0,0.0,0.0,0.0,0.0,0.0,0.0,0.0,0.0
mp-9321,0.0,0.2634506060587246,0.6485671702918965,0.9534701283614132,1.0,0.957622049294574,0.7695719791717225,0.4903492666486748,0.3632560557124043,0.49552661274947024,0.3858816181226408,0.15717053678531887,0.006420690075939759,0.16188340727897013,0.29787040446560836,0.2532165606277228,0.019958478920826882,0.057009718837662045,0.15273369942733536,0.15826706696217366,0.0687493963000861,0.022510185516287574,0.13911586876458107,0.12851475946271038,0.0339417386612066,0.0,0.0,0.0,0.0,0.0,0.0,0.0,0.0,0.0,0.0,0.0,0.0,0.0,0.0,0.0,0.0,0.0,0.0,0.0,0.0,0.0,0.0,0.0,0.0,0.0,0.0
mp-9348,0.09828145893947926,0.4079996028502706,0.7463152653507681,1.0,0.9128145315611208,0.722992529723517,0.5462069069079953,0.781574610254348,0.6553150783039825,0.413818061299626,0.31913440180774844,0.4517949057866907,0.660054971389066,0.4712923608940162,0.26696732403558965,0.003484634342578155,0.0,0.0,0.12761052558616762,0.2844554071386389,0.21679341130200802,0.20984672511061747,0.24423395365711986,0.32870543863871876,0.3470872216345134,0.22896917714432696,0.2070550211253293,0.022454856336484297,0.0,0.10736417587468988,0.0,0.0,0.0,0.0,0.0,0.0,0.0,0.0,0.0,0.0,0.0,0.0,0.0,0.0,0.0,0.0,0.0,0.0,0.0,0.0,0.0
mp-9384,0.0,0.643574126244506,1.0,0.908744670425799,0.481543457958632,0.0276666554802886,0.0,0.0,0.0,0.0,0.0,0.0,0.0,0.06527452674174004,0.3576547650603014,0.3925379479791809,0.4058081672402031,0.17899360852348095,0.16668788001592946,0.0,0.0,0.0,0.0,0.0,0.0,0.0,0.0,0.0,0.0,0.0,0.0,0.0,0.0,0.0,0.0,0.0,0.0,0.0,0.0,0.0,0.0,0.0,0.0,0.0,0.0,0.0,0.0,0.0,0.0,0.0,0.0
mp-9386,0.0,0.7135032042168055,1.0,0.7759981102439092,0.2967941120088705,0.0,0.0,0.05478664024879813,0.16948484748197076,0.29512840029484255,0.29212426664291513,0.2545739486615404,0.1835595021828346,0.07025127188418863,0.004467914580506857,0.0,0.0,0.0,0.0,0.0,0.0,0.0,0.0,0.0,0.0,0.0,0.0,0.0,0.0,0.0,0.0,0.0,0.0,0.0,0.0,0.0,0.0,0.0,0.0,0.0,0.0,0.0,0.0,0.0,0.0,0.0,0.0,0.0,0.0,0.0,0.0
mp-9437,0.0,0.014810844620802666,0.03138056579718304,0.0552202834154258,0.2527819645192124,0.5344329766484821,0.6678877564872809,0.5673031692137319,0.3746056091420959,0.4397718845512876,0.8132972897116654,0.783623488073984,1.0,0.7971410081796485,0.6652660893155411,0.329255504155959,0.26502929353216903,0.22889050255570653,0.060626947400622695,0.0,0.0,0.0031999247338417303,0.0,0.0,0.0,0.0,0.0,0.0,0.0,0.0,0.0,0.0,0.0,0.0,0.0,0.0,0.0,0.0,0.0,0.0,0.0,0.0,0.0,0.0,0.0,0.0,0.0,0.0,0.0,0.0,0.0
mp-9486,0.0,0.11402788220523112,0.4153688785562779,0.7024523960370794,0.7868239254574545,0.9056433286394194,1.0,0.8114190014272846,0.6484627553434001,0.5514496160739034,0.4752542065907812,0.3590250280976891,0.18163584856824833,0.18549991571272045,0.11644962096765255,0.2835339474768568,0.42226074243221623,0.5092556700183777,0.4618300098561448,0.4303570726605138,0.40368205055499656,0.30612411265133244,0.18828716509405669,0.11414087486974801,0.12084312339443753,0.1429408541671737,0.10994101754318396,0.051925856618972366,0.03545830500838082,0.09762721357461125,0.33625797331220764,0.45361454250996075,0.382777645769912,0.1875981694994545,0.05016548335405036,0.020880187960262794,0.0,0.0,0.0,0.0,8.354761588244323e-56,1.230416196248171e-55,0.0,0.0,0.0,0.0,0.0,0.0,0.0,0.0,0.0
mp-9514,0.0,0.002706568293316433,0.008703141275634138,0.020105360175900356,0.03827373861172375,0.07589667800110492,0.15698450611065048,0.2966899727815391,0.4862103586657091,0.7182852286297156,0.7976226743495681,0.6618331261288082,0.4415242289835711,0.3239901411204213,0.38053297773660527,0.5405247889887282,0.6869345751035747,0.8165226012335361,0.7595718123521245,0.6479705751559416,0.5079404464658324,0.43280406817223843,0.3572715312447136,0.3520103517392399,0.3857895418508303,0.4015359098828905,0.4189046610974791,0.3584694437379226,0.30175644341308555,0.09755923246137042,0.0,0.19732216717236115,0.7034303053000542,1.0,0.8696501672939957,0.41745694620619495,0.48206285774320323,0.2554654890671439,0.18597371196806342,0.09963498457956173,0.0390548839358038,0.007792761755218467,0.0,0.0,0.0,0.0,0.0,0.0,0.0,0.0,0.0
mp-9562,0.011473790666123298,0.001698077414933868,0.05476733199199393,0.17281873431006117,0.3111959661844978,0.6206870430502939,0.7902865488148568,0.657386432749414,0.653967012415929,0.5342514837918106,0.36709527524440133,0.5755319732860861,1.0,0.9491950081359022,0.5489597533401236,0.49090736870541934,0.5388867461528498,0.22061470929930121,0.030127439309448948,0.3402096949757503,0.8196401325391593,0.9472642824576565,0.6603317715690493,0.36002180707767395,0.3582590009098104,0.40497787718382683,0.24314328972227026,0.03954693331887385,0.011838002782081674,0.003942012991864078,0.0,0.0,0.0,3.14032705776141e-14,0.0,0.0,0.0,0.0,0.0,0.0,0.0,0.0,0.0,0.0,0.0,0.0,0.0,0.0,0.0,0.0,0.0
mp-9564,0.024808525232546567,0.0,0.04522092379487113,0.19641386092465743,0.42017486046630226,0.5587281147640242,0.7509696095558899,1.0,0.9363442899354869,0.5831682748946803,0.2698551531808636,0.4387602539644663,0.5510063829229072,0.496548184716888,0.589601787007111,0.5071788398362364,0.2479854114773978,0.012012652410120464,0.0,0.008109827876515308,0.0,0.0,0.0,0.0,0.0,0.0,0.0,0.0,0.0,0.0,0.0,0.0,0.0,0.0,0.0,0.0,0.0,0.0,0.0,0.0,0.0,0.0,0.0,0.0,0.0,0.0,0.0,0.0,0.0,0.0,0.0
mp-9565,0.12715651717748527,0.0,0.29791172499815316,0.6973905628813137,1.0,0.727936548408497,0.7165227892190243,0.7387439356005208,0.5635356158497483,0.5844804284439747,0.5805392777897896,0.7884066289862555,0.695687050892284,0.5406915071794235,0.28426453603411656,0.017099659509093024,0.0,0.10733957149259106,0.0,0.0,0.0,0.0,0.0,0.0,0.0,0.0,0.0,0.0,0.0,0.0,0.0,0.0,0.0,0.0,0.0,0.0,0.0,0.0,0.0,0.0,0.0,0.0,0.0,0.0,0.0,0.0,0.0,0.0,0.0,0.0,0.0
mp-9567,0.028101053059147073,0.009729502365865277,0.2965040017377903,0.7140173716557424,1.0,0.9310211769700183,0.5483797074015366,0.06955855120625577,0.04437266125459881,0.4120054516627403,0.637667485906533,0.7005575658891064,0.40028245077580804,0.2437132646275167,0.017561322556546823,0.0,0.0,0.0,0.0,0.0,0.0,0.0,0.0,0.0,0.0,0.0,0.0,0.0,0.0,0.0,0.0,0.0,0.0,0.0,0.0,0.0,0.0,0.0,0.0,0.0,0.0,0.0,0.0,0.0,0.0,0.0,0.0,0.0,0.0,0.0,0.0
mp-9569,0.005971894329028195,0.0032543690923213207,0.025041344756460276,0.21425535124658424,0.508854434505444,0.9276696334112858,1.0,0.8873551285433664,0.6760154016878366,0.48313252170244825,0.34440501186552813,0.279852024451011,0.238613900468246,0.4372871167505023,0.6989041356412223,0.932554491208457,0.7988036260712609,0.34301291197535405,0.05448335406433755,0.0,0.0,0.0,0.0,0.0,0.0,0.0,0.0,0.0,0.0,0.0,0.0,0.0,0.0,0.0,0.0,0.0,0.0,0.0,0.0,0.0,0.0,0.0,0.0,0.0,0.0,0.0,0.0,0.0,0.0,0.0,0.0
mp-9570,0.018084058099320434,0.0,0.21048026008918644,0.6678990743487689,1.0,0.7005744353201917,0.48334776964053827,0.33096804861451146,0.5001087372777296,0.36887638148521484,0.2809734327308851,0.29985659768389894,0.45233822302989146,0.6052755018331051,0.6854929598304154,0.45255374286680594,0.12509327501779371,0.0,0.0,0.0,0.0,0.0,0.0,0.0,0.0,0.0,0.0,0.0,0.0,0.0,0.0,0.0,0.0,0.0,0.0,0.0,0.0,0.0,0.0,0.0,0.0,0.0,0.0,0.0,0.0,0.0,0.0,0.0,0.0,0.0,0.0
mp-9571,0.09030712354409934,0.0,0.12607071993865668,0.4672832762006213,0.6665917371620271,0.653555520054823,0.5650160959694669,0.5097181011840745,0.5115515436247858,0.838983787734184,1.0,0.7798569192380604,0.26943386027052346,0.0,0.0,0.0,0.0,0.0,0.0,0.0,0.0,0.0,0.0,0.0,0.0,0.0,0.0,0.0,0.0,0.0,0.0,0.0,0.0,0.0,0.0,0.0,0.0,0.0,0.0,0.0,0.0,0.0,0.0,0.0,0.0,0.0,0.0,0.0,0.0,0.0,0.0
mp-9573,0.10211913063406294,0.0,0.039911756845657564,0.2716635584669085,0.3485562237189213,0.4147126048553528,0.6382024255037437,1.0,0.899885312878963,0.44740138691441755,0.20195976780435645,0.20131549692984066,0.09981763503325627,0.0,0.017738343916748875,0.06915254686838584,0.22967109390268411,0.2603795852828094,0.16645089528542836,0.03526441367487287,0.0,0.0,0.0,0.0,0.0,0.0,0.05875008923436984,0.24369427157783694,0.38267668180302744,0.4471820751858042,0.2598244631293412,0.1557604156838707,0.0,0.0,0.0,0.0,1.7096947216957852e-25,0.0,0.0,0.0,0.0,0.0,0.0,0.0,0.0,0.0,0.0,0.0,0.0,0.0,0.0
mp-9575,0.0,0.0242958535700879,0.03075790371629265,0.18455291653977032,0.5458259645522181,0.9183552141485827,0.8931136730091565,0.4665284677381078,0.09894919011056985,0.0,0.06875065859558536,0.14003991304128238,0.5855882099485428,1.0,0.9248953110040508,0.43246355503148026,0.0,0.0,0.14689650819384883,0.40276931488236195,0.346092430570847,0.3100270944269914,0.3898354851002912,0.7578297627423376,0.6104545512081452,0.16446712062858573,0.0,0.0,0.0,0.0005011483134351719,2.503369519965325e-05,0.0,0.0,0.0,0.0,0.0,0.0,0.0,0.0,0.0,0.0,0.0,0.0,0.0,0.0,0.0,0.0,0.0,0.0,0.0,0.0
mp-9583,0.02067463553211919,0.0,0.10401268746253466,0.326556086321575,0.6524065695203058,0.8923814335994922,1.0,0.9699032928439776,0.8009501714692359,0.5703468458795427,0.42006864888594264,0.3792190376030513,0.3941568290809556,0.33449693970539174,0.27056088566284664,0.19842174287275327,0.07811782984469479,0.15357842294888738,0.2167445171695147,0.24761713141642647,0.1459897031566839,0.04944240199323677,0.04403401251849335,0.11696085774539536,0.15484137163708053,0.0961551003976407,0.018497868191174015,0.0,0.0,0.00044048966168179986,0.0,0.0,0.0,0.0,0.0,0.0,0.0,0.0,0.0,0.0,0.0,0.0,0.0,0.0,0.0,0.0,0.0,0.0,0.0,0.0,0.0
mp-9595,0.03067937122019951,0.0,0.07853762873625533,0.2528521555782413,0.5790537159042187,0.9065285098127723,1.0,0.92443476229171,0.8340834963804769,0.9313556479431476,0.9819438749003663,0.9681771254156165,0.9298320027557648,0.9220176350212598,0.9194226689611811,0.9850522469977476,0.8526357884900508,0.6299341755121077,0.5057349346212592,0.5697697291797362,0.58454114385038,0.6446373298394342,0.6618492383738193,0.7679519183350215,0.6926432260038333,0.42869024617977536,0.31752265970588683,0.25401699573633746,0.4105321414537021,0.36001974569338874,0.4581742153480745,0.48168647409171356,0.4093436013280508,0.27094190078820063,0.2241586879794796,0.23610150035371236,0.1965283485278478,0.20289314703758385,0.46445849400323874,0.518359953786694,0.3322512435280208,0.039669353691269345,0.0,0.0,0.0,0.0,0.0,0.0,0.0,0.0,0.0
mp-9610,0.0012883418201029375,0.011460386686973132,0.05265765526660952,0.11239878314369993,0.20155521312207866,0.32057770014598586,0.41189083879995597,0.44753487299298256,0.47183512793132265,0.38702611899146516,0.31760657717486246,0.3635092692325566,0.571822175886271,0.7056523633937271,0.6756158708116278,0.7257699948802765,0.7341742215480399,0.7311589481731301,0.6932107492281995,0.7292754876516434,0.8385866473775764,0.6669203539211248,0.46001955013571705,0.3779172242540096,0.454230720150205,0.6094339413698726,0.5941757518319188,0.45782031664660505,0.24575839665834157,0.09066977845572465,0.024927400422485695,0.0,0.46229384973211723,1.0,0.9706787281529117,0.3704147214940686,0.0,0.0,0.0,0.0,0.0,0.0,0.0,0.0,0.0,0.0,0.0,0.0,0.0,0.0,0.0
mp-961648,0.07325914672064382,0.05397332171446801,0.2832189795544844,0.29995129302167384,0.1767746918267198,0.33463925545781886,0.6026275906037748,0.6417095592370272,0.444003915176132,0.8927792664614231,1.0,0.6079046234942689,0.047259830786565614,0.0,0.0,0.0,0.0,0.0,0.0,0.0,0.0,0.0,0.0,0.0,0.0,0.0,0.0,0.0,0.0,0.0,0.0,0.0,0.0,0.0,0.0,0.0,0.0,0.0,0.0,0.0,0.0,0.0,0.0,0.0,0.0,0.0,0.0,0.0,0.0,0.0,0.0
mp-961683,0.07978389651112688,0.05675272530196238,0.05872949449150572,0.02747511503887285,0.0,0.13023240023572363,0.2765142662750231,0.3240221817981851,0.22115072231739197,0.09305306349162325,0.38346533111220793,0.7862608660920339,1.0,0.8451815207480367,0.5439447590351616,0.4476950147991296,0.2769041644687736,0.7013772952049875,0.7477286915964855,0.833097846763045,0.5024596987720191,0.24762817043767935,0.18036016078676007,0.0,0.0,0.0,0.0,0.0,0.0,0.0,0.0,0.0,0.0,0.0,0.0,0.0,0.0,0.0,0.0,0.0,0.0,0.0,0.0,0.0,0.0,0.0,0.0,0.0,0.0,0.0,0.0
mp-961684,0.16062798261342548,0.0,0.15077157735805383,0.5828580490613653,0.7350179260735051,0.5108211016276775,0.2773761310519364,0.3189546682520537,0.34093853115514117,0.7615770247176243,1.0,0.7293168071888989,0.30289159325003984,0.49809213089615334,0.9130955463164814,0.8490347568994109,0.2830947185969673,0.16843777224303455,0.0,0.005542822556132903,0.011364543053190302,0.0,0.0,0.0,0.0,0.0,0.0,0.0,0.0,0.0,0.0,0.0,0.0,0.0,0.0,0.0,0.0,0.0,0.0,0.0,0.0,0.0,0.0,0.0,0.0,0.0,0.0,0.0,0.0,0.0,0.0
mp-961685,0.012832985885760083,0.006110254608470813,0.07004768046432869,0.25610176879826635,0.484644580635609,0.6353778984548546,0.7869670320658096,0.8739298781945687,1.0,0.9156790470379558,0.8933230215275774,0.6001523095887131,0.21561067937225675,0.0,0.0,0.0,0.0,0.0,0.0,0.0,0.0,0.0,0.0,0.0,0.0,0.0,0.0,0.0,0.0,0.0,0.0,0.0,0.0,0.0,0.0,0.0,0.0,0.0,0.0,0.0,0.0,0.0,0.0,0.0,0.0,0.0,0.0,0.0,0.0,0.0,0.0
mp-961698,0.17822221180985834,0.0,0.1741256027718852,0.6236159517814287,0.7411349095287331,0.4345004250674201,0.17728452513455026,0.27297334556746733,0.30271716909786744,0.13007300524694854,0.010812483457941453,0.0,0.41936811092160764,0.8065634968163777,1.0,0.5129994327585665,0.6210482952368029,0.8891261588983443,0.9987183601872668,0.5123704596077758,0.06904818058246234,0.0013991672299559477,0.0,0.004655907584584583,0.0071074993013793795,0.0,0.0,0.0,0.0,0.0,0.0,0.0,0.0,0.0,0.0,0.0,0.0,0.0,0.0,0.0,0.0,0.0,0.0,0.0,0.0,0.0,0.0,0.0,0.0,0.0,0.0
mp-961774,0.04204044186172209,0.4079199974799611,0.7139199567797099,1.0,0.9001215059595816,0.7065151785639531,0.0,0.0,0.6300568826682121,0.8673463088058433,0.6630813641141496,0.0,0.0,0.0,0.0,0.0,0.0,0.0,0.0,0.0,0.0,0.0,0.0,0.0,0.0,0.0,0.0,0.0,0.0,0.0,0.0,0.0,0.0,0.0,0.0,0.0,0.0,0.0,0.0,0.0,0.0,0.0,0.0,0.0,0.0,0.0,0.0,0.0,0.0,0.0,0.0
mp-9631,0.0,0.01616907956953027,0.05046200169104573,0.21019905544062176,0.5157460564200254,0.6592638927061341,0.8137037759722975,0.9617767761844233,0.8415799194645559,0.460192359003729,0.04849733429295656,0.08150805010062302,0.09390413513218872,0.1567145116615465,0.4523489700087875,0.638370418965343,0.5965004300910975,0.3042656506439252,0.22183236946695695,0.28743991468306196,0.48950595810263703,0.6440947176558524,0.7179258442394392,0.8801246941912333,1.0,0.8179045648418938,0.40676734736548364,0.21608044198249518,0.3992934671611326,0.4271322303697604,0.5988938032585027,0.6403131680228212,0.708928791497266,0.5220427780531098,0.346967463120238,0.25662018602350833,0.1344712933320203,0.02433726679071006,0.0,0.0050255762011974184,0.0018611968900862116,0.0,0.0,0.0,0.0,0.0,1.3704100810937414e-95,1.466938116543705e-94,0.0,0.0,0.0
mp-9636,0.0,0.5273573570098039,1.0,0.9629039911549117,0.4159785624445177,0.0,0.0,0.2327407717483089,0.38748325578893095,0.3305338303668845,0.0,0.022973649790348657,0.5087623637227602,0.7348311170867793,0.5411838007204849,0.06279566348548289,0.0,0.0,0.0,0.0,0.0,0.0,0.0,0.0,0.0,0.0,0.17802677305625694,0.2642905972222828,0.17462452904562684,0.15970370011783566,0.37326062217310785,0.4617727175992563,0.25708620676299754,0.015527574175124662,0.0,0.0,0.0,0.0,2.010847089014064e-36,0.0,0.0,0.0,0.0,0.0,0.0,0.0,0.0,0.0,0.0,0.0,0.0
mp-9657,0.0,0.013166210417389902,0.04037600776630571,0.07597754777736496,0.15172036612587422,0.26144748507062,0.3139957180247777,0.3237504621056563,0.27524050269474976,0.24051686943134923,0.17483169773902504,0.12070109347074362,0.38902495878431503,0.8193192065224448,1.0,0.7935445140998187,0.5430565305059232,0.5701455528093597,0.6600219751326851,0.7498352836319496,0.6579707294916661,0.4862177730210934,0.36190502119561097,0.32062979697026883,0.3556654410593629,0.36834702952600085,0.34697865866037547,0.22637340458576455,0.2533840209967486,0.5182036728494858,0.6713140519841722,0.5509679771949787,0.30534271338891744,0.240574476874193,0.6480339186818461,0.8671914546594522,0.6506636103264088,0.22664481708074738,0.02246163881185178,0.0,0.0,0.0,0.0,0.0,3.4109158891016807e-90,2.1294765664845775e-90,0.0,0.0,0.0,0.0,0.0
mp-9664,0.020593662115751043,0.036286532653636225,0.2597141322676907,0.590891672682291,0.8792010674968614,1.0,0.8924392504901955,0.6645653604233018,0.38069992380402834,0.14351923856246843,0.0,0.0,0.0,0.0,0.0,0.0,0.0,0.025132076944822515,0.24375794846646828,0.3014598776427522,0.19768403245198446,0.0,0.0,0.05980847113069741,0.14241427545752144,0.14428119260257297,0.0654092225642781,0.0,0.0,0.0,0.0,0.0,0.0,0.0,0.0,0.0,0.0,0.0,0.0,0.0,0.0,0.0,0.0,0.0,0.0,0.0,0.0,0.0,0.0,0.0,0.0
mp-966800,0.1378719344261288,0.0,0.3037409336196593,0.6828127004253007,0.6385391967470553,0.24874334122453776,0.1415428064521885,0.30040537325262645,0.2739588678254168,0.10887060382843593,0.0,0.0,0.0,0.0,0.357678241713106,0.9232471075956316,1.0,0.4632736914471379,0.057971413546688486,0.0,0.031164378942953597,0.0,0.0,0.0,0.0,0.0,0.0,0.0,0.0,0.0,0.0,0.0,0.0,0.0,0.0,0.0,0.0,0.0,0.0,0.0,0.0,0.0,0.0,0.0,0.0,0.0,0.0,0.0,0.0,0.0,0.0
mp-9672,0.059875519736735425,0.0,0.20575839453360534,0.5129385866153792,0.7491554834907669,0.9778353768112243,1.0,0.8079168824229289,0.36708932171194475,0.046389968780384025,0.0,0.18981639952007842,0.44308080300077773,0.5206131129425369,0.25517346244190664,0.057890888623701724,0.12504422740028617,0.18067800621112684,0.13368248221182888,0.03188021274831173,0.0,0.0,0.0,0.11497993350045482,0.19705533637877182,0.1703306171128395,0.03560560468895653,0.0,0.0,0.00098915497812174,0.0,0.0,0.0,0.0,0.0,0.0,0.0,0.0,0.0,0.0,0.0,0.0,0.0,0.0,0.0,0.0,0.0,0.0,0.0,0.0,0.0
mp-9675,0.0,0.5840705850348695,0.9890875436335234,1.0,0.6948594848675571,0.5860839117362954,0.4187750891090749,0.24942794758563597,0.0,0.0,0.0,0.0,0.0,0.0,0.0,0.0,0.007551863010077588,0.21240099856894712,0.2723505803654604,0.185668564456435,0.0,0.0,0.0,0.07701714166825659,0.13596476548458783,0.12159659044814881,0.03391261849493019,0.0,0.0,0.0,0.0,0.0,0.0,0.0,0.0,0.0,0.0,0.0,0.0,0.0,0.0,0.0,0.0,0.0,0.0,0.0,0.0,0.0,0.0,0.0,0.0
mp-9687,0.0,0.2053189367219761,0.6622117488028569,1.0,0.96979770737185,0.9255159059676077,0.7484733921651606,0.5231049048143093,0.3090277748047947,0.19817377166148986,0.15001500476045468,0.0,0.15288881881033806,0.21226955644243248,0.2785623126034812,0.23391628243555426,0.22276606257941703,0.10670627922824241,0.0,0.0,0.0,0.0,0.0,0.0,0.0,0.0,0.0,0.0,0.0,0.0,0.0,0.0,0.0,0.0,0.0,0.0,0.0,0.0,0.0,0.0,0.0,0.0,0.0,0.0,0.0,0.0,0.0,0.0,0.0,0.0,0.0
mp-9692,0.0,0.3722706465047503,0.5538832478890278,0.671788082120569,0.7999168613630097,1.0,0.8461401474853947,0.37864793213097425,0.0837260979404201,0.10532391272110644,0.1944113769794967,0.13615895900152586,0.07375700298174026,0.13466091886138015,0.2222809422092966,0.18977934308806696,0.14463261716648057,0.05127415326220219,0.0,0.0,0.0,0.0,0.0,0.0,0.0,0.0,0.0,0.0,0.0,0.0,0.0,0.0,0.0,0.0,0.0,0.0,0.0,0.0,0.0,0.0,0.0,0.0,0.0,0.0,0.0,0.0,0.0,0.0,0.0,0.0,0.0
mp-971,0.08442167953149243,0.0,0.1738716830516481,0.46363254693588224,0.6355023287406066,0.5814300151690535,0.5128670191192989,0.7392670750903292,0.8665647698631913,1.0,0.7707110506313845,0.4594494511795139,0.04454333869976645,0.1201154630217903,0.19852120393657555,0.2522062567395088,0.1737649357088667,0.05844354866778521,0.002115297834805957,0.0,0.002047060074372375,0.0,0.0,0.0,0.0,0.0,0.0,0.0,0.0,0.0,0.0,0.0,0.0,0.0,0.0,0.0,0.0,0.0,0.0,0.0,0.0,0.0,0.0,0.0,0.0,0.0,0.0,0.0,0.0,0.0,0.0
mp-9718,0.0,0.2223956906130403,0.6873785868528246,1.0,0.8752048193865529,0.43605059469926527,0.1058502370380112,0.0,0.0,0.0,0.0,0.0,0.0,0.05524140455893218,0.056977953604608784,0.18793859365087706,0.224947631543571,0.17635535783489553,0.06796055923436853,0.0,0.0,0.0,0.0,0.0,0.0,0.0,0.0,0.0,0.0,0.0,0.0,0.0,0.0,0.0,0.0,0.0,0.0,0.0,0.0,0.0,0.0,0.0,0.0,0.0,0.0,0.0,0.0,0.001421207734448119,0.07436028859770731,0.10139594426462702,0.07342473339900628
mp-9720,0.0,0.2175052203006269,0.6774794508977775,1.0,0.8990178273718357,0.7242521307873663,0.5443615670485908,0.3316196034741427,0.0928902425421086,0.0,0.0,0.0,0.0,0.0,0.0,0.0,0.0,0.11792808202336467,0.2604524817509545,0.25415377115203447,0.09903299131073888,0.0,0.0,0.07008504101557679,0.13592882443531507,0.12736092089464202,0.044381330469486176,0.0,0.0,0.0,0.0,0.0,0.0,0.0,0.0,0.0,0.0,0.0,0.0,0.0,0.0,0.0,0.0,0.0,0.0,0.0,0.0,0.0,0.0,0.0,0.0
mp-9731,0.0902379909513918,0.5431794585402963,1.0,0.9986627974012954,0.7726408001495619,0.3611470797634774,0.10093941928418605,0.017987638533825755,0.0,0.13652810624815528,0.32187876487253564,0.40220509430872153,0.2836896468574851,0.0,0.0,0.0,0.0,0.0,0.0,0.0,0.0,0.0,0.0,0.0,0.0,0.0,0.0,0.0,0.0,0.0,0.0,0.0,0.0,0.0,0.0,0.0,0.0,0.0,0.0,0.0,0.0,0.0,0.0,0.0,0.0,0.0,0.0,0.0,0.0,0.0,0.0
mp-9732,0.12419961774990622,0.0,0.26769721089558507,0.6521295202402053,0.6065488709818502,0.38379064676374924,0.24505371106663718,0.6280659253363439,1.0,0.9084785890764094,0.5955282374338297,0.24875721377078874,0.1294931958548544,0.010695262286280404,0.0,0.0,0.0,0.0,0.0,0.0,0.0,0.0,0.0,0.0,0.0,0.0,0.0,0.0,0.0,0.0,0.0,0.0,0.0,0.0,0.0,0.0,0.0,0.0,0.0,0.0,0.0,0.0,0.0,0.0,0.0,0.0,0.0,0.0,0.0,0.0,0.0
mp-974603,0.08074360443344838,0.4327890920640883,0.8105194338322388,1.0,0.9258899014832208,0.6688067004009652,0.4972182857452756,0.3477317845004218,0.43351531029944884,0.593601929955896,0.6190932911922307,0.2536789935970868,0.11124606047758771,0.0,0.0023697737160012456,0.028495168187570738,0.04958534102728983,0.08527590570668707,0.15294849502467195,0.21648869184162703,0.21537149286424243,0.11642922207530093,0.1729725712957994,0.2990801957878672,0.3525855838033061,0.20792047299483216,0.047008887094976935,0.0,0.0019373902434800232,0.0,0.0,0.0,0.0,0.0,0.0,0.0,0.0,0.0,0.0,0.0,0.0,0.0,0.0,0.0,0.0,0.0,0.0,0.0,0.0,0.0,0.0
mp-975115,0.0,0.1350700832610312,0.5697452488075527,0.9055470758980482,1.0,0.8500502328380729,0.5316085241569805,0.1856279941703913,0.0,0.0,0.0,0.0,0.0,0.0,0.0,0.23725604381855722,0.7512831097287346,0.8936754128716671,0.503754775341453,0.06613134573556304,0.0,0.0,0.0,0.0,0.0,0.0,0.0,0.0,0.0,0.0,0.0,0.0,0.0,0.0,0.0,0.0,0.0,0.0,0.0,0.0,0.0,0.0,0.0,0.0,0.16779064659336493,0.4465780979187106,0.6751453841374435,0.5053306071188676,0.1638305597418286,0.0,0.0
mp-975140,0.11026389455648315,0.0,0.383275318126879,0.8926860545902755,1.0,0.7560869959388252,0.6632646414651768,0.5887707549985703,0.4058644131074481,0.1191063624216623,0.018427097437117852,0.17301550244469877,0.2616631443976012,0.40250799498252104,0.6519048504386745,0.69815820768931,0.4814066825739883,0.10157154960191454,0.0,0.0024327249951287904,0.0,0.0,0.0,0.0,0.0,0.0,0.0,0.0,0.0,0.0,0.0,0.0,0.0,0.0,0.0,0.0,0.0,0.0,0.0,0.0,0.0,0.0,0.0,0.0,0.0,0.0,0.0,0.0,0.0,0.0,0.0
mp-9755,0.004784464370875645,0.005540792707453857,0.0382754801000108,0.1336001140772222,0.30615382600184665,0.526219369875609,0.7154676418133609,0.6635083069308398,0.6202088208049502,0.5553172312173181,0.6652206242171111,0.9149392274490347,1.0,0.7808226567320966,0.49221743330213746,0.312911165229356,0.24580738669633578,0.4497770311829672,0.6700282000928037,0.601402490371647,0.29454756191929204,0.2100625556500926,0.3516780261771583,0.35427562039775734,0.4417434580470103,0.5946672649478696,0.6350812693453133,0.4547458445357791,0.2578226628890204,0.19604316655005638,0.11910731414393394,0.08935405918286013,0.18696044842897397,0.3236572556890875,0.45174589002892185,0.42712751052090064,0.2938710692167789,0.49143766687042617,0.631110997679454,0.6752285487779173,0.37916856156717105,0.045372762189347986,0.010977330534973406,0.0,0.0,0.0,0.0,0.0,0.0,0.0,0.0
mp-976280,0.0,0.3185545976120073,0.7810468170262937,0.9183800445247805,0.8658606693541006,0.5163310516435687,0.2848419019273849,0.03014092364826752,0.0,0.0,0.0,0.0,0.0,0.48155919008211034,1.0,0.9227812767530862,0.4834247673141552,0.23804718111204307,0.47727851132297444,0.24287303515075154,0.0,0.0,0.03277408363916699,0.0,0.0,0.0,0.0,0.0,0.0,0.0,0.0,0.0,0.0,0.0,0.0,0.0,0.0,0.0,0.0,0.0,0.0,0.0,0.0,0.0,0.0,0.0,0.0,0.0,0.0,0.0,0.0
mp-976876,0.0,0.21696487135005857,0.600123116329901,0.8265272423744644,0.7623421561924508,0.8620699797211346,1.0,0.8280200310360719,0.4048966075113358,0.11680744224770441,0.243086274371222,0.25919558688139055,0.18378074225252408,0.11880698901989119,0.11286869813352868,0.12050191183623915,0.12845650215116453,0.09197007545538809,0.02144189322569524,0.022665647691835294,0.09523861539233085,0.14095198052298943,0.14330559119478403,0.12899121587008022,0.2589366383809846,0.2763876726122344,0.17545127085201834,0.03554651401479258,0.018917099213735893,0.08829412410304377,0.09634136594070615,0.06287611353415523,0.061582499404658424,0.09747842927958145,0.10009576714746332,0.06565964332734571,0.014017415751524414,0.0,0.0,0.0,0.0,0.0,0.0,0.0,0.0,0.0,0.0,0.0,0.0,0.0,0.0
mp-9774,0.0,0.2134682999076661,0.5694984486373942,0.9938666103260598,1.0,0.724996679564665,0.38787307491919326,0.16593222536995572,0.06932734127663319,0.0,0.003600431691228052,0.03425166446733609,0.05134310459279014,0.049918090413580966,0.03931242189056106,0.04176532164717025,0.06582493299502704,0.08431314356995998,0.0687197110344381,0.024408381295492377,0.0,0.0,0.0,0.0,0.0,0.0,0.0,0.0,0.0,0.0,0.0,0.0,0.0,0.0,0.0,0.0,0.0,0.0,0.0,0.0,0.0,0.0,0.0,0.0,0.0,0.0,0.0,0.0,0.0,0.0,0.0
mp-9775,0.05876393675060263,0.0,0.0902175195972394,0.33103256842017265,0.7089763489511648,1.0,0.8369287669416146,0.5116332450818227,0.41590703676626845,0.5436062038400897,0.5538594870473864,0.23376369400534563,0.0,0.0,0.0,0.0,0.0,0.0,0.0,0.0,0.0,0.0,0.0,0.0,0.0,0.0,0.0,0.0,0.0,0.0,0.0,0.0,0.0,0.0,0.0,0.0,0.0,0.0,0.0,0.0,0.0,0.0,0.0,0.0,0.0,0.0,0.0,0.0,0.0,0.0,0.0
mp-9778,0.11643846673725117,0.0,0.28151580446725405,0.7442074051561522,0.9630272233030842,1.0,0.7199028948452211,0.5462944714159972,0.30497144161687245,0.11656536876582492,0.0523704785588936,0.07620093551346066,0.1731840664102912,0.17248346407056947,0.20208275469108286,0.18122236447322898,0.14680032233616275,0.0,0.0,0.007656192315695827,0.0,0.0,0.0,0.0,0.0,0.0,0.0,0.0,0.0,0.0,0.0,0.0,0.0,0.0,0.0,0.0,0.0,0.0,0.0,0.0,0.0,0.0,0.0,0.0,0.0,0.0,0.0,0.0,0.0,0.0,0.0
mp-9780,0.0,0.23475684938228394,0.7837260743886288,1.0,0.9001770951921273,0.8712378407313182,0.9238427248733758,0.9434949456099855,0.4893866919193506,0.13917147961768542,0.0,0.0,0.0,0.0,0.0,0.0,0.0,0.0,0.0,0.0,0.0,0.0,0.0,0.0,0.0,0.0,0.0,0.0,0.0,0.0,0.0,0.0,0.0,0.0,0.0,0.0,0.0,0.0,0.0,0.0,0.0,0.0,0.0,0.0,0.0,0.0,0.0,0.0,0.0,0.0,0.0
mp-9794,0.0193044529985398,0.3954203513642736,0.836946675400753,1.0,0.8952291599967227,0.6911893953683322,0.3778362037800376,0.16827091847549414,0.035909247380729974,0.1501041883971632,0.19298970045804129,0.11825615798018287,0.06748027516405483,0.1386192167064946,0.21349899389292457,0.1698141125510525,0.14516664870150797,0.049713351183156985,0.0,0.0,0.0,0.0,0.0,0.0,0.0,0.0,0.0,0.0,0.0,0.0,0.0,0.0,0.0,0.0,0.0,0.0,0.0,0.0,0.0,0.0,0.0,0.0,0.0,0.0,0.0,0.0,0.0,0.0,0.0,0.0,0.0
mp-9821,0.0,0.28237447791646,0.8167950170207886,1.0,0.6007443471665335,0.12096984255956249,0.0,0.192860694689878,0.3844633229792116,0.3580082143124864,0.0455537213705698,0.0,0.4591409049730824,0.7216184644307168,0.5678816316833761,0.1443935596552863,0.0,0.0,0.0,0.0,0.0,0.0,0.0,0.0,0.0,0.0,0.16216888002358934,0.26550387517833896,0.18212501128511982,0.1688199586720198,0.33947761250619723,0.4647231752897829,0.2883385882155451,0.047321906281664335,0.0,0.0,0.0,0.0,1.572529673013307e-37,3.4271781116815794e-38,0.0,0.0,0.0,0.0,0.0,0.0,0.0,0.0,0.0,0.0,0.0
mp-983565,0.12052466079753112,0.0,0.0772019728593325,0.4093619928734091,0.699232508239097,0.6269354554925426,0.41800250565297603,0.3770198290226584,0.38862827139858763,0.4749172820014954,0.6482628985649995,1.0,0.8604521813100445,0.43536584043781984,0.044609335324343184,0.0,0.0,0.0,0.0,0.0,0.0,0.0,0.0,0.0,0.0,0.1869598065686902,0.3658729205794064,0.45829367546003136,0.3490765376406378,0.3515728957361337,0.2573936071251814,0.16483629621754226,0.03312504303759057,0.0,0.0,0.0,3.2684161309662254e-31,1.772349748757875e-30,0.0,0.0,0.0,0.0,0.0,0.0,0.0,0.0,0.0,0.0,0.0,0.0,0.0
mp-9839,0.00627140310129574,0.002866966511852618,0.03488176609576502,0.11467294555082638,0.1853935152569337,0.4032519480690277,0.6849344297166451,1.0,0.8307140747697861,0.3978787706293683,0.23710652210505556,0.32204460312449135,0.48320907150129816,0.3701293681475218,0.3399322525959569,0.38599623506592884,0.3442684483697321,0.29688597722662213,0.4102080746058092,0.5552687457330128,0.4521178995180044,0.1350134441983866,0.014341859542187864,0.0,0.0,0.08610192919518816,0.13140000907869237,0.25485826407477014,0.23441949914556068,0.22457056344359816,0.12104655530351223,0.09422115592116262,0.0775883793904619,0.020379940838501285,0.0,0.0,0.0,4.0027001038145355e-35,7.661522855375919e-35,0.0,0.0,0.0,0.0,0.0,0.0,0.0,0.0,0.0,0.0,0.0,0.0
mp-9844,0.004458373565933465,0.037704488682757005,0.30801307340250905,0.6534051685862655,0.8229690923964557,0.721282728357328,0.5664842159924286,0.4437593401523145,0.3976985237189981,0.36212996179075946,0.3127653053584489,0.45906634910198046,0.48506597835781334,0.44575416016373914,0.48326110884146056,0.5383653281802114,0.4708101438113663,0.25975456783155865,0.1117256730581782,0.0,0.14254847974484755,0.4131246610262442,0.4965217174450296,0.48602878217813944,0.3812706790002477,0.34448652593956774,0.1355027221194649,0.0,0.005264826784558501,0.10241561496668482,0.16717968839883324,0.14502557247361883,0.03260859034293519,0.0,0.26424495141876364,0.8239755791154192,1.0,0.6829518167641514,0.053439532431733716,0.07722578984168602,0.0,0.0,0.0,0.0,0.0,0.0,0.0,0.0,0.0,0.0,0.0
mp-9845,0.0,0.3684427812823441,0.7860815540110856,1.0,0.8230713964186996,0.6125109289763823,0.559301998867193,0.43590000508811727,0.49483444295650914,0.38917214782312587,0.45739133655917397,0.3894913214044105,0.2682890410189076,0.09345343349584596,0.0,0.05270292782810572,0.0,0.0,0.0,0.0,0.0,0.0,0.0,0.0,0.0,0.0,0.0,0.0,0.0,0.0,0.0,0.0,0.0,0.0,0.0,0.0,0.0,0.0,0.0,0.0,0.0,0.0,0.0,0.0,0.0,0.0,0.0,0.0,0.0,0.0,0.0
mp-9846,0.0,0.2856766425662591,0.7616125746032822,1.0,0.8020447413275468,0.36127088244871247,0.14599167069378802,0.24994256513061797,0.4033092906402613,0.4241095677631207,0.3162561270688224,0.17836790398761213,0.02873185308677811,0.0,0.0,0.0,0.0,0.0,0.0,0.0,0.0,0.0,0.0,0.0,0.0,0.0,0.0,0.0,0.0,0.0,0.0,0.0,0.0,0.0,0.0,0.0,0.0,0.0,0.0,0.0,0.0,0.0,0.0,0.0,0.0,0.0,0.0,0.0,0.0,0.0,0.0
mp-984761,0.15810524180192637,0.4047233131885413,0.6562144311984028,0.9288896098439319,1.0,0.46095893216120243,0.0,0.0,0.0,0.0,0.0,0.0,0.0,0.0,0.0,0.0,0.0,0.0,0.0,0.0,0.0,0.0,0.0,0.0,0.0,0.0,0.0,0.0,0.0,0.0,0.0,0.0,0.0,0.0,0.0,0.0,0.0,0.0,0.0,0.0,0.0,0.0,0.0,0.0,0.0,0.0,0.0,0.0,0.0,0.0,0.0
mp-9855,0.005529714554205632,0.029609367995134847,0.2056493356636471,0.495762114727138,0.8125471781133433,1.0,0.8639182105685548,0.46125165355563785,0.12339629529598309,0.0,0.0857174214177128,0.3420805951180319,0.5910584901563021,0.6997509000495385,0.7344613103700819,0.6543394389992375,0.5076686584500959,0.24518275973719172,0.0,0.0,0.010282895746481587,0.0,0.0,0.0,0.0,0.0,0.0,0.0,0.0,0.0,0.0,0.0,0.0,0.0,0.0,0.0,0.0,0.0,0.0,0.0,0.0,0.0,0.0,0.0,0.0,0.0,0.0,0.0,0.0,0.0,0.0
mp-985586,0.1836405158155585,0.0,0.23914374584591735,0.7863298900121214,1.0,0.8145785675733135,0.46723008114839965,0.36256439957897674,0.30641778705317946,0.36688270775723747,0.45268505499565614,0.38634221847864536,0.2360798896211376,0.1710272296587537,0.15094189474954292,0.05584691032771954,0.009547849473589087,0.33304823058790134,0.5230006654200147,0.4451901225006127,0.1550727781285314,0.0077563866494291004,0.0038209945267796966,0.0,0.002765198100427136,0.0009004037700412966,0.0,0.0,0.0,0.0,0.0,0.0,0.0,0.0,0.0,0.0,0.0,0.0,0.0,0.0,0.0,0.0,0.0,0.0,0.0,0.0,0.0,0.0,0.0,0.0,0.0
mp-9856,0.0,0.5212293663195184,0.9361330882001603,1.0,0.7153972371957366,0.3930966605376036,0.19402467312076407,0.17959938451066665,0.11315776405980318,0.20797429180906088,0.21825706508148712,0.2664615023116071,0.14991793159715763,0.13263960832642394,0.12377001874847887,0.1164706446658015,0.041877632383096275,0.0,0.02977389831530921,0.0,0.0,0.0,0.0,0.0,0.0,0.0,0.0,0.0,0.0,0.0,0.0,0.0,0.0,0.0,0.0,0.0,0.0,0.0,0.0,0.0,0.0,0.0,0.0,0.0,0.0,0.0,0.0,0.0,0.0,0.0,0.0
mp-9872,0.0,0.06298287973186599,0.3738896634037866,0.6793525865960955,0.9273548556668306,0.9479888665047852,1.0,0.9177026758304827,0.6308952371748475,0.3306026766468778,0.0,0.0,0.0,0.0,0.0,0.10101357255557236,0.27001061649731994,0.4033403258010476,0.2969933421586291,0.005393142176323052,0.0,0.0,0.0,0.0,0.0,0.0,0.0,0.0,0.0,0.0,0.0,0.0,0.0,0.0,0.0,0.0,0.0,0.0,0.0,0.0,0.0,0.04848073540723854,0.13180998905414326,0.14089172614534018,0.06999747080507876,0.0,0.0,0.0,0.0,0.0,0.0
mp-9881,0.20515775896994992,0.7135509252940655,1.0,0.9146433444895357,0.8080291242691364,0.6878333586610665,0.5790256821224867,0.3315556080027621,0.08529859113813426,0.13242955204771684,0.42832204832764903,0.5277329762909041,0.365023053899628,0.0031856943579961056,0.0,0.0,0.0,0.0,0.0,0.0,0.0,0.0,0.0,0.0,0.0,0.0,0.0,0.0,0.0,0.0,0.0,0.0,0.0,0.0,0.0,0.0,0.0,0.0,0.0,0.0,0.0,0.0,0.0,0.0,0.0,0.0,0.0,0.0,0.0,0.0,0.0
mp-989400,0.10999252107947538,0.0,0.09985228796838577,0.4601943746797039,0.927851198746201,1.0,0.5444702895750226,0.13274416980314918,0.20469777615852416,0.5704640573301584,0.5361103614787966,0.26458504400611477,0.2964047635391437,0.4327269451614718,0.45866166258613267,0.21858449948599135,0.09776523947915619,0.12301912309771487,0.16702020252029598,0.19006634138565434,0.0580101965071279,0.027284632544386716,0.1742769181048214,0.22647703156716176,0.2698110512562356,0.16807085728762494,0.17055840439483036,0.05813794211578666,0.0,0.0,6.866233590594627e-05,0.0,0.0,0.0,0.0,0.0,0.0,0.0,0.0,0.0,0.0,0.0,0.0,0.0,0.0,0.0,0.0,0.0,0.0,0.0,0.0
mp-989405,0.0,0.5192462379729529,0.9497593849565761,1.0,0.6096232427903044,0.27935539972269596,0.09535884978501163,0.2001600255434428,0.2560762328750026,0.3058690564457856,0.189588427004752,0.12361771078169793,0.025111786218886708,0.0,0.03350075496426282,0.0,0.0,0.0,0.0,0.0,0.0,0.0,0.0,0.0,0.0,0.0,0.0,0.0,0.0,0.0,0.0,0.0,0.0,0.0,0.0,0.0,0.0,0.0,0.0,0.0,0.0,0.0,0.0,0.0,0.0,0.0,0.0,0.0,0.0,0.0,0.0
mp-989514,0.15601101157828215,0.726470504333168,1.0,0.9587411829978858,0.6352234225152189,0.5365042112084047,0.208919318135445,0.05350315146890654,0.28037674720249794,0.3508691074995968,0.31826500877527397,0.23944245008997467,0.2209983816119485,0.1973241782898304,0.13649497021039328,0.017348034247873585,0.0,0.0,0.0,0.0,0.0,0.0,0.0,0.0,0.0,0.0,0.0,0.0,0.0,0.0,0.0,0.0,0.0,0.0,0.0,0.0,0.0,0.0,0.0,0.0,0.0,0.0,0.0,0.0,0.0,0.0,0.0,0.0,0.0,0.0,0.0
mp-989520,0.7857359323524065,0.9132597008263689,0.866911713217589,1.0,0.8961276902514047,0.5660238430069433,0.03217941446459148,0.05907611051344255,0.34183085745449737,0.4608698056426532,0.40415045179168213,0.3109399815308576,0.4008893455057776,0.37583322688494214,0.2811064239847797,0.12378919478673985,0.0,0.0,0.0,0.0,0.0,0.0,0.0,0.0,0.0,0.0,0.0,0.0,0.0,0.0,0.0,0.0,0.0,0.0,0.0,0.0,0.0,0.0,0.0,0.0,0.0,0.0,0.0,0.0,0.0,0.0,0.0,0.0,0.0,0.0,0.0
mp-989522,0.06434158152345663,0.1819173331482315,0.7120651163534072,1.0,0.9450809919592593,0.7173659347746852,0.538787435870523,0.5047355161234321,0.3784954093658863,0.4893258844632633,0.6306947558554474,0.4651005441078892,0.13755054947363166,0.10885032591887249,0.17025774221069795,0.23874786967935044,0.2677365183109124,0.2874209520871126,0.37764281572809755,0.23576786957652596,0.17275024384481374,0.08772199297178897,0.11546465932726933,0.30556457239163265,0.38950968703466676,0.3323319304487831,0.04387341882700126,0.0,0.13468404819595597,0.0,0.0,0.0,0.0,0.0,0.0,0.0,0.0,0.0,0.0,0.0,0.0,0.0,0.0,0.0,0.0,0.0,0.0,0.0,0.0,0.0,0.0
mp-989523,0.08772099147629454,0.20791048004502832,0.603872229450486,0.9952905557916188,1.0,0.7290942837085291,0.5657870484112714,0.5633394021810468,0.48624773223199635,0.38332703175466276,0.541947478854455,0.4202265839742273,0.22377532241390616,0.0,0.10633994219035464,0.1919439612579083,0.3509352825994306,0.2971380770280392,0.1859759779577082,0.03427417558038575,0.08197430385084895,0.10997712901490318,0.07616895691208748,0.10645803776295926,0.11775919200066338,0.08217213584714111,0.0,0.0,0.012229478888841962,0.0,0.0,0.0,0.0,0.0,0.0,0.0,0.0,0.0,0.0,0.0,0.0,0.0,0.0,0.0,0.0,0.0,0.0,0.0,0.0,0.0,0.0
mp-989526,0.16758682682655543,0.7014665293302447,0.9871806028885629,1.0,0.3754545291370009,0.3487515203121383,0.4361273841698956,0.644737323671071,0.6949617703965311,0.3927189361849737,0.22291216584470563,0.08148801312487639,0.0,0.0,0.0,0.0,0.11301345806462097,0.21562506387660058,0.14256147136906072,0.20445394198691852,0.26363481342831235,0.28652188126307876,0.23435329997955856,0.17670149061628426,0.07661300441854388,0.0,0.0,0.0,0.0,0.0,0.0,0.0,0.0,0.0,0.0,0.0,0.0,0.0,0.0,0.0,0.0,0.0,0.0,0.0,0.0,0.0,0.0,0.0,0.0,0.0,0.0
mp-989527,0.0029286519142752536,0.015772674920930856,0.41067040208999533,0.6942329486227296,0.5878236827015433,0.35846636062734377,0.6030875494855547,1.0,0.7644047027799427,0.5909017474264449,0.582140021754703,0.2882313343003606,0.33595595880277995,0.4710517059907195,0.6813732458850255,0.3888211556743305,0.0,0.0,0.0,0.0,0.05742833116554978,0.21516075974114743,0.34653507868633765,0.2759471230884979,0.17484557510120183,0.053961207342409986,0.10561074507390861,0.09404236023855336,0.03958222175246831,0.0,0.0,0.0,0.0,0.0,0.0,0.0,0.0,0.0,0.0,0.0,0.0,0.0,0.0,0.0,0.0,0.0,0.0,0.0,0.0,0.0,0.0
mp-989529,0.6651188928311176,0.6358649993739267,0.927633260738029,0.7556465208817632,0.6567680377511336,0.8291360270674714,1.0,0.9187379369716806,0.33664967105546534,0.17962559350298454,0.12167439518800187,0.24919258096475358,0.36507959211056557,0.490814427702239,0.5623858171938436,0.5380245882687281,0.1532595624004367,0.0,0.0,0.0,0.0,0.0,0.0,0.0,0.0,0.0,0.0,0.0,0.0,0.0,0.0,0.0,0.0,0.0,0.0,0.0,0.0,0.0,0.0,0.0,0.0,0.0,0.0,0.0,0.0,0.0,0.0,0.0,0.0,0.0,0.0
mp-989531,0.12067120439163141,0.0,0.491846822324231,1.0,0.9813949292579097,0.4383492995088582,0.035751457159918065,0.44649760946145745,0.6377396217200281,0.5063297769274255,0.0,0.07183617912053189,0.3836332245391977,0.49767118796176113,0.38363361471917473,0.17438300444505747,0.06459712587964045,0.11346865171905722,0.2105107031999626,0.1644979087165653,0.0,0.08408766763463023,0.216514258835786,0.24764209354948316,0.25131375814865775,0.13296355109823949,0.10626162409773444,0.018059840241101716,0.0,0.0001943222517074542,0.0002976569415173844,0.0,0.0,0.0,0.0,0.0,0.0,0.0,0.0,0.0,0.0,0.0,0.0,0.0,0.0,0.0,0.0,0.0,0.0,0.0,0.0
mp-989532,0.5020584418662531,0.4321312518559828,0.6798368459414309,1.0,0.8817074320142828,0.5227326120857173,0.0,0.17081086925470562,0.4849690690777805,0.6710365176416598,0.4301789249616202,0.18997596907146636,0.0031332651167811634,0.0,0.0,0.0,0.0094612424782349,0.1361919943835275,0.23488478033912463,0.16516326477387477,0.16571930538537227,0.2476681123146579,0.251099114790331,0.3225305160696191,0.22698603525056835,0.16527241066347478,0.02965236058438596,0.0,0.0,0.0,0.0,0.0,0.0,0.0,0.0,0.0,0.0,0.0,0.0,0.0,0.0,0.0,0.0,0.0,0.0,0.0,0.0,0.0,0.0,0.0,0.0
mp-989535,0.11819425949184509,0.18768684479618963,0.5890397224738357,1.0,0.8696332484166318,0.3532318387091222,0.0,0.10002785092841548,0.285284773468958,0.37139991344399703,0.26933079831739776,0.09219277895093747,0.0,0.0,0.0,0.0,0.0,0.0,0.0,0.0,0.0,0.12004624575001185,0.395661343065322,0.42824557881762343,0.2269365839483466,0.0,0.0,0.0,0.0,0.05649481746137934,0.1489912009377639,0.13209016315127856,0.3362259656800549,0.5562887187441156,0.5588905632006869,0.31912111668911475,0.0,0.039826017258438984,0.0,0.11379104603710816,0.41096832629140073,0.4924597788736141,0.3230757443267196,0.0,0.03470462901569441,0.054075201989211494,0.057877940447648185,0.059463913447246296,0.0595469488033518,0.05997993911740479,0.06320665318954415
mp-989536,0.0,0.069353582635952,0.40673176273335543,0.7953154933230433,0.7963301673657015,0.3917183523776504,0.0,0.6162180884567438,1.0,0.8601020399693634,0.807152767228039,0.7538542168548151,0.8425011192756834,0.7352001200849819,0.6713533707110639,0.36819575376291175,0.01980986429695299,0.0,0.04457874614359301,0.13433469521122113,0.18582447906802121,0.26480097039390615,0.23828501949130967,0.26430428433005737,0.1357864670161712,0.12350575640113783,0.1452318882585725,0.08455309147987793,0.0,0.0,0.0,0.0,0.0,0.0,0.0,0.0,0.0,0.0,0.0,0.0,0.0,0.0,0.0,0.0,0.0,0.0,0.0,0.0,0.0,0.0,0.0
mp-989537,0.091904824452797,0.6500607256607782,1.0,0.9967824868283812,0.6530793263648061,0.5330729118938832,0.09286644642662228,0.06612309170147308,0.3959608448122828,0.5768850265288449,0.4265945450189828,0.14042604254115687,0.03202777812652566,0.0,0.0,0.0,0.07093820413711152,0.17657724256363583,0.19049878649918423,0.09786176166443859,0.18043979881552724,0.21887671805209608,0.2738970846512971,0.1969732826777946,0.17534828697110413,0.06497698054911524,0.0,0.0,0.0,0.0,0.0,0.0,0.0,0.0,0.0,0.0,0.0,0.0,0.0,0.0,0.0,0.0,0.0,0.0,0.0,0.0,0.0,0.0,0.0,0.0,0.0
mp-989538,0.46966326596750285,0.7722445610837229,1.0,0.811811170879972,0.6538155443911484,0.5448218998444992,0.46604156539381486,0.2791199823917202,0.15339902708131167,0.0,0.0,0.09413988307437973,0.19802733244382975,0.2123067512461709,0.11559061369560925,0.13686769500791837,0.14796580213860622,0.15300694829153988,0.13366468223494427,0.11277258278726913,0.15873075803983477,0.10808462645738973,0.05532863885102518,0.0,0.0,0.0,0.0,0.0,0.0,0.0,0.0,0.0,0.0,0.0,0.0,0.0,0.0,0.0,0.0,0.0,0.0,0.0,0.0,0.0,0.0,0.0,0.0,0.0,0.0,0.0,0.0
mp-989539,0.030715012051501546,0.1249794129650271,0.6742895045412669,1.0,0.7062136486364636,0.30311104527547506,0.0,0.1796590900174626,0.28028981930438895,0.24024523641886225,0.11657016722199717,0.0,0.016008755091091346,0.08881200061397858,0.27012588215659117,0.3190363847096252,0.2142456997848465,0.04039479484300825,0.0,0.0,0.0,0.0,0.0,0.0,0.0,0.0,0.0,0.0,0.0,0.0,0.04365163922746295,0.4255397283134842,0.5716792338821579,0.4543136947334517,0.13380586516971238,0.06756457246000856,0.050917606798347954,0.03458142016239904,0.03924680539089148,0.292763929003764,0.40542501432095746,0.30464424096473447,0.008332722592139939,0.0,0.009179311856002646,0.024681361176231313,0.036362567183105717,0.03843405718200229,0.040664857349110996,0.04299020866147504,0.045681501265050085
mp-989541,0.0,0.4772152098287998,0.9091474004275324,1.0,0.8297446195060476,0.6346914210459282,0.5535066422105892,0.3786604408778043,0.22820742144030184,0.06481229684170413,0.23466892121597308,0.34573100988374683,0.26272821775306354,0.04303410480975517,0.11710192760914137,0.18489213459096066,0.24812971668937925,0.2494469110834412,0.18464652624038685,0.14790786852098992,0.0779393073233114,0.10657325704825256,0.13639777674013576,0.09739004083408984,0.10005841478654566,0.006308940512738706,0.0,0.0,0.0,0.0,0.0,0.0,0.0,0.0,0.0,0.0,0.0,0.0,0.0,0.0,0.0,0.0,0.0,0.0,0.0,0.0,0.0,0.0,0.0,0.0,0.0
mp-989545,0.6462257091242208,1.0,0.9491299040018977,0.7730598392025225,0.8293681551404118,0.5879814710491135,0.2261921029177659,0.0,0.2793570685718744,0.4525988586395526,0.45277063451662447,0.3479409024218695,0.28355556019479916,0.2939755280130737,0.2328037348939158,0.11252824653161239,0.0,0.0,0.0,0.0,0.0,0.0,0.0,0.0,0.0,0.0,0.0,0.0,0.0,0.0,0.0,0.0,0.0,0.0,0.0,0.0,0.0,0.0,0.0,0.0,0.0,0.0,0.0,0.0,0.0,0.0,0.0,0.0,0.0,0.0,0.0
mp-989547,0.2745409243141193,0.6690160987207119,1.0,0.8058604964229493,0.3565943935246801,0.6200283663284849,0.48824571025821845,0.4503271684677778,0.21900403047892908,0.2720098791327014,0.28615909360079295,0.1251845692087399,0.23425293138100886,0.27046651793513427,0.3474352676647619,0.27235305378012103,0.06042067392684978,0.0,0.0,0.0,0.0,0.0,0.0,0.0,0.0,0.0,0.0,0.0,0.0,0.0,0.0,0.0,0.0,0.0,0.0,0.0,0.0,0.0,0.0,0.0,0.0,0.0,0.0,0.0,0.0,0.0,0.0,0.0,0.0,0.0,0.0
mp-989548,0.0,0.31548610209991407,0.8317425230746981,1.0,0.7745276563901293,0.29217088349574927,0.39419500841009525,0.4074706777767585,0.4528382399144591,0.22050949723705762,0.25157098110011106,0.2693349731741116,0.26161034850514864,0.08853310378857847,0.0,0.0,0.03845061008318207,0.13946734843913075,0.15989784956824754,0.1581312775366872,0.1855352326281978,0.21394121416301023,0.24016364106090776,0.1509762870271075,0.13586171498236466,0.03267254174571102,0.0,0.0,0.0,0.0,0.0,0.0,0.0,0.0,0.0,0.0,0.0,0.0,0.0,0.0,0.0,0.0,0.0,0.0,0.0,0.0,0.0,0.0,0.0,0.0,0.0
mp-989558,0.0,0.5190467474150355,0.9568090451030128,1.0,0.5173010936069536,0.13452750901028562,0.15407072078725287,0.2690036181012388,0.2569768341400828,0.09531873377807494,0.0,0.20280699746098033,0.3706370343324191,0.4083973391992073,0.16539095060866027,0.12001818398537707,0.10357742299940374,0.14959313607619595,0.10647109818247172,0.0,0.05300348725190349,0.15636589987802899,0.18594104630196184,0.1451819583605389,0.1111719864005864,0.1422110105591219,0.07577047373996303,0.0,0.0,2.950025798083416e-05,3.469455709591189e-05,0.0,0.0,0.0,0.0,0.0,0.0,0.0,0.0,0.0,0.0,0.0,0.0,0.0,0.0,0.0,0.0,0.0,0.0,0.0,0.0
mp-989561,0.0,0.4712340903222182,0.8218910005974523,1.0,0.7016629199258078,0.5461049814356448,0.09400221047778254,0.19442353013861996,0.4789709113406927,0.6201309866727478,0.48436301432432755,0.5255574553838023,0.4171048096651866,0.44407802395847934,0.23089675388511108,0.14998614046981218,0.09882972420792795,0.13323392368817244,0.23353086661068023,0.2117422712817533,0.011099787498219984,0.05119621727042364,0.2257453816190326,0.3014997799733306,0.33339866828275183,0.15320934621917934,0.1303446662718814,0.02971204134243043,0.0,1.6447973617198152e-05,9.824090545534279e-05,0.0,0.0,0.0,0.0,0.0,0.0,0.0,0.0,0.0,0.0,0.0,0.0,0.0,0.0,0.0,0.0,0.0,0.0,0.0,0.0
mp-989562,0.07157336875774072,0.13900249717304936,0.47215859290987483,0.7622711026779396,0.750487583815049,0.6380507663363778,0.5563916370307467,0.8980202638714292,1.0,0.7399532614356723,0.3009338038032409,0.10729908813795905,0.1671692806216821,0.1774124523317576,0.1425701204743957,0.14266745863157498,0.1608743992956732,0.2570010882598855,0.24790265249260357,0.291801127951915,0.26247733673767903,0.17584712018955473,0.06159822860247661,0.0,0.007686203682796561,0.019121459535707198,0.0,0.0,0.0,0.0,0.0,0.0,0.0,0.0,0.0,0.0,0.0,0.0,0.0,0.0,0.0,0.0,0.0,0.0,0.0,0.0,0.0,0.0,0.0,0.0,0.0
mp-989563,0.41246679991293206,0.8270999637392316,1.0,0.7140448589922939,0.6483352465606251,0.5383036558471211,0.31950368249806027,0.1613104053124633,0.2708182546711708,0.36244550232480716,0.19927634649524611,0.20093559912167527,0.273156455311919,0.3319455523864852,0.2513220130327506,0.08114154220449754,0.0,0.0,0.0,0.0,0.0,0.0,0.0,0.0,0.0,0.0,0.0,0.0,0.0,0.0,0.0,0.0,0.0,0.0,0.0,0.0,0.0,0.0,0.0,0.0,0.0,0.0,0.0,0.0,0.0,0.0,0.0,0.0,0.0,0.0,0.0
mp-989565,0.13760435596055873,0.5972217751487788,0.909110740027023,1.0,0.5608551568335516,0.3812780707452865,0.4010463904466289,0.39999181778021486,0.22881029673343803,0.0,0.14925001074309288,0.3113144836623214,0.5097698176448734,0.5159967676931897,0.2790645524702398,0.13051540009395768,0.03240273516981378,0.17100358524552509,0.21069340158434188,0.13397630061169954,0.0,0.1266950052444422,0.24243600543283622,0.24496502859013675,0.194459327655614,0.18751503411530232,0.20540689635464857,0.055586419271337124,0.0,0.0,0.0,0.0,0.0,0.0,0.0,0.0,0.0,0.0,0.0,0.0,0.0,0.0,0.0,0.0,0.0,0.0,0.0,0.0,0.0,0.0,0.0
mp-989566,0.0,0.5654672880842793,0.8919797353319286,1.0,0.6470265755555604,0.3846054114280819,0.517392933456842,0.36700457913934864,0.25978775141258514,0.0,0.1726030010683494,0.33228386690585326,0.5459317078239353,0.4949520750179729,0.2805773904522899,0.1919335924893648,0.13596030540776421,0.18686202886841305,0.10263661189853478,0.00467764341600595,0.12284494115972322,0.2393175284224043,0.2388813413052868,0.18367535219347678,0.1928959899595474,0.21615129699540162,0.07019127895728616,0.0,0.0,0.0,0.0,0.0,0.0,0.0,0.0,0.0,0.0,0.0,0.0,0.0,0.0,0.0,0.0,0.0,0.0,0.0,0.0,0.0,0.0,0.0,0.0
mp-989567,0.5050516779075515,0.8337308727166759,1.0,0.6272786371075427,0.5469825638455084,0.5674504443372154,0.7065939840122184,0.742711408127095,0.4829087407262526,0.2023636855401205,0.12912295083086286,0.0,0.0,0.0,0.0,0.0,0.11264252900266829,0.2367198907175711,0.1469259601642598,0.2373043984318342,0.28725070841963174,0.32150379084082115,0.2831335140634748,0.19788395968286077,0.08525295216978061,0.0,0.0,0.0,0.0,0.0,0.0,0.0,0.0,0.0,0.0,0.0,0.0,0.0,0.0,0.0,0.0,0.0,0.0,0.0,0.0,0.0,0.0,0.0,0.0,0.0,0.0
mp-989570,0.37383625270945947,0.809120157561399,1.0,0.8911971650155729,0.5952538432465606,0.3735760720106335,0.061511565690099204,0.16046415461472377,0.3189464452389371,0.30673029396968965,0.13333598986209796,0.2140037368872974,0.2460740140742666,0.24410264270172288,0.13152457599727213,0.06281728684021574,0.004731095676825849,0.0,0.0,0.0,0.0,0.0,0.0,0.0,0.0,0.0,0.0,0.0,0.0,0.0,0.0,0.0,0.0,0.0,0.0,0.0,0.0,0.0,0.0,0.0,0.0,0.0,0.0,0.0,0.0,0.0,0.0,0.0,0.0,0.0,0.0
mp-989571,0.0,0.6292355480488424,1.0,0.9526483677746328,0.4519279937139929,0.5243366753653881,0.5259343227542692,0.5197194911435694,0.2540156668054085,0.26620074700030444,0.18384839940082304,0.1354963818627181,0.16723150134380385,0.2792060419364428,0.28180469403497715,0.0991128401306603,0.0030351605179490294,0.0,0.0,0.0,0.0,0.0,0.0,0.0,0.0,0.0,0.0,0.0,0.0,0.0,0.0,0.0,0.0,0.0,0.0,0.0,0.0,0.0,0.0,0.0,0.0,0.0,0.0,0.0,0.0,0.0,0.0,0.0,0.0,0.0,0.0
mp-989575,0.0,0.2807306325632571,0.8245168057579968,1.0,0.6108595318480844,0.1289796391825341,0.0,0.01698359870145262,0.22086730249081465,0.3679025375946141,0.3007224672838626,0.0832221737293035,0.0,0.0,0.0,0.0,0.0,0.0,0.0,0.0,0.08079892570738696,0.34676171411705786,0.39710271980890127,0.229433851929482,0.0,0.0,0.0,0.0,0.0,0.0,0.012680825124134636,0.01603530520759318,0.3693418894505697,0.5862210502653532,0.5108203005817421,0.21841690716624315,0.0,0.03967075647536388,0.0,0.12702573375548823,0.3590858019879324,0.3963946478739988,0.223534377980242,0.0,0.0,0.01802416690594833,0.03932137778799827,0.05338925871001975,0.054298612942781155,0.05735306683216828,0.058347842116485284
mp-989579,0.07435473284407798,0.5479626317390517,0.9390615980714396,1.0,0.696100202299869,0.5244940177249467,0.2812117420210964,0.1382690928358112,0.05605982781532871,0.14633255597504405,0.35463885344911217,0.4180104263771335,0.3655938394464163,0.15547471300293672,0.11609695516079425,0.1173841021249068,0.01711664000425382,0.0,0.0,0.0,0.0,0.0,0.0,0.0,0.0,0.0,0.0,0.0,0.0,0.0,0.0,0.0,0.0,0.0,0.0,0.0,0.0,0.0,0.0,0.0,0.0,0.0,0.0,0.0,0.0,0.0,0.0,0.0,0.0,0.0,0.0
mp-989583,0.0,0.4281221389474989,0.8641218969764127,1.0,0.6964863311711595,0.5357014088102874,0.5681203523047568,0.32035326632905087,0.10744409371928383,0.10550022449680456,0.3510015812227504,0.39667407675889144,0.33500468140698164,0.22667073362199744,0.265778650737405,0.16316430102624155,0.03935424197010505,0.0,0.0,0.0,0.0,0.0,0.0,0.0,0.0,0.0,0.0,0.0,0.0,0.0,0.0,0.0,0.0,0.0,0.0,0.0,0.0,0.0,0.0,0.0,0.0,0.0,0.0,0.0,0.0,0.0,0.0,0.0,0.0,0.0,0.0
mp-989605,0.16927278193549586,0.7877310748704901,1.0,0.7358478926577721,0.5660635584195987,0.8072029877344142,0.6234102449564365,0.2635186011543576,0.3122496439045901,0.6064535096166661,0.5749380764630008,0.2335559257979763,0.0988926071047071,0.0,0.0,0.0,0.0,0.0,0.16791171891707798,0.2669589271059087,0.15438293404648834,0.1934432321679536,0.27457610606477634,0.41473215055388263,0.292232536967809,0.14292954739344554,0.11483568741519341,0.0,0.0,0.0,0.0,0.0,0.0,0.0,0.0,0.0,0.0,0.0,0.0,0.0,0.0,0.0,0.0,0.0,0.0,0.0,0.0,0.0,0.0,0.0,0.0
mp-989608,0.0,0.6314598776689996,0.9908282489646377,1.0,0.494509474294397,0.5941258129312975,0.6140187146880093,0.5288189101034936,0.2275579639448302,0.26178476046214266,0.2917746940390145,0.3013884291901939,0.24228757987741958,0.1646568363448187,0.14835883723421547,0.05430622025736964,0.0,0.06579211334523548,0.0,0.0,0.0,0.0,0.0,0.0,0.0,0.0,0.0,0.0,0.0,0.0,0.0,0.0,0.0,0.0,0.0,0.0,0.0,0.0,0.0,0.0,0.0,0.0,0.0,0.0,0.0,0.0,0.0,0.0,0.0,0.0,0.0
mp-989610,0.07099860088846084,0.0,0.5528006878970394,0.8275141407024854,1.0,0.5089589296361041,0.6349861408161889,0.5822159018949403,0.37139561016323613,0.07873096054368443,0.0,0.0,0.0,0.0,0.0,0.0,0.0,0.0,0.0,0.0,0.0,0.0,0.10643195878188183,0.3994929214845481,0.441073373608816,0.239908425864741,0.0,0.009714879304721391,0.1288607694357922,0.27625823450183096,0.4816112949269903,0.5456540212546204,0.39888838373787117,0.148318810056556,0.0,0.14262972704451315,0.23775634569701926,0.2999738102905794,0.3833074106740384,0.2527676547124088,0.16511130201911964,0.0,0.0,0.04205940376434065,0.09561305799325545,0.13585132272168873,0.12990457558092086,0.10325202758923184,0.08124822658931562,0.07124516356553579,0.05443248373277424
mp-989616,0.0542640085014137,0.0,0.1683119490775379,0.4183086741253545,0.6277096075098451,0.8219075940807736,0.9316429202057154,1.0,0.9288414583586119,0.7279557253193728,0.8111074270606548,0.918598687055607,0.940802299824971,0.7527624646489297,0.6968169788852066,0.7707067328759363,0.6639918469240955,0.41172369093503736,0.19131732616297936,0.28951004227387045,0.6247083185288129,0.7478321320108402,0.7781699628096309,0.6248805569813394,0.24471855700356554,0.08388890743490333,0.04975309492252195,0.18207906545202238,0.24224558741592983,0.23590172062505704,0.32908040242603037,0.39640382381556205,0.3502608556678595,0.1569176640966373,0.07149092007731113,0.09485356352562756,0.11639572850487857,0.15507206726912945,0.2822813693095611,0.3792148887543787,0.2836648896834287,0.08763977045487638,0.0,0.0,0.0,0.24400347038246795,0.4979159318750919,0.49951008694844223,0.20924673497913682,0.0,0.008052827160977386
mp-989618,0.0,0.5788772325784176,1.0,0.9524803759812484,0.46375648227553995,0.28440521699630095,0.4024779484119164,0.48956388201098977,0.30354001563267924,0.17686858580039494,0.0,0.17171976211136786,0.3805470145079701,0.480526841200554,0.2947954449398124,0.1635430872897344,0.0,0.053006231887587386,0.18780907161445895,0.19054050252738713,0.0750882515794152,0.022458565382007713,0.17089162524072013,0.2555976237995106,0.26581193010234494,0.12827674994030772,0.13013484283444687,0.0409166601644578,0.0,0.0,3.635114079948051e-05,0.0,0.0,0.0,0.0,0.0,0.0,0.0,0.0,0.0,0.0,0.0,0.0,0.0,0.0,0.0,0.0,0.0,0.0,0.0,0.0
mp-989629,0.5896672527752764,0.609215502342564,0.7517014097501876,0.5198097431913667,0.6466008870638138,0.8195294900799293,1.0,0.6381170377156131,0.19222218926545218,0.0,0.16173279379650798,0.4114878457464274,0.6325933503722441,0.7437337187467371,0.4242346748078665,0.325228422044645,0.0,0.0,0.20150635584326654,0.34341934036172056,0.3035090330971328,0.0,0.16129238917940228,0.35845988260244743,0.3908699857504624,0.4140474144705799,0.23931989860768893,0.1931586978278652,0.0,0.0,0.0,0.0,0.0,0.0,0.0,0.0,0.0,0.0,0.0,0.0,0.0,0.0,0.0,0.0,0.0,0.0,0.0,0.0,0.0,0.0,0.0
mp-989635,0.006056137163098816,0.02275512887638419,0.06502841902613721,0.1848600033292639,0.36584346701115045,0.5245715530776867,0.7053999944050752,0.8761359527941147,1.0,0.9617126816835362,0.8541145989698625,0.8605537226149084,0.9425155684347516,0.9847260897361805,0.6903207528019208,0.4119637263062795,0.18387054747637055,0.35492525573672545,0.45233184990318737,0.5922585454098537,0.6360324794998172,0.5954612373180446,0.5529733769211472,0.2539918309944257,0.035269317895306546,0.0028571155745213063,0.32160697257401083,0.4708840131108153,0.5193182772754648,0.39917700562447833,0.4416519485151894,0.26028027568124923,0.10329165661861318,0.07827190465628384,0.09460468540830673,0.11261141886112488,0.1739549417508455,0.3206678641131074,0.29694339981560275,0.1407912424264507,0.0033296061148817874,0.0,0.0,0.0353139719398739,0.27597223798212167,0.46400736547759397,0.3940723680969997,0.12036541141623454,0.0,0.19413070731398738,0.2704202732897323
mp-989638,0.013000311805953292,0.0035583701440125137,0.06254270759165743,0.17832880038624702,0.3606847897749309,0.4806818830603276,0.6409044375997196,0.8837387713283876,1.0,0.9773176358333014,0.9258556755074014,0.8831146516832439,0.8747499733291845,0.9900789316997367,0.9184318077503316,0.7498724608813762,0.547958103249486,0.5512903971597941,0.4685170270808059,0.6228183053542031,0.831573342350699,0.8858337251871343,0.6637310272722758,0.2065109556428357,0.0267075618688573,0.2506122236434028,0.2616692615404121,0.23434859970359287,0.14540959969556835,0.35466123966440877,0.497141329631415,0.49065617942160644,0.47861228281730733,0.2975465709183368,0.4078842894137739,0.41696245126921455,0.29958499065001026,0.044784849617739604,0.0,0.0,0.0,0.0,0.016562118224778356,0.25197645740363284,0.42477820315070774,0.44733851008465697,0.2120572184453542,0.08612863005355481,0.0,0.0,0.0
mp-989639,0.029495798342458034,0.5699042125545629,1.0,0.896966434175888,0.4993700484101099,0.3159963799702952,0.3731489343576866,0.41459410550492615,0.5231601105852872,0.618069645293101,0.39189750829794834,0.24508961384096256,0.13094674739921924,0.040943051126754906,0.0,0.0,0.0,0.020220272084943203,0.157157769334529,0.2143464505047929,0.14364363491703439,0.14303087616839288,0.23039249215005056,0.3302104235294823,0.19056812750360083,0.12215037284617297,0.07445761365690617,0.0,0.0,0.0,0.0,0.0,0.0,0.0,0.0,0.0,0.0,0.0,0.0,0.0,0.0,0.0,0.0,0.0,0.0,0.0,0.0,0.0,0.0,0.0,0.0
mp-989642,0.29926421855992386,0.0,0.42489869880617975,1.0,0.8029080689082901,0.5131006069811603,0.33292606923119616,0.537340195697151,0.23572838273321556,0.0,0.4369610456112661,0.5461807914601458,0.35846207240703326,0.0,0.0,0.0,0.0,0.0,0.0,0.0,0.0,0.0,0.0,0.0,0.0,0.0,0.08490793610200727,0.4450874368494146,0.5161494333426364,0.292193868094379,0.0,0.0,0.0,0.0,0.0,0.05861857145047124,0.5800687284384886,0.8328199751376707,0.6349734558605983,0.11360422608987811,0.0,0.17946589135784485,0.2839955571912003,0.4623233996755722,0.4549710784483495,0.2336716070945992,0.10142537923328028,0.0,0.0,0.0,0.0
mp-989643,0.0,0.12695017031550973,0.3061333861858754,0.49872198570739285,0.6816260857909752,0.8109187120077953,0.9529221670649232,1.0,0.959539733573276,0.8886370349078623,0.8049767414265647,0.57322544734816,0.13244338413225518,0.09116504556504304,0.16626188642046968,0.26656735981802865,0.19456704888505244,0.11591970584334485,0.2623594786677493,0.27221898601578276,0.16950335960122603,0.20821932069803878,0.0845149065961172,0.45368602435385946,0.5614081264106413,0.7274608310253617,0.5081586780865641,0.27891340976787155,0.27222584604880934,0.2673079635614813,0.19575958581807126,0.34906019030244634,0.40042848434607853,0.3879344123279205,0.2857535723429317,0.16827615030739781,0.14481321611291575,0.0,0.0,0.0,0.0,0.0,0.0,0.0,0.0,0.0,0.0,0.0,0.0,0.0,0.0
mp-9900,0.0,0.6392009545633321,1.0,0.8952647822098537,0.37212226016078964,0.331529947973195,0.3768064249697461,0.43596028442008067,0.20847349861526593,0.16332788707723347,0.19558851158167948,0.7044971140066958,0.7592619049369358,0.655709717514369,0.21553097020080422,0.22546483634774256,0.2629040319656307,0.1510273576253237,0.16118050909055603,0.27235361337165753,0.3232568150585668,0.15079094060685733,0.06347028125710119,0.0,0.006826688800165806,0.012305193027677493,0.0,0.0,0.0,0.0,0.0,0.0,0.0,0.0,0.0,0.0,0.0,0.0,0.0,0.0,0.0,0.0,0.0,0.0,0.0,0.0,0.0,0.0,0.0,0.0,0.0
mp-9915,0.0,0.003499042204127271,0.011830635425705449,0.03084481588103681,0.06020776400206765,0.10476252432154526,0.17140882334257715,0.21881268548799557,0.29491759033195114,0.4517813528004422,0.541790190167567,0.5445604665184568,0.819312198377675,1.0,0.9643752632449167,0.6260500376928438,0.39938018081846677,0.560223302664248,0.48924736015760656,0.29569900729948223,0.1438912400351756,0.226460049290935,0.5307583415729235,0.7225912290551093,0.6386888220725849,0.39042283525166915,0.2831734823813815,0.3474828315150405,0.3817465741477922,0.20039226977238409,0.024455525375750437,0.021059328585865907,0.008156655848053754,0.0,0.0,0.0,0.0,2.503797015215312e-33,0.0,0.0,0.0,0.0,0.0,0.0,0.0,0.0,0.0,0.0,0.0,0.0,0.0
mp-991676,0.0,0.17320717066632443,0.47652572497849477,0.6514835604322777,0.5988803290329506,0.4949026021522008,0.443742374502906,0.5872529657962322,0.9984387389377424,1.0,0.48211868701984567,0.0,0.23218443298010397,0.3597754905707631,0.23189885861481063,0.000869796333878033,0.0,0.0,0.0,0.0,0.0,0.0,0.0,0.0,0.0,0.0,0.0,0.0,0.0,0.0,0.0,0.0,0.0,0.0,0.0,0.0,0.0,0.0,0.0,0.0,0.0,0.0,0.0,0.0,0.0,0.0,0.0,0.0,0.0,0.0,0.0
mp-9919,0.053570500823747425,0.004338375971206079,0.4160353366670603,0.6871597177224346,0.6846150410725256,0.364591174049309,0.42508517561351966,0.9583314625223651,1.0,0.7991320344433134,0.4243847443048458,0.6301116729383438,0.7142630063129403,0.5293109519163308,0.07930497033678821,0.011027181120579165,0.005978087091683301,0.0,0.0,0.0,0.0,0.0,0.0,0.0,0.0,0.0,0.0,0.0,0.0,0.0,0.0,0.0,0.0,0.0,0.0,0.0,0.0,0.0,0.0,0.0,0.0,0.0,0.0,0.0,0.0,0.0,0.0,0.0,0.0,0.0,0.0
mp-996941,0.6967966600189772,0.8059171364353006,1.0,0.8798427082602933,0.7238292124215117,0.5961752701167092,0.299598287764783,0.21899224960445915,0.32344689508988084,0.4556735796740923,0.4238313063951178,0.0,0.0,0.0,0.0,0.0,0.0,0.0,0.0,0.0,0.0,0.0,0.0,0.0,0.0,0.0,0.0,0.0,0.0,0.0,0.0,0.0,0.0,0.0,0.0,0.0,0.0,0.0,0.0,0.0,0.0,0.0,0.0,0.0,0.0,0.0,0.0,0.0,0.0,0.0,0.0
mp-996943,0.3267752180218786,0.7514709639317998,1.0,0.8974497729761718,0.40130051924979776,0.3069884921680299,0.13525269546671176,0.25310977202718893,0.3682912291941592,0.3929352164735713,0.24188612347915572,0.0,0.0,0.0,0.0,0.0,0.0,0.0,0.0,0.0,0.0,0.0,0.0,0.0,0.0,0.0,0.0,0.0,0.0,0.0,0.0,0.0,0.0,0.0,0.0,0.0,0.0,0.0,0.0,0.0,0.0,0.0,0.0,0.0,0.0,0.0,0.0,0.0,0.0,0.0,0.0
mp-996944,0.4573633649735956,0.7412195584243921,1.0,0.631592283107167,0.43386484629094674,0.3115802557126146,0.1967202062865947,0.16202230976451706,0.26347366494106783,0.2987241328044476,0.19485142601424976,0.0,0.0,0.0,0.0,0.0,0.0,0.0,0.0,0.0,0.0,0.0,0.0,0.0,0.0,0.0,0.0,0.0,0.0,0.0,0.0,0.0,0.0,0.0,0.0,0.0,0.0,0.0,0.0,0.0,0.0,0.0,0.0,0.0,0.0,0.0,0.0,0.0,0.0,0.0,0.0
mp-996959,0.04399694001970179,0.04958891968357721,0.2444378344707692,0.4814501414531105,0.6417014725421004,0.8205107057817836,0.8821494287717816,0.8176507466043904,0.49506965307195266,0.08746087475438424,0.0742491137470969,0.3557990475395504,0.6894366478106595,0.8719491102983347,0.7815233295767512,0.8016938350365881,0.6526865065724343,0.36188844248067,0.04626290911280448,0.0021473366305457993,0.5184909004342183,0.5980278090320214,0.6679074661503676,0.5609716597654947,0.7886374205344617,0.8502944010302035,1.0,0.8242477610824708,0.37416019603912487,0.11653347908946034,0.5265554149139006,0.9472804046341396,0.9592541222864037,0.4908628903160361,0.1621164436275844,0.0,0.0,0.0,0.0,0.0,1.9778907296311347e-49,4.307226451562411e-50,0.0,0.0,0.0,0.0,0.0,0.0,0.0,0.0,0.0
mp-996962,0.015358642713747204,0.03273463844425253,0.19558723726727437,0.38378690333455734,0.5537160667893857,0.7432340905139463,0.8688829256598376,0.7761912159798136,0.6048122615735184,0.5498507359805676,0.647275535621628,0.7311479008890241,0.8741183297856875,0.8267506544447293,0.7306086171846298,0.6068452083469403,0.7371416729131306,0.9958436153011063,0.7389056783444542,0.30538141704393695,0.04959451259993259,0.5816075097076684,1.0,0.9896596153663678,0.6993727700173548,0.6268949130841656,0.7273163478740192,0.7982912797894222,0.7777099817560571,0.8808188175283549,0.8026001240946892,0.49806349960991786,0.039704598367023745,0.0,0.0,0.0,0.0,2.205796017589033e-23,2.511952752012657e-23,0.0,0.0,0.0,0.0,0.0,0.0,0.0,0.0,0.0,0.0,0.0,0.0
mp-996983,0.0,0.3931997373948767,0.8339637114881397,1.0,0.7999162899366784,0.6152869764506815,0.5395869173663872,0.48401395015765364,0.4541149279976621,0.35945702670999446,0.257368135100064,0.06494643686315375,0.006312701625121553,0.07876566005504436,0.16210347276011441,0.2371947497067246,0.22345165487090865,0.25684290928463777,0.3490828992287985,0.3446756901414973,0.21793169645393087,0.027960728468415588,0.03169678587327061,0.1969986520067353,0.3143941164005404,0.3249455750519638,0.29687917217851817,0.25678239730915814,0.35014006120169544,0.6748910251672106,0.7838381792053003,0.5274589090162893,0.12642856559692286,0.0,0.0,0.0,0.0,2.2831879545691816e-28,1.4281026646667613e-28,0.0,0.0,0.0,0.0,0.0,0.0,0.0,0.0,0.0,0.0,0.0,0.0
mp-996997,0.007133488896647982,0.08382393863187185,0.22223573398980545,0.3714899711978212,0.5332839923921335,0.8210389755564674,1.0,0.8988917850811806,0.6565179531343313,0.44895814848944254,0.6088813901498951,0.724573397743017,0.8484557991262914,0.8467716532338646,0.745792219999191,0.7774091050418033,0.5711967686956505,0.7220939165801984,0.8085636657155719,0.6475520303659359,0.6989871217409236,0.6486058754880428,0.8935339344313052,0.7045445730433202,0.6355815107602728,0.6197166522687254,0.652451038827082,0.7564487930473053,0.7451332094962555,0.8775123006846294,0.9490688817566271,0.7510773317474054,0.31148278324802975,0.00697697964479672,0.0,0.0,0.0,0.0,2.685456055787546e-36,1.8904488894957944e-36,0.0,0.0,0.0,0.0,0.0,0.0,0.0,0.0,0.0,0.0,0.0
mp-997002,0.0,0.33502641519514587,0.4515507395958852,0.4887540575239389,0.5271728770433879,0.6596117208011744,1.0,0.9892405999840571,0.7475180685029791,0.34986748949536806,0.1755576853100346,0.24245267862847245,0.30402464209884644,0.3480143402635582,0.2610633545167833,0.10890469810976709,0.0,0.0,0.0,0.0,0.0,0.0,0.0,0.011859193037978298,0.1058610284617531,0.08866712933040588,0.29081364275026866,0.5639102550299673,0.7977903399799796,0.6719162924951682,0.4405595876182897,0.2850859023025972,0.19567967948411857,0.022553887088800434,0.0,0.0,0.0,0.0,0.0,6.547715664999564e-42,7.439194433938818e-42,0.0,0.0,0.0,0.0,0.0,0.0,0.0,0.0,0.0,0.0
mp-997036,0.01143724383976204,0.05673042270948867,0.3574264951301324,0.7360338947978592,1.0,0.9401640059851292,0.7264872776948278,0.47663113564791837,0.4251144380827565,0.341853674845817,0.14989286007327587,0.013034785469247216,0.04180283586252592,0.125207553227481,0.2642950933245707,0.3348669417056222,0.3437092524476811,0.40383749705959016,0.3709317090043981,0.29744103452095505,0.17494195124884943,0.16619405663682355,0.20845233308591393,0.1623492209469516,0.15659519584388343,0.15317078972317813,0.14235042647877677,0.2181809008643009,0.2313937484244484,0.24654105775986163,0.34274067749536663,0.45152620087575007,0.31293303012478024,0.13509159729369466,0.0,0.0,0.0,0.0,4.6477215697281296e-20,1.92990658228821e-20,0.0,0.0,0.0,0.0,0.0,0.0,0.0,0.0,0.0,0.0,0.0
mp-997041,0.012181123257626802,0.024799007687066527,0.16978846689242721,0.3147922876958319,0.4010856584350139,0.38698914500484777,0.4851930435366445,0.5797326212521526,0.6972203914018682,0.8257214643007033,1.0,0.9755192866193584,0.7057131687533285,0.41757214194792835,0.2144762524183275,0.19284102436490858,0.24357041254848302,0.24427757547999834,0.14833469527057527,0.04018624654011406,0.0,0.0,0.0,0.007423715266439648,0.08660726129938387,0.20013090093476332,0.304235938793953,0.27211829484607175,0.05638573287160645,0.26364244343794146,0.5121007023832589,0.709776318251448,0.5868118205878007,0.45819608090314157,0.37392312199948274,0.20696411740194462,0.02612325910830854,0.0,0.0,0.0,0.0,0.0,0.0,7.4240638946694e-73,0.0,0.0,0.0,0.0,0.0,0.0,0.0
mp-997089,0.047884382598673905,0.0256542896306621,0.33886875283796847,0.6288643994292985,0.6736030089519257,0.5364063126670399,0.523137040007599,0.6141783145354349,0.70966326324177,0.841041074268646,0.9031146132220853,0.9161133541743307,0.635903911885908,0.3802204817790527,0.32108015555094166,0.37438343259382256,0.3252924638503502,0.14048769553630724,0.0,0.0,0.0,0.0,0.0,0.04662260617018564,0.13919072972318702,0.1965171967863131,0.6013351647728129,0.8784704383478628,1.0,0.7354238089350875,0.5672538217765286,0.27025301563809073,0.06705923876169977,0.0,0.0,0.0,0.0,0.0,1.1617067459287606e-16,4.836235990591455e-17,0.0,0.0,0.0,0.0,0.0,0.0,0.0,0.0,0.0,0.0,0.0
mp-997618,0.0,0.018225653225704068,0.01827506929161217,0.07149264855046067,0.23718766066296687,0.5409257080124581,0.715776682541547,0.6455043103881507,0.4704563913548481,0.47587612422874026,0.42744446380695383,0.24993449392860115,8.105973939178581e-06,0.0,0.0,0.0,0.0,0.0,0.0,0.0,0.0,0.0,0.0,0.0,0.0,0.0,0.0,0.43194962697746037,1.0,0.9638747723750889,0.8105095860691371,0.4530225898682665,0.4036502993301513,0.0,0.0,0.0,4.96492652288243e-29,2.6932901267929118e-28,0.0,0.0,0.0,0.0,0.0,0.0,0.0,0.0,0.0,0.0,0.0,0.0,0.0
mp-998156,0.3326956904920359,0.569287984038984,0.8788188388811444,1.0,0.8457984120047534,0.7536106486495485,0.49069705225122445,0.2834686476838239,0.18882750976197996,0.1368855747943392,0.14751173232550732,0.2133033843266987,0.23679071061866688,0.0931583874654411,0.0,0.0,0.0,0.0,0.0,0.0,0.0,0.0,0.0,0.0,0.0,0.0,0.0,0.0,0.0,0.0,0.0,0.0,0.0,0.0,0.0,0.0,0.0,0.0,0.0,0.0,0.0,0.0,0.0,0.0,0.0,0.0,0.0,0.0,0.0,0.0,0.0
mp-998198,0.4414182949153952,0.8092571256660313,1.0,0.6962877733578399,0.3524898743972471,0.1945477177111049,0.2045471594877583,0.20278684391954563,0.04010461334425318,0.12854858972776495,0.33704001120405885,0.44054076158853794,0.2299402265864753,0.0,0.0,0.0,0.0,0.0,0.0,0.0,0.0,0.0,0.0,0.0,0.0,0.0,0.0,0.0,0.0,0.0,0.0,0.0,0.0,0.0,0.0,0.0,0.0,0.0,0.0,0.0,0.0,0.0,0.0,0.0,0.0,0.0,0.0,0.0,0.0,0.0,0.0
mp-998297,0.43519675029090754,0.8966698398921195,1.0,0.6228014634950652,0.2516837652255179,0.11077871268854642,0.16784807049962033,0.3148852718835111,0.41630709108638275,0.36256037487430376,0.12168818942394878,0.0,0.0,0.0,0.0,0.0,0.0,0.0,0.0,0.0,0.0,0.0,0.0,0.0,0.0,0.0,0.0,0.0,0.0,0.0,0.0,0.0,0.0,0.0,0.0,0.0,0.0,0.0,0.0,0.0,0.0,0.0,0.0,0.0,0.0,0.0,0.0,0.0,0.0,0.0,0.0
mp-998413,0.0,0.7594713003437356,1.0,0.9799183863225704,0.7527898228784611,0.5365370625419935,0.4153619449223399,0.42355633037560925,0.48344708741643133,0.377503444588187,0.1545071848414934,0.07304393970689252,0.0,0.0,0.005673290490775233,0.0,0.0,0.0,0.0,0.0,0.0,0.0,0.0,0.0,0.0,0.0,0.0,0.0,0.0,0.0,0.0,0.0,0.0,0.0,0.0,0.0,0.0,0.0,0.0,0.0,0.0,0.0,0.0,0.0,0.0,0.0,0.0,0.0,0.0,0.0,0.0
mp-998433,0.0,0.48981216252973686,0.8984629228171966,1.0,0.7194686800182538,0.43409324670781607,0.3974314547439808,0.3691261990771069,0.2847977646993458,0.07732145380428052,0.0,0.05452870041792094,0.0,0.0,0.0,0.0,0.0,0.0,0.0,0.0,0.0,0.0,0.0,0.0,0.0,0.0,0.0,0.0,0.0,0.0,0.0,0.0,0.0,0.0,0.0,0.0,0.0,0.0,0.0,0.0,0.0,0.0,0.0,0.0,0.0,0.0,0.0,0.0,0.0,0.0,0.0
mp-998552,0.05733520589417248,0.0,0.006383321737038498,0.4148319206189302,0.8728415722635354,1.0,0.7514295395657662,0.5058219330928004,0.497555174997019,0.42250453194143783,0.46788196685925765,0.47952261361961274,0.505379846364989,0.3780052552299849,0.3255830640730817,0.27864535125215795,0.24501253434093614,0.16590314223248584,0.11530093395027663,0.25295937408889757,0.2781608040471879,0.18468734280444188,0.0,0.0,0.08294438225777716,0.23265859709097805,0.32818096525761975,0.3584426211106647,0.24809921801148785,0.12986126043976917,0.003633283511120984,0.0,0.0,0.001899672381379537,0.011936642178269544,0.04274778525310716,0.09517418807330083,0.14991939437155527,0.17453793458912586,0.13252525542932758,0.06414906533319348,0.006651294282625458,0.0,0.0,0.0,0.0,0.0,0.0,0.0,0.0,0.0
mp-998599,0.0,0.2482772517044104,0.6991920067584324,0.9226130867741342,1.0,0.8637968553325898,0.6289775916229726,0.30723303318569123,0.11509141758989173,0.2729066484702482,0.38591695850807317,0.280417518976674,0.10418134059378528,0.0,0.0,0.0,0.0,0.0,0.0,0.0,0.0,0.0,0.0,0.0,0.0,0.0,0.0,0.0,0.0,0.0,0.0,0.0,0.0,0.0,0.0,0.0,0.0,0.0,0.0,0.0,0.0,0.0,0.0,0.0,0.0,0.0,0.0,0.0,0.0,0.0,0.0
mp-9986,0.0,0.22807988526263628,0.7306671625303937,1.0,0.7047766375580254,0.3399219990911444,0.14708543321827725,0.16583348541303508,0.06429229516662711,0.012430353540055127,0.029083175083674667,0.098009946800511,0.10721471232800485,0.08973961296341144,0.04639186828665638,0.05513668064541491,0.02187899597522299,0.0,0.0,0.0,0.0,0.0,0.0,0.0030955097998092065,0.15759213304335756,0.25545911289288603,0.3542101990575841,0.25007779886737735,0.15197348952581677,0.0,0.0,0.0,3.2901160835208706e-12,6.375345901452539e-12,0.0,0.0,0.0,0.0,0.0,0.0,0.0,0.0,0.0,0.0,0.0,0.0,0.0,0.0,0.0,0.0,0.0
mp-998603,0.0,0.6110306267757186,0.9418849539064099,1.0,0.8896332047619658,0.6909285793645757,0.44614268443472144,0.16451418701794424,0.017353661501148913,0.006209779585685198,0.0,0.0,0.0,0.0,0.0,0.0,0.0,0.0,0.0,0.0,0.0,0.0,0.0,0.0,0.0,0.0,0.0,0.0,0.0,0.0,0.0,0.0,0.0,0.0,0.0,0.0,0.0,0.0,0.0,0.0,0.0,0.0,0.0,0.0,0.0,0.0,0.0,0.0,0.0,0.0,0.0
mp-998604,0.0,0.46758699766808126,0.8426866271857301,1.0,0.8334571447192664,0.7155185465852985,0.5939669273317257,0.5602196982078053,0.4345257946176533,0.2620605236287726,0.14494799863310917,0.12519721550677454,0.05148345553383178,0.0,0.0,0.0,0.0,0.0,0.0,0.0,0.0,0.0,0.0,0.0,0.0,0.0,0.0,0.0,0.0,0.0,0.0,0.0,0.0,0.0,0.0,0.0,0.0,0.0,0.0,0.0,0.0,0.0,0.0,0.0,0.0,0.0,0.0,0.0,0.0,0.0,0.0
mp-998612,0.1504555977818433,0.5097222898992575,0.8309660170180928,1.0,0.8643623669458833,0.6533284672406261,0.2610663378997829,0.09368874219921762,0.16194376509423195,0.3098834486746514,0.33437739628432445,0.19516429708994365,0.0292783943457417,0.0,0.0,0.0,0.0,0.0,0.0,0.0,0.0,0.0,0.0,0.0,0.0,0.0,0.0,0.0,0.0,0.0,0.0,0.0,0.0,0.0,0.0,0.0,0.0,0.0,0.0,0.0,0.0,0.0,0.0,0.0,0.0,0.0,0.0,0.0,0.0,0.0,0.0
mp-999498,0.0,0.0005119655105674873,0.001966748738601305,0.00461802242056451,0.008071555517913555,0.01287911029556025,0.019037644575140622,0.027298328686234264,0.03655432713066897,0.04938706850612479,0.064936887451948,0.08356298504521717,0.1357667157081643,0.21012149998473467,0.2789939091170826,0.32777340144829625,0.3990152435120258,0.4594422413573404,0.4254973364732418,0.3197395518581567,0.25494087133200516,0.2776952651125974,0.2787721990759665,0.2355733329390054,0.18139407099432783,0.2491577168375234,0.34685387291511094,0.3164151550556071,0.5843299551464052,0.7143874976602692,0.6761249260610264,0.3899775727981785,0.555956278495773,0.746866390445192,0.6773361088777442,0.4759364564139882,0.43856935083200643,0.45602494214649053,0.38754972481195227,0.36700564960376686,0.3915434426399378,0.3982055707401129,0.2602513473849994,0.28291376315638145,0.5141061101433139,0.7792184610892159,1.0,0.8660367546626038,0.49170390859892155,0.34623326005875354,0.46781562284499717
mp-569018,0.0,0.6454190271244707,1.0,0.8766802381361758,0.4581035581987065,0.3232744380896899,0.3963035224874957,0.5351237365682325,0.6864085788153571,0.6177222045832871,0.7709509113916411,0.5816875288697353,0.46333324420049166,0.12400730952488911,0.0,0.0,0.0006903844543480458,0.0006914584175170844,0.0006914584175170844,0.0006914584175170844,0.0006914584175170844,0.0006914584175170844,0.0006914584175170844,0.0006914584175170844,0.0006914584175170844,0.0006914584175170844,0.0006914584175170844,0.0006914584175170844,0.0006914584175170844,0.0006914584175170844,0.0006914584175170844,0.0006914584175170844,0.0006914584175170844,0.0006914584175170844,0.0006914584175170844,0.0006914584175170844,0.0006914584175170844,0.0006914584175170844,0.0006914584175170844,0.0006914584175170844,0.0006914584175170844,0.0006914584175170844,0.0006914584175170844,0.0006914584175170844,0.0006914584175170844,0.0006914584175170844,0.0006914584175170844,0.0006914584175170844,0.0006914584175170844,0.0006914584175170844,0.0006914584175170844
mp-27985,0.0,0.04893996627068287,0.09238204145686967,0.25428350260772564,0.5282605947690475,0.7858753260079029,0.9776373182918943,1.0,0.9347380152910377,0.887827122497484,0.8003943493229865,0.9443199339652153,0.737670013524717,0.3448221097650214,0.06823294163104812,0.0,0.0,0.13406612200295887,0.4606516958274504,0.6176327650900816,0.5225100857024033,0.2646657794532301,0.24749603282845725,0.2142864384869622,0.18005291668063783,0.16209004856050727,0.23481146030792818,0.35055026812880163,0.39782535755167336,0.29260633055756824,0.11833253687703318,0.011065888818766637,0.0,0.0,0.0,1.0886635029226141e-21,0.0,0.0,0.0,0.0,0.0,0.0,0.0,0.0,0.0,0.0,0.0,0.0,0.0,0.0,0.0
mp-28084,0.0,0.5645852478002028,0.9041715379187638,1.0,0.8332348369020883,0.5644670126104511,0.259583064872823,0.10189640785727118,0.12889231212045402,0.24748444655957216,0.11376234131202875,0.045698870008445594,0.2108358265316441,0.25511975696534706,0.09266362022897012,0.0,0.0,0.0,0.0,0.0,0.0,0.0,0.0,0.0,0.0,0.0,0.0,0.0,0.0,0.0,0.0,0.0,0.0,0.0,0.0,0.0,0.0,0.0,0.0,0.0,0.0,0.0,0.0,0.0,0.0,0.0,0.0,0.0,0.0,0.0,0.0
mp-28110,0.1594608514247393,0.6247572609539596,1.0,0.9956290012953484,0.5954278862147319,0.19143725259581926,0.17371775997259725,0.19435813362519694,0.3172880225598774,0.28188522724157133,0.09032266533557616,0.0,0.0,0.0,0.0,0.0,0.0,0.0,0.0,0.0,0.0,0.0,0.0,0.0,0.0,0.0,0.0,0.0,0.0,0.0,0.0,0.0,0.0,0.0,0.0,0.0,0.0,0.0,0.0,0.0,0.0,0.0,0.0,0.0,0.0,0.0,0.0,0.0,0.0,0.0,0.0
mp-28145,0.0,0.1714602034794935,0.7549293777422517,1.0,0.6050332185244331,0.07268263068160913,0.30656426008245824,0.5800846842020615,0.6512703020303947,0.29963772325277693,0.1248130919407329,0.0,0.0,0.0867697607471403,0.2172708881162526,0.24968045447126092,0.34789729377949125,0.31352389330030966,0.1771483378932859,0.01113761731383129,0.0,0.04208874135033078,0.0,0.0,0.0,0.0,0.0,0.0,0.0,0.0,0.0,0.0,0.0,0.0,0.0,0.0,0.0,0.0,0.0,0.0,0.0,0.0,0.0,0.0,0.0,0.0,0.0,0.0,0.0,0.0,0.0
mp-28237,0.12362902068783783,0.3920871063465012,0.7177059499018478,1.0,0.9654818530252288,0.6740558426664032,0.2231344649159155,0.021877484366225212,0.0,0.0,0.0,0.0,0.0,0.06714674178768437,0.23824619647638462,0.41685014582123314,0.40656668045679134,0.22782601123281998,0.02998672485269139,0.0,0.0,0.0,0.0,0.0,0.0,0.0,0.0,0.0,0.0,0.0,0.0,0.0,0.0,0.0,0.0,0.0,0.0,0.0,0.0,0.0,0.0,0.0,0.0,0.0,0.0,0.0,0.0,0.0,0.0,0.0,0.0
mp-28243,0.0,0.2722770300165587,0.7972052613062771,1.0,0.9938291997830142,0.9671079667818099,0.9962648745741821,0.8133359479867606,0.4203461645270106,0.2398090505168768,0.09694655923334283,0.029720670090903466,0.0,0.0,0.05545106243487123,0.16463392213983455,0.4130345495084552,0.6231353691837531,0.6099939532004595,0.34609268164304013,0.02646303295794761,0.0,0.0,0.0006986656048423806,0.0030798831303393724,0.0,0.0,0.0,0.0,0.0,0.0,0.0,0.0,0.0,0.0,0.0,0.0,0.0,0.0,0.0,0.0,0.0,0.0,0.0,0.0,0.0,0.0,0.0,0.0,0.0,0.0
mp-28264,0.0,0.08599186161549735,0.5728718553881618,0.9486284197954837,1.0,0.6496414749115945,0.6967295315690842,0.5997898715047562,0.6867547890675968,0.5031784714216553,0.2801346641647304,0.06974836984038056,0.0,0.00841021669175623,0.04588539243068625,0.16620342829938736,0.30457825427500945,0.36666460015014957,0.4030412409411585,0.2563600599779725,0.17686321797797444,0.033449001060494,0.0,0.0,0.0,0.0,0.0,0.0,0.0,0.0,0.0,0.0,0.0,0.0,0.040800253547032594,0.24826381711551346,0.4127796218820848,0.46791345378385,0.36661626122543434,0.20343490302379735,0.05212150140756663,0.0,0.0,0.0,0.0,0.0,0.0,0.0,0.04993885850879306,0.14781989960266892,0.23671291907164346
mp-28266,0.0,0.015066076387311686,0.04488209080237454,0.16418898568463522,0.41956855878865473,0.7019982954811558,0.7981365473805112,0.7583218786590071,0.7290408818932186,0.6498045032468694,0.4844482754917721,0.24860629003841486,0.36328956686057334,0.5636048624250792,0.5051320828469111,0.23870381445838948,0.0,0.22060077150144058,0.6862079153014503,0.8671744954246643,0.7269282489341826,0.6457047403756675,1.0,0.9151946507786585,0.3640617119726362,0.0188498745949498,0.0,0.0,0.0005876632493511353,0.0,0.0,0.0,0.0,0.0,0.0,0.0,0.0,0.0,0.0,0.0,0.0,0.0,0.0,0.0,0.0,0.0,0.0,0.0,0.0,0.0,0.0
mp-2858,0.0,0.010944285358911985,0.03241187216422936,0.07348209865933855,0.17030539961711974,0.349576263808982,0.614520443477867,0.8927252028401854,1.0,0.9257500610402385,0.7568345341586721,0.768425444042863,0.8132662740441179,0.8077585135920958,0.9177514347258134,0.9193008327219325,0.9536160444391885,0.847971233729796,0.9236328044210725,0.8571609991192297,0.642825213266656,0.5581607883170826,0.7570967549086861,0.860424140240385,0.770919893832624,0.6610105537429118,0.7707196811539547,0.7639578875409592,0.5985450599758965,0.29499851668051924,0.1500841701359215,0.17460715627710957,0.22597591976011278,0.3222417651735597,0.28578499388276735,0.3049466752352047,0.3996752292247009,0.41158078326837444,0.27565267398384985,0.059128067810629376,0.009030862708901468,0.0,0.0,0.0,0.0,0.0,3.686546784779957e-97,1.2961030555070807e-96,0.0,0.0,0.0
mp-28591,0.0,0.2926958030976475,0.5280749190426531,0.667125994366552,0.6296560575593502,0.7435041679650845,0.8138756503224157,1.0,0.846538369666166,0.9320180400474403,0.7306163221579414,0.5443099422947383,0.130292865652821,0.0,0.0,0.05137706444051587,0.27244033728438727,0.34129945189168737,0.22190638232524817,0.0,0.0,0.009880138287940767,0.0,0.0,0.0,0.0,0.0,0.0,0.0,0.0,0.0,0.0,0.0,0.0,0.0,0.0,0.0,0.0,0.0,0.0,0.0,0.0,0.0,0.0,0.0,0.0,0.0,0.0,0.0,0.0,0.0
mp-28599,0.15164632754064206,0.0,0.3180352045850434,0.8249933939590884,1.0,0.7531452766601301,0.410312492417595,0.2768903532012619,0.21393857567483623,0.26076300480506076,0.34216248925316145,0.3270600828837737,0.20389198846345605,0.076263700955583,0.07335137345653749,0.060885302050405224,0.035883359582173646,0.08524196903295887,0.1913208372480794,0.27969891613012426,0.20232982431036645,0.11280676186310439,0.0026389465738784696,0.0,0.0017402358463771638,0.0041883441109927914,0.0,0.0,0.0,0.0,0.0,0.0,0.0,0.0,0.0,0.0,0.0,0.0,0.0,0.0,0.0,0.0,0.0,0.0,0.0,0.0,0.0,0.0,0.0,0.0,0.0
mp-28602,0.0307652959475526,0.02404861689281512,0.286561002569056,0.8136638926672493,1.0,0.7823483295807504,0.28756193750205306,0.27906734357744073,0.26650384228640517,0.31771497422648654,0.35031527343681895,0.32677836645563496,0.2462258154154504,0.1795865979497239,0.17934893682096142,0.13822352667734025,0.0747495167500345,0.015464306865992719,0.13567276489267763,0.43057368910619565,0.4969197326098662,0.30899522970498927,0.07190589950571824,0.014092653171741274,0.0,0.0,0.003092981191737892,0.0,0.0,0.0,0.0,0.0,0.0,0.0,0.0,0.0,0.0,0.0,0.0,0.0,0.0,0.0,0.0,0.0,0.0,0.0,0.0,0.0,0.0,0.0,0.0
mp-28603,0.013287322607643674,0.003171064592184808,0.06913784418491967,0.23874372102554572,0.4404847183773643,0.627221089845692,0.8540371722613774,1.0,0.8602960378541716,0.37942478361039184,0.06293263316637572,0.0,0.0,0.08104041853343776,0.24409529554996573,0.48634876474760574,0.46994526653886487,0.4148673568644581,0.34973828165228027,0.23617383799302388,0.0835729586356917,0.0,0.0,0.002513236783590666,0.0,0.0,0.0,0.0,0.0,0.0,0.0,0.0,0.0,0.0,0.0,0.0,0.0,0.0,0.0,0.0,0.0,0.0,0.0,0.0,0.0,0.0,0.0,0.0,0.0,0.0,0.0
mp-28797,0.0,0.007440524934203028,0.024736963068636087,0.05932535223454245,0.0919788716845215,0.3363761072803401,0.5528122281060677,0.7697059187203168,0.8918328150282693,1.0,0.874415658797712,0.472354918170597,0.09917606874792342,0.0,0.0,0.0,0.0,0.0,0.0,0.0,0.0,0.0,0.0,0.0,0.0,0.0,0.0,0.0,0.0,0.0,0.0,0.0,0.0,0.0,0.12079177447827208,0.3374253704485151,0.356769742499993,0.17657509488534956,0.0,0.0,0.0,0.0,0.0,0.0,0.0,0.0,0.0,0.0,0.0,0.0,0.0
mp-288,0.0,0.11149571434439404,0.3469379780480068,0.5160751048243654,0.6960878164981875,0.6817299567147707,0.8333737082775604,0.7179268000819099,0.5640244655390549,0.30452540635515074,0.09441491616322124,0.0,0.0,0.0,0.0,0.0,0.25461019475511404,0.5157596040206577,0.8617687171262436,1.0,0.8797273556982224,0.6876829562846437,0.35281302973341216,0.24610832821772555,0.08470407930699855,0.0,0.0,0.00026291902492905195,0.0011278438809964656,0.0,0.0,0.0,0.0,0.0,0.0,0.0,0.0,0.0,0.0,0.0,0.0,0.0,0.0,0.0,0.0,0.0,0.0,0.0,0.0,0.0,0.0
mp-28872,0.047284364928677096,0.020633675769916992,0.3957719391817688,0.7998663333674647,1.0,0.7363387238040145,0.5072545996012153,0.4151775237244246,0.3143591740499103,0.11023823110587445,0.0,0.0,0.0,0.0,0.0,0.0,0.25368379611440767,0.4129248173671363,0.3062549766522834,0.19431310641161104,0.17041208372051977,0.17419431952469697,0.029115344169596314,0.0,0.0,0.0,0.0,0.0,0.0,0.0,0.0,0.0,0.0,0.0,0.0,0.0,0.02572620079588526,0.27793601415550384,0.44417627241018215,0.4429045356807191,0.22070526639661894,0.08877186403659687,0.0,0.0,0.0,0.0,0.0,0.0,0.0,0.0,0.0
mp-2894,0.1137641656010436,0.0,0.23406612202335522,0.6273146490387796,0.7975806979265965,0.5822614728320991,0.775647018776773,0.9695934181255782,0.7221048246951726,0.26788263638639764,0.5410246095126625,1.0,0.7545738683388161,0.0,0.0,0.0,0.0,0.0,0.0,0.0,0.0,0.0,0.0,0.0,0.0,0.0,0.0,0.0,0.0,0.0,0.0,0.0,0.0,0.0,0.0,0.0,0.0,0.0,0.0,0.0,0.0,0.0,0.0,0.0,0.0,0.0,0.0,0.0,0.0,0.0,0.0
mp-29091,0.11126478518744143,0.0,0.12602719418259367,0.4362712560087987,0.5175556516721269,0.48944011787558944,0.5763479219788054,0.6051554061373439,0.43112295424236546,0.0,0.07176244984435604,0.38995723823908474,0.9144691959449901,1.0,0.5745744042254568,0.11432385701259017,0.0,0.0,0.0,0.07354753302423692,0.05639542618287921,0.21262062484655123,0.33134207209270017,0.32534459966675217,0.15991191023336884,0.0,0.019071852452477285,0.04792917848973979,0.0,0.0,0.0,0.0,0.0,0.0,0.0,0.0,0.0,0.0,0.0,0.0,0.0,0.0,0.0,0.0,0.0,0.0,0.0,0.0,0.0,0.0,0.0
mp-2918,0.052229413093528354,0.0,0.27664915796009837,0.7975624660207041,1.0,0.7677000197972568,0.4742576865586127,0.3159838619941525,0.48195980342059297,0.4631386196567507,0.3922568431567946,0.2461218810900008,0.27807757668125194,0.28829547972969655,0.17859768101914394,0.20688958680127778,0.49338942794416785,0.899962657256633,0.9178100074062361,0.5556078682372692,0.17645131105601763,0.0,0.29770230859593355,0.35558767098006344,0.2309841077223547,0.0,0.0,0.0,0.0,0.040168244176406534,0.26990479416097013,0.4405068570829393,0.5375512462347058,0.34706136180572,0.28225896003348905,0.07210989218191877,0.03863711420124021,0.01160059576226224,0.0,0.0,0.0,0.0,0.0,4.2889821254941445e-79,0.0,0.0,0.0,0.0,0.0,0.0,0.0
mp-29521,0.0,0.3491060138702212,0.7000556545282488,1.0,0.98159120492082,0.8084311299441469,0.554042920091203,0.49900258180107643,0.46796612825952894,0.24957153010436106,0.09464862867909633,0.16783010724996753,0.2671574990021314,0.2271926955427942,0.15410250511565013,0.1916710097593042,0.23084810353362725,0.2926183946245877,0.3323622051171525,0.28807998206989793,0.14917842480435842,0.0,0.06662116926289395,0.2576381432117897,0.3323128053033933,0.309363505459457,0.20899283882140665,0.2503615144100488,0.13367023781417028,0.06473212713341983,0.0,0.0,0.0,1.3844183720099252e-14,4.463096750555607e-16,0.0,0.0,0.0,0.0,0.0,0.0,0.0,0.0,0.0,0.0,0.0,0.0,0.0,0.0,0.0,0.0
mp-29529,0.020825054674591923,0.025623575341623496,0.4265929493521236,0.8454793562804163,0.9032916622311673,0.756495525813914,0.8099560864319518,0.7353444289534331,0.5119549187329006,0.19001406967895007,0.030814667508087683,0.0,0.24467823203693836,0.6713845155033918,1.0,0.7309686994807884,0.16853454131904588,0.007532762189921008,0.0,0.10356375729015363,0.0,0.0,0.0,0.0,0.0,0.0,0.0,0.0,0.0,0.0,0.0,0.0,0.0,0.0,0.0,0.0,0.0,0.0,0.0,0.0,0.0,0.0,0.0,0.0,0.0,0.0,0.0,0.0,0.0,0.0,0.0
mp-2961,0.034723730050353244,0.0,0.050399570443503176,0.21739706388556665,0.49919630608011417,0.6622562430834523,0.7039017503332414,0.6800612008617344,0.6191059945304639,0.4438586620408807,0.21473431197151696,0.19185726683644064,0.24256579734583145,0.35770529843802373,0.38829074386075896,0.6167779287793804,0.7910046528944844,0.7520638373450904,0.6284751775000454,0.35188124019340555,0.15397918582624406,0.0,0.3828734949384176,0.9312787340207026,1.0,0.5517225713981766,0.030584534307404345,0.0,0.0,3.649100140198402e-05,0.00014395882440961742,0.0,0.0,0.0,0.0,0.0,0.0,0.0,0.0,0.0,0.0,0.0,0.0,0.0,0.0,0.0,0.0,0.0,0.0,0.0,0.0
mp-2964,0.00508280842234267,0.015691410516315063,0.08219023506011602,0.2149670011537548,0.4515310948055301,0.5876302224712259,0.7787965721362389,0.9672548899129915,1.0,0.8271727329920754,0.47518766516177285,0.22488411972239924,0.25561112262459035,0.28014953862729075,0.23543846782864028,0.06802087563778748,0.0,0.0,0.0,0.0,0.0,0.0,0.0,0.0,0.0,0.0,0.0,0.0,0.0,0.0,0.0,0.0,0.0,0.0,0.0,0.0,0.0,0.0,0.0,0.0,0.23823274658407892,0.3167371994314418,0.22856359087393854,0.0,0.0,0.0,0.0,0.0,0.0,0.0,0.0
mp-29754,0.004267966815813884,0.014646770822193947,0.11166795513141732,0.26007525957324423,0.6172723885114291,0.9302679116641226,1.0,0.7941270100676747,0.47371771998438617,0.27158863084314877,0.2002211902318989,0.2600981930583089,0.5334902388935191,0.80208750551924,0.9076921016489833,0.8002930398628595,0.5545222047439166,0.6177067258039594,0.6156796163847715,0.4945734543460604,0.4008127785234869,0.5112561483713184,0.46901830312157,0.20329285975617414,0.0,0.0,0.0,0.0,0.048011742633374196,0.15637408206193784,0.4699634672228096,0.5155114209937043,0.3192984427898544,0.03530894152767938,0.0,0.0,0.0,0.0,2.710232461833579e-32,0.0,0.0,0.0,0.0,0.0,0.0,0.0,0.0,0.0,0.0,0.0,0.0
mp-2979,0.0,0.006058450376426066,0.01898413912770092,0.04558310276870539,0.08063416474737883,0.21546151924467472,0.6013275154077193,0.9422158429899987,1.0,0.8219769391330811,0.5795839218601281,0.3580556125819986,0.2043175817342143,0.16832464691365145,0.447151824571857,0.5849535432600153,0.43410899916524964,0.16099987050371503,0.0,0.0,0.0,0.0,0.1693939792945517,0.43776979242478326,0.5342857710807365,0.5155099202750285,0.37319827066931505,0.15927822305107972,0.21588286620818425,0.35459999520778795,0.4865616968991788,0.443980432993455,0.3827881089464046,0.24766976789888015,0.16262354670309687,0.34248726459350687,0.4387531044226664,0.5256687964073249,0.4194068161375098,0.36760233169162854,0.09373337066508082,0.0,0.0,0.0,0.0,0.0,0.0,0.0,0.0,0.0,0.0
mp-30004,0.11733890142954036,0.5930166371849086,0.978129673145335,1.0,0.7031632620161794,0.35683063514809127,0.18620586678872444,0.02812805161881848,0.028882785731351855,0.0,0.01750105153216532,0.08216018635756664,0.14245545356139475,0.16265272274891276,0.1646483539535955,0.10133946965062109,0.027547408795748424,0.0,0.0,0.0,0.0,0.0,0.0,0.0,0.0,0.0,0.0,0.0,0.0,0.0,0.0,0.0,0.0,0.0,0.0,0.0,0.0,0.0,0.0,0.0,0.0,0.0,0.0,0.0,0.0,0.0,0.0,0.0,0.0,0.0,0.0
mp-30041,0.00147753929220877,0.07316114067126385,0.5771783820780061,1.0,0.9704229572133036,0.52708600197724,0.3791029571623937,0.3164394269350798,0.30472594535875563,0.4900584763215541,0.6759875056917558,0.7071020890935674,0.39975837821562615,0.15022021449254827,0.0,0.0,0.0,0.0,0.0,0.0,0.0,0.0,0.0,0.0,0.0,0.0,0.0,0.0,0.0,0.0,0.0,0.0,0.0,0.0,0.0,0.0,0.0,0.0,0.0,0.0,0.0,0.0,0.0,0.0,0.0,0.0,0.0,0.0,0.0,0.0,0.0
mp-30250,0.0,0.3112503012378325,0.7944319018685674,1.0,0.7146626155184933,0.28759114044743106,0.4253610032514787,0.5365015883491119,0.5480586278315889,0.3853453241288873,0.2279812554596191,0.17822726496176533,0.21976463236351843,0.23856429333101625,0.1522818785653562,0.16774401286847127,0.4679968546577718,0.9572020985277246,0.9718257437051442,0.5556436441310165,0.1357804638500197,0.0,0.3012262881042055,0.35326981709883976,0.19164646064686983,0.15631129261483812,0.34853061869572094,0.5074570632684975,0.41584441689297746,0.2881987481869068,0.17489215891495483,0.09886134481833812,0.04333126076413919,0.010427872559446815,0.0,0.0,0.0,0.0,3.0648173213734003e-40,6.677697512630897e-41,0.0,0.0,0.0,0.0,0.0,0.0,0.0,0.0,0.0,0.0,0.0
mp-30251,0.0,0.4760349143408415,1.0,0.9744073815744955,0.6913983922742963,0.3173388203733551,0.5901409055245334,0.5320900387532993,0.3180890132738706,0.2554099432995529,0.1652294640388995,0.1438335504749142,0.23446732085313232,0.24166452622608414,0.13956544141799485,0.1186823462905653,0.49111044496505113,0.8034209697780083,0.9291767109613472,0.6492097239160172,0.32965040787259026,0.09806910435904698,0.2650858279720533,0.3207204024392509,0.19636355066506384,0.020184131084139627,0.0,0.0,0.2506250857541802,0.5510436758861696,0.6147496803583596,0.4026684539315012,0.16915903871182578,0.09567546285230298,0.03133528949058997,0.0,0.0,0.0018821203477116118,0.0,0.0,0.0,0.0,0.0,0.0,0.0,0.0,0.0,0.0,0.0,0.0,0.0
mp-30373,0.0031440264930209993,0.7763288490526394,1.0,0.9806165737217275,0.8523071940087146,0.5174158973085715,0.0,0.0,0.0,0.0,0.0,0.0,0.0,0.0,0.0,0.0,0.0,0.0,0.0,0.0,0.0,0.0,0.0,0.0,0.0,0.0,0.0,0.0,0.0,0.0,0.0,0.0,0.0,0.0,0.0,0.0,0.0,0.0,0.0,0.0,0.0,0.0,0.0,0.0,0.0,0.0,0.0,0.0,0.0,0.0,0.0
mp-30456,0.0,0.052351832700872625,0.4110108612839961,0.7846147513791385,1.0,0.7652485390288846,0.43894317976827146,0.07283626287178607,0.0,0.0,0.15878091431400798,0.25324807480412753,0.2113482155220266,0.0,0.01971706494234725,0.39746764103130794,0.49975070363294105,0.3292997203907693,0.0,0.0,0.12001270744507875,0.0,0.0,0.0,0.0,0.0,0.0,0.0,0.0,0.0,0.0,0.0,0.0,0.0,0.0,0.0,0.0,0.0,0.0,0.0,0.0,0.0,0.0,0.0,0.0,0.0,0.0,0.0,0.0,0.0,0.0
mp-30459,0.06904269128648872,0.0,0.047440490901496934,0.36256402243707725,0.6927652964055679,0.6357239204042211,0.1711291795688547,0.08825824716847838,0.5773599732329765,0.8162837067690614,1.0,0.7444693812081223,0.6087221584727559,0.10172279542352597,0.0,0.0,0.0,0.0,0.0,0.0,0.0,0.0,0.0,0.0,0.0,0.0,0.0,0.0,0.0,0.0,0.0,0.0,0.0,0.0,0.0,0.0,0.0,0.0,0.0,0.0,0.0,0.0,0.0,0.0,0.0,0.0,0.0,0.0,0.0,0.0,0.0
mp-30460,0.07065630443306548,0.0,0.07739040346996007,0.38759078538868486,0.5693727252545526,0.4484019088379186,0.46676572581171405,0.4956262070446447,1.0,0.8256466649004911,0.47240088931419966,0.08105629860450542,0.0,0.0,0.0,0.0,0.0,0.0,0.0,0.0,0.0,0.0,0.0,0.0,0.0,0.0,0.0,0.0,0.0,0.0,0.0,0.0,0.0,0.0,0.0,0.0,0.0,0.0,0.0,0.0,0.0,0.0,0.0,0.0,0.0,0.0,0.0,0.0,0.0,0.0,0.0
mp-3056,0.17854604842946872,0.0,0.2896017360225145,0.7714216976141863,0.887857331729774,0.7034747203915255,0.7201560171749917,0.9162487524740567,0.7309746338385065,0.8178394670211984,1.0,0.9406307044170241,0.475106996140932,0.4063622333148381,0.684023589405732,0.9202328853447382,0.9174247845962779,0.6492763036652198,0.5597899917993507,0.49790924807789266,0.7190321961190604,0.7824811711686754,0.4837887642905914,0.1798333612162722,0.0,0.0,0.02705356303368299,0.0,0.0,0.0,0.0,0.0,0.0,0.0,0.0,0.0,0.0,0.0,0.0,0.0,0.0,0.0,0.0,0.0,0.0,0.0,0.0,0.0,0.0,0.0,0.0
mp-3070,0.04482894331011775,0.09714558477895775,0.20527436278671377,0.3226885196484063,0.5221215631505765,0.7210922475958627,0.9523416458290446,1.0,0.9833622437558323,0.8759687353327755,0.8000331712836048,0.7995495249763294,0.6556184803306152,0.4785530417802695,0.30980257074722195,0.18819649853206907,0.05105380053483232,0.0,0.0,0.0,0.0,0.0,0.0,0.0,0.0,0.0,0.0,0.0,0.0,0.0,0.0,0.0,0.13897890519591555,0.5841131909355847,0.6669276391546124,0.38725222391373487,0.0,0.0,0.0,0.0,0.0,0.2062722604221978,0.3383106027040871,0.2891040131712956,0.05865530700977208,0.0,0.0,0.0,0.0,0.0,0.0
mp-30847,0.1603493953791444,0.0,0.12178442439043262,0.5748884520496187,0.6799579954881935,0.67128848138229,0.44544771961844487,0.46242769274513784,1.0,0.8964108113434707,0.764739356449084,0.5905608487927437,0.985082250190706,0.8180988199550717,0.2540670403727169,0.0,0.09630012200629513,0.0,0.0,0.0,0.0,0.0,0.0,0.0,0.0,0.0,0.0,0.0,0.0,0.0,0.0,0.0,0.0,0.0,0.0,0.0,0.0,0.0,0.0,0.0,0.0,0.0,0.0,0.0,0.0,0.0,0.0,0.0,0.0,0.0,0.0
mp-31002,0.0,0.4025522301308451,0.7815090949638093,1.0,0.9823236782553868,0.7375462561124786,0.5351399667410023,0.22309984984491946,0.039213198004921214,0.00625582652287586,0.0,0.0,0.0,0.0,0.0,0.0,0.0,0.0,0.0,0.0,0.0,0.0,0.0,0.0,0.0,0.0,0.0,0.0,0.0,0.0,0.0,0.0,0.0,0.0,0.0,0.0,0.0,0.0,0.0,0.0,0.0,0.0,0.0,0.0,0.0,0.0,0.0,0.0,0.0,0.0,0.0
mp-31451,0.05964590982259872,0.0,0.05761308469622203,0.3082975956587064,0.5851431870852547,0.610664236296182,0.2672834394939997,0.11535740750835337,0.426095339125172,0.8971948309919103,1.0,0.7437363536300683,0.4866341048510994,0.09206725016914455,0.05912844502758708,0.0,0.05186158978890644,0.0,0.0,0.0,0.0,0.0,0.0,0.0,0.0,0.0,0.0,0.0,0.0,0.0,0.0,0.0,0.0,0.0,0.0,0.0,0.0,0.0,0.0,0.0,0.0,0.0,0.0,0.0,0.0,0.0,0.0,0.0,0.0,0.0,0.0
mp-31454,0.0,0.02497954573123582,0.0633755817175466,0.13132849415415448,0.40762914183591487,0.6198037530146385,0.7439745432220419,0.9577441068189317,1.0,0.5872571845450426,0.5113326156490332,0.725376620138276,0.88508211222525,0.600257574978897,0.06300146218647973,0.010516796186604541,0.0,0.004086309123932902,0.0,0.0,0.0,0.0,0.0,0.0,0.0,0.0,0.0,0.0,0.0,0.0,0.0,0.0,0.0,0.0,0.0,0.0,0.0,0.0,0.0,0.0,0.0,0.0,0.0,0.0,0.0,0.0,0.0,0.0,0.0,0.0,0.0
mp-315,0.0,0.16532414298154077,0.5228267361317531,0.6342925690582797,0.5939330687722981,0.6451813518257933,1.0,0.9482017784411091,0.6253586577501997,0.5232468461733228,0.6534831539199913,0.6124658709999191,0.32013768128639153,0.0,0.09211561198966317,0.34896504956082086,0.37372974617299315,0.18542717760642524,0.0,0.0,0.0,0.0,0.0,0.0,0.0,0.0,0.0,0.0,0.0,0.0,0.0,0.0,0.0,0.0,0.0,0.0,0.0,0.0,0.0,0.0,0.0,0.0,0.0,0.0,0.0,0.0,0.0,0.0,0.0,0.0,0.0
mp-3349,0.0,0.04190705210751073,0.0,0.12012959397672818,0.6351136590065615,1.0,0.9988713510855097,0.7904729144348474,0.697493445487336,0.6701268124934638,0.5934803809311584,0.5996649346737669,0.5867585563226738,0.4023994324888146,0.29316942893040365,0.29554666920274714,0.38660436370740653,0.3893480801792847,0.35886923392769005,0.31217109589073405,0.3035433675678339,0.3209602923537789,0.3441412516285776,0.3445079176019079,0.3863287702040213,0.5744552984318602,0.6061820955065835,0.40399117402264473,0.11014683006469268,0.0,0.01953398296837711,0.00661314883863266,0.0,0.0012115429335251514,0.00486053583805563,0.01127310934790531,0.01502016466796954,0.08420989207939696,0.16475845060353275,0.22234217207773385,0.16916494910351712,0.06783093994407595,0.0057949435067742765,0.0,0.0,0.0,0.0,0.0,0.0,0.0,0.0
mp-3395,0.011951904645156384,0.13308557475091892,0.28131517744004203,0.519447980159081,0.784164079936128,0.9262428983358051,1.0,0.9427644088615995,0.9304671880757508,0.7802613029031615,0.7030332720902522,0.5299205098270322,0.29104046385317217,0.020598001433609094,0.0,0.0,0.04403543859369836,0.30047484005101693,0.5785139916405353,0.5623970840144935,0.29651306150218754,0.30940019797851,0.34096888601376707,0.26270977617716684,0.0,0.0,0.0,0.0,0.0,0.0,0.0,0.0,0.0,0.0,0.17942525894307457,0.41596993848114844,0.5457957424091308,0.37408622008048414,0.4310222306770741,0.4356774291852466,0.28186830770204035,0.020329684263727204,0.0,0.01642597742073602,0.0,0.0,0.0,0.0,0.0,0.0,0.0
mp-34169,0.0,0.11763086410392688,0.5545169095210457,0.8229916711019041,0.6637021397481042,0.2699020411100377,0.09272518587218107,0.24405341957415272,0.35220177326278845,0.7876294386478824,1.0,0.7458235400382734,0.21681571481938852,0.0,0.10677229120440286,0.0,0.0,0.0,0.0,0.0,0.0,0.0,0.0,0.0,0.0,0.0,0.0,0.0,0.0,0.0,0.0,0.0,0.0,0.0,0.0,0.0,0.0,0.0,0.0,0.0,0.0,0.0,0.0,0.0,0.0,0.0,0.0,0.0,0.0,0.0,0.0
mp-3419,0.0,0.7036943583107527,0.995193918448981,1.0,0.5245184293806807,0.6184933503905051,0.4946948308216479,0.3116780045028541,0.07721609920025196,0.16010588485170602,0.32409210281194367,0.8216891474743483,0.7615131166565302,0.4640714350986324,0.026111660187897588,0.0,0.0,0.0,0.0,0.0,0.0,0.0,0.0,0.0,0.0,0.0,0.08024694430367003,0.19410090812108452,0.5792682474944041,0.6849417300542067,0.4646565841452264,0.08291752029884607,0.0,0.0,0.0,0.0,1.4194886200626231e-30,5.007513792241766e-30,0.0,0.0,0.0,0.0,0.0,0.0,0.0,0.0,0.0,0.0,0.0,0.0,0.0
mp-3432,0.0,0.011682686591767156,0.0350435117521089,0.0815376904481881,0.21141489263301433,0.6196365062632995,0.8744969577856636,0.5579393910060633,0.5235311286697726,0.9584588076469368,0.9305159102421999,0.9031209613373989,1.0,0.9887946678115532,0.40421855292095354,0.0,0.06317026330070577,0.0,0.0,0.0,0.0,0.0,0.0,0.0,0.0,0.0,0.0,0.0,0.0,0.0,0.0,0.0,0.0,0.0,0.0,0.0,0.0,0.0,0.0,0.0,0.0,0.0,0.0,0.0,0.0,0.0,0.0,0.0,0.0,0.0,0.0
mp-34579,0.10947151826656933,0.23231581998146955,0.38057930762473496,0.5390585202247121,0.7125908410032601,0.7219735680333979,0.6330355676123819,0.6467208220907437,0.8156753159693511,1.0,0.8657488280620086,0.7523147578065781,0.7764173792515926,0.8450374108812037,0.67913448197451,0.4579711553592152,0.37172929853212805,0.487808626428705,0.3877232441984805,0.34603444792847965,0.3575641161535649,0.5580611579648107,0.5437199496470317,0.3066222562751979,0.21999708826235573,0.06624877345073252,0.16083306833569538,0.16598792072058652,0.15532821872387,0.03593321231797823,0.0,0.0,0.0,0.0,0.0,0.0,0.0,0.0,0.0,0.0,0.0,0.0,0.0,0.0,0.0,0.0,0.0,0.0,0.0,0.0,0.0
mp-35015,0.01920572032035534,0.22324830702376391,0.6191207919934013,0.8547433691822943,0.9309267340168984,1.0,0.9183866667835969,0.6404500572254165,0.6893939355466342,0.7082238805389012,0.261516355225785,0.0,0.0,0.0,0.0,0.0,0.0,0.0,0.0,0.0,0.0,0.0,0.0,0.0,0.0,0.0,0.0,0.0,0.0,0.0,0.0,0.0,0.0,0.0,0.0,0.0,0.0,0.0,0.0,0.0,0.0,0.0,0.0,0.0,0.0,0.0,0.0,0.0,0.0,0.0,0.0
mp-35152,0.04088654987176865,0.0,0.11496430377277791,0.33197995521171725,0.5373357485990525,0.7618359628680496,1.0,0.9780487095187796,0.5811064734866082,0.1627308575248734,0.03725018922035054,0.0,0.0,0.0,0.0,0.0,0.0,0.0,0.0,0.0,0.0,0.0,0.0,0.0,0.0,0.021979962204300783,0.3705666919487916,0.5927672472572535,0.4684006824578233,0.16712471034199522,0.0,0.0,0.0,0.0,0.08424967438461077,0.15559142694983819,0.26037123934388895,0.3633669326692602,0.4551054828085601,0.4955558451861673,0.3059844073823337,0.5343349243875987,0.556104848355256,0.29787503552741845,0.025327325342946398,0.0,0.0,0.0,0.0,0.0,0.0
mp-3519,0.0037744264935440225,0.005063117273387368,0.032999916555265386,0.1042513344286999,0.21391249588487302,0.3051421438166563,0.4130055582935953,0.41015474238652205,0.33755756322284086,0.44597453879413596,0.4253981651991121,0.583283712727169,0.7872854414603359,1.0,0.9644300720853382,0.5908661597074238,0.42481139568523907,0.3538152218339134,0.21533861313888925,0.10063403712539687,0.0,0.0,0.0,0.0,0.216331954644745,0.45756555379181946,0.38577126452228755,0.2556742827377814,0.11499667568016143,0.3847409435307348,0.33563994915750633,0.10819407865216615,0.009850306389873257,0.0,0.0,0.0,2.28184073189511e-21,9.464025347902785e-22,0.0,0.0,0.0,0.0,0.0,0.0,0.0,0.0,0.0,0.0,0.0,0.0,0.0
mp-35220,0.015248009571034588,0.037455814789911966,0.07904397820710032,0.14170490147290582,0.24904317422093505,0.38285048813980305,0.49710115414854983,0.5508310479730212,0.514991753414087,0.4687088564885738,0.4482783460139681,0.5461328072123014,0.7190119439283227,0.9214697082926573,0.9508920665678687,0.9211061125669179,0.7883015645641037,0.8783913303378651,0.8693324679235466,0.720414524981945,0.6668018243970811,0.7698651734762118,0.9024541014090247,0.6769245150269481,0.7306043704380168,0.7394109670623703,1.0,0.7626206132690625,0.37153773103481896,0.0,0.0744197819710211,0.2227274143070159,0.3313559512509973,0.3676361859833143,0.2777579818096974,0.152984572683694,0.15802678649904306,0.30770601081054755,0.43773280499130207,0.37247260226441065,0.42910598656164234,0.5240805594458131,0.5488819568977408,0.4510762427877556,0.43336608640279084,0.7684147785204817,0.8469643345617702,0.8674805363527714,0.6583668729513238,0.4084407299903295,0.1451282846592278
mp-3595,0.17275445583301854,0.0,0.20483890667936405,0.6373515188338428,0.9276611000664746,0.8610017353399302,0.45883992463233186,0.26413605692801073,0.2864446978633678,0.4197056814714364,0.7013825687198433,1.0,0.858081977073578,0.40325203710959,0.0,0.0,0.0,0.0305144162171005,0.5527402873739075,0.9221416409627733,0.7615009015054921,0.12605189021285623,0.0,0.0,0.05385347842173546,0.0,0.0,0.0,0.0,0.0,0.0,0.0,0.0,0.0,0.0,0.0,0.0,0.0,0.0,0.0,0.0,0.0,0.0,0.0,0.0,0.0,0.0,0.0,0.0,0.0,0.0
mp-36066,0.021645357697177185,0.0034872004354266368,0.02607450025372344,0.19402873328127074,0.3710124298569047,0.47305092721700903,0.4938500798355451,0.5017722958651318,0.4761386454741925,0.39322702784040175,0.35786176258793956,0.43670672557326945,0.5743085123596707,0.6138655059555398,0.5425979550426994,0.4868165178980937,0.531491831301892,0.574979803094104,0.531674999967633,0.6159739468750411,0.7073735035981394,0.7856514992842065,0.8239563213555491,0.908091001349509,1.0,0.7679965511489942,0.28418698910443074,0.060147277412637645,0.1578762500586788,0.31301895133960705,0.32341355376045067,0.24282592897004332,0.15829586104727533,0.12557779583834155,0.19591484719564886,0.4298478075468244,0.43995767664065505,0.27621368109281585,0.08483864333031985,0.14161557008682202,0.3318265824730776,0.3391702749421966,0.4150543603945377,0.4913206717701136,0.6402641280287894,0.7382211726030741,0.5422073787413755,0.34473131509783056,0.19329819244032673,0.23349281657083523,0.23963126045666883
mp-3637,0.001603699149634056,0.006989733148190559,0.03400512730026019,0.08407801683730638,0.16187527177741645,0.32827349062365935,0.5637686408099127,0.8321587889590064,0.8339364228455686,0.8062980706843011,0.9019678343733145,1.0,0.8523861109021724,0.43453273180166707,0.6041758752124096,0.7765515717520496,0.8044094410994843,0.4487626523565909,0.30210870444203314,0.5360657158281582,0.6526392074536511,0.476020519745019,0.510427972878871,0.46589064519429263,0.2880263693040203,0.14400800826129503,0.2660046446354974,0.5180327816806108,0.502257307158121,0.21621665413569574,0.04818962391181302,0.0,0.0,0.0,1.9525301499584003e-12,4.3145847354478603e-13,0.0,0.0,0.0,0.0,0.0,0.0,0.0,0.0,0.0,0.0,0.0,0.0,0.0,0.0,0.0
mp-3642,0.0,0.04766814453931045,0.24936381606436853,0.5370028713538466,0.656327159351854,0.5496699722511983,0.37293745864740413,0.19736488987912804,0.14325088186700172,0.27740789401862964,0.3850939362654112,0.39467723614802985,0.24863289459003643,0.15860765115891465,0.14673179965297986,0.10321775425729426,0.18607002525598612,0.38159722340284624,0.8449228629701371,1.0,0.6764715443934384,0.2568521335093475,0.0,0.026405390483884787,0.18487120933771062,0.29437281485941125,0.25433643753584045,0.06340798326939029,0.0,0.007936448752481132,0.21406580259971833,0.33282243297570174,0.41649316318502494,0.29673911461178726,0.26020802313560454,0.12087914400171046,0.060756492321273406,0.021629807753873017,0.0027701803677842637,0.0,0.0,0.0,0.0,9.08010042405914e-86,9.725346181784037e-85,0.0,0.0,0.0,0.0,0.0,0.0
mp-36508,0.0,0.6113116332556461,0.7953574677929391,0.8599216362746238,1.0,0.8580989310856909,0.7226682606585357,0.5492339538918067,0.6180080054149742,0.535545268299555,0.48829236190133357,0.7278519659646944,0.9115076171274805,0.8784065094591494,0.5943139900587701,0.10764268376407882,0.0,0.0,0.0,0.0336456758035611,0.15316523957918488,0.29844896799904835,0.31141984065247297,0.2115025001482417,0.3064601630963638,0.42109411091847787,0.4651730983575762,0.4414514657359514,0.38088691050437606,0.3448238750077962,0.04933113557811728,0.0,0.0,0.0,0.0,2.6507466199560337e-22,0.0,0.0,0.0,0.0,0.0,0.0,0.0,0.0,0.0,0.0,0.0,0.0,0.0,0.0,0.0
mp-3654,0.0,0.3218017136050274,0.8246720950075844,1.0,0.7308254940070846,0.4115166659408942,0.35612044846459895,0.40169309727415703,0.4636363774392022,0.46277620827657634,0.32182620821573843,0.17005139769974253,0.12455877311124039,0.16096073566751595,0.2099177709391498,0.2037564505941666,0.11614695304946168,0.019346830240591556,0.18198702173684586,0.4164918607615339,0.4021265116352421,0.14591201560706835,0.052788941068877326,0.21648965779725002,0.19621005364223096,0.03332862263319753,0.0,0.0,0.0,0.0,0.0,0.0,0.0,0.0,0.0,0.0,0.0,0.0,0.0,0.0,0.0,0.0,0.0,0.0,0.0,0.0,0.0,0.0,0.0,0.0,0.0
mp-36582,0.03511746426771093,0.023435707574960968,0.18882282395516775,0.3921418857953466,0.5849279243850265,0.7634263041734767,0.8651792667436918,1.0,0.9702579476499512,0.6718492555996047,0.31230460337523375,0.008025906733240442,0.004708467008419826,0.0,0.0,0.0,0.0,0.02003830083332874,0.12566225864177052,0.22756464913655847,0.26383243604102474,0.24264324164715698,0.2308494908429937,0.3242279292567878,0.3125448132805475,0.19442612357793745,0.03315033912989075,0.0,0.0,0.0,0.0,0.0,0.0,0.0,0.0,0.0,0.0,0.0,0.0,0.0,0.0,0.0,0.0,0.0,0.0,0.0,0.0,0.0,0.0,0.0,0.0
mp-37091,0.0,0.11062313032770946,0.61196206017376,0.9728819405133394,1.0,0.7384836124558223,0.4910072143714208,0.2860499580504747,0.09856197254100267,0.0,0.0,0.0,0.16988791320752866,0.24992364488355145,0.28546782644443136,0.2939712062519955,0.3903525294339848,0.29477412667222597,0.08616447114256004,0.013065191959038316,0.0,0.001760033552270173,0.0,0.0,0.0,0.0,0.0,0.0,0.0,0.0,0.0,0.0,0.0,0.0,0.0,0.0,0.0,0.0,0.0,0.0,0.0,0.0,0.0,0.0,0.0,0.0,0.0,0.0,0.0,0.0,0.0
mp-3744,0.00068348802247189,0.0018671678870188506,0.00992388405194884,0.024446407624354804,0.04246088572099816,0.07114628619945623,0.09711884489702745,0.10826794596912451,0.20087684848545123,0.33771889546606554,0.4364810369353555,0.6261234890822124,0.638831667313485,0.6663079183935295,0.4561024791270654,0.2952008360144126,0.22102422345260234,0.15324511494365095,0.10221515179715215,0.0,0.0504330396250646,0.37760603042856855,0.8172571236382777,1.0,0.7164192198708358,0.2975467168340436,0.252781319067951,0.3209595451866461,0.29506147705051655,0.17375206807798266,0.08009532771269216,0.060007290270752425,0.04061331606590807,0.023979003707039537,0.01077752048644777,0.0020508039346790307,0.0,0.0,0.0,0.0,4.9611535651726677e-51,5.634688682851106e-51,0.0,0.0,0.0,0.0,0.0,0.0,0.0,0.0,0.0
mp-3762,0.0,0.015122818713374482,0.15781399119132763,0.36569202132988393,0.598577013054005,0.5136269257728439,0.23109835701682396,0.19565781064908733,0.3112174104812934,0.4094936384258712,0.4777984754212567,0.4216626608702343,0.22831308089750577,0.08698916013589104,0.8030125950286376,1.0,0.5995306714471734,0.13778846850983523,0.0,0.12943631408428524,0.10292458320536527,0.15940134660593205,0.3171081380151367,0.41762247420930404,0.24340743633086048,0.0,0.02250566721639988,0.07339318763740904,0.0,0.0,0.0,0.0,0.0,0.0,0.0,0.0,0.0,0.0,0.0,0.0,0.0,0.0,0.0,0.0,0.0,0.0,0.0,0.0,0.0,0.0,0.0
mp-3771,0.0,0.004183315511181364,0.013291095086418339,0.02975236751084611,0.04779122924720074,0.1912928518181338,0.28490321438586136,0.28609727755446585,0.378985276930683,0.5201600681810626,0.7243594382549498,0.5856613196823551,0.5139417840461975,0.6733898823670083,0.9199431648737054,0.9783096580640245,0.9570397685535639,1.0,0.8956062364316953,0.789463417895578,0.7319868756066417,0.6659470005570696,0.6621843819299836,0.5924095187566075,0.5785570414075717,0.4700695912432388,0.286711849062245,0.19479727812484846,0.19021236936327507,0.2999775983899406,0.3735238870428637,0.4089476230544563,0.38827495503409115,0.339974943594682,0.2298321687679414,0.23100674772081908,0.2521209142113699,0.3499534570183366,0.2948935795039395,0.15535105845134042,0.03475059765383487,0.0,0.0,0.0,0.0,0.0,9.10792584460054e-87,1.034033056239834e-86,0.0,0.0,0.0
mp-380,0.13566205088933556,0.0,0.2759296292710549,0.6491840678631298,0.6286826214243132,0.2915494288941091,0.06746465037269213,0.202053105120294,0.14963869155314957,0.46176655092232544,0.9475622962784982,1.0,0.5659660153476174,0.0,0.0,0.0,0.0,0.0,0.0,0.0,0.0,0.0,0.0,0.0,0.0,0.0,0.0,0.0,0.0,0.0,0.0,0.0,0.0,0.0,0.0,0.0,0.0,0.0,0.0,0.0,0.0,0.0,0.0,0.0,0.0,0.0,0.0,0.0,0.0,0.0,0.0
mp-4035,0.0,0.31717303698458693,0.7550522833943017,1.0,0.90398806385673,0.8815262909150217,0.6538402386994878,0.33211565608285054,0.0,0.0,0.0,0.0,0.0,0.0,0.06988345484185582,0.3239070586094732,0.9169940979167406,0.9298991343075557,0.5171637510210123,0.0019780152399492754,0.0,0.0,0.0,0.0,0.0,0.0,0.0,0.0,0.0,0.0,0.0,0.0,0.0,0.0,0.0,0.0,0.0,0.0,0.0,0.0,0.0,0.0,0.0,0.0,0.23569237834216245,0.5160096375206306,0.5989907470755559,0.3376615458877384,0.20695878150311112,0.23967061227253275,0.150109674760722
mp-10086,0.0,0.009712681390735384,0.02794373849813075,0.06180120682352211,0.16422794717837105,0.4614124605012938,0.680717126856548,0.5938144004620506,0.497069454699479,0.5253510879448503,0.8224390875149037,0.9915281748655546,1.0,0.9592311264665505,0.696102364640979,0.5827799889040655,0.6266999796546816,0.6706200473508575,0.4635709031220397,0.12985836463583747,0.0,0.0066043065001991225,0.002733291147985159,0.0,0.0,0.0005661446381327841,0.0,0.0,0.0,0.0,0.0,0.0,0.0,0.0,0.0,0.0,0.0,0.0,0.0,0.0,0.0,0.0,0.0,0.0,0.0,0.0,0.0,0.0,0.0,0.0,0.0
mp-1008680,0.0,0.021546274088159376,0.06213645595683314,0.26135269662087746,0.5561841272052959,0.689849454656142,0.6136492467822616,0.333303359713539,0.4734178976877492,0.9210586800615062,1.0,0.5021474939250218,0.30056244788514425,0.8117300348616164,0.9750428384621775,0.5332126120639065,0.10163004345996765,0.0,0.08723979668985257,0.0,0.0,0.0,0.0,0.0,0.0,0.0,0.0,0.0,0.0,0.0,0.0,0.0,0.0,0.0,0.0,0.0,0.0,0.0,0.0,0.0,0.0,0.0,0.0,0.0,0.0,0.0,0.0,0.0,0.0,0.0,0.0
mp-1009750,4.5784405283264184e-05,0.005567140043655247,0.01789784320283477,0.03923006144417874,0.06958433846900328,0.11378625914571658,0.18864019049564293,0.26351145057970743,0.3126827696396479,0.32564080932006373,0.34117789606343857,0.33618744551284413,0.2949621968297999,0.25590444184066136,0.21645337114440796,0.16219374572980505,0.20177456249633277,0.29420777856458263,0.3075819255565115,0.1688452041696974,0.0,0.0,0.18368229592091437,0.8410502567897747,1.0,0.6017303800787367,0.07044177907302232,0.0,0.03284229737947372,0.21401961237837078,0.33771742339285493,0.31947427675118023,0.17453545079102076,0.12935226481248593,0.08691926802969623,0.038659678546281336,0.004810005674516792,0.0,0.0,0.0,0.0,1.5120371442991048e-46,0.0,0.0,0.0,0.0,0.0,0.0,0.0,0.0,0.0
mp-1009792,0.0,0.01219125347540735,0.02591668282553599,0.06636096948277918,0.17823176632473098,0.3456152292648051,0.505367715256602,0.533345420775782,0.48778049863712386,0.3296540786795775,0.16065315229560778,0.056812622427591004,0.08193287077033869,0.32399131814946974,0.3815651040511508,0.2558722906864206,0.021815536543653244,0.0,0.0,0.0,0.0,0.0,0.0,0.0,0.0,0.0,0.0,0.255620130400688,0.8404881109440444,1.0,0.5797236795399965,0.0,0.0,0.2673725279474719,0.48317282470829315,0.4391899224521717,0.1402773737142061,0.0,0.0,0.0,0.0,0.0,1.6124699458440282e-68,8.706374641398558e-68,0.0,0.0,0.0,0.0,0.0,0.0,0.0
mp-1009813,0.10452148932269122,0.0,0.23812191352894016,0.6224712825109628,0.6594510071654824,0.326472674023839,0.2127171025950986,0.27555835796228734,0.26389268528477156,0.08687903347077686,0.0,0.0,0.0,0.0,0.0,0.3309064509055696,0.9707895402931634,1.0,0.47648182941921996,0.0,0.0,0.22369358895435432,0.0,0.0,0.0,0.0,0.0,0.0,0.0,0.0,0.0,0.0,0.0,0.0,0.0,0.0,0.0,0.0,0.0,0.0,0.0,0.0,0.0,0.0,0.0,0.0,0.0,0.0,0.0,0.0,0.0
mp-1009819,0.06707926527341744,0.10184510440556525,0.18612024612854777,0.25274154918200104,0.30269148124741735,0.36998925593849646,0.512582922445103,0.8577225205950303,1.0,0.8375762916743483,0.483076600486057,0.3006118131336021,0.31645718618541496,0.316413162737848,0.29813733681270926,0.2885547103111245,0.3601101984895241,0.3784908794979167,0.3379998290648805,0.2650323907321956,0.24070556543985933,0.2601117307161574,0.18194472097157766,0.053329160971054515,0.0,0.0,0.0,0.0,0.0,0.0,0.0,0.0,0.0,0.0,0.0,0.0,0.0,0.0,0.0,0.0,0.0,0.0,0.0,0.0,0.0,0.0,0.0,0.0,0.0,0.0,0.0
mp-1009820,0.0,0.013650936436553176,0.019884018173332015,0.0597441117359294,0.19509131155962903,0.4528040475334496,0.6410245455224585,0.6300068819453359,0.40862015694868326,0.24564598250017694,0.35564795760873813,0.36379205887832616,0.2449692205067041,0.002781935485318206,0.0,0.0,0.0,0.0,0.0,0.0,0.0,0.0,0.0,0.0,0.0,0.0,0.0,0.13658358488796077,0.8194869464592229,1.0,0.5566258024318469,0.3230002425189194,0.4756628257674999,0.41421347664646074,0.023187993632858245,0.0,0.0,0.0,1.381154057999485e-38,8.629656413150813e-39,0.0,0.0,0.0,0.0,0.0,0.0,0.0,0.0,0.0,0.0,0.0
mp-1009894,0.0,0.023727308205897534,0.06344253745990411,0.1384057885990255,0.28293335944798087,0.4408854784319842,0.5576892644721242,0.6165036708181407,0.60633544033212,0.5519103506870141,0.4034115931399789,0.560342723391423,0.5299522525352085,0.353662873120958,0.012072611030289485,0.0,0.0,0.0,0.0,0.0,0.0,0.05590110498441016,0.19957698781059116,0.4493651582863602,0.8151141580989253,1.0,0.7302557631800429,0.22177513715013528,0.0,0.0,0.0,0.4091977648106362,0.7163386337526374,0.6289886853723891,0.15276761020543445,0.0,0.0,0.0,3.2607918477663162e-43,3.505488716287895e-42,0.0,0.0,0.0,0.0,0.0,0.0,0.0,0.0,0.0,0.0,0.0
mp-1014244,0.0,0.06746998292080214,0.012374970563358042,0.06642371654111894,0.5919031934459393,0.9583559708608703,1.0,0.7841749026847682,0.7267853626453201,0.6737073451697031,0.5042942571642933,0.36154347779207185,0.2902142660603129,0.20986991382247971,0.27821808440826834,0.3732008740387229,0.3389509288731912,0.2208107104478731,0.15338597904571963,0.38412889874387496,0.6119286430710057,0.5241665956626459,0.4171864110270261,0.6236361530457466,0.9357679573740266,0.7323279217602928,0.16211823293061947,0.0,0.0,0.18443424790671542,0.39530871245501564,0.5659042748134525,0.5476720872432911,0.37087118615666625,0.24936152263900913,0.07214296119263722,0.030764133102631822,0.004658377107578084,0.0,0.0,0.0,0.0,1.547795597914912e-72,2.9588925036278385e-72,0.0,0.0,0.0,0.0,0.0,0.0,0.0
mp-10155,0.0,0.008360354239897881,0.029500388996941317,0.0723689690269409,0.13409983714508675,0.30103197006861776,0.5786810068694801,0.9369318225065391,1.0,0.8136053302692452,0.3956575075477566,0.026863559209338528,0.18810937554084964,0.492008299930189,0.5820553715013875,0.6967916704792665,0.49999483197105904,0.8599305566018399,0.8906621449981847,0.9737025857754109,0.4811633735738204,0.2238968179596625,0.3911800016446186,0.7785726547228434,0.9290392723783932,0.6073053619623864,0.21751155247669898,0.001181724083983295,0.0,0.0,2.1219539405396918e-07,3.1986527351876006e-07,0.0,0.0,0.0,0.0,0.0,0.0,0.0,0.0,0.0,0.0,0.0,0.0,0.0,0.0,0.0,0.0,0.0,0.0,0.0
mp-10219,0.005701291462598205,0.007507918336634448,0.0524124939323472,0.15293203970003194,0.30833436060813746,0.6688163054044922,0.9170068889601743,0.9705330530386007,0.8442386839766428,0.7334242274861847,0.6673327000756714,0.8372308919878176,0.9712338128993493,1.0,0.9592067941778559,0.9536340153939881,0.6872551141836108,0.3500954611555903,0.20638601278946106,0.3675910608989933,0.5342821853212949,0.5742054342472034,0.46107672092461793,0.30859808462408367,0.2853698044404435,0.26652380303959605,0.23072851796711238,0.22768577355039488,0.3375911017210495,0.5129945580739068,0.464375366284721,0.24231614205465296,0.002597151776327032,0.0,0.0,0.0,1.3387503345423759e-24,0.0,0.0,0.0,0.0,0.0,0.0,0.0,0.0,0.0,0.0,0.0,0.0,0.0,0.0
mp-10281,0.07168216229259611,0.0,0.05345908727570335,0.3524295585054596,0.6887684657781472,0.6773937590042515,0.333065953820166,0.056678224883254455,0.19178713480196008,0.33486141822371873,0.2651715644779434,0.07598554227776577,0.0,0.006128705235426731,0.5445941803105865,0.9408276553132444,1.0,0.4607070376657246,0.18969660790198264,0.0,0.0,0.0,0.0,0.0,0.0,0.0,0.0,0.0,0.0,0.0,0.0,0.0,0.0,0.0,0.0,0.0,0.0,0.0,0.0,0.0,0.0,0.0,0.0,0.0,0.0,0.0,0.0,0.0,0.0,0.0,0.0
mp-10341,0.09703880157578378,0.0,0.13718051139947476,0.4124007067582821,0.7328109120565357,0.9708058213810412,1.0,0.9604453135638805,0.5910388722864871,0.3460908652809698,0.605689604433351,0.724755870861155,0.7530461589063849,0.6932326750297316,0.8957686225491555,0.7827636512085457,0.5834394081794101,0.5720540814518074,0.5699761835911892,0.3257824319746151,0.026129880600412794,0.04821506340708636,0.3594485877021688,0.5595123223115928,0.6942971153823136,0.5272518617559458,0.5295186078945463,0.15780629898385623,0.5686297991196473,0.7834370347851046,0.9571363924711064,0.8422955598728282,0.49035243538860745,0.9382166372379135,0.9895668447785645,0.851090258244208,0.1867839159010459,0.0,0.0,0.0,0.0,5.486448979997821e-66,2.9624962527044243e-65,0.0,0.0,0.0,0.0,0.0,0.0,0.0,0.0
mp-10418,0.007625485826860458,0.1132399540693026,0.5774899665160189,0.932306165570656,1.0,0.6363420112300331,0.34721868804365913,0.2627755443127175,0.36102842014255115,0.40350904995835857,0.31865156948589224,0.1456296836316752,0.09904360893142085,0.12457847246846124,0.18909090819689514,0.17845194379504864,0.10661341927981016,0.06119643937169997,0.1360022959572539,0.26387508101020923,0.38591603917048306,0.3255689909533365,0.17030413431930227,0.0,0.0,0.0063854305273056055,0.07999408744767963,0.2235009225514644,0.36165454818677556,0.37745787063974534,0.2411208387995681,0.14291940090208974,0.04043830356104218,0.0,0.0,0.0,2.1698628467559336e-30,1.1767650569065663e-29,0.0,0.0,0.0,0.0,0.0,0.0,0.0,0.0,0.0,0.0,0.0,0.0,0.0
mp-10481,0.07646415629720432,0.4024603996385761,0.8188312617197953,1.0,0.7934107597039044,0.5416374332455938,0.4513436610355535,0.5135516152399098,0.3762238091718405,0.0,0.0,0.0,0.0,0.0,0.0,0.0,0.0,0.0,0.0,0.0,0.0,0.0,0.0,0.0,0.0,0.0,0.0,0.0,0.0,0.0,0.0,0.0,0.0,0.0,0.0,0.0,0.0,0.0,0.0,0.0,0.0,0.0,0.0,0.0,0.0,0.0,0.0,0.0,0.0,0.0,0.0
mp-10492,0.11143780753606657,0.0,0.33027465013356966,0.8602918866986282,1.0,0.6843280763854122,0.1490422870529571,0.0,7.348050438889435e-05,0.0,0.0,0.09494485922575406,0.3007271957293447,0.3281123749855522,0.17710039425311178,0.0,0.0,0.0,0.22355692706191996,0.3360387229201748,0.2624637288927405,0.0,0.3176318693229784,0.5335260508583518,0.4434350638721206,0.061115368120249994,0.0,0.0,0.0,0.0,0.08107654609949969,0.1130010849839979,0.08545990360914442,0.0,0.05181742778679842,0.18480077195812222,0.2433767226474929,0.21195300667489167,0.05468793310137261,0.05040138514663305,0.0,0.0,0.0,0.0,0.0,1.3856188822289277e-96,2.0398332555578672e-96,0.0,0.0,0.0,0.0
mp-10547,0.03797477932703319,0.1558078611831977,0.5655495345414193,0.9510209386506066,1.0,0.8866675395806279,0.41172579073975973,0.17953747544342047,0.08043337204074083,0.05825744603365948,0.02105233097309495,0.08448418633534507,0.14301198518310215,0.13562821115031526,0.08522548939877336,0.056940283096884925,0.04838435476344777,0.0,0.0,0.0,0.0,0.0,0.0,0.0,0.16888223148982814,0.2821228730798761,0.4450195152358241,0.3509025904736116,0.2008594058698155,0.003467686810464944,0.0,0.0,0.0,4.638539584153479e-13,0.0,0.0,0.0,0.0,0.0,0.0,0.0,0.0,0.0,0.0,0.0,0.0,0.0,0.0,0.0,0.0,0.0
mp-10550,0.0,0.03572368912881996,0.004509748691469041,0.04947031986994338,0.3702359505350089,0.6102917651011295,0.6987489444787912,0.529896159985717,0.38739639342889337,0.32475203276916326,0.28627908590612194,0.4367940482949648,0.5549477400870727,0.4529982995093341,0.36728419408002794,0.33810005519283454,0.5442819414024551,0.6446304042703203,0.6181760676774263,0.5939709023427359,0.8434034194138401,1.0,0.7974543146690238,0.4139235520508289,0.2906387574982231,0.3605988899199763,0.29083840547399736,0.2336583877275641,0.13935452874847015,0.053909833130844284,0.0012666376346178224,0.0,0.0,0.0,1.1852346660385774e-14,0.0,0.0,0.0,0.0,0.0,0.0,0.0,0.0,0.0,0.0,0.0,0.0,0.0,0.0,0.0,0.0
mp-10614,0.0,0.019524052366831284,0.018107695999360678,0.3147380510342373,0.7849443330550994,1.0,0.7333783991979902,0.4796091015926873,0.5004903990264553,0.516035563393067,0.3644704591154155,0.3169890830211816,0.28559953296700263,0.1540568485042866,0.0,0.05763914286987556,0.33744993833783327,0.39118630214746347,0.23356110888600953,0.0,0.27257474170244544,0.7094748628035329,0.7457598536479931,0.3593999801274108,0.0,0.0,0.00022116254540816802,0.002691237713887587,0.0,0.0,0.0,0.0,0.0,0.0,0.0,0.0,0.0,0.0,0.0,0.0,0.0,0.0,0.0,0.0,0.0,0.0,0.0,0.0,0.0,0.0,0.0
mp-10627,0.0,0.23141846390844265,0.4027016418549875,0.4838355930257845,0.47328911082633573,0.8002730126081504,1.0,0.924004416339343,0.6133256117197654,0.4827014430121629,0.5528555612904863,0.5498043618732735,0.42489574393826196,0.18462283730760717,0.033210641264270764,0.0,0.05488827141681368,0.0,0.0,0.0,0.0,0.0,0.0,0.0,0.0,0.0,0.0,0.0,0.0,0.0,0.0,0.0,0.0,0.0,0.0,0.0,0.0,0.0,0.0,0.0,0.0,0.0,0.0,0.0,0.0,0.0,0.0,0.0,0.0,0.0,0.0
mp-10653,0.033852303612887144,0.1534843467693199,0.41091562004860066,0.759875710809479,1.0,0.8270448975294175,0.42077912670879725,0.053861580418589246,0.0418179753524867,0.0,0.0,0.0,0.0,0.0,0.0,0.0,0.0,0.0,0.0,0.0,0.0,0.0,0.0,0.0,0.0,0.0,0.0,0.0,0.0,0.0,0.0,0.0,0.0,0.0,0.0,0.0,0.0,0.0,0.0,0.0,0.0,0.0,0.0,0.0,0.0,0.0,0.0,0.0,0.0,0.0,0.0
mp-10694,0.0,0.051471413056319776,0.20448230888610008,0.4209053861206606,0.7501223226276532,0.9112195527207727,0.9649445752120572,0.8389148671789131,0.8892157928551665,0.9521973458541798,1.0,0.8026245839793059,0.4844470295192131,0.24827029612090817,0.15285757712529072,0.20007682190759252,0.20663883906220812,0.21648530063484248,0.25770962702001904,0.3361838750623531,0.17125324279684223,0.5090236573971825,0.968597678755689,0.9797351629222,0.5047958976497335,0.0,0.0,0.0,0.0,0.001861211174092221,0.17158215437967583,0.40436421384703936,0.416393193299503,0.20847161329945682,0.0,0.0,0.0,0.0,2.3244432739698015e-33,4.450375250098985e-33,0.0,0.0,0.0,0.0,0.0,0.0,0.0,0.0,0.0,0.0,0.0
mp-10695,0.056263469080188165,0.0,0.052534478020263634,0.3572714087581588,0.6805870786070579,0.671944808252033,0.3379865245302386,0.04700402425004506,0.1909024368669053,0.33298806606255954,0.2635765940846577,0.07504933247153243,0.0,0.0,0.5710409746527245,0.9250864790789946,1.0,0.4717689186081316,0.1934115532189947,0.0,0.0,0.0,0.0,0.0,0.0,0.0,0.0,0.0,0.0,0.0,0.0,0.0,0.0,0.0,0.0,0.0,0.0,0.0,0.0,0.0,0.0,0.0,0.0,0.0,0.0,0.0,0.0,0.0,0.0,0.0,0.0
mp-10748,0.02167816370087756,0.020104817246169727,0.2559880599642278,0.6392308907631319,0.6288717263625342,0.6564746038122188,0.5396054492413681,0.3527494235883878,0.39156225573247505,0.27203689322929053,0.5062890044461527,0.5549121264121908,0.9650020384101835,1.0,0.4417803119458008,0.0,0.0,0.0,0.0,0.16596180176999636,0.559208714411704,0.6173724803259237,0.34045288433876814,0.0,0.021833058228855024,0.002897858774085335,0.0,0.0,0.0,0.0,0.0,0.0,0.0,0.0,0.0,0.0,0.0,0.0,0.0,0.0,0.0,0.0,0.0,0.0,0.0,0.0,0.0,0.0,0.0,0.0,0.0
mp-1087,0.0,0.027526274776176012,0.04670299404700182,0.16096146695230934,0.6305123896173045,0.8128842009200969,0.7793387765490365,0.3159850690089152,0.44557097869537865,0.8385893546433791,1.0,0.8152419927287872,0.22293886581849226,0.22237059099745138,0.06215811267761664,0.00178581089537698,0.0,0.0034101905345657497,0.0,0.0,0.0,0.0,0.0,0.0,0.0,0.0,0.0,0.0,0.0,0.0,0.0,0.0,0.0,0.0,0.0,0.0,0.0,0.0,0.0,0.0,0.0,0.0,0.0,0.0,0.0,0.0,0.0,0.0,0.0,0.0,0.0
mp-10918,0.0,0.37788286246136754,0.7699856419028698,1.0,0.9546719613646775,0.7034621204022777,0.30209710240123006,0.0,0.04734976801878996,0.16138237444156478,0.26592824434637624,0.2607077186493586,0.15615914898467054,0.111334514077513,0.1089756824288519,0.0906340693556607,0.03307265449742202,0.030758926130129108,0.0828554637116127,0.12456531334917359,0.12221954914403979,0.17192729964700856,0.22268445385777527,0.17444966407517853,0.06367512022412554,0.0,0.056457323051610823,0.09986153270778497,0.15082911513211347,0.1068841477989224,0.06447553169607778,0.009107027912937134,0.0,0.0,0.0,0.0,0.0,0.0,0.0,0.0,0.0,0.0,0.0,0.0,0.0,0.0,0.0,0.0,0.0,0.0,0.0
mp-10919,0.0,0.40969355830731713,0.7211677249122858,1.0,0.9351390248444517,0.6512782455222123,0.24953918079138604,0.0,0.07575491564259784,0.1680464934822168,0.20320765410658137,0.16767599570595196,0.09242890925921338,0.0839414337060552,0.07771002081546803,0.09023182884862709,0.0894753867021198,0.05925498052236882,0.007827793837014324,0.014723463667983864,0.0706729707196823,0.10297761803552294,0.1037465780122076,0.09467830644788985,0.1916422574056329,0.1951155915407206,0.11342168158004741,0.021574700630132802,0.02685160964612788,0.06665904681066082,0.06750185914827832,0.04444229184017173,0.04526733571916421,0.07341325516101244,0.06843321190302792,0.03948282986204492,0.002504133382699353,0.0,0.0,0.0,0.0,0.0,0.0,0.0,0.0,0.0,0.0,0.0,0.0,0.0,0.0
mp-10955,0.0,0.6908665721537235,1.0,0.8302627975908653,0.19390799201654343,0.17347733979761543,0.5043801380324209,0.9552234134264349,0.8606684525354578,0.32275910364017607,0.2899240056312257,0.36816825021672894,0.27512004044272864,0.0,0.0,0.0,0.0,0.0,0.0,0.0,0.0,0.0,0.0,0.0,0.0,0.0,0.0,0.0,0.0,0.0,0.0,0.0,0.0,0.0,0.0,0.0,0.0,0.0,0.0,0.0,0.0,0.0,0.0,0.0,0.0,0.0,0.0,0.0,0.0,0.0,0.0
mp-10985,0.051137235420954275,0.01849745898421547,0.3385621698899524,0.779080993246554,1.0,0.9967180821520014,0.7946505441145891,0.4858499025807106,0.2028660053658344,0.0,0.020378117318739147,0.18615333490612618,0.29211664105016266,0.4836463100865482,0.5020379457042793,0.45892110029750377,0.28955047006695755,0.0725356885336998,0.0,0.0,0.0,0.0,0.0,0.0,0.0,0.0,0.0,0.0,0.0,0.0,0.0,0.0,0.0,0.0,0.0,0.0,0.0,0.0,0.0,0.0,0.0,0.0,0.0,0.0,0.0,0.0,0.0,0.0,0.0,0.0,0.0
mp-11022,0.17896254489856145,0.0,0.36109666780771876,0.7629101652288228,0.7197561602664947,0.3616095121947375,0.24442314121554065,0.3396208227049794,0.3294685252865988,0.32511505890304937,0.28363927312299186,0.23721377786076767,0.20231586962551532,0.16044610369238604,0.13296359944993466,0.06605366219427121,0.1485714682875791,0.40166086977734666,0.9284192673862459,1.0,0.6024126034630186,0.14467234366875512,0.0,0.09175391475685461,0.23558495331498303,0.34538309359853453,0.39075087516165646,0.3345505070472008,0.3564545926882289,0.2505454056788414,0.2080331410809248,0.1447080760777718,0.1006462551341826,0.0489314055117328,0.009951185492160824,0.0,0.0,0.0,0.0,9.900897931062748e-46,5.3537797069148573e-45,0.0,0.0,0.0,0.0,0.0,0.0,0.0,0.0,0.0,0.0
mp-1106,0.014912658514758089,0.058496006222089426,0.4193957032033147,0.788074349228709,0.964195985766738,1.0,0.7597070538410191,0.5106348834858055,0.347742493861398,0.5078140643997084,0.7328844218211631,0.5067923339933214,0.2387951673239618,0.0,0.0,0.0,0.0,0.0,0.0,0.0,0.0,0.0,0.0,0.0,0.0,0.0,0.0,0.0,0.0,0.0,0.0,0.0,0.0,0.0,0.0,0.0,0.0,0.0,0.0,0.0,0.0,0.0,0.0,0.0,0.0,0.0,0.0,0.0,0.0,0.0,0.0
mp-11327,0.0,0.1501314255872142,0.5522717380433808,0.8542644221777878,1.0,0.7533413467756459,0.34330179346164913,0.010295849026616437,0.023531335523982393,0.0,0.0,0.0,0.0,0.0,0.0,0.0,0.0,0.0,0.0,0.0,0.0,0.0,0.0,0.0,0.0,0.0,0.0,0.0,0.0,0.0,0.0,0.0,0.0,0.0,0.0,0.0,0.0,0.0,0.0,0.0,0.0,0.0,0.0,0.0,0.0,0.0,0.0,0.0,0.0,0.0,0.0
mp-11520,0.0,0.03519513561444719,0.029039857007798566,0.10479405781275664,0.3446290522066615,0.487540642586513,0.5659059966479169,0.7143198531102473,0.6991065208229118,1.0,0.7945804037883295,0.4455906959598456,0.05220876495439938,0.0,0.0,0.0,0.0,0.0,0.0,0.0,0.0,0.0,0.0,0.0,0.0,0.0,0.0,0.0,0.0,0.0,0.0,0.0,0.0,0.0,0.0,0.0,0.0,0.0,0.0,0.0,0.0,0.0,0.0,0.0,0.0,0.0,0.0,0.0,0.0,0.0,0.0
mp-11583,0.002501644248786092,0.00318377184367413,0.02264537154653515,0.05860894344472578,0.09960730184145182,0.1831825066119563,0.2933886853800205,0.437261292200983,0.5673046411273498,0.5097299482620481,0.35656001634848666,0.48658695636429633,0.8186853229472503,1.0,0.6656500241596717,0.26401191454879963,0.06600038122696796,0.0,0.0,0.0,3.749555208913855e-05,0.22592358424679693,0.43137965704734627,0.49300983368257156,0.3451862941189656,0.24142494398452893,0.12985195243345482,0.0,0.17211547950398468,0.2940858433948342,0.27154627980686263,0.10762954886215387,0.1502029754045572,0.42878527085316487,0.42750700325487345,0.20748529599753535,0.0,0.0,0.0,0.0,1.423841808987707e-55,5.009608387890566e-55,0.0,0.0,0.0,0.0,0.0,0.0,0.0,0.0,0.0
mp-11695,0.0,0.17321740547378023,0.7081754943851828,1.0,0.9056205728464956,0.5574096783676961,0.424329559232951,0.3331920700380568,0.15235142547117433,0.080991304832904,0.0,0.02839585098089576,0.3439836539026987,0.5418606303217358,0.9052145487665059,0.7467533122638936,0.6486320932998052,0.18922628819058848,0.1748125660214253,0.026738584318113334,0.0,0.0,0.0,0.0,0.0,0.0,0.0,0.0,0.0,0.0,0.0,0.0,0.0,0.0,0.0,0.0,0.0,0.0,0.0,0.0,0.0,0.0,0.0,0.0,0.0,0.0,0.0,0.0,0.0,0.0,0.0
mp-11713,0.0023410729780653705,0.003556214284177106,0.008541644272078704,0.013798446249785962,0.018634956903937194,0.024746585392016286,0.03244939733524612,0.04161304243895391,0.05367703413168105,0.07431928930810447,0.10799841626026326,0.1469227973142129,0.18775694629338274,0.23831080441140373,0.2919622223905247,0.3281955120307633,0.3207359241985323,0.2946952440123206,0.25651757497135086,0.22727835938772437,0.21072451175491308,0.18314926247477634,0.13625683908891692,0.09284386205085449,0.08685950030344315,0.17577378175643785,0.25102850600289095,0.25029838422469586,0.17124960646444568,0.07598410216651721,0.026102508891552814,0.0029067973982400347,0.0,0.0,0.0,0.0,0.46310035939546246,0.9502507045778005,1.0,0.4879358598364966,0.1639619154236551,0.29436949629632103,0.40619127242801745,0.30153033868402623,0.12010574375468942,0.10692520639375123,0.07334487937712622,0.032566982912960105,0.0028525859605911504,0.0,0.0
mp-11714,0.0,0.0004351844128881045,0.0016613500471065667,0.0038073356872230695,0.006872294918907449,0.011187794190929669,0.01683313958777772,0.024388879415800705,0.0344022245257744,0.04744185183747059,0.06477361708788533,0.09113454204512293,0.13607532073799616,0.1971207162918133,0.28549526834578814,0.32099496403455635,0.33250433231994303,0.3093551923930114,0.2983546429401053,0.265064509685876,0.23087084413200176,0.20895926663179792,0.15859314849097872,0.10564816094859235,0.07506201740362553,0.13199935359259776,0.2222523197887003,0.2592146051337796,0.2137748039615314,0.107066418607526,0.03868106394015902,0.005875563559207311,0.0,0.0,0.0,0.0,0.03636544137120071,0.5783108921257293,1.0,0.8918717755683081,0.30196041219568115,0.21315022778181447,0.3501129117853375,0.40924037486529785,0.2248832328885224,0.09417059386236541,0.0839365748521012,0.046299516735962026,0.01363163297543443,0.0,0.0
mp-11718,0.14654265732553748,0.0,0.38049793884087835,0.7895869765307151,1.0,0.6185627628834415,0.37508735292513107,0.8029655706191292,0.9334844554015315,0.7169232414756735,0.047610243103295924,0.28228543914816934,0.2158310891138336,0.10024204598197206,0.0033991711530388163,0.0,0.0,0.0,0.0,0.0,0.0,0.0,0.0,0.0,0.0,0.0,0.0,0.0,0.0,0.0,0.0,0.0,0.0,0.0,0.0,0.0,0.0,0.0,0.0,0.0,0.0,0.0,0.0,0.0,0.0,0.0,0.0,0.0,0.0,0.0,0.0
mp-1190,0.11798355966325358,0.0,0.2652045250883973,0.6244843732622628,0.6119206413484698,0.2929550092297281,0.074733448137043,0.1946944007898404,0.1295332563240358,0.42888050788484383,0.9058862855406948,1.0,0.5649613310649224,0.0,0.0,0.0,0.0,0.0,0.0,0.0,0.0,0.0,0.0,0.0,0.0,0.0,0.0,0.0,0.0,0.0,0.0,0.0,0.0,0.0,0.0,0.0,0.0,0.0,0.0,0.0,0.0,0.0,0.0,0.0,0.0,0.0,0.0,0.0,0.0,0.0,0.0
mp-11919,0.0,0.014749653131287458,0.020223058773183734,0.0029891637009686663,0.24610589082903186,0.6807372658133143,1.0,0.8835038205958683,0.40851843597158116,0.4675257240613468,0.6588048844332832,0.8542343201428804,0.6195221649084561,0.2755289683556401,0.20078679990532183,0.23919063318162972,0.2276844177660601,0.1535265506586499,0.08821569354243482,0.0679823892700592,0.061431510174717936,0.11589371015090681,0.1807308505222781,0.16336318638763364,0.08982056935233522,0.4775181937865786,0.7800182473314881,0.710468400080246,0.3121139040029572,0.20273355220359923,0.42612652071466817,0.4572608995823995,0.2714366614567202,0.03926413831266451,0.4569107605371084,0.7457464503077205,0.6802742021265802,0.22761826910367608,0.10645239684971369,0.05010576787757784,0.012145078809912644,0.03942145095319096,0.15350598106260027,0.3112489375543371,0.3259911935798517,0.2936022887061891,0.29185175487072074,0.2964797136466791,0.3005059178511641,0.14369329989497515,0.11208290896375553
mp-12016,0.0,0.23573932151351878,0.6789549643844646,1.0,0.8237822887960572,0.5651610164875729,0.34134832208317994,0.23087975559394158,0.2863642387109572,0.2238420642237943,0.32581557061261396,0.2540735352864185,0.21234380310218087,0.11238416925241726,0.03812651225956175,0.0,0.0065614109195420685,0.09686803289123955,0.21561503411420851,0.20004328620433348,0.07830254878260656,0.0,0.0,0.04839833647039061,0.1443476869563512,0.14479560687497364,0.12847448069768916,0.053069249153660375,0.17102713844746267,0.18060390881431326,0.12495188966586512,0.018138864367656733,0.0,0.0,0.0,2.180085243733076e-24,5.545806585942365e-24,0.0,0.0,0.0,0.0,0.0,0.0,0.0,0.0,0.0,0.0,0.0,0.0,0.0,0.0
mp-12317,0.04051331334840446,0.0,0.12652200479348205,0.3209310617759048,0.4135384887969893,0.36228683422303776,0.25729538212119657,0.2392447243023403,0.0967856441024588,0.3846624927256017,0.7368548923534674,1.0,0.675010473283117,0.3291536146964119,0.17667996972554484,0.25242593094440463,0.14941682219017888,0.0,0.0,0.0,0.0,0.0,0.0,0.0,0.0,0.0,0.0,0.0,0.0,0.0,0.0,0.353095498545173,0.5981792558798191,0.5206713066310585,0.12057623066811785,0.0,0.0,0.0,0.0,0.0,0.0,0.0,0.0,0.0,0.0,0.0,0.0,0.0,0.0,0.0,0.0
mp-12418,0.07266469158079629,0.0,0.19395983282309326,0.5423303382796667,0.8792545582819133,1.0,0.713523666441172,0.46671258910017055,0.42874052690836484,0.6208066214886467,0.5165584450766989,0.1707943807329748,0.0,0.0,0.0,0.0,0.0,0.0,0.0,0.0,0.0,0.0,0.0,0.0,0.0,0.0,0.0,0.0,0.0,0.0,0.0,0.0,0.0,0.0,0.0,0.0,0.0,0.0,0.0,0.0,0.0,0.0,0.0,0.0,0.0,0.0,0.0,0.0,0.0,0.0,0.0
mp-12427,0.01707184224112728,0.020931124010411195,0.03414381882495715,0.20740908638227315,0.6558423125513492,0.9210396446502173,1.0,0.8311230248180108,0.6861924285213173,0.5266310442346703,0.43839822930926425,0.4847220552368065,0.6164987492203603,0.739576007897059,0.7095452695064585,0.5568646381579284,0.3833941719259707,0.33366193379004894,0.3499911256822521,0.31294079900192695,0.20320492176180735,0.35063370237222913,0.3986825789668712,0.28793737509198725,0.01743630891324632,0.07066671489878056,0.18467331301573559,0.24301573851301478,0.18879334586210722,0.2154095251266094,0.3249528482042165,0.35227163145034157,0.22746136718064555,0.058223414584788975,0.0,0.0,0.0,0.1303022589345586,0.16610747275341184,0.19372933209932897,0.1845359665363517,0.1717945134640978,0.11232908081762265,0.0,0.0,0.0,0.0,0.0,0.0,0.0,0.0
mp-12444,0.079167651156822,0.0,0.05587319021108685,0.4916601428165948,0.9213427656516646,1.0,0.5582152778645757,0.19109968943384534,0.21975524074373248,0.3437911403003399,0.44215260806558254,0.49208827890458434,0.6222967418428403,0.6265331100015988,0.4899441998301357,0.3543802463140913,0.2542751573333865,0.21154191818973295,0.09661673527705084,0.002707116373727056,0.0,3.8663366916739585e-05,0.0,0.00015527551431774713,0.0,0.0,0.0,0.0,0.0,0.0,0.0,0.0,0.0,0.0,0.0,0.0,0.0,0.0,0.0,0.0,0.0,0.0,0.0,0.0,0.0,0.0,0.0,0.0,0.0,0.0,0.0
mp-1247,0.037222212573193955,0.0,0.08761895310121107,0.28990322574325417,0.5563286129318964,0.760507169971633,0.74618290230217,0.6255517425408922,0.821396535426513,0.9397636179753666,1.0,0.5896217419936365,0.20464553977936684,0.05096438282029265,0.0,0.0,0.0,0.0,0.0,0.0,0.0,0.0,0.0,0.0,0.0,0.0,0.0,0.0,0.0,0.0,0.0,0.0,0.0,0.0,0.0,0.0,0.0,0.0,0.0,0.0,0.0,0.0,0.0,0.0,0.0,0.0,0.0,0.0,0.0,0.0,0.0
mp-12509,0.0,0.021526149456838038,0.016436830968481968,0.15844568924799685,0.4527686600919111,0.7777427357819933,1.0,0.9502659934147387,0.678749206863897,0.3231494591962633,0.21333992529692392,0.3024958922556237,0.3293291683467366,0.23830072408586767,0.3142715037403445,0.6487191841146194,0.866304808896578,0.8005566687115695,0.49277988233497755,0.2665330312187767,0.22787183568482647,0.16940052893418336,0.07751072603065864,0.2095377264046385,0.3450258352196265,0.27159381275993405,0.03194227274860652,0.0,0.001704852059253957,0.00044796502617471575,0.0,0.0,0.0,2.2079985333739482e-14,0.0,0.0,0.0,0.0,0.0,0.0,0.0,0.0,0.0,0.0,0.0,0.0,0.0,0.0,0.0,0.0,0.0
mp-12525,0.005906349875736694,0.015872488341719098,0.2329154737772857,0.5647933855540963,0.9610429889500534,1.0,0.8518183792871413,0.5420916023701948,0.3399359881344361,0.25663128571243254,0.16307805220142219,0.314608456672688,0.30564860177599773,0.16550566331436709,0.0,0.23274829405057132,0.35382879765156344,0.2912421735038914,0.21478802766398178,0.4048905352995377,0.578791298489845,0.5111979501593411,0.42421374302747134,0.3739249733500461,0.24292812199761726,0.04694739487695438,0.0,0.0,0.0,0.0,0.09055733217431626,0.19655856097804625,0.37272109335303244,0.5020811778562543,0.38555059337853814,0.20326521962828298,0.0,0.09324719513492485,0.17002990037372975,0.1034992496177567,0.10929400702169356,0.1446544536417536,0.16550140585951445,0.0700532705598472,0.0,0.02769057188011428,0.0,0.0,0.0,0.0,0.0
mp-12622,0.02307482239138572,0.008968433817657306,0.14244922497425794,0.3166489607997097,0.6890374616195196,0.8847493186585967,0.7848693281602521,0.568116630261935,0.2544343329413626,0.3031084377242968,0.6088345227037589,1.0,0.960241714000066,0.6211263112449263,0.3355945810261321,0.2531325885465482,0.08656747512736754,0.0,0.0,0.0,0.08247048222477732,0.21401550738674466,0.16278211642140025,0.1772187882832735,0.3792192125416296,0.5994821706532419,0.47887967393838937,0.15680648751205628,0.016811502151935078,0.0,0.0,0.0,0.0,7.238045220598974e-14,0.0,0.0,0.0,0.0,0.0,0.0,0.0,0.0,0.0,0.0,0.0,0.0,0.0,0.0,0.0,0.0,0.0
mp-1285,0.0,0.016868627416795467,0.05303546466763175,0.1071531842608826,0.18947060189260284,0.303506422973146,0.41591981637713765,0.5771313761058575,0.823002848990105,0.9778286058157832,0.7909557185496732,0.42603670135787,0.2784059054498093,0.29501445923073016,0.34534693484330053,0.4458332874163572,0.5227365356693592,0.42332487158297155,0.39954879896023815,0.6260091519824998,0.6243685279827418,0.3226537564424731,0.0,0.0,0.0,0.0,0.0,0.15191630736576545,0.5162915766390894,0.7309156753601543,0.8646280088801193,0.9175374411339197,0.9726401494222405,0.9300477195742973,1.0,0.802162272759003,0.3356321565213661,0.0,0.0,0.0,0.0,3.39613391366992e-61,3.6419622664172765e-60,0.0,0.0,0.0,0.0,0.0,0.0,0.0,0.0
mp-12894,0.00037563566377086334,0.0052570446832010545,0.022321381218489214,0.05787273669111555,0.12025992718613808,0.25646496950249875,0.4301694011977602,0.6019185792025376,0.5419154146977047,0.3280365285158019,0.36187305132553327,0.7889848623206326,1.0,0.663223845242508,0.22516597573528194,0.0,0.10894848704983495,0.4098981390766774,0.5539133759313064,0.44115707149221883,0.13204012209177854,0.2158802324136257,0.28267441668042864,0.2272821577891295,0.22874621265798145,0.3359477132196565,0.4093684312188523,0.23632356933025692,0.05664362352436486,0.0,0.0,0.0,8.062615323900572e-14,4.4667060100866335e-13,0.0,0.0,0.0,0.0,0.0,0.0,0.0,0.0,0.0,0.0,0.0,0.0,0.0,0.0,0.0,0.0,0.0
mp-12903,0.0,0.4228221200837296,0.8318233899547058,0.9768369130979291,1.0,0.9771180410513095,0.9422885427042027,0.7690942108938327,0.6558836419099451,0.4915588014519245,0.17703652499670283,0.0,0.0,0.0,0.0,0.0,0.0,0.0,0.0,0.0,0.0,0.0,0.0,0.0,0.0,0.0,0.0,0.0,0.0,0.0,0.0,0.0,0.0,0.0,0.0,0.0,0.0,0.0,0.0,0.0,0.0,0.0,0.0,0.0,0.0,0.0,0.0,0.0,0.0,0.0,0.0
mp-12908,0.0,0.20788162517440414,0.6681999292148233,0.9031784862845399,0.8031650143769615,0.6704627194421914,0.8795176283701629,1.0,0.9384371730305701,0.6968439148607116,0.5698070457524242,0.4154011913477755,0.35018973214992233,0.2238768706338393,0.077178980378026,0.0,0.00906851906710871,0.008088181541145326,0.0,0.0,0.0,0.0,0.0,0.0,0.0,0.0,0.0,0.0,0.0,0.0,0.0,0.0,0.0,0.0,0.0,0.0,0.0,0.0,0.0,0.0,0.0,0.0,0.0,0.0,0.0,0.0,0.0,0.0,0.0,0.0,0.0
mp-13099,0.0,0.019539881177718578,0.054060439550612925,0.13316894993745182,0.26065497575898766,0.37874812023970417,0.45529972209509173,0.4686851270436137,0.4338179130909718,0.35846786437389194,0.313658240832853,0.4157030686693996,0.3731161040358681,0.21850260153172113,0.0,0.0,0.0,0.0,0.0,0.11671659354435304,0.741294907935866,1.0,0.6778495877041314,0.15604942564361204,0.0,0.0,0.14956237161327807,0.38295960962594033,0.47106837747903924,0.2818857186597877,0.06586334993992302,0.0,0.0,0.0,0.0,1.0401032376854654e-18,0.0,0.0,0.0,0.0,0.0,0.0,0.0,0.0,0.0,0.0,0.0,0.0,0.0,0.0,0.0
mp-13109,0.004186752835013127,0.016387939977761487,0.0726645726771854,0.38406516998373136,0.8051295692725107,1.0,0.8727357220628394,0.7459554219742842,0.6641825671179298,0.6340544049496325,0.5329622872006653,0.47120971881513113,0.5585739671347681,0.5857275552467343,0.5319815726139615,0.41255162182463323,0.3806621990643163,0.35335585743922343,0.2552096888720821,0.15823721022078752,0.286266442888759,0.3490782515700117,0.2624221247504154,0.02839888806934624,0.0,0.15595825680743378,0.32821759785750143,0.4211342131899986,0.42401683463901435,0.29532540143828656,0.1329034638519401,0.0,0.0,0.0,0.0,0.019205942503005894,0.07980407771872709,0.17373516412922146,0.2474716384964394,0.2226928113414314,0.11504968930954149,0.02036864424840556,0.0,0.0018582821298913314,0.005935919998092529,0.0,0.0,0.0,0.0,0.0,0.0
mp-13276,0.015201955123042099,0.0,0.12882106547435337,0.5098192724820737,0.8852955244791061,1.0,0.8234576210081002,0.6202198342735362,0.6804972270867583,0.7160189549170755,0.5461613936659914,0.4765752944795232,0.42066237141813506,0.6276501771510687,0.5234227599638582,0.33296248476023793,0.0,0.0,0.0,0.2578326873150616,0.8750687419875096,0.9876422853545948,0.5512106218878525,0.0,0.0,0.0008431442753965282,0.006134312167630868,0.0,0.0,0.0,0.0,0.0,0.0,0.0,0.0,0.0,0.0,0.0,0.0,0.0,0.0,0.0,0.0,0.0,0.0,0.0,0.0,0.0,0.0,0.0,0.0
mp-13445,0.0,0.32100228900268524,0.7159744432998785,1.0,0.8115423427100527,0.42898915634637413,0.22210123717846555,0.2761167066922332,0.3733968651126637,0.25392037106872867,0.12780961609490504,0.06259940947044945,0.0,0.10559248728298935,0.1438129934133674,0.0910533277820597,0.0,8.534968932709681e-05,0.0,0.0,0.0,0.0,0.0,0.0,0.0,0.0,0.0,0.0,0.0,0.0,0.0,0.0,0.0,0.0,0.0,0.0,0.0,0.0,0.0,0.0,0.0,0.0,0.0,0.0,0.0,0.0,0.0,0.0,0.0,0.0,0.0
mp-13541,0.0,0.031002588909319558,0.03726626189678358,0.13587147343667247,0.47782174794450366,0.7620669795056394,0.8761431920126341,0.8192346273441592,0.7441363605141699,0.865415637485548,0.9166929630812927,1.0,0.9463626698869416,0.8895890316542708,0.8664249556153156,0.8528500276160506,0.7254295926056474,0.4520145412817481,0.4043921597807911,0.38559229317733057,0.3536790371212071,0.17600035779319137,0.0455964202159692,0.012026215587436927,0.0,0.0,0.0,0.21230520217587043,0.5335008103120443,0.8450079466225716,0.6618879229847564,0.2663240263201563,0.0,0.0,0.0,0.16855797800569222,0.29950061268317957,0.417267174610161,0.26664876827945655,0.14786626995148588,0.0,0.0,0.0,0.0,0.0,0.3594282344348611,0.522192377644594,0.4023738460929353,0.018355433965425764,0.0,0.0
mp-13610,0.0,0.13754330497862824,0.38223935889344224,0.45732473163335685,0.6114595517390552,0.8313948680341307,1.0,0.9310097455090348,0.6738146621505725,0.5398283837369385,0.5379749790837772,0.5281820477970336,0.5951009004667281,0.6069561739754836,0.5155414678252574,0.3620531118087654,0.04022498905088019,0.0,0.034552729717608165,0.145795688149623,0.25724370637744504,0.285005907451374,0.4150086667145825,0.43056390982492027,0.4193214039602158,0.3529332151950961,0.29999694368879987,0.24064669591314727,0.07548134319915618,0.0,0.0,0.0,1.8501671397435117e-10,0.0,0.0,0.0,0.0,0.0,0.0,0.0,0.0,0.0,0.0,0.0,0.0,0.0,0.0,0.0,0.0,0.0,0.0
mp-13641,0.03834429500620598,0.0,0.04949673493798802,0.4152459098538133,0.8225329264767396,1.0,0.820269544215774,0.5367703875845573,0.5372072940914105,0.520995771313531,0.4651910458841902,0.4668317886995272,0.5921950934275725,0.7372576570628584,0.8391401129560594,0.8336730245591126,0.8706035073449717,0.6343169516311551,0.4334803579201466,0.32789240177261175,0.424616418076614,0.6118577215705406,0.7782566570828897,0.6675893994506102,0.33926284952162367,0.21161628949685118,0.20437864502758232,0.2856011210069708,0.34947982546089795,0.40533726055925495,0.3726494301586447,0.2740325821751094,0.2325768419756543,0.3069250207789474,0.40919684581352345,0.39054929333616256,0.1519042829123384,0.05308458347624608,0.0,0.0,0.0,0.0,1.725033186395177e-75,3.0691314952523163e-73,0.0,0.0,0.0,0.0,0.0,0.0,0.0
mp-13658,0.012210491884142975,0.23281242096450114,0.6282452110120497,0.8451042654551778,1.0,0.8113962405450528,0.9382776007013651,0.7313526831155882,0.46198687910765324,0.16309054572133225,0.0,0.0,0.0,0.0,0.0,0.0,0.0,0.0,0.0,0.0,0.0,0.0,0.0,0.0,0.0,0.0,0.0,0.0,0.0,0.0,0.0,0.0,0.0,0.0,0.3502739537135766,0.5602747168002999,0.4711550164630572,0.08292268030070374,0.0,0.0740974824491858,0.25006205438961465,0.27646639643498344,0.153310506768368,0.0,0.0,0.0,0.0,0.0,0.0,0.0,0.0
mp-13676,0.0,0.20056071937886466,0.5955283440656659,0.8665123498421088,0.8025405490182759,0.6878570429411462,0.8374972358774692,0.8694206466908325,0.7689734368429126,0.5590094440643265,0.6815924674223717,1.0,0.7797419214940858,0.3697713716406206,0.11367410855889334,0.271808080655958,0.3249062439510896,0.197902022443188,0.07531267217006887,0.2600259517189252,0.6073203214441704,0.7737651960082239,0.41212841288370156,0.37358603693339865,0.7378849073244526,0.8681996661871818,0.4366213867899484,0.024451723219144916,0.0,0.31318432028338505,0.47049824532761797,0.36975092144873556,0.035696427769390256,0.0,0.0,0.0,0.0,0.0,0.0,0.0,0.0,0.0,0.07028105451307166,0.3671712744173869,0.4875764976236198,0.6251077020588195,0.4260708082998399,0.2844733870633389,0.12760394874684797,0.24484893568911859,0.28031677756076673
mp-13868,0.0,0.15392967121650333,0.3605430428076881,0.47557153166974114,0.5399130808822599,0.6293073987170827,0.8373645113015055,0.8987340294339236,0.7894385491145584,0.7211012807860959,0.8917480045771684,1.0,0.9283981135757826,0.7680378343420717,0.45640034016759085,0.2567552014895243,0.0,0.11537517639814564,0.40046090216519986,0.5635786611581802,0.5829795464592092,0.3451269148960074,0.1432795635933356,0.08712924872946019,0.30952197861986075,0.45571246169003393,0.6193868967955052,0.4133648973225843,0.32428510251522596,0.005844946915736864,0.0,0.27492794789830965,0.821203689714208,0.8748949257168842,0.4288872155852784,0.0,0.0,0.0,0.0,3.8311559405231705e-45,4.351975769173901e-45,0.0,0.0,0.0,0.0,0.0,0.0,0.0,0.0,0.0,0.0
mp-13900,0.0,0.045972074599778985,0.3350463826660718,0.5933080305932968,0.8194553605438989,0.9281909667413659,1.0,0.7392077939675344,0.4458468976245971,0.3982984685239087,0.43115540694036464,0.3539336149623407,0.24124198560123483,0.15079452492359702,0.09375318813134959,0.017663801896695096,0.0,0.0,0.0,0.0,0.0,0.0,0.0,0.0,0.0,0.15561487494731288,0.4267610843329956,0.40816649275791844,0.24599606733846294,0.33614362523302177,0.4579555640523018,0.36487319706191823,0.009446993730383355,0.0,0.0,0.0,0.0,0.0,2.5259650111815513e-39,5.504481507930009e-40,0.0,0.0,0.0,0.0,0.0,0.0,0.0,0.0,0.0,0.0,0.0
mp-13903,0.06533551418437569,0.0,0.2185805814060713,0.45236163083152653,0.7165499019174062,0.8173315201801922,0.918487538467393,1.0,0.8784221956808257,0.8194422750322652,0.6959463347593889,0.6465302243432215,0.6891040098155308,0.7206448225707417,0.7636619075655277,0.590474082511698,0.34157950419330235,0.09742795943663808,0.0,0.0,0.0,0.07520223342159016,0.23834416537861172,0.3634378151464951,0.2722278555559073,0.328170450450294,0.47011201412895104,0.4495589785016716,0.38222703915369166,0.33780723894892606,0.40567604256519585,0.17076960671641858,0.02902000863780378,0.0,0.0,0.0,3.5176917122020726e-29,5.188833474333867e-29,0.0,0.0,0.0,0.0,0.0,0.0,0.0,0.0,0.0,0.0,0.0,0.0,0.0
mp-13926,0.0,0.31382438671522606,0.8487749031889592,1.0,0.8028969221817156,0.4513959712026286,0.2555158673678618,0.30272169896455253,0.42981796346921897,0.5625793040299567,0.37406763354245137,0.2769682083751428,0.29637885666956243,0.2191407415215195,0.05528989598660016,0.0,0.0,0.0,0.0,0.17352957875344993,0.41008382116506464,0.398640032905975,0.1608241465246443,0.10904225989674278,0.21097220751051374,0.14075710174640924,0.006708647384426971,0.0,0.0,0.0,0.0,0.0,0.0,0.0,0.0,0.0,0.0,0.0,0.0,0.0,0.0,0.0,0.0,0.0,0.0,0.0,0.0,0.0,0.0,0.0,0.0
mp-1394,0.0,0.3687899894012317,0.6494179587112754,0.7397475027138557,0.859414954714215,1.0,0.829779528454838,0.6816375609256196,0.4688895829771414,0.4659827547146567,0.13022766532925506,0.08710310182066776,0.18171997790003228,0.27193024227800316,0.21287322549007864,0.07542874433337579,0.0,0.0,0.0,0.0,0.0,0.0,0.0,0.0,0.0,0.0,0.0,0.0,0.0,0.0,0.0,0.0,0.0,0.0,0.0,0.0,0.0,0.0,0.0,0.0,0.0,0.0,0.0,0.0,0.0,0.0,0.0,0.0,0.0,0.0,0.0
mp-13946,0.06819792387103742,0.011138331765057534,0.5346325800661464,1.0,0.9427483473866647,0.5062303140121078,0.24272976954612957,0.20273638770415442,0.1519630620708826,0.0887310695214329,0.28817926028788854,0.4997877058813113,0.42582436141779323,0.12505396295614812,0.0,0.0,0.0,0.0,0.0,0.0,0.0,0.0,0.1096452700154837,0.27520279273960774,0.3496562345927764,0.2309923954739556,0.0929104299723224,0.11936170493268963,0.16037532573657473,0.1236491924723548,0.03585850419041001,0.0,0.0,9.697812427134963e-15,1.108808734782745e-14,0.0,0.0,0.0,0.0,0.0,0.0,0.0,0.0,0.0,0.0,0.0,0.0,0.0,0.0,0.0,0.0
mp-13947,0.08538591800932115,0.015050626953797228,0.559629444097865,1.0,0.9023838036866594,0.4503349205697645,0.1998607043175912,0.2375585054708853,0.1719922548210028,0.14393893153192888,0.20239453420533868,0.4404476558094501,0.4017617815787554,0.22615148745888905,0.0,0.0,0.0,0.0,0.0,0.0,0.0,0.0,0.1659940404193933,0.34214490686834986,0.37285378101505134,0.2330326465231965,0.08123191761952898,0.03558059653534459,0.07430089979538348,0.10304480506559338,0.07636560716291087,0.0,0.0,0.0,3.414204999932882e-16,0.0,0.0,0.0,0.0,0.0,0.0,0.0,0.0,0.0,0.0,0.0,0.0,0.0,0.0,0.0,0.0
mp-13983,0.026585891364113587,0.005526090939010666,0.1325110071910144,0.326705730732043,0.5607326287809689,0.8242494501430444,0.7308178012698853,0.74813411665411,0.667901951198595,0.6073091204859767,0.6065905835622696,0.6025067671558103,0.8679021390324332,0.9149995083726187,0.7467058351113792,0.6570257655050805,0.5964153270452612,0.4947679883334268,0.2025267548125081,0.0,0.0,0.0,0.0,0.0,0.0,0.03066736401034241,0.3839768763647979,0.91722678725549,1.0,0.5743730794340539,0.2758929927839061,0.1500184564973427,0.132429685361624,0.002225956646247428,0.0,0.0,0.0,4.351851189811589e-36,6.414491250696252e-36,0.0,0.0,0.0,0.0,0.0,0.0,0.0,0.0,0.0,0.0,0.0,0.0
mp-14037,0.0,0.4494759814854703,0.9236051092216258,1.0,0.5918663881260705,0.2525550083297818,0.056097485608947686,0.17168782408013208,0.1388796682975798,0.6993574693504832,0.7489320805690352,0.6968471982359157,0.3605786700633312,0.28689765628180824,0.1648535950602606,0.0,0.0,0.0,0.0,0.0,0.0,0.0,0.0,0.0,0.24517390251453064,0.5174277923842983,0.5867394088403616,0.2834765087317891,0.07461384354699423,0.0,0.0,0.0,3.942525926574191e-10,0.0,0.0,0.0,0.0,0.0,0.0,0.0,0.0,0.0,0.0,0.0,0.0,0.0,0.0,0.0,0.0,0.0,0.0
mp-14038,0.1420268798651947,0.0,0.14407767674298824,0.667227406640234,1.0,0.8220904126154116,0.28143620558291454,0.0,0.027737521451281322,0.46858536068827045,0.7942499952994382,0.6392548010556142,0.47480829607919595,0.22763400375655182,0.23206692670654258,0.021780936308279524,0.0,0.0,0.0,0.0,0.0,0.0,0.0,0.0,0.2060840998008221,0.3909566162586274,0.471755992982569,0.29190328819278255,0.11103695007072469,0.023768974612155307,0.0,0.0,0.0,3.0980936498992926e-13,0.0,0.0,0.0,0.0,0.0,0.0,0.0,0.0,0.0,0.0,0.0,0.0,0.0,0.0,0.0,0.0,0.0
mp-14070,0.4078869035510104,0.5468895835055546,0.7050054312698734,0.8812160913850776,1.0,0.6223073406172345,0.20581518684048872,0.2319718896471714,0.2757616211834872,0.2803813261460022,0.31418326406586894,0.344309296556563,0.43026860685032725,0.49898083036668317,0.35374733721403234,0.28712003829790256,0.39020616892927135,0.45751177599276854,0.28660742567860376,0.07962603554045981,0.15448265284455484,0.2120697016135923,0.14425356803153866,0.06588121949044448,0.0876093043851373,0.1320853210799163,0.14177453333198595,0.03663183571018309,0.20108875991677694,0.49544444728612846,0.5273211687615209,0.29050305589207964,0.0,0.0,0.0,0.0,0.0,0.0,0.0,0.0,0.0,0.0,0.0,0.0,0.0,0.3267654214607862,0.521006542952722,0.47797179615455393,0.4853676918118099,0.49411549152813405,0.3459528772710461
mp-14088,0.16018956847096572,0.0,0.5212943415822769,1.0,0.9132966000748919,0.4082441236999384,0.0,0.0,0.0,0.0,0.43170691907519215,0.6101607286157519,0.4561097159515159,0.29639709721366125,0.262544153877784,0.22561028629586496,0.0,0.0,0.0,0.0,0.0,0.0,0.0,0.0,0.0,0.015693395926420887,0.2247579379002998,0.26617599950094284,0.2843062911329422,0.21304460066021488,0.2656786997269006,0.19696374505251474,0.0,0.0,0.0,0.0,2.046897886661582e-27,8.475961159380117e-28,0.0,0.0,0.0,0.0,0.0,0.0,0.0,0.0,0.0,0.0,0.0,0.0,0.0
mp-1413,0.0,0.0034373564365224193,0.013035725525974198,0.030863105337974817,0.052027485529206254,0.10743372791457081,0.25060848224122645,0.4131632097442929,0.5017263395571276,0.5500179637336595,0.6274824250436459,0.6155175335454418,0.7362379762054201,0.9741487861445741,1.0,0.7822110221355169,0.5098376080914931,0.44629763192169375,0.4583093147560911,0.5222851266651747,0.586306224436428,0.7276681868843414,0.8733832940865414,0.903797616662888,0.49717618643497724,0.05322133942529928,0.0,0.0,0.0,1.6173761348325258e-06,4.319347886923768e-06,0.0,0.0,0.0,0.0,0.0,0.0,0.0,0.0,0.0,0.0,0.0,0.0,0.0,0.0,0.0,0.0,0.0,0.0,0.0,0.0
mp-14333,0.0,0.01693085347924528,0.043647890245887326,0.10897437725688246,0.24752754471895969,0.4211844858307416,0.5981538294417322,0.7272477740837309,0.742000093981112,0.5899884206635052,0.424284659277552,0.4855772100357551,0.757425659561944,0.7656017403167431,0.5634287327467555,0.37373848132670107,0.6243446424927604,0.8959006872773282,1.0,0.770290696662684,0.6344589742160672,0.686534660162942,0.6982321974582903,0.728830394051184,0.6994339457881366,0.6367157815005693,0.5637010217737242,0.3895506857842965,0.27884387755988627,0.1019060654975462,0.0874379678201828,0.16549679978652862,0.30699311345529795,0.27625296183527465,0.12110645063690763,0.13329782103951263,0.26690346625655037,0.24269888739988218,0.23207590995730043,0.2129020659272547,0.267013196254126,0.24928150786483416,0.24340093893560955,0.19629529638637028,0.09483220786029145,0.0,0.1259332963539128,0.29128513861243793,0.345849046387538,0.2211136276711473,0.08891118547211874
mp-14437,0.07736766428319813,0.0,0.0862536944914776,0.5097004234727559,1.0,0.9882202017641672,0.7839765008864807,0.6555555985209732,0.5828082321047506,0.38948648457844176,0.010372977845711947,0.24206984449586028,0.29369099082950223,0.40522975718079574,0.6087440211211209,0.7240267143889276,0.918036814802715,0.7989500889938723,0.7244419843157719,0.3745558761320069,0.22176632647709998,0.04877153702309933,0.05091538143540884,0.2195363600710122,0.3898260325806404,0.35647200580375454,0.1396585361075356,0.0,0.0,0.0,4.283386897346666e-05,0.0,0.0,0.0,0.0,0.0,0.0,0.0,0.0,0.0,0.0,0.0,0.0,0.0,0.0,0.0,0.0,0.0,0.0,0.0,0.0
mp-14588,0.0,0.2563219761337243,0.4793113755186621,0.7442849843716928,0.9367082493154475,0.9741104280723708,0.976928962098658,0.83045602807009,0.8752495423886291,0.8243986270987035,1.0,0.8937712595689429,0.40970423013068724,0.0,0.04569359823065872,0.0,0.0,0.0,0.0,0.0,0.0,0.0,0.0,0.0,0.0,0.0,0.0,0.0,0.0,0.0,0.0,0.0,0.0,0.0,0.0,0.0,0.0,0.0,0.0,0.0,0.0,0.0,0.0,0.0,0.0,0.0,0.0,0.0,0.0,0.0,0.0
mp-149,0.0,0.004319031241829878,0.007985616027748452,0.014214063168461013,0.06565182561671537,0.2040979312781691,0.4227798510551826,0.5241569820220026,0.4782614357320796,0.3549734851403255,0.23809238202778696,0.1173476026206074,0.042476770403283855,0.07606262786655688,0.10796312274089094,0.19445582022361657,0.23166013404502597,0.1966444371411114,0.15686800491415615,0.19355656042418132,0.24594319645347493,0.11578738895776912,0.3819994545191998,0.9088024842339832,1.0,0.5616214411503945,0.0,0.0,0.0,4.029203492055734e-06,1.0759812356230973e-05,0.0,0.0,0.0,0.0,0.0,0.0,0.0,0.0,0.0,0.0,0.0,0.0,0.0,0.0,0.0,0.0,0.0,0.0,0.0,0.0
mp-14983,0.0,0.004483768398429667,0.01446781798653665,0.03460243594643026,0.07686626387647352,0.170234513056667,0.32971266298159485,0.5206876108669553,0.669389230023353,0.7495982460209506,0.698621649952747,0.5526059203049933,0.43786703797188126,0.3458494288630203,0.4651616594404503,0.4771768484697937,0.4741820892876333,0.2643179524648955,0.22581902408221866,0.2603330702276688,0.44395477534932243,0.8172591608993883,1.0,0.8878364358135475,0.8248575500396265,0.6306912986697978,0.3120808405217033,0.06835333698184318,0.0,0.0,6.5815100037505165e-06,0.0,0.0,0.0,0.0,0.0,0.0,0.0,0.0,0.0,0.0,0.0,0.0,0.0,0.0,0.0,0.0,0.0,0.0,0.0,0.0
mp-15556,0.13310416291566396,0.24030831346888012,0.6065070513638349,0.9332258614590053,1.0,0.6204327852778929,0.2450461059860195,0.0,0.023941759071963834,0.16695551610888712,0.266598461258671,0.20256850947623262,0.03840310483053462,0.12004902321529115,0.3240486915758782,0.13109176195621838,0.0,0.0,0.0,0.0,0.0,0.0,0.0,0.0,0.0,0.0,0.0,0.0,0.0,0.0,0.0,0.0,0.0,0.0,0.0,0.0,0.0,0.0,0.0,0.0,0.0,0.0,0.0,0.0,0.0,0.0,0.0,0.0,0.0,0.0,0.0
mp-1565,0.0035232526824269176,0.010247338141011282,0.03217505733525177,0.05976504384857761,0.07802975161064636,0.6929699863332248,1.0,0.9120822751658225,0.4175585972279956,0.21047731039494477,0.2367352306373622,0.46474636916784123,0.697898921444386,0.7761915584934157,0.6620525212210783,0.5531861744849214,0.46834662931798665,0.43197678811515744,0.41474003684676636,0.38936295808474297,0.3490492448998621,0.33333220419292103,0.27166011572108106,0.2696837307027507,0.327755482132939,0.4313390514919244,0.4611107931650928,0.7953831108267001,0.8886007516214494,0.6232034802199852,0.23528780957778456,0.3226228533886045,0.5689313158633562,0.46545172202233437,0.17205202366199582,0.0,0.0,0.006704792794916737,0.0,0.0,0.0,0.0,0.0,0.0,0.0,0.0,0.0,0.0,0.0,0.0,0.0
mp-15668,0.0,0.19886335497609298,0.5640802243549311,0.982948564315502,1.0,0.8518906830388301,0.7553176496216168,0.7413165823943608,0.987137637703595,0.8956809093344037,0.3759499740428342,0.30829916315512323,0.25284631361865384,0.2190474723929707,0.028468854093286068,0.0,0.0,0.0,0.0,0.0,0.0,0.0,0.0,0.0,0.0,0.0,0.0,0.0,0.0,0.0,0.0,0.0,0.0,0.0,0.0,0.0,0.0,0.0,0.0,0.0,0.0,0.0,0.0,0.0,0.0,0.0,0.0,0.0,0.0,0.0,0.0
mp-15685,0.0,0.04201725352791097,0.14328156965997682,0.3074598940562976,0.7146389001890072,1.0,0.9949876044506504,0.7764147410832224,0.6535726936857499,0.6875738743324249,0.49351298131375826,0.24407671936322495,0.07161755655382637,0.10019280886076329,0.1934861827516171,0.13547109077847627,0.05703400427321964,0.0,0.0,0.0,0.0,0.0,0.0,0.0,0.0,0.0,0.0,0.0,0.0,0.0,0.0,0.0,0.0,0.0,0.0,0.0,0.0,0.0,0.0,0.0,0.0,0.0,0.0,0.0,0.0,0.0,0.0,0.0,0.0,0.0,0.0
mp-15776,0.06714905636057249,0.0,0.35337943055691523,0.8617823245249103,1.0,0.7135183065744852,0.3189822268311945,0.2102640700443851,0.3222019003198322,0.57705080093425,0.6849809880547195,0.9028738896025807,0.9597528805580614,0.6477167515772065,0.19382983763799824,0.0,0.1158623535888425,0.0,0.0,0.0,0.0,0.0,0.0,0.0,0.0,0.0,0.0,0.0,0.0,0.0,0.0,0.0,0.0,0.0,0.0,0.0,0.0,0.0,0.0,0.0,0.0,0.0,0.0,0.0,0.0,0.0,0.0,0.0,0.0,0.0,0.0
mp-15777,0.0,0.1812986923303252,0.7310614270895403,1.0,0.7147610881784024,0.4576681414643372,0.27454117648092535,0.3784247707392868,0.47836407937096775,0.8671046737656746,0.9547455477395735,0.47340062308495595,0.0722647161689628,0.0,0.0,0.0,0.0,0.0,0.0,0.0,0.0,0.0,0.0,0.0,0.0,0.0,0.0,0.0,0.0,0.0,0.0,0.0,0.0,0.0,0.0,0.0,0.0,0.0,0.0,0.0,0.0,0.0,0.0,0.0,0.0,0.0,0.0,0.0,0.0,0.0,0.0
mp-15953,0.0,0.005397763566187949,0.020326059301106397,0.048984718829320054,0.0921401521913786,0.1500179268203527,0.29066933031210596,0.46011113460787434,0.6552480615735103,0.7651130343066703,0.7453466798688345,0.6049942100863852,0.6700208304654197,0.7257473953651693,0.8520827132316363,0.65817051503269,0.7700780311541732,0.9190953259073619,1.0,0.5447879644820071,0.336644777955955,0.3525639628226898,0.7948280666723955,0.9182100942265288,0.602455271737762,0.2013106020500459,0.0,0.0,0.0005007651368214835,0.00045484333814028375,0.0,0.0,0.0,0.0,0.0,0.0,0.0,0.0,0.0,0.0,0.0,0.0,0.0,0.0,0.0,0.0,0.0,0.0,0.0,0.0,0.0
mp-1598,0.0047214316663332185,0.13256102922544766,0.3595240512045583,0.515533003302494,0.7252397553535298,0.7489000434733561,0.7742468780839614,0.8328617611963653,1.0,0.9689696920602314,0.8379975439971561,0.8592933355370798,0.6787622456706499,0.3210037809209556,0.0,0.0,0.0,0.0,0.0,0.0,0.0,0.0,0.0,0.0,0.0,0.0,0.0,0.0,0.0,0.0,0.0,0.0,0.0,0.0,0.0,0.0,0.0,0.0,0.0,0.0,0.0,0.0,0.0,0.0,0.0,0.0,0.0,0.0,0.0,0.0,0.0
mp-1634,0.0,0.06888960983196728,0.12317256005120182,0.16737537588494517,0.2486219455866604,0.4768294992680953,0.6637536970528436,0.5780140765410701,0.47742299387080006,0.7466468776257568,0.9284574484049035,0.6878192247216713,0.11254820545372281,0.22943346420334584,0.852936628996549,1.0,0.6077402359068924,0.029369722627810773,0.03947652795185016,0.0,0.0,0.00408309189770091,0.0,0.0,0.0,0.0,0.0,0.0,0.0,0.0,0.0,0.0,0.0,0.0,0.0,0.0,0.0,0.0,0.0,0.0,0.0,0.0,0.0,0.0,0.0,0.0,0.0,0.0,0.0,0.0,0.0
mp-165,0.0,0.0056496715665295535,0.007829953293827267,0.01676270500110094,0.047844274127356166,0.24345452829403214,0.44536992666826036,0.5252031984812562,0.4801419617403807,0.35521143770349034,0.22507710815364068,0.09310010008182987,0.033317417997659575,0.08811948128738684,0.12135483043892238,0.1672045233701287,0.22547837429845555,0.21826044802449374,0.18493764070280433,0.17161511128311444,0.216647063829164,0.098773254217123,0.43197065822722214,0.9481167830494847,1.0,0.5266672048368775,0.0,0.0,0.0,3.639940514075672e-05,8.433664717578303e-06,0.0,0.0,0.0,0.0,0.0,0.0,0.0,0.0,0.0,0.0,0.0,0.0,0.0,0.0,0.0,0.0,0.0,0.0,0.0,0.0
mp-16764,0.0,0.1147123182776596,0.458818757027523,0.8592393946396701,1.0,0.8821618747326497,0.6610158432199785,0.4377385956367712,0.3311503936967241,0.15655786367071625,0.05941011141163694,0.0,0.0,0.0,0.0,0.0,0.0,0.0,0.0,0.0,0.0,0.0,0.0,0.0,0.0,0.0,0.0,0.0,0.0,0.0,0.0,0.0,0.0,0.0,0.0,0.0,0.0,0.0,0.0,0.0,0.0,0.0,0.0,0.0,0.0,0.0,0.0,0.0,0.0,0.0,0.0
mp-1873,0.010147246163156314,0.005569102962867989,0.05471290044311379,0.2538170269063013,0.5479026671392955,0.6933318783674822,0.7437551573906659,0.8757463891659185,1.0,0.8151872470258748,0.4668712591987157,0.5530456911517403,0.6559374699744656,0.6669471371852951,0.5499601233699818,0.5561106158874037,0.5520515043600666,0.5755969929252188,0.5328238322240005,0.42460169721788554,0.2999417891708078,0.13085113709660798,0.25594764427645933,0.41970590827740495,0.45009562144199017,0.24401264855297103,0.0373764230950628,0.0,0.0,0.00010711056520284653,9.59921537047631e-05,0.0,0.0,0.0,0.0,0.0,0.0,0.0,0.0,0.0,0.0,0.0,0.0,0.0,0.0,0.0,0.0,0.0,0.0,0.0,0.0
mp-189,0.0,0.008433307972981375,0.026314953137241325,0.06081621042990811,0.1664707411968837,0.30064339440107374,0.48762115843006076,0.6200644189352722,0.696153978858349,0.7684115248736294,0.889304143830796,0.9307792873406951,0.6885363876290028,0.6652715233003111,0.8321256146656459,0.9543390133584689,1.0,0.6981554684572506,0.35427600790148217,0.029932913735272924,0.15631136193886416,0.33062497013459585,0.5681532899887334,0.5297209273847805,0.3457780147583143,0.16856659880400915,0.0,0.022156838627044463,0.03673505014316316,0.0,0.0,0.0,0.0,0.0,0.0,0.0,0.0,0.0,0.0,0.0,0.0,0.0,0.0,0.0,0.0,0.0,0.0,0.0,0.0,0.0,0.0
mp-1922,0.0,0.005391738406012103,0.01926208027563955,0.045465007147079926,0.09318752582470435,0.15751628065621873,0.2624348800214107,0.4277298441373841,0.5556200641642919,0.5664453755225649,0.45471619651622125,0.5847780098950938,0.9229658731951568,1.0,0.680799124451501,0.17974351979118217,0.0,0.0008370436504581865,0.02204240004931157,0.0,0.0,0.0,0.0,0.0,0.0,0.0,0.0,0.0,0.0,0.0,0.0,0.0,0.0,0.0,0.0,0.0,0.0,0.0,0.0,0.0,0.0,0.0,0.0,0.0,0.0,0.0,0.0,0.0,0.0,0.0,0.0
mp-1958,0.03156177029246209,0.022218285384458896,0.33893003910565467,0.6697474565555632,0.7993703290456151,1.0,0.9443352598226437,0.623436605264458,0.06982709317319072,0.0,0.0,0.0,0.0,0.0,0.0,0.0,0.0,0.0,0.0,0.0,0.0,0.0,0.0,0.0,0.0,0.0,0.0,0.0,0.0,0.0,0.0,0.0,0.0,0.0,0.0,0.0,0.0,0.0,0.0,0.0,0.0,0.0,0.0,0.0,0.0,0.0,0.0,0.0,0.0,0.0,0.0
mp-19717,0.0,0.45890191071121694,0.7103100770489649,0.9481889923865898,1.0,0.8090843397479813,0.3768542391073552,0.0,0.0,0.0,0.0,0.0,0.0,0.0,0.0,0.0,0.0,0.0,0.0,0.0,0.0,0.0,0.0,0.0,0.0,0.0,0.0,0.0,0.0,0.0,0.0,0.0,0.0,0.0,0.0,0.0,0.0,0.0,0.0,0.0,0.0,0.0,0.0,0.0,0.0,0.0,0.0,0.0,0.0,0.0,0.0
mp-1986,9.308325093050527e-06,0.014655253652802775,0.05277533200183475,0.2142618664553304,0.5348293629348634,0.8855301190188299,1.0,0.757377227996572,0.37246090924825825,0.1385635789829532,0.1065443725638597,0.5204582828640671,0.5936545203800716,0.3802488562584734,0.0006270557049122765,0.0,0.0,0.0,0.0,0.045541676035082385,0.3121168255157396,0.686032363026288,0.9509115520858153,0.9043942385906345,0.5075169254910252,0.47040590893025724,0.7341554709596263,0.7008841654488206,0.33876741044406994,0.0,0.0,4.813359826994078e-08,2.7548084273210054e-07,0.0,0.0,0.0,0.0,0.0,0.0,0.0,0.0,0.0,0.0,0.0,0.0,0.0,0.0,0.0,0.0,0.0,0.0
mp-20289,0.1375232804710796,0.0,0.18633304326027833,0.518895113449832,0.6172351337368293,0.7329460482315342,0.6509461985020618,0.8802293043004231,0.8524999435636096,1.0,0.832988083584698,0.6104681317296667,0.6838894281220796,0.8228466522832695,0.698935374807478,0.32016712436800593,0.0,0.033918056055585635,0.04735123677292944,0.0,0.0,0.0,0.0,0.0,0.0,0.0,0.0,0.0,0.0,0.0,0.0,0.0,0.0,0.0,0.0,0.0,0.0,0.0,0.0,0.0,0.0,0.0,0.0,0.0,0.0,0.0,0.0,0.0,0.0,0.0,0.0
mp-2030,0.0,0.002771335365955539,0.010813907267146644,0.024726516894009936,0.04519620490060176,0.07426241949380877,0.11600935471759219,0.1897203503150027,0.25015361509253764,0.4840258354524827,0.5999378899539833,0.6197212113667222,0.364543389410571,0.3069412976893432,0.2774844741000651,0.2808052532708213,0.34440970986786623,0.6228748451495741,1.0,0.9936995067980706,0.8514829006187857,0.6152023281609137,0.5142266153334661,0.17415600078768584,0.0,0.0,0.04741326885645512,0.0,0.0,0.0,0.0,0.0,0.0,0.0,0.0,0.0,0.0,0.0,0.0,0.0,0.0,0.0,0.0,0.0,0.0,0.0,0.0,0.0,0.0,0.0,0.0
mp-20450,0.0,0.001585962038569449,0.006106161137315099,0.01434148277681857,0.02715820963688763,0.04601596886393671,0.07294280080398498,0.09115442298049527,0.3460121110727056,0.7719772320809024,0.8726083667817834,0.7539622336699172,0.5577066537469495,0.590554110297477,0.5217321793489936,0.6026364938770304,0.43273952721217473,0.4602612330776698,0.24896140215163842,0.1680260582557447,0.09727770502408646,0.23152380029769107,0.6883227535256161,1.0,0.8510199271034967,0.48213365784773277,0.2594358880147033,0.5985141742561921,0.9628113132177268,0.9443632828708294,0.8766437676228692,0.5545292077466477,0.49452353105261515,0.16749167288119546,0.0720322363617495,0.11067979702163257,0.4235415981990777,0.5666046933380828,0.5725095911753019,0.48336174617172106,0.43116898069473175,0.4116021825730486,0.2154945626772719,0.102743948398118,0.0,0.27300418894937556,0.6508359940329604,0.6461328747695425,0.2590152899161066,0.0,0.0
mp-20459,0.0,0.0,0.5711706834482762,1.0,0.8610851752869982,0.247633687496753,0.07982303648811247,0.4498549429204362,0.6234217575601815,0.580351474140002,0.4905426091154612,0.4817366642556064,0.489012630429567,0.49884416952833754,0.5262159147005775,0.6267733085320234,0.635812891333698,0.5626019813885057,0.37439438737498837,0.23897544377290952,0.1963996106140648,0.2735803523429816,0.4434491931678694,0.5170054485968201,0.35367491677232715,0.08877542353758221,0.0,0.016053786003487714,0.023585491216702614,0.08347101501447347,0.2345550282861431,0.2796177270982316,0.18165184823404879,0.016905280747581162,0.0,0.043593627674992586,0.08937007218869768,0.1153108669079424,0.14521513790548785,0.20260687634605476,0.17633252318025985,0.09114004338834869,0.0,0.0,0.0,0.0,0.0,0.0,0.0,0.0,0.0
mp-2064,0.0,0.27307304078490213,0.4051016812482811,0.40346919565293565,0.48775462903699396,0.8653279679140415,1.0,0.8272986408974436,0.4576282200918767,0.36017851741531137,0.2694063421219569,0.20389364806580423,0.1677064662054621,0.08852113181995389,0.005418939886068026,0.0,0.0,0.0,0.0,0.0,0.0,0.0,0.0,0.0,0.0,0.0,0.0,0.0,0.0,0.0,0.0,0.0,0.0,0.0,0.0,0.0,0.0,0.0,0.0,0.0,0.0,0.0,0.0,0.0,0.0,0.0,0.0,0.0,0.0,0.0,0.0
mp-2068,0.0,0.020427536256657955,0.05500986498415816,0.11881487009887347,0.2088781315652843,0.28529268257313173,0.4003696931688708,0.4658612364280543,0.5634629083141346,0.5946802785871983,0.6188558319288219,0.5789952331101446,0.5487324906869545,0.42981571951844244,0.22522285704802902,0.06061729390193155,0.1145518770594076,0.28107102448042176,0.3535428784069482,0.2923512075515806,0.28668191653498515,0.28103348241362286,0.32326681739736746,0.33352374758418535,0.19063155733930967,0.05054990205251747,0.46196764047742,1.0,0.9412929624435542,0.36254488904998605,0.0,0.0,0.0,0.0,2.717060947066069e-12,0.0,0.0,0.0,0.0,0.0,0.0,0.0,0.0,0.0,0.0,0.0,0.0,0.0,0.0,0.0,0.0
mp-2079,0.04224252650086347,0.18961409264319068,0.6654288308199475,1.0,0.8839347976698204,0.6002081864652566,0.35969050116188334,0.35909165609506444,0.2961300024604257,0.2464679626271254,0.14505691263186285,0.11045847485246361,0.0,0.0,0.0,0.0,0.06534774196552862,0.12718817329556462,0.2950423962644163,0.269327172116569,0.1108554187761081,0.02305735392671431,0.0,0.0,0.17273189470834072,0.27472080086727413,0.22885092313731942,0.035338339527512676,0.0,0.00010243982584259449,0.00027340291067113606,0.0,0.0,0.0,0.0,0.0,0.0,0.0,0.0,0.0,0.0,0.0,0.0,0.0,0.0,0.0,0.0,0.0,0.0,0.0,0.0
mp-20832,0.0,0.42673233237846453,0.8667794504781765,0.8769050702607853,0.4921225194382182,0.2526840969845776,0.22595614205028172,0.7684303746413387,1.0,0.8838032343447676,0.07363902397882013,0.0,0.0,0.0,0.0,0.0,0.0,0.0,0.0,0.0,0.0,0.0,0.0,0.0,0.0,0.0,0.0,0.0,0.0,0.0,0.0,0.0,0.0,0.0,0.0,0.0,0.0,0.0,0.0,0.0,0.0,0.0,0.0,0.0,0.0,0.0,0.0,0.0,0.0,0.0,0.0
mp-21166,0.0482471237236339,0.04699285335376124,0.4995215006847185,1.0,0.9965145909919412,0.5149391798443458,0.16179707108491218,0.2965156222034862,0.583138062058082,0.44381977819399226,0.14011101634743278,0.0,0.0,0.0,0.0,0.0,0.0,0.0,0.0,0.0,0.0,0.0,0.0,0.0,0.0,0.0,0.0,0.0,0.0,0.0,0.0,0.0,0.0,0.0,0.0,0.0,0.0,0.0,0.0,0.0,0.0,0.0,0.0,0.0,0.0,0.0,0.0,0.0,0.0,0.0,0.0
mp-21228,0.0,0.04158882462561173,0.36307421259468514,0.7459889496362468,0.9969737181708372,0.772286407443573,0.522729385472502,0.6487654929414073,1.0,0.8913914701544099,0.40241240989831495,0.23736523343630117,0.4292057201742677,0.38307879276465917,0.28800380023567046,0.3058346447931131,0.2329000931505244,0.08467957145625668,0.0,0.0,4.257102238298445e-05,0.0,7.431734946899565e-05,0.0,0.0,0.0,0.0,0.0,0.0,0.0,0.0,0.0,0.0,0.0,0.0,0.0,0.0,0.0,0.0,0.0,0.0,0.0,0.0,0.0,0.0,0.0,0.0,0.0,0.0,0.0,0.0
mp-21276,0.0,0.363113381199014,0.8228401075805398,1.0,0.6359781152529728,0.27948794178271724,0.3980555940457296,0.4205048969050105,0.49309331078739654,0.4676403775957752,0.5176084032896304,0.3691728620059236,0.15509553491519948,0.0,0.0016844841278389098,0.0,0.0,0.0,0.0,0.0,0.0,0.0,0.0,0.0,0.0,0.0,0.0,0.0,0.0,0.0,0.0,0.0,0.0,0.0,0.0,0.0,0.0,0.0,0.0,0.0,0.0,0.0,0.0,0.0,0.0,0.0,0.0,0.0,0.0,0.0,0.0
mp-2133,0.0,0.04375495418685517,0.04198228497424514,0.19784819677061938,0.5792891796845284,0.9303809306503888,0.998530308491222,0.7375903036594689,0.41719554674978426,0.18116419920752724,0.13977961864053862,0.5057775700113472,0.6001227209838759,0.39608002508513745,0.0419329643336206,0.0,0.0,0.0,0.0,0.03846456273081748,0.38611226676391613,0.7838210146474646,1.0,0.8848393182929077,0.4551775186358173,0.5108448861536673,0.7417523092368568,0.7207260192352877,0.3177053362739362,0.0,0.0,0.0,1.570138534188099e-08,0.0,0.0,0.0,0.0,0.0,0.0,0.0,0.0,0.0,0.0,0.0,0.0,0.0,0.0,0.0,0.0,0.0,0.0
mp-2175,0.19673196357471545,0.6137282287481437,1.0,0.8913959376632707,0.4736377842123532,0.28713725158351183,0.28620307598345546,0.2670415161050801,0.19397808129092942,0.14008270930351108,0.20900466917612712,0.17455168214052139,0.08742261682240773,0.0,0.0,0.0,0.0,0.0,0.0,0.0,0.0,0.0,0.0,0.0,0.0,0.0,0.0,0.0,0.0,0.0,0.0,0.0,0.0,0.0,0.0,0.0,0.0,0.0,0.0,0.0,0.0,0.0,0.0,0.0,0.0,0.0,0.0,0.0,0.0,0.0,0.0
mp-2176,0.0,0.1258109900228043,0.5052609653080724,0.6524742360434216,0.4118002537695012,0.21171096787371926,0.20689635761797193,0.19933905610050703,0.7718037158546418,1.0,0.6883601531020181,0.0,0.0,0.0,0.0,0.0,0.0,0.0,0.0,0.0,0.0,0.0,0.0,0.0,0.0,0.0,0.0,0.0,0.0,0.0,0.0,0.0,0.0,0.0,0.0,0.0,0.0,0.0,0.0,0.0,0.0,0.0,0.0,0.0,0.0,0.0,0.0,0.0,0.0,0.0,0.0
mp-21855,0.05469710316533141,0.009281428489885045,0.3154282420097801,0.5838149265162452,0.49234613127704807,0.30990461182273316,0.1478082150408704,0.450274817916316,0.47655616547940927,0.6632577333327624,1.0,0.8875166144227292,0.5275864880016017,0.0,0.0,0.0,0.14772459025089654,0.3442185148649457,0.3456361838284809,0.15197759521011303,0.0,0.0,0.0,0.0,0.0,0.0,0.0,0.0,0.0,0.0,0.0,0.0,0.0,0.0,0.0,0.0,0.0,0.0,0.0,0.0,0.0,0.0,0.0,0.0,0.0,0.0,0.0,0.0,0.0,0.0,0.0
mp-22003,0.009809492999482907,0.05709217909515544,0.10640839198626798,0.22182384470453928,0.34113066975636197,0.632445934345955,0.8020881460816321,0.6583410540874889,0.8378339071111162,1.0,0.9510451907420655,0.5501813486286343,0.11296528482583121,0.03845164738477471,0.00018748415794560906,0.0,0.0,0.0,0.0,0.0,0.0,0.0,0.0,0.0,0.0,0.0,0.0,0.0,0.0,0.0,0.0,0.45638993104764347,0.6919023659976191,0.5598762960724348,0.06037071781577785,0.0,0.0,0.0,0.0,0.0,0.0,0.0,0.0,0.0,0.0,0.0,0.0,0.0,0.0,0.0,0.0
mp-2201,0.0,0.4699498650292825,0.8345085573549883,1.0,0.8866968577444732,0.8857313906191302,0.8763338973976941,0.4925630085453387,0.1073087318582512,0.0,0.0,0.0,0.0,0.0,0.0,0.0,0.0,0.0,0.0,0.0,0.0,0.0,0.0,0.0,0.0,0.0,0.0,0.0,0.0,0.0,0.0,0.0,0.0,0.0,0.0,0.0,0.0,0.0,0.0,0.0,0.0,0.0,0.0,0.0,0.0,0.0,0.0,0.0,0.0,0.0,0.0
mp-22255,0.0,0.27623488538480656,0.7304700216871431,1.0,0.789181447059084,0.5187910839886034,0.3170699766919539,0.40080355719990374,0.38568933745994816,0.23965364768179595,0.07385393481548579,0.0,0.0,0.0,0.0,0.0,0.0,0.0,0.0,0.0,0.0,0.0,0.0,0.0,0.0,0.0,0.0,0.0,0.0,0.0,0.0,0.0,0.0,0.0,0.0,0.0,0.0,0.0,0.0,0.0,0.0,0.0,0.0,0.0,0.0,0.0,0.0,0.0,0.0,0.0,0.0
mp-2229,0.0,0.007520003847312803,0.024103243378418075,0.05948887842586617,0.09710377240095461,0.39039069403512205,0.8405434674395028,1.0,0.6902039143295606,0.32947278841113625,0.5150915280623639,0.730711103445915,0.6817105170367148,0.49703981682836973,0.37545013522308096,0.3636079364358424,0.3792123413158417,0.3418063441917579,0.284949500857056,0.20222279487910896,0.11321979128195682,0.12293101632800578,0.2280046332235659,0.3670303454917764,0.44103232471036796,0.3295896958919477,0.16589056264275223,0.012316741725849291,0.0,0.0,1.6168416173140093e-06,3.656327123874283e-07,0.0,0.0,0.0,0.0,0.0,0.0,0.0,0.0,0.0,0.0,0.0,0.0,0.0,0.0,0.0,0.0,0.0,0.0,0.0
mp-22313,0.0,0.040392677995577164,0.14096349657539992,0.35857624001675636,0.48956442136850753,0.44254036556236165,0.5222157450819253,0.6869357937427187,0.9824947810528017,1.0,0.8249491189732746,0.7005702451603157,0.4450291115277083,0.279274803014634,0.17227130198138071,0.19616978336584334,0.30860126307105856,0.3796080943112447,0.3340540049076282,0.19432353859982177,0.049808067619925275,0.0,0.09095081717292437,0.19583121667234113,0.331624437929088,0.4040668437695217,0.5585532528767265,0.5029987733249207,0.3711856010852164,0.31424313903614703,0.21802151096834316,0.15138189230631247,0.0,0.0,0.0,0.0,6.745430028389666e-19,7.697211088089133e-19,0.0,0.0,0.0,0.0,0.0,0.0,0.0,0.0,0.0,0.0,0.0,0.0,0.0
mp-22473,0.0,0.09026175172738492,0.2544961439139361,0.4390740173451309,0.5254791787943879,0.6231012468211599,0.8427378950814871,1.0,0.9060023105584346,0.5598408635104972,0.18723952003278857,0.0,0.014283014167850126,0.0,0.0,0.0,0.0,0.0,0.0,0.0,0.0,0.0,0.0,0.0,0.0,0.0,0.0,0.0,0.0,0.0,0.0,0.0,0.0,0.0,0.0,0.0,0.0,0.0,0.0,0.0,0.0,0.0,0.0,0.0,0.0,0.0,0.0,0.0,0.0,0.0,0.0
mp-22483,0.0,0.3325799497477848,0.7606464191461842,1.0,0.854128228202989,0.6647721717511812,0.5183686991315463,0.48605953340235897,0.47515479058707144,0.2726531313329754,0.14091906645782518,0.01365263433663026,0.0,0.0,0.0,0.0,0.0,0.0,0.0,0.0,0.0,0.0,0.0,0.0,0.0,0.0,0.0,0.0,0.0,0.0,0.0,0.0,0.0,0.0,0.0,0.0,0.0,0.0,0.0,0.0,0.0,0.0,0.0,0.0,0.0,0.0,0.0,0.0,0.0,0.0,0.0
mp-22607,0.007955521947527968,0.088297281057744,0.49177173534761337,0.7947462920102909,0.6575424304309125,0.2944556449921452,0.061359049977137245,0.14620180285655318,0.3147962268862647,0.7898394341010263,1.0,0.7331340107259331,0.09880483007404951,0.0,0.0,0.0,0.0,0.0,0.0,0.0,0.0,0.0,0.0,0.0,0.0,0.0,0.0,0.0,0.0,0.0,0.0,0.0,0.0,0.0,0.0,0.0,0.0,0.0,0.0,0.0,0.0,0.0,0.0,0.0,0.0,0.0,0.0,0.0,0.0,0.0,0.0
mp-22851,0.09747905010542735,0.08472084935249638,0.20641197245277082,0.49240763912792407,0.7872520879160565,0.9741631616457069,0.9836285182622169,1.0,0.9049543323937297,0.6188593126027,0.3744488779502802,0.12392707472044812,0.0067287817856227184,0.0,0.0,0.0,0.0,0.0,0.0,0.0,0.0,0.0,0.0,0.0,0.0,0.0,0.0,0.0,0.0,0.0,0.0,0.0,0.0,0.0,0.0,0.0,0.0,0.0,0.0,0.0,0.0,0.0,0.0,0.0,0.0,0.0,0.0,0.0,0.0,0.0,0.0
mp-22862,0.005965344892422814,0.008419055631726782,0.054548803443795875,0.18631408647823125,0.43747957047747377,0.6384789411657015,0.7049938986860124,0.8778152559120287,1.0,0.8206618258445,0.4514476780594793,0.09639327137372448,0.08956043611601328,0.022020432233316595,0.0,0.003997105003037878,0.0,0.0,0.0,0.0,0.0,0.0,0.0,0.0,0.0,0.0,0.0,0.0,0.0,0.0,0.0,0.0,0.0,0.0,0.0,0.0,0.0,0.0,0.0,0.0,0.0,0.0,0.0,0.0,0.0,0.0,0.0,0.0,0.0,0.0,0.0
mp-22867,0.034648259289567114,0.1350290773346922,0.5446114070906449,1.0,0.9834660622508138,0.5817663611147786,0.036145239391294555,0.0,0.0,0.0,0.0,0.0,0.0,0.0,0.0,0.0,0.0,0.0,0.0,0.0,0.0,0.0,0.0,0.0,0.0,0.0,0.0,0.0,0.0,0.0,0.0,0.0,0.0,0.0,0.0,0.0,0.0,0.0,0.0,0.0,0.0,0.0,0.0,0.0,0.0,0.0,0.0,0.0,0.0,0.0,0.0
mp-22875,0.0,0.7091073915706185,1.0,0.9068236011615275,0.5906964845394229,0.24368371213358841,0.017077421226644095,0.0,0.0,0.0,0.0,0.0,0.0,0.0,0.0,0.0,0.0,0.0,0.0,0.0,0.0,0.0,0.0,0.0,0.0,0.0,0.0,0.0,0.0,0.0,0.0,0.0,0.0,0.0,0.0,0.0,0.0,0.0,0.0,0.0,0.0,0.0,0.0,0.0,0.0,0.0,0.0,0.0,0.0,0.0,0.0
mp-4043,0.05276841846075427,0.010211171837605918,0.3242068894044561,0.5843990260474768,0.4716338496452847,0.18952945627738002,0.402448864278373,0.5917623111741552,1.0,0.9931431166900807,0.7226207709792912,0.29626446472401474,0.036621444249006124,0.09300511210359395,0.04893328215107704,0.2923529880793081,0.3610708426066022,0.21622435951892463,0.0,0.0,0.0,0.0,0.0,0.0,0.0,0.0,0.0,0.0,0.0,0.0,0.0,0.0,0.0,0.0,0.0,0.0,0.0,0.0,0.0,0.0,0.0,0.0,0.0,0.0,0.0,0.0,0.0,0.0,0.0,0.0,0.0
mp-4081,0.0638191894881392,0.023569982971763666,0.4338205242405347,0.7044371989183114,0.42502981475337875,0.46085666818502546,0.5898894196631198,0.6723172635216682,0.947049341445669,1.0,0.8567872402258228,0.3103756716396984,0.0621492538619452,0.45569646640156175,0.46264518654790465,0.20713540135903236,0.0,0.030576220812310387,0.0,0.0,0.0,0.0,0.0,0.0,0.0,0.0,0.0,0.0,0.0,0.0,0.0,0.0,0.0,0.0,0.0,0.0,0.0,0.0,0.0,0.0,0.0,0.0,0.0,0.0,0.0,0.0,0.0,0.0,0.0,0.0,0.0
mp-4165,0.0,0.013375150534616949,0.036699032022175525,0.08798631987005702,0.22156252116361566,0.5562858004992186,0.9350271867625838,1.0,0.7884478520954232,0.6098055547562019,0.6991049420494715,0.7854269838860101,0.7447177063567785,0.586725107436255,0.44843753646748463,0.3455167241673131,0.3215572771985994,0.266486869958655,0.12854686805070847,0.21869810800763936,0.46176723232169703,0.7073401480547619,0.7745773959248573,0.7253595851563871,0.6818276534265498,0.6068082385667954,0.509003482837113,0.42948862024964374,0.3655629308699891,0.3342472181420381,0.3180952236928219,0.4621281021794641,0.5768495207053931,0.5727514152990815,0.4523995200840131,0.27982480173209157,0.276889406712045,0.30724961072516915,0.32451745899073225,0.3382403318258357,0.4329428159218878,0.4044004551484317,0.20929477445804107,0.013911700969611206,0.0,0.0,0.0,0.0,0.0,0.0,0.0
mp-4175,0.09470727357815358,0.0,0.10150680189307906,0.42047099163766277,0.6614733176771584,0.5508556017209622,0.21282770160287762,0.1436135558982024,0.27600358133523745,0.27826243984141785,0.13034692736647,0.0,0.0,0.0,0.07707894944898039,0.5358776460229701,1.0,0.8727364332302766,0.29492290639167185,0.04108532097921482,0.0,0.03431224769515673,0.0,0.0,0.0,0.0,0.0,0.0,0.0,0.0,0.0,0.0,0.0,0.0,0.0,0.0,0.0,0.0,0.0,0.0,0.0,0.0,0.0,0.0,0.0,0.0,0.0,0.0,0.0,0.0,0.0
mp-4200,0.0,0.0035768499267646156,0.012412995148171882,0.028217660934121907,0.05385900113998183,0.09742461119864321,0.17316962802200614,0.35220727272161545,0.5793767830951262,0.6616963358636251,0.6350876248139283,0.576147740031748,0.585799642898854,0.5499745489844576,0.6711507213743682,0.8316576359624632,1.0,0.7633291003081244,0.4729239377536714,0.26793812879944395,0.17160248161100453,0.0495846821060814,0.0,0.11133412281276278,0.39009017047232686,0.5613995703103049,0.5975949456560326,0.516357364712909,0.3094685631600339,0.14772993791284003,0.0,0.16273036725718765,0.3468745759115223,0.3239644209595368,0.10588085555881385,0.0,0.0,0.0,0.0,0.0,0.0,0.0,0.0,0.0,0.0,0.0,0.0,0.10525878432257545,0.4743976095079057,0.7337790180124139,0.6980096227940352
mp-4359,0.009652677618032568,0.03253411233927464,0.12309986816179337,0.19243537691951396,0.4200783197925875,0.7651383780013683,1.0,0.9469836193412047,0.8059745339814363,0.8508723617977438,0.7344383671088682,0.465666287679774,0.2746685455319973,0.372356084795456,0.4182389334247923,0.36783869097876387,0.346802091315396,0.33338569810223356,0.25822201226112906,0.1260941229327308,0.02657999642164003,0.0005270097390359194,0.0,0.0,0.07299419840425295,0.3113132786355375,0.4600439708223678,0.34890299106905326,0.1423348547586565,0.0,0.0,0.013809153455585161,0.047235163248326204,0.07017192320816845,0.0690122005108651,0.07396388762533901,0.1540817365860469,0.1523277504558322,0.08606186856693776,0.0005633661730589913,0.0,0.017487992881409425,0.0,0.0,0.0,0.0,0.0,0.0,0.0,0.0,0.0
mp-4360,0.049935946496433216,0.0,0.22528507401124478,0.5812856038905837,0.7356987152404819,0.4772302261516608,0.5326591838047898,0.7218167838008551,1.0,0.9207543336080737,0.8136365132298162,0.7824090125152595,0.861437330373201,0.8062264503731306,0.5448889170860837,0.30430062678807385,0.31274803365243337,0.5053665929905112,0.3411060952702971,0.08918950554392614,0.11608373717359508,0.30932605698339777,0.2974892584122247,0.10789303978500586,0.0,0.039419631858263554,0.022914532709504228,0.0,0.0,0.0,0.0,0.0,0.0,0.0,0.0,0.0,0.0,0.0,0.0,0.0,0.0,0.0,0.0,0.0,0.0,0.0,0.0,0.0,0.0,0.0,0.0
mp-4405,0.5398404263564884,0.9507947032248669,1.0,0.7183008181337959,0.42255483768405194,0.3647324200887754,0.15510318861930372,0.026902830483606848,0.02630417029910855,0.11619729865740626,0.16973787579196392,0.1525150763877888,0.2100075553962917,0.23716718399802186,0.16988437202030165,0.0,0.0,0.0,0.0,0.0,0.0,0.0,0.0,0.0,0.0,0.0,0.0,0.0,0.0,0.0,0.0,0.0,0.0,0.0,0.0,0.0,0.0,0.0,0.0,0.0,0.0,0.0,0.0,0.0,0.0,0.0,0.0,0.0,0.0,0.0,0.0
mp-441,0.03762064852085286,0.14285704450913916,0.5993961836683197,1.0,0.8890046997567848,0.4398321618066742,0.0,0.0,0.0,0.0,0.0,0.0,0.0,0.0,0.0,0.0,0.0,0.0,0.0,0.0,0.0,0.0,0.0,0.0,0.0,0.0,0.0,0.0,0.0,0.0,0.0,0.0,0.0,0.0,0.0,0.0,0.0,0.0,0.0,0.0,0.0,0.0,0.0,0.0,0.0,0.0,0.0,0.0,0.0,0.0,0.0
mp-4482,0.059820964854240266,0.0,0.11925349637556255,0.31754472858100263,0.4410630960240105,0.385112308441733,0.49590881610226345,0.6376712037870935,0.9307971406680078,0.9155849463320972,0.964597758181781,0.7400850789804696,0.6208970927082802,0.7210878363032911,0.743508399884241,0.6457143140180301,0.35702157413338925,0.2995285255262128,0.2016079447264637,0.11048541048745587,0.0,0.0,0.09387388998686645,0.3185005226949421,0.4822994355329262,0.5728242936460362,0.7008563911608618,0.7490262224600351,0.5647698299219445,0.15747792349656556,0.5278108244236224,1.0,0.9889401721627117,0.3718961415789284,0.0,0.0,0.0,0.0,2.024704144234127e-34,2.301306860523556e-34,0.0,0.0,0.0,0.0,0.0,0.0,0.0,0.0,0.0,0.0,0.0
mp-4497,0.0,0.003496361086466738,0.010826959074139678,0.025798615407308944,0.06000641872350078,0.12499191677795728,0.22282551687421656,0.33093037237070966,0.42968782135119726,0.4913915476774605,0.5152577787599627,0.5160300568798969,0.5451232510087849,0.611226695991798,0.632398928204634,0.6174667343904345,0.5689119883779782,0.5170549841510366,0.5119647628614734,0.5936324413813884,0.7030354529362419,0.7158714742413926,0.5984727767134393,0.40325598962235715,0.311061908192252,0.2573723748402693,0.2502299444658856,0.20301486371687252,0.17916196374833204,0.1594660684183319,0.17149936253797687,0.3107123706652223,0.4434803468831762,0.41622127422877697,0.32879122545011824,0.4591069298653673,0.5136466848307377,0.32807040224236683,0.01821457402476871,0.0,0.0,0.0,0.0,0.0,0.4947542676827804,1.0,0.9298758910194126,0.7967231768674999,0.6346591864978366,0.5906834417255988,0.43328302985929984
mp-4514,0.0,0.023229714585782463,0.018144236656703984,0.07083816415842843,0.273617530921687,0.6395440412666161,0.9832646154797872,1.0,0.9085748431039892,0.8462167115128542,0.7914368075632165,0.8263383340260423,0.6898514768382621,0.6573769949783677,0.6262065869539328,0.6336997982823152,0.5948258789250105,0.4765639889050584,0.43826132689640357,0.42407387526509266,0.5862501383873293,0.4703622147613445,0.2713850535425961,0.0,0.0,0.0,0.08425591949137454,0.24623886048974106,0.355815363856837,0.34207088121229035,0.3195156071332846,0.3590602137829325,0.2696553470799131,0.11570091916268503,0.0,0.0,0.0,0.0,0.0,0.0,0.0,0.007184209421787451,0.1806947039281289,0.3594668689427652,0.3507186579138547,0.14944584660402316,0.001809739224311205,0.0,0.0,0.0,0.0
mp-4524,0.00022764010970286955,0.00573703088190594,0.020159165223934985,0.24494195400644542,0.5881431190046833,0.8054981455301019,0.6329905906917366,0.26996896570510753,0.1212478309770642,0.2732273009888997,0.3888711260919355,0.2744204639402134,0.04802687372872049,0.0,0.0,0.22610637797985514,0.5424589661174471,0.8264817788554101,1.0,0.7516873871469862,0.3983635106220196,0.0,0.0,0.0456219034713455,0.0,0.0,0.0,0.0,0.0,0.0,0.0,0.0,0.0,0.0,0.0,0.0,0.0,0.0,0.0,0.0,0.0,0.0,0.0,0.0,0.0,0.0,0.0,0.0,0.0,0.0,0.0
mp-4531,0.02232874840993857,0.00877951128979807,0.1767377212767615,0.48680460320570235,0.8511450411505851,1.0,0.8961358950124692,0.6714197311111922,0.5899861722021644,0.7619108316631696,0.9977312820269375,0.8427290317852418,0.41656813955099925,0.0,0.0,0.0,0.0,0.0,0.0,0.0,0.0,0.0,0.0,0.0,0.0,0.0,0.0,0.0,0.0,0.0,0.0,0.0,0.0,0.0,0.2010234845354261,0.6647368555041374,0.7319253982230113,0.40258910704372086,0.0,0.04597554848377878,0.30906145896014675,0.37388539769034246,0.24044691947145555,0.0,0.0,0.0,0.0,0.0,0.0,0.0,0.0
mp-4533,0.0,0.013198522234099253,0.051315526697157256,0.11702745590905651,0.24341941476921172,0.4142103453404402,0.5686690816862072,0.6474161990240007,0.7661985114956371,0.8621314267481103,0.9775197805598536,0.9714173063450001,1.0,0.8617674722587192,0.6177524122250342,0.36631295211716036,0.2711608396473574,0.13007004432856786,0.16092457204825003,0.25995511058389004,0.38188311342570724,0.39596990651288516,0.33025808666043566,0.31013823528657525,0.38571440038110383,0.3036988628353351,0.13888506737769468,0.04221307977604396,0.04130085659861667,0.07419496582794853,0.07323646187807537,0.06165327566512493,0.06605085786206825,0.10877855008014749,0.17891486696401895,0.16030830599164153,0.07714484049174024,0.0,0.0,0.0,0.0,0.0,0.028719968592791325,0.13848608757567304,0.26825397003094553,0.24105974221662835,0.32498776169104693,0.33496393543658226,0.25287438085221864,0.21059974210089494,0.2436414516403717
mp-4636,0.0,0.05038112942161499,0.2577003879409514,0.5286442707845084,0.6378740468514382,0.5383228844081704,0.36820999049695247,0.20805090952714406,0.14001656944810764,0.2757450981770177,0.3845765453301813,0.3916174063157688,0.24698477503029412,0.15525086696493218,0.14860764066146334,0.0983615156081939,0.2079285145075581,0.34735609181793503,0.8538481048817107,1.0,0.6709568889746794,0.2525821731474817,0.0,0.02837905887483565,0.18270082292599987,0.2900101057875849,0.25132666433992107,0.06675772837032219,0.0,0.018111053876168726,0.22043919049383554,0.33592849058994295,0.4095641713268925,0.2887344837449949,0.2561271118542996,0.114991761191092,0.05951396331307712,0.021257004633099073,0.002507638141467745,0.0,0.0,0.0,0.0,7.031795822630854e-84,3.795591385036576e-83,0.0,0.0,0.0,0.0,0.0,0.0
mp-4651,0.0017177402237628446,0.011728984660698199,0.04009406351159261,0.0550131612287965,0.5709308384773855,1.0,0.9941533054126318,0.6380277422042462,0.45292047594497253,0.5961201174335753,0.5875763384806585,0.48101586412514485,0.46554937780567707,0.42791927800052637,0.3597741794382024,0.35924109224206413,0.4028790739186978,0.43297594547552015,0.39402001416769933,0.35442796922025577,0.3267642633536345,0.25276989188176224,0.16596038156598017,0.33684473084599814,0.736033973290976,0.9147762842036251,0.5929356656608943,0.142526246363474,0.0,0.0,0.0,0.0,0.0,0.0,0.0,0.0,0.0,0.06002855874031343,0.2045987052733129,0.2942841381011889,0.22904758735485334,0.0913171847948255,0.004562688347100646,0.0,0.0061197580762844955,0.0,0.0,0.0,0.0,0.0,0.0
mp-4763,0.0,0.024530456930922963,0.002993681037492507,0.18735981159366694,0.5918679547647756,0.8591104606311857,0.7194629693554256,0.4974318213394721,0.4206585021785073,0.3370461838313595,0.1970880991988643,0.17153556590161048,0.38533712856742525,0.41564730071112005,0.27253332059864477,0.3786844897637287,0.6462085965361957,0.8584334611983528,0.6100724680731697,0.22481428859069835,0.052870275210570694,0.0,0.23784107033878685,0.8375546415472199,1.0,0.5802501215151792,0.05515268297017873,0.0,0.0,0.0004993187330716672,0.0,0.0,0.0,0.0,0.0,0.0,0.0,0.0,0.0,0.0,0.0,0.0,0.0,0.0,0.0,0.0,0.0,0.0,0.0,0.0,0.0
mp-4820,0.0,0.0052315124746804215,0.014626272303305472,0.03518558135892363,0.07929636590344041,0.14632441977047767,0.19947669749704475,0.35543947492178835,0.5824536155761727,0.7638728270897507,0.7596071812904764,0.711402978683464,0.7543977360958194,0.751334908755302,0.5289951426909213,0.47921042436806965,0.6741095060990931,1.0,0.938280195402795,0.511145772999865,0.18645496034620299,0.18945147042507512,0.3842181693355594,0.4254082281101769,0.5456061901501968,0.5775513307077402,0.4879628579114286,0.17135724142893746,0.0,0.03891108498609512,0.22296927435069996,0.34213502574310506,0.26922950452568095,0.08023678727798918,0.011524546691094789,0.0,0.0,0.0,0.0,0.0,0.0,0.0,0.13238783286503727,0.24470367408452193,0.377148787531066,0.5862235008461354,0.7249231184726322,0.5683174816602312,0.29615271762946327,0.19033820767730383,0.18447376114598119
mp-4824,0.0,0.020731742651308664,0.06318148839720807,0.19932026012087328,0.34981440191085744,0.6898182050738915,1.0,0.953866842869913,0.7602961654784154,0.428924136962767,0.29086492349766874,0.30432269217343244,0.39726235316413533,0.6392613441008335,0.5812733275708447,0.38341142359125874,0.04869480758954464,0.0,0.02330527489445242,0.0,0.0,0.0,0.0,0.0,0.0,0.0,0.0,0.0,0.0,0.0,0.0,0.0,0.0,0.0,0.0,0.0,0.0,0.0,0.0,0.0,0.0,0.0,0.0,0.0,0.0,0.0,0.0,0.0,0.0,0.0,0.0
mp-486,0.002907354681792676,0.0037062256234334746,0.019706077128238443,0.11067897497309528,0.3255874934529231,0.4756389780984773,0.49013010026703807,0.4392924136896626,0.43933776585703266,0.478452904930751,0.41682276443808924,0.4500294348308964,0.3822534479399558,0.33995043000098946,0.33314294573569886,0.38050082350909353,0.3247245066211256,0.02523838254284506,0.09035994025990149,0.4223267365971757,0.8616314793279581,1.0,0.9346429331189368,0.730620750744148,0.34931912698299095,0.10719131008867135,0.0,0.0,0.0005718707369499143,3.1941759078536835e-05,0.0,0.0,0.0,0.0,0.0,0.0,0.0,0.0,0.0,0.0,0.0,0.0,0.0,0.0,0.0,0.0,0.0,0.0,0.0,0.0,0.0
mp-4961,0.07836961770830021,0.0,0.5602812088975586,0.9406953698346925,0.7516547960905653,0.20964374553335402,0.0784411309562257,0.5713296555463622,0.953733776827077,1.0,0.938391908754917,0.9520838087220722,0.9856280455667799,0.7521477545003326,0.5080979270625,0.44276681165304077,0.29548416122340065,0.12595291071696466,0.0,0.0,0.0,0.0,0.0,0.0,0.0,0.0,0.0,0.0,0.0,0.21814098190102377,0.4801081494908118,0.512748118056755,0.25446672061724607,0.07911921100101857,0.03266411385962048,0.012344575398677324,0.0,0.0,0.0,0.0,0.0,7.544159705917209e-60,0.0,0.0,0.0,0.0,0.0,0.0,0.0,0.0,0.0
mp-505297,0.0,0.018237049659641586,0.042714560214501214,0.0760098020794277,0.3431373934126716,0.4994496890744633,0.5648352857488895,0.3618219231079801,0.49430701412156974,0.7458746442091017,0.9630481903604545,1.0,0.7873811936032789,0.5846004376576925,0.060842104434312226,0.051569957526223835,0.0,0.0,0.0,0.0,0.0,0.0,0.0,0.0,0.0,0.0,0.0,0.0,0.0,0.0,0.0,0.0,0.0,0.0,0.0,0.0,0.0,0.0,0.0,0.0,0.0,0.0,0.0,0.0,0.0,0.0,0.0,0.0,0.0,0.0,0.0
mp-5072,0.008151560498241606,0.12948177329673652,0.5866405678591844,0.9049757664226753,1.0,0.6874373911158024,0.3332927391197943,0.20518038314446602,0.19832658002268738,0.1260484127295557,0.2130380636037907,0.2694682909579191,0.2815719480841011,0.16108253670253833,0.07095496399446136,0.0,0.0,0.0,0.0,0.0,0.0,0.0,0.0,0.0,0.0,0.0,0.0,0.0,0.0,0.07863096535181115,0.2656260468667314,0.31245525834094745,0.19200568881586258,0.0,0.006714109235372092,0.00031602114837490203,0.0,0.0,0.0,0.0,6.979726239777938e-52,2.1374320271727795e-53,0.0,0.0,0.0,0.0,0.0,0.0,0.0,0.0,0.0
mp-5077,0.045591517634401876,0.0,0.07970672700237616,0.3008582679471813,0.6268424781415243,0.908803230435693,0.835577631927289,0.5089888786292591,0.12460144572665614,0.0,0.0,0.0,0.025823384786946246,0.4411374847509023,1.0,0.9700554445476923,0.5456421825145356,0.2969276830857281,0.12211594099727595,0.011354504889378813,0.0,0.000496564240316881,0.0,0.0,0.0,0.0,0.0,0.0,0.0,0.0,0.0,0.0,0.0,0.0,0.0,0.0,0.0,0.0,0.0,0.0,0.0,0.0,0.0,0.0,0.0,0.0,0.0,0.0,0.0,0.0,0.0
mp-5078,0.05745609438045451,0.0,0.25703806983527466,0.6154494135312968,0.8493200333969405,0.9839598116524076,1.0,0.9179169412755456,0.6353180585953827,0.6000678855891659,0.622175840650582,0.5983400280944956,0.7169338263891994,0.7336602878837793,0.6265951058083815,0.32871940956342666,0.12627029141419377,0.011016105452538234,0.0,0.1646511400706969,0.4635271693526076,0.5163799713192203,0.5636498888648163,0.551050149365687,0.3947520688069635,0.18356124444275082,0.0,0.0,0.0010800496267941995,0.001028373735166094,0.0,0.0,0.0,0.0,0.0,0.0,0.0,0.0,0.0,0.0,0.0,0.0,0.0,0.0,0.0,0.0,0.0,0.0,0.0,0.0,0.0
mp-5122,0.09429749331514714,0.0,0.2539812043291598,0.6153013417500753,0.9219959378069725,1.0,0.945634894518044,0.9398335305652384,0.8785932307279786,0.8979586621951757,0.8575783172121171,0.9275064487872314,0.77337809765877,0.38955714405963854,0.35975341136496225,0.5055520964205014,0.5295337887822491,0.2381797880894452,0.07484264514353668,0.3955238322046543,0.43691295946553277,0.25859191208619203,0.001855917071487729,0.0,0.016668462194542565,0.0,0.0,0.0,0.0,0.0,0.0,0.0,0.0,0.0,0.0,0.0,0.0,0.0,0.0,0.0,0.0,0.0,0.0,0.0,0.0,0.0,0.0,0.0,0.0,0.0,0.0
mp-5132,0.0023339800859124736,0.005157737680968426,0.031331995155166444,0.08207249339365277,0.15286315951573629,0.20312732070996956,0.356503664270479,0.6643359657288251,0.8685541870962041,0.8689000376855557,0.8580108606601637,0.7495949409841939,0.3999356227702747,0.23684065251584555,0.5866213088641776,1.0,0.9506346257111833,0.5063291292524913,0.30626751562200694,0.1756354970493956,0.07340377861391995,0.0,0.0,0.06137090396134994,0.41554850021563716,0.6230912483916974,0.7559721965689282,0.5603304193868182,0.30789227572951733,0.030978912123533597,0.024140673688353265,0.31334822030794773,0.3739736157819952,0.22370757715925255,0.0,0.0,0.0,0.0,0.0,0.0,0.0,0.0,0.0,0.0,0.0,0.0,0.0049292867497473325,0.33324007378995774,0.6604108796815328,0.8036398428259718,0.5425809316843928
mp-5175,0.0,0.020881096324574862,0.04707873315398208,0.10992494676631459,0.32438434174315894,0.5782769995702174,0.7349631282776432,0.8466518095443912,0.8899207728954169,0.8431105505889166,0.8658637033061475,0.9367669972710432,0.7233034523967844,0.2445260514317324,0.017472754385996856,0.31971317194192855,0.8186179705331496,1.0,0.8975690096049594,0.6926441581339849,0.4735095329628792,0.507526866403419,0.5202013947618271,0.6389628447233926,0.6484468781210151,0.4241299943845876,0.19620486364823309,0.0,0.0,0.0,6.408784303695571e-06,5.68397159560549e-06,0.0,0.0,0.0,0.0,0.0,0.0,0.0,0.0,0.0,0.0,0.0,0.0,0.0,0.0,0.0,0.0,0.0,0.0,0.0
mp-5350,0.017827150212320054,0.0,0.11946493322940462,0.3314808695985707,0.6199259105054106,0.8043414476371337,0.6749766853948216,0.43626541503114435,0.21143922593949668,0.027240168891094416,0.02836706540053403,0.15864606274903423,0.47196751669034115,0.5042837456162612,0.2986630935085945,0.2510904277821638,0.5711485586590233,1.0,0.7821173373918259,0.37682617154116554,0.0,0.0,0.054858332546896135,0.0,0.0,0.0,0.0,0.0,0.0,0.0,0.0,0.0,0.0,0.0,0.0,0.0,0.0,0.0,0.0,0.0,0.0,0.0,0.0,0.0,0.0,0.0,0.0,0.0,0.0,0.0,0.0
mp-5377,0.017559959700523226,0.000742988850476252,0.06618915708681652,0.21076625937140306,0.4857265879893838,0.7600321467478958,0.8888650585435078,0.8867401235813623,0.8051747572765914,0.8847216311261846,1.0,0.9134645314336934,0.7826990390394002,0.7609502821139774,0.8036270058506749,0.6785891218415576,0.5656301300126924,0.5549891174891998,0.5817007102545982,0.5257463787844292,0.44549722756506205,0.4719762658306275,0.4672018066245147,0.44039912016850397,0.5829512778409507,0.5609659266993448,0.3952336211084069,0.08910866091905306,0.11901878307553322,0.20331876107546643,0.3160198729528701,0.5463367569193481,0.5876390369853588,0.43206711516414137,0.2592587755482525,0.18977909532037165,0.18858247592065747,0.10614757573250481,0.09595292867562306,0.3918323334127117,0.4935422534346261,0.3522808986238379,0.030090520894595102,0.0,0.0,0.0,0.0,0.0,0.0,0.0,0.0
mp-5414,0.0,0.12638182289514524,0.4658574712068208,0.7142269953818813,0.7699324984976079,0.8176410800043469,0.97954951080853,0.8886838834903564,0.7705971655938243,0.7737928564303047,1.0,0.7796765366021015,0.5071045777646546,0.3060930462701734,0.5196106382243566,0.4486503958446847,0.24329255952074982,0.014452341456736847,0.0,0.12811478678708318,0.0,0.0,0.0,0.0,0.0,0.0,0.0,0.0,0.0,0.0,0.0,0.0,0.0,0.0,0.0,0.0,0.0,0.0,0.0,0.0,0.0,0.0,0.0,0.0,0.0,0.0,0.0,0.0,0.0,0.0,0.0
mp-541989,0.00100999443863018,0.00881316007134471,0.03962604368703292,0.08400592505119,0.1358637451807697,0.242460457526497,0.4699134583071894,0.6922129823979568,0.7748224326714215,0.7690064515445685,0.8741727817393228,1.0,0.8882124103360793,0.5646175040584598,0.2921557290967328,0.16355880798864092,0.07440081630938546,0.017354958493914774,0.0,0.0,0.0,0.0,0.0,0.0,0.0,0.0,0.0,0.0,0.0,0.0,0.0,0.2835012507355727,0.5370534662616049,0.4901195744345051,0.14301112046549663,0.0,0.0,0.0,0.0,0.0,0.0,0.0,0.0,0.0,0.0,0.0,0.0,0.0,0.0,0.0,0.0
mp-546011,0.0323160222087011,0.0,0.29225372801696664,0.5477829727061294,0.7504512381178589,0.9309119360282455,0.9867145775038412,0.7584426600105812,0.8536222574005566,0.9702976109745417,1.0,0.7301402433240534,0.422466079661399,0.14876380314862117,0.0,0.0,0.15081903929039145,0.3587645968741891,0.4362011811990531,0.30345920879784866,0.20193613705270744,0.14723988295568102,0.12512867728757748,0.11930103996964479,0.14911929907500793,0.20392868100382466,0.23675499926075774,0.23083783512499953,0.13318437745377845,0.05108459501628857,0.0,0.0,0.0,8.699096684805997e-16,7.524419116627826e-16,0.0,0.0,0.0,0.0,0.0,0.0,0.0,0.0,0.0,0.0,0.0,0.0,0.0,0.0,0.0,0.0
mp-546125,0.0,0.010032673398700747,0.020028038287273727,0.047361120393578336,0.12063758605519431,0.2874597313538278,0.5875163308510343,0.7487817041217419,0.7090211078124504,0.6239789369572426,0.6220401033543513,0.663636220795531,0.7165181023624211,0.9284893388405487,1.0,0.9209916734343883,0.6120617543033857,0.3509548323123299,0.16987922718481427,0.24790320669476476,0.4422963324098916,0.5500762067957345,0.3937193551588592,0.1556341093699248,0.23124798557580287,0.30962001903980624,0.2783079173766296,0.09111716156396837,0.0,0.0,0.0,0.0,0.0,0.0,0.0,0.0,0.0,0.07975290140837223,0.23066790225491438,0.3609134087529749,0.4075864798885858,0.2951874584875783,0.5482174426383646,0.5748918206921267,0.48351889751962657,0.22803047064041776,0.10404191764366191,0.09571430972009527,0.013313105758511534,0.0,0.0
mp-546500,0.0,0.07003118248351854,0.13237219436474676,0.25781369556289907,0.6168891955944166,0.9204460073721458,1.0,0.9353557364690079,0.4554333856245336,0.6782333590531096,0.7738053524776258,0.9448054113281773,0.6222423198733887,0.22556978181039772,0.06803990432021553,0.0,0.0,0.0,0.0,0.0,0.0,0.0,0.0,0.0,0.0,0.0,0.0,0.0,0.0,0.0,0.6221518575392261,0.8343960206649329,0.6004536471523415,0.0,0.0,0.0,0.0,0.0,0.0,0.0,0.0,0.0,0.0,0.0,0.0,0.0,0.0,0.0,0.0,0.0,0.0
mp-546794,0.0,0.0863040441522565,0.23972733917071096,0.4166884592816103,0.5178698150818947,0.5179046899755908,0.4645376861535939,0.4047916350399846,0.47468989632084707,0.5195459260168783,0.5552601532771556,0.4940269676996122,0.46212541685488595,0.4582277147760737,0.49272621143064216,0.5867711280000243,0.7680258234595736,0.8194949347929581,0.683381669147617,0.6832067894051901,1.0,0.9269195671881054,0.4917663302596608,0.01213618449958007,0.050893935788960565,0.23829324918721626,0.31085178105108163,0.257358594876524,0.1751258112897492,0.10323765774332197,0.07785785917704481,0.11369814380304544,0.17853043918585096,0.21409367071193422,0.22652304640518295,0.20220958742146006,0.08875574501316671,0.10450841884647115,0.4899143706751148,0.9240438665589208,0.819287719996023,0.3011861157980941,0.0,0.0,0.0,0.0,0.0,0.0,0.0,0.0,0.0
mp-546864,0.0,0.0213716915611541,0.048413740707949585,0.07972101968754743,0.12592877452300164,0.2488039175367222,0.3746194660852624,0.5343461959839809,0.4387679902828601,0.6169256592083393,0.8407960775488648,1.0,0.97019054967817,0.7823509586368402,0.37625676277751735,0.11627537152226855,0.0,0.0,0.24136457810476072,0.5020694240184774,0.5732245773827009,0.3341249517253157,0.07439221550424734,0.15650637968079492,0.2595146879128601,0.24397501789946355,0.22099872543201715,0.3652911593969195,0.421232336161479,0.1905998385124066,0.0221501559787208,0.36565444948664133,0.5173404209543239,0.36297254494431075,0.0,0.0,0.0,0.0,0.0,0.0,0.0,0.0,0.0,0.0,0.0,0.0,0.0,0.0,0.0,0.0,0.0
mp-547244,0.008188276513519525,0.06978158280279183,0.2736099436569792,0.46734052698555867,0.8410668285603173,1.0,0.7958252644664412,0.5061120587243095,0.3537551637439928,0.315594512118523,0.138731389459241,0.0,0.05908055538266303,0.12173583070912825,0.17343380687646634,0.19808569554794797,0.18385036398561022,0.17075171234870443,0.1896176213785693,0.2504514625894385,0.2412190231621551,0.18140136639231222,0.16590470123046144,0.2116470560286938,0.2339564425183731,0.22864791018123373,0.21258972707435986,0.1860525157185084,0.10064692784052474,0.020261504658830327,0.0,0.0,0.0,1.03038856447868e-17,1.1433360863534012e-16,0.0,0.0,0.0,0.0,0.0,0.0,0.0,0.0,0.0,0.0,0.0,0.0,0.0,0.0,0.0,0.0
mp-5475,0.10315435385419557,0.3450522812380084,0.4802370445808168,0.4349125183543261,0.3136715907127376,0.2852326690063565,0.2625982379320882,0.3058820807215953,0.5255751140976418,0.6725054545707467,0.6595361388826328,0.826449399796076,1.0,0.7684754446084933,0.340889041781653,0.0,0.04378308925421504,0.04710037955050548,0.1429653288741163,0.3152593300469697,0.4721311521014168,0.4895436042775573,0.3622874994213524,0.34208234847004493,0.3511342692738815,0.39554553563963796,0.49878996394336944,0.6361718570541595,0.6128617338919254,0.4558534883392456,0.2962085058465382,0.11656223505469457,0.038357948546649874,0.26771156884423275,0.4760878106570423,0.39138403582099557,0.104442846177634,0.0,0.0,0.0,0.0,0.0,0.0,0.0,0.0,0.0,0.0,0.0,0.0,0.0,0.0
mp-5478,0.0,0.40210586953837446,0.42143526166882156,0.2247136421397582,0.17946127208238227,0.4819126250991445,0.6830716572033881,0.5713599987608257,0.5427895169975788,0.5396525609559973,0.40908563275158966,0.3207877500670492,0.30626949724911395,0.2554464443754157,0.055603393404461375,0.0,0.0,0.05724016641212773,0.094320275899639,0.10044193800904677,0.10101644414856618,0.12002471762018674,0.14708207450943958,0.30749361809170517,0.42831798565789514,0.2918912864106681,0.24888873852848592,0.5177128165836049,0.8410514734940691,1.0,0.7117435268491398,0.37473637720126723,0.0039831085928960135,0.0,0.0,0.0,9.59164842974226e-22,6.006857462675706e-22,0.0,0.0,0.0,0.0,0.0,0.0,0.0,0.0,0.0,0.0,0.0,0.0,0.0
mp-5479,0.025546633976899283,0.25364119094345233,0.7457157463729412,0.9850701101959929,1.0,0.721060332058122,0.576517685113866,0.33695767644685465,0.34773685261512977,0.4005295807714196,0.6548078180947542,0.7324265635984021,0.6294391241665351,0.39193229386565137,0.273632892993362,0.4115670945791534,0.5546218727230459,0.5779847496954262,0.4294234606886093,0.24754236839904276,0.17291477315557385,0.26870870693492704,0.37342382310718225,0.35226810224509175,0.2568700281992583,0.22939940954012372,0.2936516859086093,0.232285342971576,0.2308145075230071,0.1865458505413254,0.12348776950830614,0.11528530790634081,0.3434633760284317,0.5317712459287322,0.44127804828748357,0.15127659220298062,0.026932105028451003,0.022939528082003408,0.010131553034508448,0.0010044097801625515,0.0,0.0003710114652076548,0.0,0.0,0.0,0.0,0.0,0.0,0.0,0.0,0.0
mp-549697,0.03180867036298191,0.007771295432410793,0.4398291807233008,0.8587630524245807,1.0,0.7219433734043275,0.5246538218813825,0.3165524771476287,0.14958151544529105,0.308940190985898,0.5171068129096231,0.7302759035065669,0.692627850988159,0.6078250513754805,0.6115344801510011,0.38142419924608323,0.369119159029735,0.5063935802558062,0.5162132984811598,0.3152769371035994,0.0,0.11625517144862677,0.3362218678939355,0.44933564702093937,0.493602261806512,0.3849604605302624,0.3680657796786522,0.2282404382863707,0.15716601785359047,0.49280505993587487,0.8644303061969902,0.9176886255267848,0.6005642490554683,0.7816191457946965,0.8877761296222605,0.6371387806347658,0.08524348721644134,0.0,0.0,0.0,0.0,8.382691789640599e-66,4.526432099553499e-65,0.0,0.0,0.0,0.0,0.0,0.0,0.0,0.0
mp-551203,0.0,0.3308410437344586,0.700296124234217,1.0,0.9968472041413253,0.8254805577279319,0.452540736249601,0.1675709850664219,0.16287216011585864,0.1538526467472837,0.15246565567236872,0.06416034738270579,0.0,0.01387544064245334,0.12248425870655572,0.15102548370543858,0.12549206765915544,0.14279566977135316,0.15068584891292724,0.16978391968324136,0.08239460438267229,0.11685017313620227,0.10100990782077385,0.05459591167461169,0.007219634368968116,0.0,0.00551417343840935,0.0027168113093291183,0.0,0.0,0.0,0.0,0.0,0.0,0.0,0.0,0.0,0.0,0.0,0.0,0.0,0.0,0.0,0.0,0.0,0.0,0.0,0.0,0.0,0.0,0.0
mp-552234,0.2157256990236742,0.0,0.38690072960104915,0.9240313703858027,1.0,0.7636461158075486,0.2994691421681006,0.4066261191333487,0.3799597545924128,0.3024946481233039,0.09997374969916019,0.0,0.06503007561482096,0.14309547205450984,0.19282121694377835,0.19889685047336902,0.17860310566117504,0.18225425651529456,0.22144671060484963,0.25410150162068373,0.20477467346791733,0.17369133949088153,0.18780530155780012,0.22910078810340564,0.22214071340803454,0.2155211496137638,0.19518648587522772,0.13239865277162116,0.03495247601929821,0.0,0.0,0.0,0.0,1.9455703607924113e-13,0.0,0.0,0.0,0.0,0.0,0.0,0.0,0.0,0.0,0.0,0.0,0.0,0.0,0.0,0.0,0.0,0.0
mp-552537,0.05415121225272844,0.0,0.2699627832897521,0.5981405896829586,0.9301074844734925,1.0,0.865249316338967,0.5387754956964604,0.37250510662279385,0.29105066980387445,0.21017714274393906,0.02092395510040399,0.0,0.0,0.057289737234860555,0.18381367526634915,0.31797443197995984,0.36711371603904264,0.3461579010820658,0.2816343849115263,0.16606908145382385,0.03652529418075684,0.0,0.0,0.0,0.0,0.0,0.0,0.06340726949246708,0.13837384643548886,0.20355699051369675,0.21996352144000797,0.15771828987051567,0.10919918123013102,0.0,0.0002275465158732445,0.0,0.0,0.0,0.0,2.437783757327645e-57,8.576753794040195e-57,0.0,0.0,0.0,0.0,0.0,0.0,0.0,0.0,0.0
mp-552547,0.09714536249113583,0.0,0.5807074388785695,1.0,0.9133265057948559,0.5496754681357829,0.29344473075770267,0.4380753439492731,0.38230362048906796,0.29566762049417056,0.06155873019785683,0.0,0.09884886943626472,0.18379927534138432,0.22645229603348963,0.19308112282425616,0.18401417309648568,0.20858114460601535,0.2618673900776237,0.22520932968237187,0.1888100006774369,0.19701633166880997,0.2271589098797919,0.22003477631267954,0.22613271752028885,0.2046040596250781,0.14599773995792986,0.04007336300196796,0.0,0.0,0.0,0.0,6.366753005369283e-11,0.0,0.0,0.0,0.0,0.0,0.0,0.0,0.0,0.0,0.0,0.0,0.0,0.0,0.0,0.0,0.0,0.0,0.0
mp-5532,0.020510016063735058,0.0,0.008481731760594363,0.13586670697795955,0.6967943525818426,1.0,0.9445943370827086,0.9195888374562792,0.8977365453298014,0.8853906159369151,0.6057976970312157,0.5568014055916023,0.6000867125415195,0.7069316144660811,0.5663961277030611,0.3423607731618056,0.16638617627655594,0.23923169534553226,0.3808045216204009,0.4561129765343977,0.4142348653272363,0.39910870216536837,0.44460834691400053,0.4263247938164499,0.3745219136822825,0.3010768695090422,0.47681469821311834,0.44572444836511105,0.27568390508199225,0.05035790742831599,0.0,0.0012322157520024092,0.004003174213965903,0.008034859140714728,0.010790743374236998,0.014898590722779612,0.015806373433959856,0.07922413324836566,0.1426995155270402,0.187887331969966,0.14747027473698057,0.06871529008132864,0.012860478495028731,0.0,0.0,0.0,0.0,0.0,0.0,0.0,0.0
mp-553875,0.001996032125795214,0.005279386216851678,0.028627452788715656,0.0792556299893825,0.14495776569864377,0.290932273801924,0.4660784766073551,0.6748319765870533,0.7986676998999802,0.9370233654173113,0.9533512374375178,0.978812584376099,1.0,0.9784615701532354,0.6952907671101131,0.31117490812765036,0.06157036913389787,0.0,0.0,0.0,0.0,0.3045629656828707,0.591411717954406,0.6957969935033217,0.5325676153840726,0.35334746453433036,0.20467170761512285,0.0,0.23201744642540406,0.41864261634234473,0.39976277267078547,0.17150037378350422,0.18093446377825143,0.6122210854421648,0.6357821893736934,0.3281865280656704,0.0,0.0,0.0,0.0,0.0,3.995470976669284e-58,0.0,0.0,0.0,0.0,0.0,0.0,0.0,0.0,0.0
mp-553961,0.0,0.014051505186034614,0.0334222059016697,0.11287729183372867,0.27110442214604635,0.44898169409475086,0.567303835396855,0.638735614156081,0.7514979173936761,0.7476679424683335,0.7432848281474899,0.7772143648898683,0.8740029620164951,1.0,0.8913805894782159,0.7359855917872432,0.7167146225536178,0.7801209649816501,0.716819351402083,0.5945329289162339,0.56194785934128,0.6670922781833507,0.6586350481606444,0.5916951799754663,0.5749934322191568,0.4527512621927233,0.34506290502224274,0.2190214008599231,0.25738642105823845,0.4689893177864758,0.5137271747790876,0.3910675374771572,0.15097074123811305,0.09973241780382779,0.13289465761851998,0.15083706525106957,0.19618716672039468,0.18921440171525283,0.22359418217066218,0.3946641125657125,0.40760134968767886,0.24251041399866616,0.00906924349079215,0.0,0.0,0.0,0.0,0.0,0.0,0.0,0.0
mp-554412,0.07630030800602686,0.41349058151270807,0.9500883287156776,1.0,0.6833708830344212,0.46527030819820003,0.4625003981741701,0.63956151395109,0.6180688361062491,0.5123977768952311,0.5388824828042067,0.7626693731833505,0.7906008726503879,0.631338297332581,0.5065355080306284,0.48925525833122957,0.34839715042374125,0.2812014134883405,0.4053657745927838,0.5523788662025798,0.6118036304890235,0.4334694874889867,0.1486216705904554,0.0971482657698388,0.18239360313239747,0.4134169768051258,0.37131811472547577,0.03432404334891497,0.1556305680985324,0.5331046741067,0.8410787606539022,0.6505185450806104,0.2106152790219481,0.0,0.0,0.0,0.0,0.0,0.0,0.0,0.0,0.0,0.0,0.09235278507278097,0.43128755029854304,0.6511186717035329,0.4779764486049451,0.20197273464407875,0.0,0.0,0.30083565359313214
mp-555410,0.02508304470068021,0.08611919006852418,0.29435187058622053,0.5329351839844929,0.587815666126025,0.37580641314684754,0.12138961354139667,0.07402020118525988,0.2937761935234094,0.32381681159625786,0.19626482722011812,0.0020700088700617825,0.0,0.11735809034033104,0.6027545200730052,1.0,0.928020562377674,0.37708804982225674,0.0,0.0,0.0,0.0,0.0,0.0,0.0,0.0,0.0,0.0,0.0,0.0,0.0,0.0,0.0,0.0,0.0,0.0,0.0,0.0,0.0,0.0,0.0,0.0,0.0,0.0,0.0,0.0,0.0,0.0,0.0,0.0,0.0
mp-555763,0.07339741689856304,0.0,0.05424988058397696,0.3561232147627408,0.6951029477946875,0.6809082536162867,0.3316780883069027,0.057870292891285556,0.19409064345000154,0.3369262591174434,0.26652918995476843,0.07616307883111034,0.0,0.02172475549343236,0.5468928752724044,0.9527263015507123,1.0,0.45252443292941263,0.1791514226010856,0.0,0.0,0.0,0.0,0.0,0.0,0.0,0.0,0.0,0.0,0.0,0.0,0.0,0.0,0.0,0.0,0.0,0.0,0.0,0.0,0.0,0.0,0.0,0.0,0.0,0.0,0.0,0.0,0.0,0.0,0.0,0.0
mp-556120,0.19284744230890705,0.3488600302703901,0.7619647233982053,1.0,0.8953868723092862,0.7579720455414092,0.6554670642455739,0.6743020806976875,0.686370245068166,0.5407088863258624,0.3143647496146458,0.0804543383090318,0.1803869389412867,0.3550281829161348,0.2749033625932744,0.0668050431687941,0.0,0.0,0.0,0.13268246464803538,0.6572133986282274,0.7681410969819842,0.46538284398823887,0.0,0.0,0.0,0.28281197386368545,0.39174644934529873,0.1762727567578572,0.510118984824236,0.7743965870006289,0.6189875805303523,0.04898785770876426,0.0,0.0,0.0,0.0,0.0,0.0,0.0,0.0,0.0,0.0,0.0,0.0,0.0,0.1602869768290305,0.4897026790799205,0.5886704312997434,0.5246156287974026,0.29955637388367246
mp-556953,0.06485873484780308,0.1683922630132703,0.6716473202856105,1.0,0.7895837372107857,0.39795621992413505,0.05030075921181093,0.1461220934091813,0.2757735111704585,0.33252810290666673,0.22174288884830812,0.30449400388793957,0.21621089147224568,0.17645012861459128,0.05358312721533608,0.1433115981700885,0.14076060508295116,0.06128285698069103,0.10410919549360201,0.15856558191923764,0.17226717930432112,0.06371903054387006,0.0,0.0,0.029775351299181935,0.10657221881402694,0.16899654786054893,0.12869989818343636,0.05698189246289207,0.08140894970224027,0.07058005420558656,0.10396254744974794,0.13975630633960287,0.18912929785666546,0.10395679877717359,0.0,0.0,0.0,0.0,1.1986135164473341e-39,1.7664215808557953e-39,0.0,0.0,0.0,0.0,0.0,0.0,0.0,0.0,0.0,0.0
mp-558071,0.10766285630327624,0.0594027433703707,0.5855502591873442,1.0,0.8696974475805898,0.8653744294770886,0.9122800721547824,0.8778703320016955,0.37605095547518025,0.0,0.0,0.0,0.0,0.0,0.0,0.0,0.0,0.0,0.0,0.0,0.0,0.0,0.0,0.16175233951191173,0.2253505602259316,0.17035314342760466,0.0,0.0,0.0473700470877655,0.0,0.0,0.0,0.0,0.0,0.0,0.0,0.0,0.0,0.0,0.0,0.0,0.0,0.0,0.0,0.0,0.0,0.0,0.0,0.0,0.0,0.0
mp-558781,0.04291830322630337,0.0,0.06380664347785311,0.27185355396670585,0.5480939762031737,0.6899933707260951,0.7081428392353215,0.6088017262493405,0.6404477963934775,0.6332532089081295,0.7320525047360592,0.785610222772514,0.8602310857768833,1.0,0.9394774188074364,0.9017851495182186,0.7886663552071699,0.7462113857199436,0.6630978572228916,0.5673409742988843,0.6063784044308839,0.6828754884893681,0.7350603567818471,0.6460518011447379,0.5987637649140206,0.5029751440542747,0.44273055792319577,0.33102089050786265,0.20257964023207745,0.408930269105203,0.5673051847578334,0.5030539669883016,0.30643558770733637,0.0777009116530244,0.14438081364667257,0.17247903459927294,0.1969304748231717,0.16885810936166085,0.16364236255428757,0.39830622459835224,0.49347855433115245,0.35423104906764086,0.06808327853132311,0.0,0.0,0.0,0.0,0.0,0.0,0.0,0.0
mp-559092,0.0,0.051470398794150586,0.20448065880700672,0.4209027326883724,0.7501207326766951,0.9112188316224322,0.9649448221586999,0.8389161079352614,0.8892161179318598,0.952197905070813,1.0,0.8026259559621494,0.484447980561146,0.24827089885773054,0.15285723072810478,0.20007681408676475,0.20663882242522355,0.2164852648702381,0.257709555025759,0.33618379734334225,0.17125334069051304,0.5090234217044565,0.9685974408168422,0.9797349977383748,0.5047959269912617,0.0,0.0,0.0,0.0,0.0018612161626549606,0.17158202989867,0.4043640801113586,0.4163931249664519,0.20847165524635425,0.0,0.0,0.0,0.0,2.324532958241964e-33,4.450546969819301e-33,0.0,0.0,0.0,0.0,0.0,0.0,0.0,0.0,0.0,0.0,0.0
mp-5594,0.0,0.027322175661224527,0.013204542509639308,0.04655565845322465,0.23605774547237446,0.46655290961848134,0.6587818843919535,0.7204317427608751,0.8384489663481463,0.9662003328514945,1.0,0.9128586785203561,0.7611247069254891,0.6616250973178192,0.6761217288433206,0.7502992652642166,0.6989038612842473,0.7578768902873024,0.8023821492398531,0.7439914987649997,0.7177465360902386,0.7501170877402729,0.8534512165996468,0.8704903282388243,0.8246267676182676,0.7698788629917849,0.5855708960884566,0.4736262523721163,0.38331303689207524,0.3240747844875587,0.1473895880200443,0.03127209279659472,0.15909783786354523,0.2935820305951904,0.24254924510117745,0.06061074526279511,0.0,0.0,0.0,0.0,0.09998047204336306,0.19732301557518236,0.39771334929422986,0.5351950378555086,0.6582749447436017,0.8518845209172764,0.6514990124507232,0.41553907593032857,0.17184477753415958,0.1967708182344614,0.17085514559835338
mp-560037,0.25689360864201743,0.7305942753748217,1.0,0.9422788602522043,0.6688381043850805,0.6177965461035769,0.5016143129359891,0.41901094948712264,0.28476118067734935,0.07633810810180788,0.22773900808372,0.36820669900451936,0.3279035750717847,0.06551737051019191,0.0,0.1021687620069515,0.22425090692469504,0.24855806173480213,0.2753940977300956,0.18074054095242478,0.23471894351509687,0.1040755879207089,0.16668120279721124,0.14941255422539404,0.10140346150169802,0.05959509071484249,0.0,0.0,0.0,0.0,0.0,0.0,0.0,0.0,0.0,0.0,0.0,0.0,0.0,0.0,0.0,0.0,0.0,0.0,0.0,0.0,0.0,0.0,0.0,0.0,0.0
mp-560588,0.07085688691394625,0.0,0.05201708119185053,0.3511452035723342,0.6972036295276375,0.6832438533853298,0.3325632253618231,0.05343648088398313,0.19439852272682825,0.33708314216781116,0.26708523868100364,0.07754316563782569,0.0,0.04053754909731386,0.5300127134165292,0.959974865065513,1.0,0.44730415419816727,0.16072494399385787,0.0,0.0,0.0,0.0,0.0,0.0,0.0,0.0,0.0,0.0,0.0,0.0,0.0,0.0,0.0,0.0,0.0,0.0,0.0,0.0,0.0,0.0,0.0,0.0,0.0,0.0,0.0,0.0,0.0,0.0,0.0,0.0
mp-5621,0.0,0.024001038777683496,0.19246702319151465,0.49157283783738415,0.6385925325685311,0.45806577122991954,0.3829900859177103,0.2938852630535622,0.3390640365732311,0.27676356101873184,0.43955242780921777,0.6537716717632285,1.0,0.8516865851208002,0.37532423965819944,0.0,0.0,0.0,0.0,0.061767546688073334,0.1973242750501719,0.47459061403445435,0.45359088358936916,0.25426254807407833,0.0,0.05762923982738164,0.0799803111076215,0.0,0.0,0.0,0.0,0.0,0.0,0.0,0.0,0.0,0.0,0.0,0.0,0.0,0.0,0.0,0.0,0.0,0.0,0.0,0.0,0.0,0.0,0.0,0.0
mp-5652,0.04737814216183679,0.0,0.05334950773953657,0.27373138113053347,0.5031586869885541,0.7175736302024607,0.8450262680638447,0.8810229767017114,0.9544007862628028,0.947109075895565,1.0,0.8652819714704396,0.744910152589546,0.690860684074702,0.48820134546946725,0.5091252603397525,0.593295012194053,0.7880212017637356,0.6009472631481922,0.5281267503039058,0.5844537012438472,0.80263964053757,0.8311609797296274,0.7168159466725728,0.7612545100042049,0.6073436804676559,0.634963763544519,0.4051688765552436,0.26020775812965563,0.01746398045393892,0.0,0.22227038092486856,0.29792295290478865,0.20825612529123882,0.0,0.0,0.0,0.0,0.0,0.0,0.10950248748444763,0.2308377077276193,0.3345111328053837,0.4009502940358379,0.6990779464587042,0.9417120292169555,0.6580269342783391,0.3319603535727936,0.1951356384124521,0.18746445736404183,0.12916601094839075
mp-567636,0.018195416573480384,0.0,0.033200460843662134,0.18135257745015212,0.37636122421689155,0.5062861836555812,0.4634140506117492,0.4203688479444925,0.30717834366831875,0.12107430233364572,0.2130259510542723,0.6154183289987518,0.7893293532703138,1.0,0.8692608493410702,0.676805609667037,0.3608745087518468,0.25606930252533755,0.16670131163961044,0.0300249771067789,0.0,0.0,0.0017905328048261372,0.0,0.0,0.0,0.0,0.0,0.0,0.0,0.0,0.0,0.0,0.0,0.0,0.0,0.0,0.0,0.0,0.0,0.0,0.0,0.0,0.0,0.0,0.0,0.0,0.0,0.0,0.0,0.0
mp-567655,0.058434129938874285,0.0,0.15156563940729284,0.43202936003493225,0.5939713791152935,0.6706158736886942,0.8301178821403533,0.9676870354839774,1.0,0.6060143428636525,0.4513292997473534,0.3856784052019296,0.45626097696972046,0.3882333051195886,0.4175120948407327,0.32993598159988063,0.15701966792979638,0.01861182165015942,0.0,0.0,0.0,0.0,0.0,0.0,0.0,0.0,0.0,0.0,0.0,0.0,0.0,0.17920007802599136,0.3806074398915386,0.36759853683454935,0.14017363276823994,0.0,0.0,0.0,0.0,0.0,0.0,0.0,0.0,0.0,0.0,0.0,0.0,0.0,0.0,0.0,0.0
mp-567744,0.0,0.248007334942899,0.4870816528151255,0.7658807039562103,0.8527005845866217,0.944044847184172,1.0,0.7116686266517185,0.4034539016215839,0.0,0.0,0.0,0.0,0.0,0.0,0.0,0.0,0.0,0.0,0.0,0.0,0.0,0.0,0.0,0.0,0.0,0.0,0.0,0.0,0.0,0.0,0.0,0.0,0.0,0.0,0.0,0.0,0.0,0.0,0.0,0.0,0.0,0.0,0.0,0.0,0.0,0.0,0.0,0.0,0.0,0.0
mp-568018,0.0,0.44268462579072765,0.9088819429628228,1.0,0.5607906994354098,0.1348878141014855,0.0,0.3131450956361553,0.48869299292705937,0.3552214452746788,0.06466449451414664,0.0,0.0,0.0,0.0,0.0,0.0,0.0,0.0,0.0,0.0,0.0,0.0,0.0,0.0,0.0,0.0,0.0,0.0,0.0,0.0,0.0,0.0,0.0,0.0,0.0,0.0,0.0,0.0,0.0,0.0,0.0,0.0,0.0,0.0,0.0,0.0,0.0,0.0,0.0,0.0
mp-568284,0.0,0.2618660963333623,0.7922442001958556,1.0,0.9081372464262392,0.829787228280024,0.563463047422323,0.3011446039382173,0.0,0.029648149925192952,0.0,0.0,0.0,0.0,0.0,0.0,0.0,0.0,0.0,0.0,0.0,0.0,0.0,0.0,0.0,0.0,0.0,0.0,0.0,0.0,0.0,0.0,0.0,0.0,0.0,0.0,0.0,0.0,0.0,0.0,0.0,0.0,0.0,0.0,0.0,0.0,0.0,0.0,0.0,0.0,0.0
mp-568560,0.0,0.6533002408478262,0.9987775409509136,1.0,0.6858119994223976,0.3386037124974822,0.009313810486542643,0.0,0.0,0.0,0.0,0.0,0.0,0.0,0.0,0.0,0.0,0.0,0.0,0.0,0.0,0.0,0.0,0.0,0.0,0.0,0.0,0.0,0.0,0.0,0.0,0.0,0.0,0.0,0.0,0.0,0.0,0.0,0.0,0.0,0.0,0.0,0.0,0.0,0.0,0.0,0.0,0.0,0.0,0.0,0.0
mp-568619,5.171333648722594e-06,0.00041006048185688763,0.0016211865811376995,0.0036887878791001098,0.006758461592511831,0.010897075118987272,0.016456153207669293,0.023705963380898254,0.03337570432491129,0.04606287966204737,0.06313521943644339,0.08809614767080956,0.1358878309301508,0.19625674336224241,0.25497705447507896,0.2990658700882019,0.32106142773406926,0.32364169336524845,0.29343485895107635,0.2530076473048821,0.20949810462053503,0.19671130494355243,0.1587170476205828,0.10578346642557893,0.07589658551537708,0.12642696209856794,0.2146104624104276,0.2526203811564229,0.20413502579370768,0.10418229392022249,0.033586874842261354,0.007502710046772401,0.0,0.0,0.0,0.0,0.03271736944175911,0.5557335563092423,1.0,0.8735197349991528,0.30281876406637503,0.1417543199302049,0.339403732944029,0.3910292823380096,0.22921287124823503,0.08621350156433091,0.0813504174165214,0.04569181586916639,0.01472758172508485,0.0,0.0
mp-568666,0.0,0.7132581993434339,1.0,0.8041418054837834,0.35522414382738526,0.11221156565090784,0.07938863842610018,0.12618438776745267,0.15893656346614154,0.14261394548208603,0.10560912146751363,0.023213687630994108,0.0,0.0,0.0,0.0,0.0,0.0,0.0,0.0,0.0,0.0,0.0,0.0,0.0,0.0,0.0,0.0,0.0,0.0,0.0,0.0,0.0,0.0,0.0,0.0,0.0,0.0,0.0,0.0,0.0,0.0,0.0,0.0,0.0,0.0,0.0,0.0,0.0,0.0,0.0
mp-569028,0.16818997623009813,0.7023305712293483,1.0,0.8408644419012254,0.6320804332597659,0.45395288157829305,0.39305892648955626,0.13120264438124823,0.15467026378179483,0.20331134234195108,0.25376279868447343,0.2739184034870783,0.10321038342168128,0.0,0.0,0.0,0.0,0.0,0.0,0.0,0.0,0.0,0.0,0.0,0.0,0.0,0.0,0.0,0.0,0.0,0.0,0.0,0.0,0.0,0.0,0.0,0.0,0.0,0.0,0.0,0.0,0.0,0.0,0.0,0.0,0.0,0.0,0.0,0.0,0.0,0.0
mp-569442,0.0,0.6239849882379688,1.0,0.9267122865602907,0.6377372497270523,0.2598654138930897,0.12268083502490633,0.471872469478498,0.5716244384899823,0.4053795641262337,0.06285911541360668,0.0,0.0,0.0,0.05101713426913884,0.10198336108386823,0.3972979478544812,0.515665567963092,0.337063674893998,0.09191374163612587,0.0,0.0,0.0,0.0,0.0,0.0,0.0,0.0,0.0,0.0,0.0,0.0,0.0,0.0,0.0,0.0,0.0,0.0,0.0,0.0,0.0,0.0,0.0,0.0,0.0,0.0,0.0,0.0,0.0,0.0,0.0
mp-569571,0.0,0.017790325471415434,0.04750257659688309,0.14877300401576293,0.43444282132549533,0.6567614237213182,0.9695875556762064,1.0,0.6909737601762812,0.21987346230900598,0.288549275438266,0.6186987572395514,0.6668256712107584,0.31243461322736843,0.0,0.0,0.0,0.0,0.0,0.0,0.0,0.0,0.0,0.0,0.0,0.0,0.0,0.0,0.0,0.0,0.0,0.0,0.0,0.0,0.0,0.0,0.0,0.0,0.0,0.0,0.0,0.0,0.0,0.0,0.0,0.0,0.0,0.0,0.0,0.0,0.0
mp-569639,0.0,0.8690574206497795,1.0,0.7669434268811387,0.5344103336243947,0.5555386330576078,0.4579340823668488,0.2864830859788247,0.1424176459898588,0.016459270709034773,0.0,0.0,0.0,0.0,0.0,0.0,0.0,0.0,0.0,0.0,0.0,0.0,0.0,0.0,0.0,0.0,0.0,0.0,0.0,0.0,0.0,0.0,0.0,0.0,0.0,0.0,0.0,0.0,0.0,0.0,0.0,0.0,0.0,0.0,0.0,0.0,0.0,0.0,0.0,0.0,0.0
mp-569677,0.12534145846866868,0.0,0.20131207555024755,0.6040497148496259,0.9762359047394847,1.0,0.6597530489776274,0.5379234972306829,0.3485039744919932,0.2325285933049819,0.08148343246128646,0.15942705093698292,0.2506295734455818,0.21983194305410725,0.11320593644779207,0.12072875883144722,0.07393337377782261,0.11735711912105322,0.19782565737323576,0.1883812215051776,0.09120062574799705,0.0,0.0,0.0,0.0008664163690620683,0.0,0.0,0.0,0.0,0.0,0.0,0.0,0.0,0.0,0.0,0.0,0.0,0.0,0.0,0.0,0.0,0.0,0.0,0.0,0.0,0.0,0.0,0.0,0.0,0.0,0.0
mp-569779,0.00589495321192871,0.01108762886247401,0.06463373832361471,0.2823927437434712,0.4971320278391896,0.6479215687698441,0.6370061341403619,0.8876816996681488,1.0,0.5953221132290853,0.6096186151459649,0.829104360633681,0.8573623461664367,0.23396831676513333,0.0,0.2837609888306968,0.0,0.0,0.0,0.0,0.0,0.0,0.0,0.0,0.0,0.0,0.0,0.0,0.0,0.0,0.0,0.0,0.0,0.0,0.0,0.0,0.0,0.0,0.0,0.0,0.0,0.0,0.0,0.0,0.0,0.0,0.0,0.0,0.0,0.0,0.0
mp-570008,0.09610842013539532,0.0,0.5037548872211662,1.0,0.9815286508195542,0.6715906306066072,0.5756550373766661,0.4946410592069436,0.3196795817634108,0.1314795748592248,0.09605217240920469,0.053269191500843346,0.08599962272316086,0.14900999260079856,0.14580772337325174,0.09829265859716477,0.10230661338547638,0.19562420472675868,0.22705650329137428,0.15871462030709776,0.039224595296347725,0.0,0.0,0.004932359539873825,0.0,0.0,0.0,0.0,0.0,0.0,0.0,0.0,0.0,0.0,0.0,0.0,0.0,0.0,0.0,0.0,0.0,0.0,0.0,0.0,0.0,0.0,0.0,0.0,0.0,0.0,0.0
mp-570097,0.0,0.045209938481655186,0.010716404852477223,0.20176058324476892,0.6062105502202887,0.6577837246604717,0.5065634552122896,0.4350243901135542,0.7463788048745997,0.8849432288902381,0.635695509463746,0.7794543792591035,0.8638008094829264,0.7105777441245776,0.4946264183313688,0.44876265776302965,0.4176970147805368,0.393605191657474,0.5984184055475739,0.6139931202627845,0.21922343353393645,0.10830347649939935,0.6927590838876712,1.0,0.7275231115132862,0.07341744042351943,0.0,0.0077707732613753145,0.03433839998779696,0.0,0.0,0.0,0.0,0.0,0.0,0.0,0.0,0.0,0.0,0.0,0.0,0.0,0.0,0.0,0.0,0.0,0.0,0.0,0.0,0.0,0.0
mp-570213,0.0,0.20022867790955895,0.7468921743593521,1.0,0.6460767127818885,0.1298999865849894,0.0,0.0,0.26959288398556247,0.9552397740130756,0.9757741132726948,0.8492765699366833,0.5245004154354915,0.8867181518423012,0.7454895165620673,0.14735589262665108,0.1509270701648485,0.0,0.0,0.010117387667569595,0.0,0.0,0.0,0.0,0.0,0.0,0.0,0.0,0.0,0.0,0.0,0.0,0.0,0.0,0.0,0.0,0.0,0.0,0.0,0.0,0.0,0.0,0.0,0.0,0.0,0.0,0.0,0.0,0.0,0.0,0.0
mp-570324,0.027597625675918835,0.5526232681288097,0.9439466933033417,1.0,0.6680538200501134,0.24159174331176472,0.0,0.13421099525066735,0.2692743364240915,0.2926984826400414,0.17392927134131744,0.08771344337296492,0.0,0.0,0.0,0.0,0.0,0.0,0.0,0.0,0.0,0.0,0.0,0.0,0.0,0.0,0.0,0.0,0.0,0.0,0.0,0.0,0.0,0.0,0.0,0.0,0.0,0.0,0.0,0.0,0.0,0.0,0.0,0.0,0.0,0.0,0.0,0.0,0.0,0.0,0.0
mp-570485,0.0,0.06016631278439179,0.01980421707497646,0.12321217202794232,0.6900921605781334,1.0,0.7176899633154071,0.60184526281087,0.6464015202948622,0.8332237521617258,0.49635285135866714,0.3430742147460598,0.22241938996940613,0.08230578097797539,0.15657720914790874,0.1912481940348257,0.1643227314610846,0.15978408386783338,0.07181842926465933,0.39587617654115936,0.5916178607912003,0.5113079291453293,0.20796026655954408,0.0,0.0,0.0,0.0,0.0,0.0,0.0,0.0,0.0,0.0,0.0,0.0,0.0,0.0,0.0,0.0,0.0,0.0,0.14590371090795365,0.42747899002688644,0.656406765233731,0.5171115513586733,0.1480835120638056,0.018298675717183643,0.0,0.0,0.0,0.0
mp-570538,0.0,0.04785967275709302,0.11096799358052753,0.22698122429980874,0.35591741618086814,0.6259066046857606,0.8022439246028086,0.68824925173,0.8379335315168824,1.0,0.9738914669049985,0.5867214057094287,0.1626794959323478,0.044565510180232394,0.00037429338665913856,0.0,0.0,0.0,0.0,0.0,0.0,0.0,0.0,0.0,0.0,0.0,0.0,0.0,0.0,0.0,0.0,0.4917618193279561,0.7082892139844577,0.5498438567343227,0.016721491913391777,0.0,0.0,0.0,0.0,0.0,0.0,0.0,0.0,0.0,0.0,0.0,0.0,0.0,0.0,0.0,0.0
mp-571102,0.0,0.6044751605574591,1.0,0.9380781187003712,0.5041607887012347,0.0,0.0,0.0,0.0,0.0,0.0,0.0,0.0,0.0,0.0,0.0,0.0,0.0,0.0,0.0,0.0,0.0,0.0,0.0,0.0,0.0,0.0,0.0,0.0,0.0,0.0,0.0,0.0,0.0,0.0,0.0,0.0,0.0,0.0,0.0,0.0,0.0,0.0,0.0,0.0,0.0,0.0,0.0,0.0,0.0,0.0
mp-5784,0.003896022736204559,0.011066026325227291,0.07470178690346946,0.2086715922099966,0.3975993033245739,0.506371453623283,0.5705267273369661,0.6648349497201952,0.7659513759048324,0.8011203405152745,0.8331702573275869,1.0,0.9006731841853832,0.6850067593188202,0.4512224765931778,0.42996294632635496,0.42209357662990465,0.44862377071785886,0.4904802651734243,0.3874613451221664,0.16784647672686798,0.028248582024941158,0.02170286142245637,0.07199469643656196,0.07998891735393787,0.12430006653430868,0.19352221321123467,0.16440122891034667,0.07202565756529018,0.0,0.0,0.0,0.0,0.04944837692760141,0.14173887039240268,0.22132943887002804,0.1588465420215692,0.13059037458424255,0.41535871851605005,0.5614309389002042,0.451820161504428,0.04906417975926634,0.020558631875702015,0.0005355684449712131,0.0,0.0,0.0,0.0,0.0,0.0,0.0
mp-581833,0.0,0.15160456472659833,0.3479129533064362,0.6361682340056533,0.9402676672592647,1.0,0.9341301953591972,0.5925044574858366,0.34383861915519326,0.15514027406920103,0.0,0.0,0.0,0.0,0.0,0.0,0.0,0.0,0.0,0.0,0.0,0.0,0.0,0.0,0.0,0.0,0.0,0.0,0.0,0.0,0.0,0.4017230834587317,0.5590205098133821,0.4215710051324498,0.0,0.0,0.0,0.0,0.0,0.0,0.0,0.0,0.0,0.0,0.0,0.0,0.0,0.0,0.0,0.0,0.0
mp-5840,0.0021457487643109854,0.0005283859250603506,0.011209348013891205,0.03949200900088733,0.11406840209810858,0.23649295635160636,0.349552981906528,0.3930488631574359,0.34177163723086784,0.3954819946359248,0.40527773790546384,0.4910204781785189,0.5694000656145923,0.6982924505392704,0.7895918794387885,0.8264821027818462,0.5982866497981608,0.6052362352144565,0.7025979462392661,1.0,0.8553824801566162,0.6332910546548042,0.543073759073485,0.5286257610550433,0.607888391344172,0.607993085180159,0.5224205293367755,0.2255902911289253,0.023921578023169965,0.016966784141432694,0.0727548189836781,0.13553621847603728,0.16540238658765175,0.2031579130781518,0.21121094234807408,0.18749322584060782,0.11233342593608157,0.021117283806127693,0.001545146764242683,0.0,0.0,0.0,0.0,1.353033124155918e-60,4.7598978702358966e-60,0.0,0.0,0.0,0.0,0.0,0.0
mp-5853,0.0,0.0018261150602223387,0.007072243181380362,0.016152188756202324,0.02941236253049562,0.04904749773943505,0.07823256224196126,0.12293714249692098,0.19053698129803814,0.28556507511369383,0.3986286854226543,0.49340760931735833,0.5260425538735445,0.5552909998367009,0.6369909554925036,0.6891109522955557,0.7286043112080133,0.8648482100440137,0.9615097292274799,1.0,0.9146370310202374,0.9383391596819695,0.8868603179621772,0.8016054891889904,0.7066924089459672,0.5292171084398963,0.37424199722176116,0.25996483026906164,0.3247462342631162,0.24669797776516228,0.21150069466692542,0.34448909143217754,0.4604686539929753,0.35643518481536957,0.11083701923115474,0.0,0.2061034251969931,0.4562600114850938,0.39953462712138865,0.19347976068435088,0.29300664524046643,0.744098807234892,0.8200467626565784,0.6487708473083205,0.5989456430227224,0.5479082294917508,0.42089616020407056,0.29998863625334565,0.3716474582739816,0.2313756616054264,0.06247524565112803
mp-5955,0.10301504019778353,0.6185929686683306,0.8716388084971364,0.6067701457565807,0.10061837375417035,0.0,0.0,0.6728588290875466,1.0,0.7942915231444521,0.0,0.2595185302997097,0.7225569453405489,0.9426962588177689,0.5851175936709287,0.12178363209244193,0.0,0.0,0.0,0.0,0.0,0.0,0.0,0.0,0.0,0.0,0.06581643477873658,0.2822772274158284,0.3392729039279516,0.07258095977302592,0.23504546515836564,0.5185337756206326,0.6047234069166187,0.30754862446852316,0.04549305638905129,0.0,0.0,0.0,0.0,0.0,0.0,0.0,0.0,0.0,0.0,0.0,0.0,0.0,0.0,0.0,0.0
mp-5962,0.09911788950461209,0.0,0.11433300369099804,0.46051917939990933,0.8225252072465847,1.0,0.9460272172872255,0.7897675260884137,0.5504698755656083,0.42148940662864365,0.4535569641829086,0.4099222088672924,0.47449695874929915,0.3828770245264036,0.27281128424913703,0.3238160315135428,0.27047204632121147,0.15335219375722883,0.013128176801257035,0.0,0.003924894514967862,0.0,0.0,0.0,0.0,0.0,0.0,0.0,0.0,0.0,0.0,0.0,0.0,0.0,0.0,0.0,0.0,0.0,0.0,0.0,0.0,0.0,0.0,0.0,0.0,0.0,0.0,0.0,0.0,0.0,0.0
mp-5967,0.0,0.007737024726031652,0.019984532808664045,0.03679254512187723,0.12778116321753097,0.3736326799007209,0.4970573746377334,0.46360462893312304,0.2204918259817976,0.009013281672219292,0.18698313944505038,0.5396453883779354,1.0,0.899129150670691,0.6213643927515925,0.30283159992895264,0.1369428527919068,0.01590289646532072,0.0,0.004197711768485506,0.0,0.0,0.0,0.0,0.0,0.0,0.0,0.0,0.0,0.0,0.0,0.0,0.0,0.0,0.0,0.0,0.0,0.0,0.0,0.0,0.0,0.0,0.0,0.0,0.0,0.0,0.0,0.0,0.0,0.0,0.0
mp-602,0.03728697180158669,0.03730272126658468,0.21731278256445902,0.5081714345713949,0.7882091575971715,0.789758369874997,0.8339865119014482,1.0,0.8834414029859768,0.28178579388409647,0.0,0.5391948057883081,0.9515264451206109,0.884364759134745,0.31466984683058496,0.02353687185611248,0.0,0.010634841499323207,0.0,0.0,0.0,0.0,0.0,0.0,0.0,0.0,0.0,0.0,0.0,0.0,0.0,0.0,0.0,0.0,0.0,0.0,0.0,0.0,0.0,0.0,0.0,0.0,0.0,0.0,0.0,0.0,0.0,0.0,0.0,0.0,0.0
mp-6026,0.0,0.013763805841517478,0.028042378701772237,0.17347514402568062,0.45228090024796574,0.7915111929403346,1.0,0.9707540753744566,0.883231837765478,0.931009440464836,0.9351531956553387,0.9564766351032256,0.86120770309499,0.9384151651055576,0.7721805165588771,0.5877327854054116,0.48898397480403394,0.5763325118068959,0.49686880635218056,0.30966327450452685,0.17908220965856658,0.06503921539801281,0.026820998846927187,0.0,0.0,0.0,0.0,0.0,0.0,0.0,0.0,0.0,0.0,0.49292417827929713,0.9888428789178723,0.9341760724705023,0.32894429643569884,0.0,0.0,0.0,0.009479158236151159,0.2014200875342532,0.45831480352146126,0.4399623394656055,0.14835631680029773,0.0,0.0,0.0,0.0,0.0,0.0
mp-623024,0.0,0.24486416201112304,0.6093494203416966,0.8934990415072385,0.7786940302359412,0.807551562012268,0.8918090232297862,1.0,0.9662425788075588,0.711408979423954,0.2788507092552205,0.06483083556048319,0.4203719378231663,0.7355136112112536,0.8931566988139028,0.8137911112349133,0.565965098393541,0.2364898759082795,0.0,0.0,0.0,0.0,0.11347530720205837,0.3419728121958516,0.4284676032325201,0.3876503487470791,0.4432765577523163,0.44506365612634524,0.26087468199711633,0.0,0.1130099965510793,0.3199560118920363,0.3770928869963635,0.2813664174158705,0.07779272088593672,0.05623458881054653,0.0,0.0,0.0,0.0,2.8387404192941555e-60,5.135218010654242e-58,0.0,0.0,0.0,0.0,0.0,0.0,0.0,0.0,0.0
mp-626151,0.005268144343184019,0.020480807034866617,0.06082787217127323,0.1271849038843097,0.22932870208382866,0.38848775424994275,0.6020080766579127,0.7990057947788282,0.7964682370114687,0.624468509522792,0.6429246813432622,0.7580703924740891,0.8498266831741108,0.7703785524756919,0.7250886077868599,0.886014649388854,0.9351009287606277,0.8910640737606723,1.0,0.9656421576742019,0.7544420103910414,0.5106855857063384,0.46563650783136484,0.378594061534228,0.23115153930917565,0.20663791934859593,0.35352467517195213,0.45657173401168866,0.43238202684634797,0.23604161701637733,0.139333219568442,0.1695244728825996,0.2300543159555353,0.2201446559017366,0.16961555301392836,0.13616638939660036,0.10189236825196694,0.07789457782698393,0.12124519025759546,0.3035546514303378,0.34254580710536103,0.21778982516475107,0.01930932622827724,0.0,0.0,0.0,0.0,0.0,0.0,0.0,0.0
mp-626620,0.08934648166985201,0.0,0.3491453786492694,0.8460681845712198,1.0,0.5845934513792642,0.5152739426501276,0.5580279357761823,0.5689844562817361,0.2615052707524898,0.09930339817603719,0.19318105418140488,0.32993251349968,0.3538194415259107,0.20677089859252257,0.022847180732603955,0.0,0.0,0.0,0.0,0.0,0.0,0.0,0.0,0.0,0.0,0.0,0.0,0.0,0.0,0.0,0.0,0.0,0.0,0.0,0.0,0.0,0.0,0.0,0.0229416994970519,0.07069338828864279,0.09742977317324075,0.08337115413073483,0.03759071497428793,0.1282680317813507,0.21797231600229644,0.30017582605311877,0.30159166046531666,0.22796054031532334,0.12293911934487503,0.02822945011799448
mp-634657,0.01716562363208589,0.023699338279554925,0.18409559914960952,0.4033047257818239,0.6290296686705469,0.770449801419798,0.7944167057577065,0.9672427491483895,1.0,0.7572139136451191,0.3253235426840262,0.0,0.009602545857776977,0.017934640036118606,0.06443014889085313,0.09999025716940244,0.1024854791255002,0.09430834078396282,0.12166242263283625,0.13963375730094676,0.15383074486244885,0.17769568365864472,0.18433032846154698,0.19670231921211104,0.21977098080916252,0.22392478142992872,0.14962148505972103,0.03146966573779163,0.0,0.0,0.0,0.0,0.0,0.0,0.0,0.0,0.0,0.0,0.0,0.0,0.0,0.0,0.0,0.0,0.0,0.0,0.0,0.0,0.0,0.0,0.0
mp-6384,0.0,0.2362668074483723,0.5500192774525542,0.8351580636332198,1.0,0.9899070982741862,0.6696522773041519,0.1974025059584677,0.0,0.0,0.0,0.0,0.0,0.0,0.0,0.03166791305465017,0.15279946883858833,0.3520789971878365,0.33830978314846516,0.10585843797716944,0.008541377441297592,0.0,0.011396596764559919,0.09730062682364331,0.17108879091404777,0.15611542034205017,0.03448968786226757,0.10550919803244871,0.19226620007486217,0.18047210456428586,0.05072585965598101,0.0,0.0,0.0,0.0,0.0,0.0,0.0,0.0,0.0,0.0,0.0,0.0,0.0,0.0,0.0,0.0,0.0,0.0,0.0,0.0
mp-6408,0.14523826002314802,0.0,0.11644314121138674,0.4793659685640092,0.8547614097503411,0.7926830286279517,0.35878191972196777,0.2642070321337726,0.3930082570472179,0.41638755964070095,0.19180121502693878,0.0,0.0,0.2027065157103311,0.6660586271589063,1.0,0.7651074566622391,0.514367963434296,0.39972890636746683,0.28837171257553074,0.056798209952044265,0.0,0.011252473571904476,0.0,0.0,0.0,0.0,0.0,0.0,0.0,0.0,0.0,0.0,0.0,0.0,0.0,0.0,0.0,0.0,0.0,0.0,0.0,0.0,0.0,0.0,0.0,0.0,0.0,0.0,0.0,0.0
mp-643002,0.0,0.010463165272053593,0.0246215494275386,0.09233407416257519,0.24009932891281938,0.32506990551586257,0.3319262006585923,0.323156415941811,0.49296728523745376,0.6303621652522082,0.6340471619779311,0.44861681941896187,0.3354321542700612,0.1523027190145747,0.1617250084310513,0.23455205165770115,0.26786236191088075,0.17720788104972693,0.1388160412374698,0.18142176543187058,0.20217971060269752,0.17801208194393345,0.12850853529069836,0.11505627752219288,0.0833990621266113,0.039665626102153254,0.0037275075061759693,0.0,0.0,0.0,0.0,0.0,0.0,0.0,0.0008671480143353307,0.13882620426193631,0.587824261332605,1.0,0.789498240576308,0.5906233194947169,0.5711010804966795,0.5394187839667098,0.31631684583883984,0.00397053931133869,0.0,0.0,0.0,0.0,0.0,0.0,0.0
mp-643101,0.11871481735621944,0.051534956864742756,0.5324080526349998,1.0,0.9692577007639582,0.5621675343545048,0.04154237324241711,0.0,0.0,0.0,0.0,0.0,0.0,0.0,0.0,0.0163944133118381,0.3699221114220375,0.4737039016892525,0.32772625272631933,0.0,0.0,0.0,0.0,0.0,0.0,0.0,0.0,0.0,0.0,0.0,0.0,0.0,0.0,0.0,0.0,0.0,0.0,0.10673093250593935,0.6558292170116591,0.8668796212235299,0.45153048544835744,0.42703456573845766,0.3371399222730258,0.3964318236162195,0.07410718629608673,0.0,0.0,0.0,0.0,0.0,0.0
mp-643260,0.01983101622105754,0.01953312173494783,0.21671781659890021,0.43400565802989194,0.45975820966543085,0.5192234681989967,0.7726629770200727,0.8886781713822528,0.7707942023190444,0.43513611473629055,0.249151233788816,0.11734638301949249,0.001652244477749489,0.0,0.0,0.0,0.013946387829807231,0.05110420597862072,0.0928237641982327,0.11856610332012907,0.1831836998544606,0.3847632311919889,0.4458626595554817,0.3133033440479654,0.051809812179656946,0.0,0.0,0.0,0.0,0.0,0.0,0.0,0.0,0.0,0.0,0.0,0.0,0.0,0.015604338295496964,0.4222428901698988,1.0,0.9709860165527043,0.4184544495227256,0.0,0.0,0.0,0.0,0.0,0.0,0.0,0.0
mp-648,0.0,0.01671019025096392,0.038518703517495784,0.09211648512536988,0.2942774282421769,0.5144040613831916,0.6086523827229523,0.6664046449715288,0.6920550684184807,0.984332642358043,1.0,0.7900410658659655,0.5230374029563907,0.09100148387148796,0.07158214212559944,0.007741790935252005,0.0,0.015359779549677297,0.0,0.0,0.0,0.0,0.0,0.0,0.0,0.0,0.0,0.0,0.0,0.0,0.0,0.0,0.0,0.0,0.0,0.0,0.0,0.0,0.0,0.0,0.0,0.0,0.0,0.0,0.0,0.0,0.0,0.0,0.0,0.0,0.0
mp-675104,0.0,0.10116027895808422,0.5045268832012239,0.8802044737004326,1.0,0.9874116073074771,0.8217189706950546,0.8600507581751251,0.9400993257442878,0.6970777627188212,0.44460583414890514,0.26476707336644306,0.4770429521684004,0.4464056762967131,0.34084688937378416,0.1104670603723632,0.0,0.01048525578546587,0.002666448592174474,0.0,0.0,0.0,0.0,0.0,0.0,0.0,0.0,0.0,0.0,0.0,0.0,0.0,0.0,0.0,0.0,0.0,0.0,0.0,0.0,0.0,0.0,0.0,0.0,0.0,0.0,0.0,0.0,0.0,0.0,0.0,0.0
mp-675230,0.06588970432157489,0.0,0.1639607995112568,0.4223486212449261,0.609950164211262,0.7115031396689453,0.6813264330630827,0.5204426451194627,0.5105947945799737,0.6805510179580859,1.0,0.7762561421986761,0.30639423862457704,0.08547046970342197,0.16863521060395234,0.19648431915883305,0.10147850794844802,0.00586517253533127,0.0,0.009329225213186737,0.0,0.0,0.0,0.0,0.0,0.0,0.0,0.0,0.0,0.0,0.0,0.0,0.0,0.0,0.0,0.0,0.0,0.0,0.0,0.0,0.0,0.0,0.0,0.0,0.0,0.0,0.0,0.0,0.0,0.0,0.0
mp-675531,0.0,0.12915523106993498,0.4641034889852844,0.7080020633807103,0.7351264023007406,0.7802960468615091,0.7869655916883521,0.7526565112476836,0.5476635830098527,0.730254078061631,1.0,0.8780928106583917,0.6033839257724251,0.1959406685549343,0.1971911440161851,0.004419108285291542,0.0,0.0,0.0,0.0,0.0,0.0,0.0,0.0,0.0,0.0,0.0,0.0,0.0,0.0,0.0,0.0,0.0,0.0,0.0,0.0,0.0,0.0,0.0,0.0,0.0,0.0,0.0,0.0,0.0,0.0,0.0,0.0,0.0,0.0,0.0
mp-675902,0.01579268725797102,0.014663679653583754,0.16397647513155986,0.6320742253902503,0.9164657403555353,0.8053837473747192,0.5401985352705485,0.5784458176116156,0.860821353521274,1.0,0.8700087339718463,0.6459086048780627,0.23048653601884111,0.0,0.0,0.0,0.0,0.0,0.0,0.0,0.0,0.0,0.0,0.0,0.0,0.0,0.0,0.0,0.0,0.0,0.0,0.0,0.0,0.0,0.0,0.0,0.0,0.0,0.0,0.0,0.0,0.0,0.0,0.0,0.0,0.0,0.0,0.0,0.0,0.0,0.0
mp-676284,0.15031374984529122,0.6179110676960277,0.959787258082209,1.0,0.800936008777088,0.7290352074537014,0.9142994985625812,0.8259228405160381,0.8590344138801013,0.7246857203007293,0.6854047485520248,0.4085249056283051,0.10251870914694838,0.0,0.0,0.0,0.0,0.0,0.0,0.0,0.0,0.0,0.0,0.0,0.0,0.0,0.0,0.0,0.0,0.0,0.0,0.0,0.0,0.0,0.0,0.0,0.0,0.0,0.0,0.0,0.0,0.0,0.0,0.0,0.0,0.0,0.0,0.0,0.0,0.0,0.0
mp-682,0.0,0.004544219530868326,0.01696700281248935,0.03932785190776254,0.07331769789781778,0.12286043569252357,0.23215657563174086,0.4139308591981023,0.5171954552481539,0.548109884178642,0.5863396767818294,0.8541779915061226,1.0,0.7965889211467125,0.42380196349076227,0.18086278588463242,0.14695696071809622,0.12271051784502154,0.09639457323037384,0.0597766507353841,0.023659759272905923,0.0010229055255296159,0.0,0.0023638134788836417,0.0,0.0,0.0,0.0,0.0,0.0,0.0,0.0,0.0,0.0,0.0,0.0,0.0,0.0,0.0,0.0,0.0,0.0,0.0,0.0,0.0,0.0,0.0,0.0,0.0,0.0,0.0
mp-684690,0.04682077254504713,0.0,0.22727470063593339,0.5798885390266564,0.8659966346854637,0.8856094760614244,0.966437631488273,0.9252807803145896,0.8565971478713007,1.0,0.9926835122887728,0.784681379698782,0.49667222266208083,0.32921145434160765,0.419215195025214,0.26228096815832946,0.10413967003476705,0.0,0.0,0.0,0.0,0.0,0.0,0.0,0.0,0.0,0.0,0.0,0.0,0.0,0.0,0.0,0.0,0.0,0.0,0.0,0.0,0.0,0.0,0.0,0.0,0.0,0.0,0.0,0.0,0.0,0.0,0.0,0.0,0.0,0.0
mp-684969,0.025672286790456775,0.0,0.033726833157495514,0.1267167473133644,0.19077246439970225,0.3520282867044365,0.44854878832588907,0.5413643526542551,0.556751901874831,0.43450941455604664,0.42267845190026937,0.6353692119037496,0.8416269126660203,1.0,0.8739073543291939,0.6819155312338295,0.41506203411978915,0.29486238775945056,0.2726297023994882,0.16725654850531643,0.04326179234077521,0.0,0.00040752750362933076,0.011553299871129031,0.0,0.0,0.0,0.0,0.0,0.0,0.0,0.0,0.0,0.0,0.0,0.0,0.0,0.0,0.0,0.0,0.0,0.0,0.0,0.0,0.0,0.0,0.0,0.0,0.0,0.0,0.0
mp-690785,0.04449944056876416,0.0002605270717877804,0.2560614696759894,0.44747203605778146,0.28821017997953174,0.2561941743844479,0.5463858664748277,0.7577239784581811,0.6011458476770963,0.2720245775962784,0.10514133660473872,0.08479421086268306,0.0,0.0,0.0,0.0,0.35477719147585335,0.5277158861832375,0.41831080334005843,0.02889667999627239,0.0,0.0,0.0,0.0,0.0,0.0,0.0,0.0,0.0,0.0,0.0,0.0,0.0,0.0,0.0,0.0,0.0,0.0,0.0,0.4558262583691972,1.0,0.8742678776476802,0.5711791295025774,0.2737644703623341,0.5107115171161549,0.25410457117191937,0.0,0.0,0.0,0.0,0.0
mp-6930,0.09319450664399513,0.0,0.15436919903392596,0.4512826954305293,0.6141224061595292,0.6525193043923415,0.5571533627031181,0.5256882647388496,0.47843740932740386,0.4897383948867268,0.513368812305,0.5270117783746125,0.5266912677546912,0.6132459669257326,0.6045999525571362,0.5583380256231477,0.43238983955358484,0.3983891771571772,0.5749322919191128,0.8398513054545091,1.0,0.973807604108836,0.6526459256032973,0.29932906505446316,0.07195463371871597,0.25202594279213514,0.30732350067765873,0.16513487333201196,0.08242222199757193,0.21179683771578608,0.27931926051853384,0.19426001199872342,0.04356622413142656,0.0455192813132255,0.18655425941101325,0.27533924354272143,0.1809067725942551,0.11148701227856977,0.5167817973600143,0.9093498740431839,0.8223373533593533,0.3101732595777914,0.0,0.0,0.0,0.0,0.0,0.0,0.0,0.0,0.0
mp-6947,0.0,0.0010637735345586596,0.003902965868906648,0.0086847991681452,0.015369968151624233,0.024204524540586265,0.03522383928733864,0.04884790455294937,0.06610077732177198,0.08667588106984735,0.11454377394427709,0.16039444500184477,0.22988578242668053,0.30807666160223784,0.39414162294180377,0.5250381452535926,0.674965258666929,0.7442117080181069,0.6398828070251535,0.44119496793304913,0.49174943272540705,0.8150507698133828,1.0,0.9431380030237446,0.6428556974601537,0.5039933344566704,0.48336477583146925,0.5909777481463133,0.6954637073413799,0.6365928048852396,0.49990594002577354,0.5178990425756835,0.5944021511319468,0.6928017625353917,0.7344988635145332,0.7180825334078121,0.6113348269194193,0.4749406014250713,0.3428827832086447,0.39563199354222006,0.5304464496856663,0.5597234081391953,0.4245144284134896,0.2915788014710422,0.3648541711429371,0.4776467901203908,0.46240935284640156,0.349872734325568,0.21298377910854063,0.12663531294740277,0.07913547704682898
mp-6951,0.0,0.2645052956531423,0.8068108315486934,1.0,0.7965592274044264,0.44989391441096865,0.5712990080097301,0.5629240348802932,0.41052055634514356,0.34450172681527325,0.23612093707823872,0.13820665577444335,0.018857492715542462,0.0,0.0,0.04114359566871651,0.09677195140464054,0.13840753175555373,0.14089313949045937,0.2279755580820583,0.2051901234934871,0.09888838313806696,0.06675857143008036,0.16878746884098866,0.18391298214671883,0.0738194693184452,0.0,0.04824361648610599,0.0,0.0,0.0,0.0,0.0,0.0,0.0,0.0,0.0,0.0,0.0,0.0,0.0,0.0,0.0,0.0,0.0,0.0,0.0,0.0,0.0,0.0,0.0
mp-6960,0.0,0.18174198074276343,0.6066682880534088,1.0,0.9717902163536768,0.6904832182204953,0.42065456892220465,0.17170521302948094,0.10462169419057063,0.10871779134641874,0.17275201515081237,0.12124972996211675,0.028010175380537898,0.0,0.0,0.12016515947078449,0.16542603636162734,0.15161168125007726,0.1563945288002846,0.2750015510787508,0.23168224865334683,0.08366293464408688,0.0,0.0,0.008536241118709605,0.0,0.0,0.0,0.0,0.0,0.0,0.0,0.0,0.0,0.0,0.0,0.0,0.0,0.0,0.0,0.0,0.0,0.0,0.0,0.0,0.0,0.0,0.0,0.0,0.0,0.0
mp-696804,0.0,0.24085241545452835,0.8995502920531765,0.9427814327764812,0.9567362213998387,1.0,0.9798612709721327,0.5486273653757081,0.03460414635169814,0.004053949084640605,0.06531732264666032,0.1029042132662393,0.10046421401066978,0.09616304731763285,0.10605434016517297,0.1470563776020461,0.1459671236634635,0.16986082053356774,0.2899155320159529,0.3411826458298363,0.24452107460932757,0.06083427074975719,0.0,0.0,0.0,0.0,0.0,0.0,0.0,0.0,0.0,0.0,0.0,0.0,0.0,0.0,0.0,0.0,0.0,0.0,0.0,0.0,0.0,0.0,0.0,0.0,0.0,0.0,0.0,0.0,0.0
mp-697030,0.0,0.004574324478904218,0.014506475377967083,0.033455648671321996,0.07607672900729544,0.16433069208367418,0.24830374145665532,0.31334272444631694,0.5475759715031077,0.8149451016936062,0.8460890433508623,0.6283413978718676,0.3412285878424444,0.15686279122351832,0.14473261593446454,0.22739778669976202,0.27920420262271667,0.2062792913165885,0.15370975353415905,0.1782325620699054,0.182857088098397,0.1455359915832139,0.10889709262196219,0.10334561707241001,0.07505293656744391,0.035580498173722434,0.0032874288257486906,0.0,0.0,0.0,0.0,0.0,0.0,0.0,0.0,0.06124111107330081,0.4662891527202215,0.616599493337636,0.6703959000474999,0.8542173460452797,1.0,0.7083075232409622,0.2172087747287873,0.009980982528496891,0.0,0.0,0.0,0.0,0.0,0.0,0.0
mp-697096,0.011641910189596049,0.07445149809114875,0.44984329985103,0.6549031211825658,0.37809044239279704,0.26417597526030423,0.6448221203598071,0.9874183054872082,0.8717166582323392,0.47648792933193085,0.28733149007277203,0.13492091197902648,0.004290681059962145,0.0,0.0,0.0,0.003945094050708929,0.05034731813141607,0.13709726505974837,0.18514051939027173,0.3005759882917097,0.48473029988991806,0.43460945029632414,0.22314536275621794,0.0,0.0,0.0,0.0,0.0,0.0,0.0,0.0,0.0,0.0,0.0,0.0,0.0,0.0,0.0,0.0,0.1327174084053682,0.3250496201168249,0.9410142683329427,1.0,0.5949515234666343,0.11563720135512905,0.0,0.0,0.0,0.0,0.0
mp-697144,0.01891871823371903,0.07925550394541579,0.6609475956595587,1.0,0.7735275410446651,0.4566631535067454,0.38510778258202477,0.5110403832620779,0.38195825662979493,0.4024679268138427,0.3807378507430535,0.30398661950306005,0.1608661111587843,0.0657691314781629,0.05343351468106343,0.0542499720477317,0.0935207476229375,0.17968310220253367,0.25412424672591377,0.2496370533093557,0.20603809160193462,0.16219149089568682,0.13555725333588958,0.15458348252293677,0.2529487118196528,0.303771377546726,0.2741668079064035,0.1295702524695675,0.06430864159503547,0.015666209244249333,0.0,0.0,0.0,0.0,0.0,0.0,0.0,0.0,0.0,0.0,0.0,0.0,0.0,0.0,0.0,0.0,0.0,0.0,0.0,0.0,0.0
mp-6972,0.061107531741130344,0.0,0.28876790709095,0.8128844349710922,1.0,0.7836358710577805,0.4552404723884576,0.31956945894852007,0.4839683815276969,0.4651445849242543,0.39446929738429887,0.24609893830151552,0.2838274905110751,0.29401863675387846,0.15998325408624017,0.24758954248761378,0.4622868925007084,0.9344761259326435,0.9238571543707641,0.5750240293175067,0.12820871022824135,0.0049979536990867445,0.30432539495140776,0.3605566998154931,0.23324763360028739,0.0,0.0,0.0,0.0,0.05470223956509681,0.2761540210339588,0.45534534068053806,0.5376407069956542,0.3437953504938783,0.275930000500366,0.06688373422879088,0.038010529256764236,0.010962375081678931,0.0,0.0,0.0,0.0,0.0,1.1811448598091647e-75,0.0,0.0,0.0,0.0,0.0,0.0,0.0
mp-6980,0.011060945000782868,0.0015509252696047492,0.03834245074530364,0.2145727662792599,0.509444720008167,0.8797199901824831,1.0,0.7913985812392194,0.3575543389118569,0.18224065634794767,0.17869933891774006,0.45851573003947343,0.6586227903980019,0.8564432916726267,0.8307694166990292,0.6255166156968601,0.4116236271429063,0.5228664735476546,0.5020307467053962,0.26874080489272756,0.07004382767555346,0.0,0.0,0.0054363787971761545,0.0,0.0,0.0,0.0,0.0,0.0,0.0,0.0,0.0,0.0,0.0,0.0,0.0,0.0,0.0,0.0,0.0,0.0,0.0,0.0,0.0,0.0,0.0,0.0,0.0,0.0,0.0
mp-6983,0.11379197403334435,0.0,0.5387608876462753,0.9707915516083285,0.9905336287800657,0.6938560350531378,0.5886417719767323,0.6539767009802521,0.9024513373972596,1.0,0.7864130742703381,0.4904863162923783,0.3342147968883731,0.1723347993600062,0.2206219907921097,0.38804833077689266,0.46354027900494393,0.2918297662903044,0.055626006301606704,0.0,0.0,0.11556284655417595,0.31698706032002716,0.5080410073372087,0.5772610867258047,0.5203628140348183,0.4352257290896394,0.23021003788878142,0.042184160139644045,0.01487973516314139,0.0,0.0,2.2815071862228888e-11,2.6141858480518714e-11,0.0,0.0,0.0,0.0,0.0,0.0,0.0,0.0,0.0,0.0,0.0,0.0,0.0,0.0,0.0,0.0,0.0
mp-7000,0.09805953997568237,0.0,0.1425017758490734,0.44174319717987537,0.6081836656163093,0.6589423974848286,0.5559710639265544,0.5306053695708736,0.48342016698505,0.4918227505753952,0.5143156951027246,0.5272220728053882,0.5240626220056097,0.61300431793862,0.6045431682775847,0.5597457516876477,0.4347306207363152,0.3973006238871133,0.5708605856030382,0.8364944232318346,1.0,0.9773783725872797,0.6565923734051587,0.3005025045341934,0.07217044369078049,0.2511498091036514,0.30755244074577487,0.16598721814729495,0.082147928413281,0.2108983922974466,0.2791888031334431,0.19482962650706118,0.044005723254028926,0.0454349664306907,0.186212547669943,0.27517435104464255,0.1810660927928514,0.11141704939346166,0.5160218809506413,0.9086777994827521,0.8222816886072711,0.310491192001351,0.0,0.0,0.0,0.0,0.0,0.0,0.0,0.0,0.0
mp-7017,0.004039496064338575,0.015258335757614264,0.043804949277803276,0.07437428601616111,0.1460565262580388,0.2668489990215958,0.29858104779854244,0.3812263783169762,0.5387684127334692,0.6145377736798829,0.6644545451380017,0.8956366582464939,1.0,0.7442323258280762,0.39242207820413294,0.39611691706737956,0.3562889293995539,0.2158905986914855,0.2530994928186638,0.42285474401037537,0.5680546830338589,0.5049517357721381,0.5180461374335583,0.4513556484805676,0.3952664057657543,0.43148858928963113,0.6699972447811997,0.725662816352715,0.53302366783277,0.317010168788005,0.15779475751968713,0.047145708968296354,0.343928651739359,0.5447202008132092,0.45533156780705053,0.08712584557875602,0.0,0.1191666353934488,0.0,0.0,0.0,0.0,0.0,0.0,0.0,0.0,0.0,0.0,0.0,0.0,0.0
mp-7090,0.0,0.04245587455163825,0.2190969354773081,0.46587716909449406,1.0,0.9390327401967209,0.750545417204965,0.33370017304993393,0.21636324466958132,0.3467192164381441,0.3786912052284053,0.45923825190597534,0.34095386502184455,0.2783605292510656,0.2052006174567113,0.09415368163523845,0.0,0.0,0.0,0.0,0.0,0.0,0.0,0.0,0.0,0.0,0.0,0.0,0.0,0.0,0.0,0.0,0.0,0.0,0.0,0.0,0.0,0.0,0.0,0.0,0.0,0.0,0.0,0.0,0.0,0.0,0.0,0.0,0.0,0.0,0.0
mp-7140,0.0,0.0004827957743167469,0.0018592863463216085,0.004259376801320778,0.007697764152439195,0.012487736545534589,0.018754568787530103,0.027054788224313873,0.03786937009492441,0.05208162945064334,0.0706986806902272,0.099470692828734,0.14691738739969942,0.22017146063982668,0.3218553502562535,0.38320362108737654,0.394829390116742,0.346827370647908,0.3043955172271258,0.2684581320556174,0.25368433851361333,0.23624474947440585,0.17709601211622353,0.11673721494087728,0.08952449638225458,0.1524678212755025,0.2321451851630394,0.2814056497017513,0.24269623340056953,0.1341556169320141,0.03900358245700632,0.0,0.0,0.0,0.0,0.0,0.190851771087478,0.5331010697268216,1.0,0.8992683599722389,0.5001422969980271,0.3411962319867168,0.3672571208555576,0.4190193680157858,0.19395406008406638,0.11585651627112972,0.09259255806031061,0.05044001667008109,0.015377412460356631,0.0,0.0
mp-7173,0.09161676771731285,0.0,0.11465834067098833,0.4299537089226086,0.7804489761516215,0.7266075717516941,0.6330027165512784,0.9778501145593369,0.9299441290244097,0.43268618418028326,0.07642813191748718,0.6850167028057502,1.0,0.7202193288437948,0.09579952660254168,0.0,0.0,0.0,0.0,0.0,0.0,0.0,0.0,0.0,0.0,0.0,0.0,0.0,0.0,0.0,0.0,0.0,0.0,0.0,0.0,0.0,0.0,0.0,0.0,0.0,0.0,0.0,0.0,0.0,0.0,0.0,0.0,0.0,0.0,0.0,0.0
mp-7176,0.11965570325604545,0.0,0.43297121305076847,0.8918127842722141,0.9057731730071519,0.9992012508721789,1.0,0.9491153509661812,0.47445498635464894,0.17619685091809026,0.03500702013445356,0.0,0.0,0.0,0.0,0.0,0.0,0.0,0.0,0.0,0.0,0.0,0.0,0.0,0.0,0.0,0.0,0.0,0.0,0.0,0.0,0.0,0.0,0.0,0.0,0.0,0.0,0.0,0.0,0.0,0.0,0.0,0.0,0.0,0.0,0.0,0.0,0.0,0.0,0.0,0.0
mp-7219,0.0,0.03726129150736645,0.2587648545245242,0.5463358103182728,0.7668106108596475,0.698743657256223,0.7164100872533912,0.7741245863640175,1.0,0.9240201907365068,0.6380235933946516,0.3629645648751093,0.19753191232139342,0.04356778854848846,0.0,0.0039200378750177374,0.0,0.0,0.0,0.0,0.0,0.0,0.0,0.0,0.0,0.0,0.0,0.0,0.0,0.0,0.0,0.0,0.0,0.0,0.0,0.0,0.0,0.0,0.0,0.0,0.0,0.0,0.0,0.0,0.0,0.0,0.0,0.0,0.0,0.0,0.0
mp-730,0.0,0.006396666035117359,0.02043452118265846,0.048148486438043044,0.09246005341879267,0.22883809330547383,0.5034332817320101,0.7747860505767943,0.6695965150315825,0.2843965116768087,0.033619753137752215,0.00020709836628822532,0.2590048889448448,0.35217372186339774,0.24380987536026713,0.0,0.06681156161914532,0.5103675387858126,1.0,0.9110859806181683,0.555419509610541,0.24350836858910144,0.2446388138148316,0.08236423320922374,0.2349703016630083,0.3785672091567175,0.2703936729661062,0.0,0.0,2.031514697816043e-05,0.00012525456356229253,0.0,0.0,0.0,0.0,0.0,0.0,0.0,0.0,0.0,0.0,0.0,0.0,0.0,0.0,0.0,0.0,0.0,0.0,0.0,0.0
mp-7323,0.0,0.12033923806420808,0.5642989506744809,0.930999138247514,0.9698288615013908,1.0,0.8953066645556337,0.5007353993717251,0.14107993624009924,0.35020444925263977,0.6187599884486868,0.7041763090843771,0.5496533634650256,0.3916828003359041,0.180270882336377,0.33944187549078414,0.46431794647843977,0.4937328740196644,0.3908302534453612,0.3691390180825761,0.45581220517602616,0.5064851253614536,0.34119516018244683,0.32301582643496457,0.10595290872437572,0.12164815215707186,0.1895015973059539,0.24028275656282888,0.19692112036953657,0.09527091939920199,0.06728145460017564,0.23657300727413605,0.3237230468593838,0.4002056856733071,0.3676600381196153,0.12164766836055008,0.2805497349143573,0.5626392231958655,0.6129368486764408,0.5935674892823224,0.509132123840553,0.760833838156846,0.7415544236559689,0.5135770666380023,0.2742011469376715,0.07962428198205052,0.011401769822571396,0.007978069371874131,0.012580818081721427,0.042013539995677945,0.08856030921499755
mp-743,0.0,0.08468235600815659,0.41484768480055867,0.6470882594369342,0.8950478817977144,0.9052426222393584,1.0,0.7548936412771268,0.4940455933927699,0.22862656304575882,0.12260543887402038,0.017325815470931136,0.0,0.0,0.0,0.0,0.0,0.0,0.0,0.0,0.0,0.0,0.0,0.0,0.0,0.0,0.0,0.0,0.0,0.0,0.0,0.4210133089456214,0.6150907922315716,0.4846047264674054,0.029570844435481882,0.0,0.0,0.0,0.0,0.0,0.0,0.0,0.0,0.0,0.0,0.0,0.0,0.0,0.0,0.0,0.0
mp-7446,0.03936753713167935,0.07021043424473737,0.6047445877499932,1.0,0.9710358356621213,0.67749828347404,0.5273823462263859,0.5361420587610086,0.36724455106234016,0.07798347975347017,0.16171384781573847,0.14238502069874093,0.16068197405674553,0.045912933295503645,0.0,0.0,0.0,0.0,0.0,0.0,0.0,0.1580861901989726,0.3428714391040889,0.33411189928614066,0.13180969196388634,0.0,0.019659802709841863,0.03357588842572066,0.0,0.0,0.0,0.0,0.0,0.0,0.0,0.0,0.0,0.0,0.0,0.0,0.0,0.0,0.0,0.0,0.0,0.0,0.0,0.0,0.0,0.0,0.0
mp-7447,0.0,0.24573021069663867,0.6764369474858095,1.0,0.9406859620131416,0.7445178495674095,0.47311223482095516,0.1648933146242156,0.0,0.0,0.1337918514018457,0.26847562586980206,0.24216096681834334,0.05147320561727681,0.0,0.0,0.0,0.0,0.0,0.0,0.0,0.0,0.0,0.0,0.0,0.0,0.0,0.0,0.0,0.0,0.0,0.0,0.0,0.0,0.0,0.0,0.0,0.0,0.0,0.0,0.0,0.0,0.0,0.0,0.0,0.0,0.0,0.0,0.0,0.0,0.0
mp-7457,0.0,0.40829103679405704,0.7791293942762922,0.9925523538972347,0.8212338099790102,0.74560055871026,0.7064165476916451,0.8879129483973641,0.969739726444997,1.0,0.6939830605573328,0.33028175779238617,0.0649135033744847,0.0,0.04996565715446485,0.383236270639757,0.4533338340562559,0.3868557320639625,0.21487444000494818,0.21452905192148486,0.20518920571004798,0.16648760943554874,0.19886306589084474,0.11170658119846093,0.01090800828466676,0.0,0.0,0.0015226770783986316,0.0,0.0,0.0,0.0,0.0,0.0,0.0,0.0,0.0,0.0,0.0,0.0,0.0,0.0,0.0,0.0,0.0,0.0,0.0,0.0,0.0,0.0,0.0
mp-7467,0.04113290731089881,0.04421135803375612,0.40972483540280774,0.7665874318063107,1.0,0.9500733453934359,0.7213686704423674,0.42797813754481984,0.22150124289245937,0.253616918809911,0.3467297640368156,0.37759063444509494,0.2936337535976646,0.1900874537980368,0.15410462001369538,0.18780418871444884,0.21938791867826565,0.1877035707709257,0.09235327544241001,0.025159585634314585,0.0,0.0,0.007555521471474162,0.03287581666016517,0.11981079355515054,0.2207724744120952,0.25862816814566914,0.18955071400136014,0.03211032110909399,0.27598233605653444,0.5673865743836166,0.6163823487906476,0.42902245823330926,0.39672616722213494,0.258845718598676,0.09949868464803908,0.0,0.0,0.0,0.0,0.0,7.649214067370928e-62,8.20244972403735e-61,0.0,0.0,0.0,0.0,0.0,0.0,0.0,0.0
mp-7469,0.026625824152047315,0.0,0.08233001252155395,0.3931143534395079,0.5890471152329175,0.5964851033086573,0.41586460886113724,0.4345933551817801,0.8735248423400025,1.0,0.7493910748501904,0.4542073689902551,0.2622609352975049,0.1941246742305559,0.25121371407436976,0.3099855002195038,0.2631532519749288,0.10285708568926963,0.01220702111313706,0.0,0.0,0.0,0.0,0.0,0.0,0.013544480755751587,0.22175472926934353,0.37041163024707513,0.3781367492128142,0.23046354478800812,0.31182403116602636,0.26701535389062364,0.2202542258833025,0.0069056603676580655,0.0021337292536705863,0.0,0.0,0.0,1.0409711691641789e-38,6.504205453034554e-39,0.0,0.0,0.0,0.0,0.0,0.0,0.0,0.0,0.0,0.0,0.0
mp-7470,0.025254286569883405,0.051992760472848565,0.34910670299129376,0.7083702052842226,1.0,0.9204019383861822,0.5573412592229082,0.2057501549085197,0.2280438680660844,0.30847278052079546,0.2619840635731963,0.16857980258116628,0.13442110632520837,0.14703702009931707,0.05383717015331427,0.04098569598693808,0.0,0.0,0.0,0.0,0.0,0.0,0.0,0.0,0.0,0.10459739066096281,0.20985089993037506,0.33693610661922746,0.19515376515096464,0.17436469602432444,0.2093069436850032,0.22830210096053907,0.11890205263584054,0.0,0.0,0.0,0.0,8.119564856915181e-31,0.0,0.0,0.0,0.0,0.0,0.0,0.0,0.0,0.0,0.0,0.0,0.0,0.0
mp-7472,0.0,0.23200418034422027,0.5146310663353421,0.8315326244292756,1.0,0.8318019001170233,0.5499533989105355,0.26562599036813345,0.22953435940287734,0.17467229635723802,0.15683137802979438,0.20722243323241582,0.27010537893534786,0.2924621946315168,0.19885367134857967,0.064149252385546,0.0,0.0,0.0,0.0,0.0,0.0,0.0,0.02450980325094694,0.0982865361762792,0.07485549371257245,0.2565991461565148,0.5081920603461467,0.6724349579145744,0.5528070438929072,0.3566097317172391,0.23612239434512558,0.1407561847749798,0.004192530324249877,0.0,0.0,0.0,0.0,0.0,7.2045439690319005e-40,0.0,0.0,0.0,0.0,0.0,0.0,0.0,0.0,0.0,0.0,0.0
mp-7482,0.6600037059833886,0.8853952143217939,1.0,0.8253812939354572,0.79806789087157,0.8231225574874004,0.7349623429871457,0.5665288426039666,0.31463977037818186,0.1514245568500845,0.0,0.059353435293099825,0.06819753337169679,0.07770192025016144,0.08930757441900147,0.10371913497708328,0.11749783642179003,0.19893881528990762,0.23502537161049605,0.15294476897482057,0.09854920584815412,0.19955433470773126,0.27778195821385787,0.1385940730158372,0.0,0.0,0.0,0.0,0.0,0.0,0.0,0.0,0.0,0.0,0.0,0.0,0.0,0.0,0.0,0.0,0.0,0.0,0.0,0.0,0.0,0.0,0.0,0.0,0.0,0.0,0.0
mp-752446,0.0419160910622029,0.43802048953956824,0.7268398144219194,1.0,0.6880595673041442,0.5714368775047975,0.7415323070070339,0.7923648528872468,0.5402536121686627,0.0,0.0,0.0,0.0,0.0,0.0,0.0,0.0,0.0,0.0,0.0,0.0,0.0,0.0,0.0,0.0,0.0,0.0,0.0,0.0,0.0,0.0,0.0,0.0,0.0,0.399099602311095,0.6056457104914635,0.4918483545450103,0.05770904805665167,0.0,0.02110829813735687,0.2423282058074167,0.30337791574454076,0.2042558936182542,0.0,0.0,0.0,0.0,0.0,0.0,0.0,0.0
mp-752580,0.0,0.14308925048204954,0.4850567383949564,0.8343736574595448,1.0,0.898668275899728,0.7465146861095584,0.5419679381433176,0.395254069383396,0.24430058058926118,0.19659867119367305,0.13899792919192927,0.02907418490444038,0.0,0.0,0.0,0.0,0.0,0.0,0.0,0.0,0.0,0.0,0.0,0.0,0.0,0.0,0.0,0.0,0.0,0.0,0.0,0.0,0.0,0.0,0.0,0.0,0.0,0.0,0.13665907211300904,0.2671218449255199,0.251161567943537,0.08877824128549554,0.0,0.0,0.0,0.0,0.0,0.0,0.0,0.0
mp-752658,0.0,0.010036350140934944,0.02999823264152366,0.0718259677751705,0.17905167641511477,0.3848039227202795,0.5969162810553303,0.9128578921171463,1.0,0.721292220825965,0.4183012465380954,0.3396062151765959,0.38788233785227577,0.23154682853303646,0.0,0.04257239915469607,0.26356532995638676,0.48423133246778205,0.484989564218774,0.29153882789572894,0.1889905961699645,0.25375352671642454,0.23093878036983342,0.22640364562004436,0.304744400097246,0.4100044773133003,0.2696076439130769,0.061980540945962226,0.0,0.0,0.0,0.0,3.453379451734729e-14,1.9125778694452332e-13,0.0,0.0,0.0,0.0,0.0,0.0,0.0,0.0,0.0,0.0,0.0,0.0,0.0,0.0,0.0,0.0,0.0
mp-752676,0.0,0.10961486224519351,0.4745201770801818,0.8126709082570619,1.0,0.9799348653513059,0.9723303330938232,0.8664241675493106,0.6411293856716157,0.2945533909374074,0.27673032589778324,0.4321244283308047,0.5227738113297529,0.5463544006655127,0.5686304901507316,0.6330571416005558,0.5410996892387514,0.3665266214060771,0.18723635884948195,0.2047132104899301,0.38909349167663176,0.48407135674675833,0.459082847534582,0.31153548427139144,0.2780792498378241,0.3911629330429704,0.36181310621907553,0.19864814763735494,0.0,0.0,0.0,0.0,0.02533551980997917,0.19185174174542652,0.3454367591712985,0.3397019797779497,0.2150020568213789,0.07190793914025916,0.04246390847747876,0.05789343357325064,0.14926582270862668,0.24040573370214174,0.19098768586921686,0.08382500665919207,0.0,0.0,0.0,0.0,0.0,0.0,0.0
mp-753401,0.00047672286293744926,0.006046943918856125,0.02665772367884782,0.06405632083260453,0.10645450792904196,0.24230783663381011,0.5860110270192243,0.8339667207119601,0.8849093583311574,0.8491314932144796,0.8743100650066098,0.7427876927564708,0.5964833654011424,0.6917177456827726,0.7670597211817084,0.9263055897139499,0.9655236976091462,0.9648971338495177,0.9298890628834102,0.8757292874697221,0.9874162715045414,1.0,0.9181558670944858,0.6389983401619715,0.3875013697264813,0.38632757646949173,0.40278802022229854,0.4881145115047251,0.30895247492149425,0.4194251546954154,0.37468483913934103,0.3201469412444289,0.21797280541906422,0.25588014082107563,0.39200802280285624,0.4387000070585236,0.36056280837038895,0.32971082437539995,0.24048078040048915,0.2283477188623076,0.09981202974921219,0.04818142337019093,0.015494447154864898,0.0,0.0,0.0,0.0,0.0,0.0,0.0,0.0
mp-753671,0.027639088452861862,0.0,0.029741690071390305,0.18315986270244838,0.3711273487551368,0.4895268399438764,0.5250697510725137,0.5228888579491052,0.4974079173278517,0.4081200730531635,0.35528143564270703,0.4266097480253013,0.5728771310695571,0.6392347132734622,0.5817231075264336,0.5186561445767398,0.5450566952871168,0.5870951194923554,0.5399024858296634,0.6269462945851694,0.7161252562192081,0.7951038984447613,0.8252115226064547,0.903120996380227,1.0,0.8427145894936757,0.3727605037108206,0.12221743999830192,0.11213053571263916,0.3040562660574096,0.3555739823636429,0.29534906487543444,0.17725323213849536,0.11504943552035021,0.16476490024427606,0.30833371891105604,0.38429018832571266,0.293375917472586,0.2307534354657357,0.3357343408311897,0.4304733426884409,0.39369133232569825,0.23235092383886885,0.1749797587948703,0.379510795569432,0.6434475245596882,0.8024422027393329,0.59226322901602,0.3862939134667096,0.25190676714136034,0.26289573738697386
mp-753747,0.0,0.03576404313590874,0.16656981510738914,0.35720004098429675,0.5232146619207285,0.7029187207783142,0.7948091386752076,0.7870595730053044,0.7092632944948124,0.8165619588224936,0.9205046414091272,0.9524227890269277,1.0,0.9570762927558921,0.8269774041035465,0.5755189364199388,0.5571429977166322,0.5245967897463998,0.43755743149537696,0.4024494505653385,0.43590692087501726,0.383214867412504,0.3489359209173262,0.45373797921246284,0.5726178190577498,0.5216181911397941,0.31610082215910634,0.24872006515707049,0.20944585802230664,0.20061904373104042,0.20133941844370823,0.20173716277263865,0.1936294631414352,0.21961543603458902,0.2830323226821346,0.30966322633318405,0.1990599503659275,0.06719450243992096,0.04905624026599047,0.07758275723238031,0.074631842832608,0.08728109674413725,0.12395922666581126,0.1695240103537859,0.20844499368868405,0.2030382047768674,0.18975672778530847,0.17683076349487964,0.14497115295629082,0.0769342914077543,0.015344117515347954
mp-753802,0.0,0.01710681797509175,0.024245296503477235,0.13453160208047105,0.35504379933364727,0.5279483221741479,0.6692034804669826,0.7194947154670182,0.7673453774893779,0.745418775527099,0.7158062503108147,0.7147563140947049,0.6051567533144315,0.5046867792363651,0.49595100058752045,0.6253107656423835,0.825915364742321,1.0,0.9981495615798858,0.8333717064326102,0.6802129296441657,0.6009792508282729,0.4917892143684402,0.4557109227917703,0.39427722511998237,0.36810955401207646,0.21286722377295153,0.14203726512417802,0.1778884771089379,0.20814947490566932,0.2699992025551329,0.334769799215418,0.3715780038574764,0.25101317151063496,0.19780281225023424,0.1579427996863198,0.14193131312493795,0.10721090364820401,0.16105646132284285,0.31285348324722234,0.3563752862863815,0.23540403735646148,0.04768057590414339,0.027381655135963363,0.060865506207396516,0.13100151098902826,0.15500795552135516,0.12287171840679639,0.06733055410798272,0.013694305347377957,0.0
mp-754117,0.0,0.01256333196119588,0.03836000232166939,0.13061080773850717,0.4366325597357855,0.7526115043354942,0.9072191539651304,0.7769015404351161,0.47551546126373284,0.4893941356052495,0.5026096829444969,0.5843934570071735,0.727747661777425,0.850968811740295,1.0,0.5340538865784857,0.6233036521599906,0.562849649155161,0.9519813999386255,0.8443748648882372,0.8386178841321738,0.8774015636701237,0.5873627958683617,0.2715182323606033,0.03005460539487384,0.3050382802539319,0.4638232575713345,0.42828096669540544,0.23563691284733362,0.14420052936595953,0.056583194607150576,0.008523040685014072,0.0,0.0,0.0,0.0,0.0,0.0,0.0,0.0,0.0,0.0,0.0,0.0,0.0,0.0,0.0,0.0,0.0,0.18148418545280304,0.5910912905587926
mp-754118,0.03255632715485005,0.0,0.050557659287832825,0.2595241377719376,0.6063590917577857,0.8214697945083453,0.8877750487720946,0.7667116147592405,0.6466628583887684,0.4961302223581296,0.21274799454061988,0.4012033410177926,0.6517594095002689,0.7642148851582415,0.6887968783346556,0.6791213814423557,0.8001506614976184,0.548948540759661,0.383882445198932,0.3792982205579213,0.559767012907445,0.4544858041243074,0.2599459590296965,0.2401417444870055,0.4929397442584879,0.5875914023840947,0.4500776266898708,0.2699299180586316,0.4076817209464993,0.7937954015407535,1.0,0.6823461475856822,0.5492219395847857,0.44405491144038417,0.543395665099518,0.927304444820286,0.9685894705534074,0.7419785197386604,0.013755854154929534,0.0,0.0,0.0,0.0,0.0,7.074423920352026e-91,8.03154710421686e-91,0.0,0.0,0.0,0.0,0.0
mp-754326,0.04240024196337331,0.0,0.1439719745673264,0.41778025719767076,0.6211671175843525,0.6364347706587179,0.6016424643027154,0.6020187698536683,0.7437948244376356,0.8339111358846687,0.9905098015026771,1.0,0.8173777314914215,0.7074127764516565,0.49149142971598564,0.3323202283261529,0.07259819982721048,0.016844065368290962,0.0,0.0,0.0,0.040574910538329345,0.1504557569603466,0.3629387951212736,0.29523598063198203,0.6226802556047323,0.7732679193475924,0.9072725649038959,0.6553063752851955,0.4017839988178765,0.2590150527429688,0.06945178894988123,0.010428911434939086,0.0,0.0,0.0,0.0,4.722700580132072e-16,0.0,0.0,0.0,0.0,0.0,0.0,0.0,0.0,0.0,0.0,0.0,0.0,0.0
mp-754368,0.0,0.10066443107579265,0.5375720746349264,0.8629876083135452,0.9592723826898197,0.9531710003028866,1.0,0.9232921337725841,0.7389201943327665,0.5700895053872418,0.5485531957280688,0.6314430226441038,0.6311897152183004,0.5395600756193188,0.32409140157701805,0.29379132963512344,0.20771425853668754,0.12039306949897984,0.16049966028628515,0.24115171430943402,0.5339189408215586,0.6455271675168739,0.47753740484920015,0.15314198952634192,0.0,0.05017469162376645,0.2877418315895212,0.48372267253400936,0.5884788580572999,0.4975921173268001,0.3426576580479931,0.15978076078654505,0.0571502402545132,0.0,0.0,0.0,9.860441397140497e-30,5.348480863254122e-29,0.0,0.0,0.0,0.0,0.0,0.0,0.0,0.0,0.0,0.0,0.0,0.0,0.0
mp-754517,0.0,0.7616956894613381,1.0,0.8950646327588044,0.5437999356601891,0.5036576260445546,0.2323882681673971,0.2505285466164274,0.32994619747417814,0.421701126956168,0.24139709437193244,0.03340579262077094,0.0,0.0,0.0,0.0,0.0,0.0,0.0,0.0,0.0,0.0,0.0,0.0,0.0,0.0,0.0,0.0,0.0,0.0,0.0,0.0,0.0,0.0,0.0,0.0,0.0,0.0,0.0,0.0,0.0,0.0,0.0,0.0,0.0,0.0,0.0,0.0,0.0,0.0,0.0
mp-754596,0.18682716258908258,0.8044223876737276,1.0,0.8491517421394013,0.41127295144520387,0.44932787041381184,0.45796133685021095,0.5444219612772326,0.8360053130392038,0.8904291637946338,0.6104918069466968,0.3014967523050618,0.16991941612158482,0.30942898519515194,0.24865163112811708,0.34243350095164954,0.6650225105100952,0.6367777067765115,0.340943884613931,0.0,0.0,0.0,0.0,0.0,0.0,0.0,0.0,0.0,0.0,0.0,0.0,0.0,0.0,0.0,0.0,0.0,0.0,0.0,0.0,0.4464441884380243,0.6041359415079463,0.44017358321400524,0.0,0.07537471401656073,0.37650177988972167,0.5361522691912188,0.3821200438155015,0.10046723979476682,0.0,0.05550139136268475,0.0
mp-754710,0.0,0.818370337123316,1.0,0.824896950671163,0.45227504921902806,0.5476660763812597,0.4519082894705958,0.5016683621290559,0.29798939036398797,0.13296204659856548,0.029679826256004852,0.0,0.0,0.0,0.0,0.0,0.0,0.0,0.0,0.0,0.0,0.0,0.0,0.0,0.0,0.0,0.0,0.0,0.0,0.0,0.0,0.0,0.0,0.0,0.0,0.0,0.0,0.0,0.0,0.0,0.0,0.0,0.0,0.0,0.0,0.0,0.0,0.0,0.0,0.0,0.0
mp-755293,0.014070041908814166,0.006412967890486866,0.17092046598095115,0.5894057664014901,0.9504016462773344,1.0,0.6727680730647434,0.3930431575749768,0.24664849813079937,0.20179829386443332,0.12989813506265876,0.03390321614975571,0.003711978334713161,0.0,0.021354818236128115,0.05705073748251283,0.07801451450431673,0.07029356518806214,0.1010688134375801,0.10174177385614874,0.05842190293978398,0.004657460140285692,0.0,0.0,0.0,0.0,0.0,0.0,0.0,0.0,0.0,0.0,0.0,0.0,0.0,0.0,0.0,0.0,0.0,0.0,0.0,0.0,0.0,0.0,0.0,0.0,0.0,0.0,0.0,0.0,0.0
mp-755586,0.05529045479699482,0.0,0.1470303071637788,0.3913039463852052,0.5830071460813891,0.6422834056172717,0.5985339044915589,0.523108900211769,0.41974309990622605,0.39373869841576536,0.6881127723192703,0.9586776277348479,1.0,0.7558764281127538,0.5867492647848052,0.5254725734126107,0.6906104131404994,0.5606210061384311,0.32747252839884167,0.02726176860637589,0.0,0.013770045495413035,0.02814593002452178,0.05541687369284288,0.10155432722024854,0.18164258266501074,0.2500644601013021,0.19210834511960967,0.08234191464682102,0.0,0.0,0.0,6.971053760338191e-10,0.0,0.0,0.0,0.0,0.0,0.0,0.0,0.0,0.0,0.0,0.0,0.0,0.0,0.0,0.0,0.0,0.0,0.0
mp-755756,0.017862208812799603,0.07359220107133042,0.15484398046322914,0.4858430479086296,0.8543512253891302,1.0,0.7806654325641337,0.5677262643631236,0.42898593540809354,0.2788501099016958,0.14965564333201226,0.33671475266681344,0.4639578832958892,0.32767920294001196,0.038675449435384784,0.0,0.11226285804545108,0.3843844410749146,0.5781275928270811,0.5223618993503488,0.32134262133747743,0.2521210323030916,0.17984553540742695,0.13381785961373205,0.14865880316902877,0.22279376424681324,0.3197609592058253,0.36727337665239584,0.3126645561940418,0.15859661328860394,0.04360291596222746,0.0,0.0,0.0,4.631101359585023e-14,2.0691351075070288e-15,0.0,0.0,0.0,0.0,0.0,0.0,0.0,0.0,0.0,0.0,0.0,0.0,0.0,0.0,0.0
mp-7596,0.0,0.006356214791488925,0.023176111168800882,0.05428030073318325,0.10485988278195177,0.19474465919138764,0.35896183608223126,0.6477088420501272,0.9035676553993797,0.9799276857679501,0.9202064670888327,0.7911188341392071,0.7874108706296626,0.8903857288494748,0.9222393949465439,0.9749206828813883,0.9355771469489954,0.6077921064430967,0.25407627292740187,0.27755859376067943,0.7569420972329468,1.0,0.9605399093728362,0.9241060493233171,0.813006360825033,0.7159701400048434,0.6068437818551283,0.47797068724005454,0.42455108805791125,0.39867680372491515,0.5976592210196214,0.7217970360232141,0.6923928548925014,0.4697889771577949,0.2923696730174572,0.3041396734169898,0.3721995042527674,0.4194329658941607,0.5074780059615063,0.5678377419936421,0.417542612133403,0.11470601684676107,0.0,0.0,0.0,0.0,0.0,0.0,0.0,0.0,0.0
mp-760400,0.013920834129455753,0.0032334765740714916,0.07582585694996452,0.19047093242690832,0.39146276265612273,0.5074431127744964,0.5153066633813884,0.6715064954657384,0.8721524273534182,1.0,0.9445414710341534,0.9261953194140872,0.9255290475592401,0.7653106405653349,0.5414393367926055,0.4394403536023405,0.534715206136216,0.5873306872375628,0.429207754039203,0.4686561281684103,0.48901778338798285,0.5005865470499385,0.3107589959352916,0.20167772402940962,0.1915176629231995,0.2770044427848615,0.3146958851955266,0.2317953603780414,0.08181480033814577,0.0,0.0,0.0,2.786974315300295e-11,6.1827090485244995e-12,0.0,0.0,0.0,0.0,0.0,0.0,0.0,0.0,0.0,0.0,0.0,0.0,0.0,0.0,0.0,0.0,0.0
mp-760417,0.0,0.5163052357345682,0.9243966331554383,1.0,0.5779824286401073,0.2500582795591678,0.09138539548426183,0.010149939792030549,0.007293940922465847,0.031409068859143706,0.035992035040434495,0.07809318763712085,0.1347556146730072,0.15506963210261326,0.09556965716962827,0.013640782259260797,0.0,0.0006589452435817024,0.0,0.0,0.0,0.0,0.0,0.0,0.0,0.0,0.0,0.0,0.0,0.0,0.0,0.0,0.0,0.0,0.0,0.0,0.0,0.0,0.0,0.0,0.0,0.0,0.0,0.0,0.0,0.0,0.0,0.0,0.0,0.0,0.0
mp-7631,0.0,0.00041480757040232455,0.0015849562897504717,0.0036435144954287363,0.006603579892839765,0.0107931265509231,0.016243556133487554,0.023570794756602707,0.033088676246026884,0.04576932313160258,0.06255635049824759,0.08765083278178545,0.132012322376889,0.19919466194515703,0.2561705406832648,0.291763005462556,0.30715108029837984,0.317320059289256,0.3026294508585396,0.25150646622776945,0.2101461970551632,0.19201854277103803,0.15756560322244528,0.1055517559898374,0.07490307433485309,0.12464758831917287,0.21503202536171653,0.2510974163453545,0.19944292034662536,0.10016090596193931,0.03605320639587671,0.008522853569692282,0.0,0.0,0.0,0.0,0.010014295508295702,0.565754773520524,1.0,0.878526460045684,0.2710968256371778,0.13646968198153753,0.34132359490656383,0.39592903262258683,0.23232065203088256,0.08497948831224297,0.08093902695606173,0.04477635953355684,0.013850495690717625,0.0,0.0
mp-7639,0.0022966205577506526,0.012989105065046008,0.07111196721068788,0.1810770326795723,0.5148710992752998,0.9015016741975774,1.0,0.9531932940044318,0.7796301352104418,0.6868399749210139,0.5474339109897448,0.2974890127822699,0.15988770998781401,0.09396155450567643,0.1596001675384643,0.1583984498299348,0.14491981801319617,0.15703709166514096,0.1957155344787518,0.1882262266367198,0.09131969801492938,0.0,0.0,0.015233405578762751,0.0,0.0,0.0,0.0,0.0,0.0,0.0,0.0,0.0,0.0,0.0,0.0,0.0,0.0,0.0,0.0,0.0,0.0,0.0,0.0,0.0,0.0,0.0,0.0,0.0,0.0,0.0
mp-7650,0.0,0.11796388655123323,0.0,0.2437215760418888,0.791478108688667,1.0,0.939121482156895,0.4986964288863134,0.5313728913277456,0.6126967931117414,0.6403131148273704,0.5701265906118974,0.3536223785377809,0.34452143117430606,0.5808034763683592,0.8264425616645931,0.8525600405047311,0.8546679446250485,0.7630395046225987,0.6827909918155296,0.6107817356930787,0.5998553799473612,0.37071481397117606,0.21269991492066542,0.08842940502857058,0.23135216317632712,0.37461842423765734,0.39752589614468886,0.24805694084263236,0.09479165244160723,0.0,0.0,0.0,0.0,4.4246550608987265e-18,1.4070450419691871e-19,0.0,0.0,0.0,0.0,0.0,0.0,0.0,0.0,0.0,0.0,0.0,0.0,0.0,0.0,0.0
mp-7684,0.09004216233824144,0.9225154383477995,1.0,0.9149200220602219,0.5904639385005052,0.5571670862006105,0.3860465759427706,0.19888389589570138,0.0,0.0,0.12427331193176412,0.3765925182946721,0.41838466499617205,0.0,0.0,0.0,0.0,0.0,0.0,0.0,0.0,0.0,0.0,0.0,0.0,0.0,0.0,0.0,0.0,0.0,0.0,0.0,0.0,0.0,0.0,0.0,0.0,0.0,0.0,0.0,0.0,0.0,0.0,0.0,0.0,0.0,0.0,0.0,0.0,0.0,0.0
mp-7752,0.14300741209926862,0.0,0.2892685296308501,0.8480315477797699,1.0,0.8357417598545267,0.581005894629083,0.46861628839211605,0.3444859296481403,0.14835799847917688,0.10620723256417001,0.047659089021742124,0.0475306712258621,0.11362466818495862,0.14719490528689877,0.11800146822937357,0.0906184125711972,0.11038959818963205,0.20215893708228863,0.2117021011291716,0.1291624103092594,0.011365514781431689,0.0,0.0005880031059887994,0.004115225794292437,0.0,0.0,0.0,0.0,0.0,0.0,0.0,0.0,0.0,0.0,0.0,0.0,0.0,0.0,0.0,0.0,0.0,0.0,0.0,0.0,0.0,0.0,0.0,0.0,0.0,0.0
mp-7770,0.09567558523012315,0.0,0.14681992010387426,0.4327500958842642,0.8212298848058818,1.0,0.8313824298570178,0.45036797929919664,0.4059596612372153,0.8668187775391767,0.9658736101511907,0.5137498631760465,0.0,0.0,0.0,0.0,0.0,0.0,0.0,0.0,0.0,0.0,0.0,0.0,0.0,0.0,0.0,0.0,0.0,0.0,0.0,0.0,0.0,0.0,0.0,0.0,0.0,0.0,0.0,0.0,0.0,0.0,0.0,0.0,0.0,0.0,0.0,0.0,0.0,0.0,0.0
mp-7774,0.0,0.5114012875230987,0.7335699187976533,0.881564763552364,0.8563795317804348,1.0,0.8950925853717461,0.7314908373021948,0.7718176342461027,0.7104460870503553,0.38470318349335947,0.038838695998822094,0.0,0.0,0.0,0.0,0.0,0.0,0.0,0.0,0.0,0.0,0.0,0.0,0.0,0.0,0.0,0.0,0.0,0.0,0.0,0.0,0.0,0.0,0.0,0.0,0.0,0.0,0.0,0.0,0.0,0.0,0.0,0.0,0.0,0.0,0.0,0.0,0.0,0.0,0.0
mp-7863,0.024560113229654602,0.058171889162533304,0.5295946308953624,0.9883898635020821,1.0,0.6154023646770307,0.2550962999393668,0.1460542656754218,0.2447254033659398,0.3434107735961643,0.4012469017172702,0.44162697862204403,0.3548782965465399,0.16118592087240102,0.04740934068740388,0.0,0.0,0.0,0.0,0.0,0.0,0.0,0.0,0.0,0.0,0.021174763467995506,0.11840812190293465,0.14676989654095357,0.10384963706665044,0.0,0.046578163927414915,0.07556776920411207,0.10655915860520199,0.13817381924624247,0.12062859503827225,0.07930261441611444,0.008129487030114617,0.0,0.0,0.0,0.0,5.250135185936744e-65,1.0037512987053775e-64,0.0,0.0,0.0,0.0,0.0,0.0,0.0,0.0
mp-7895,0.012560644698769248,0.06233132724282951,0.37551211292164577,0.730775464821134,1.0,0.9272159725803115,0.4971848936902507,0.28213559300716456,0.46207653760026507,0.7255953313976924,0.5272842132264415,0.07827234346062979,0.353534755670707,0.4771031202353094,0.3537088101984296,0.10282006638889452,0.0,0.0,0.0,0.0,0.0,0.0,0.0,0.0,0.0,0.0,0.0,0.0,0.0,0.0,0.0,0.0,0.0,0.0,0.0,0.0,0.0,0.0,0.0,0.0,0.08475119510495721,0.25087178350246925,0.2697039651922617,0.14124773963023393,0.0,0.0,0.0,0.0,0.0,0.0,0.0
mp-7914,0.0,0.0033561967832005414,0.012793577584605169,0.03133287537676946,0.058443662980980096,0.088366880095897,0.11907653417252677,0.4106353158281144,0.7135392284682202,0.7523219323738451,0.7820126316232243,0.6908630673978409,0.8262701526198407,0.5851021857692006,0.3682888497588768,0.29141869569089146,0.476708230180206,0.7816806318901665,1.0,0.8101839977254965,0.6191371496290213,0.47200378065112975,0.5974991983294546,0.49480437607429645,0.24316231941190053,0.13026478923110188,0.1750387354532443,0.27585689130848856,0.30963022380184657,0.24592098000531723,0.15936554145473208,0.08310937853469345,0.02784410390063474,0.0,0.0,0.0,0.0,6.92259299308839e-18,0.0,0.0,0.0,0.0,0.0,0.0,0.0,0.0,0.0,0.0,0.0,0.0,0.0
mp-7929,0.049647560696187226,0.0013427664383484673,0.3787296957146701,0.8589027599966617,1.0,0.655812687511411,0.3328364586809265,0.19178936373941702,0.28875573853956493,0.18622987858695575,0.074320328613778,0.0,0.0,0.00019147423063970895,0.23127298956706904,0.39712677563041326,0.45565221024270786,0.28735080105022404,0.07973644136953915,0.04703220986112445,0.0,0.018564235957499294,0.0,0.0,0.0,0.0,0.0,0.0,0.0,0.0,0.0,0.0,0.0,0.0,0.0,0.0,0.0,0.0,0.0,0.0,0.0,0.0,0.0,0.0,0.0,0.0,0.0,0.0,0.0,0.0,0.0
mp-7931,0.0,0.03280517147453597,0.07842443790951992,0.2610504400237125,0.7115608775626319,1.0,0.9390138479928617,0.6318140725045304,0.44989544639102036,0.5821431499506444,0.8655803239686385,0.8289510263170672,0.4681584726409494,0.03383655821370415,0.0,0.0,0.0,0.07854890246690831,0.17200763044222886,0.13998867691087058,0.11813995270772759,0.048578068870912275,0.0805638807986586,0.02363287921396254,0.0,0.013083017725396877,0.0,0.0,0.0,0.0,0.0,0.0,0.0,0.0,0.0,0.0,0.0,0.0,0.0,0.0,0.0,0.0,0.0,0.0,0.0,0.0,0.0,0.0,0.0,0.0,0.0
mp-7937,0.003356178715470769,0.005157034131760681,0.03438294023981422,0.08687434846873096,0.1402743648751316,0.2005284429268447,0.36118992801376,0.7136155129330886,0.8812643580805966,0.9582910721950384,0.7549952940624322,0.46672228496748003,0.08421357558929574,0.04599327569224471,0.42569115184431516,0.6747294883639303,0.9580974979485724,1.0,0.8385774632469813,0.5680709191981835,0.1520245710218131,0.0,0.003584112232270732,0.0,0.00349897182931442,0.0006825431630204823,0.0,0.0,0.0,0.0,0.0,0.0,0.0,0.0,0.0,0.0,0.0,0.0,0.0,0.0,0.0,0.0,0.0,0.0,0.0,0.0,0.0,0.0,0.0,0.0,0.0
mp-7939,0.0,0.023487234742224403,0.07618457587472523,0.16228013958667287,0.30793940697332295,0.5483974773612363,0.6576689140146104,0.7282005571417318,0.82567533977967,1.0,0.8703108991047451,0.2944792478154872,0.48477122360065195,0.6599703067988267,0.7151181829405826,0.2769039966029822,0.0,0.0,0.0,0.005582270234005706,0.0,0.0,0.0,0.0,0.0,0.0,0.0,0.0,0.0,0.0,0.0,0.0,0.0,0.0,0.0,0.0,0.0,0.0,0.0,0.0,0.0,0.0,0.0,0.0,0.0,0.0,0.0,0.0,0.0,0.0,0.0
mp-7956,0.0,0.21639780503403228,0.5667204077077654,0.9296979348320341,1.0,0.8919440161306676,0.8627849746769845,0.6769931341956371,0.6387562739204911,0.705890705737694,0.63041939832645,0.25275569543451537,0.0,0.0,0.0,0.0,0.0,0.0,0.0,0.0,0.0,0.0,0.0,0.0,0.0,0.0,0.0,0.0,0.0,0.0,0.0,0.0,0.0,0.0,0.0,0.0,0.0,0.0,0.0,0.0,0.0,0.0,0.0,0.0,0.0,0.0,0.0,0.0,0.0,0.0,0.0
mp-7972,0.07495790072298324,0.0,0.2774304919687741,0.727020187847115,1.0,0.9159377592529278,0.6131208269954693,0.24645457959302164,0.1601833173819436,0.22113762002232154,0.34023340732664814,0.40444646417677393,0.6738324431464543,0.8660580077207599,0.7421182743482297,0.4713173195071099,0.09138537306605204,0.06503348889732502,0.06813182007582548,0.052807275460426295,0.013063179874879675,0.18151513010706963,0.30018076556893475,0.26194882720703505,0.07142235346313296,0.0,0.0,0.008605671935588545,0.0,0.0,0.0,0.0,0.0,0.0,0.0,0.0,0.0,0.0,0.0,0.0,0.0,0.0,0.0,0.0,0.0,0.0,0.0,0.0,0.0,0.0,0.0
mp-8000,0.05354540902593689,0.0,0.07752267172412469,0.2721178339443249,0.5484565427497029,0.7734727729009129,0.7146901456593632,0.6007696347760566,0.5598818192265844,0.655307259496723,0.6849614383704047,0.8603509798304846,0.8019752752898494,0.537462495531,0.09933514987024812,0.0,0.1873736044220424,0.4727840520537628,0.6984037467973497,0.9493043015640341,0.8274898346169784,0.517268095712029,0.04363330408460358,0.0,0.0,0.0,0.0,0.0,0.0,0.06336558522840349,0.7653602092358226,1.0,0.68134422550412,0.0,0.07777446053893079,0.45018888700362375,0.4991498557983084,0.2714832355985797,0.0,0.0,0.0,0.0,0.0,0.0,0.0,0.0,0.33822936561266753,0.5214685169941315,0.42805973574847506,0.05800923802727832,0.0
mp-8041,0.07670448272369786,0.026990865483742615,0.5157438729547078,1.0,0.9293536324914193,0.35258852635939963,0.25691464927002367,0.4182930204891338,0.5230272931119111,0.27183253817001274,0.07772608694071984,0.08718428985235677,0.0,0.0,0.0,0.0,0.0,0.0,0.0,0.0,0.0,0.0,0.0,0.0,0.0,0.0,0.0,0.0,0.0,0.0,0.0,0.0,0.0,0.0,0.0,0.0,0.0,0.0,0.0,0.0,0.0,0.0,0.0,0.0,0.0,0.0,0.0,0.0,0.0,0.0,0.0
mp-8042,0.0,0.011919923380879147,0.025243310152941525,0.06824244526936796,0.1799062305365793,0.2751918923687979,0.41581963216493295,0.6087293374459847,0.8231916295909557,0.8579458204898446,0.7944863904619942,0.8527418390187298,0.9204981563219307,1.0,0.884438980838187,0.6382234102441459,0.27540965850072924,0.4145771533599866,0.7271075326341798,0.6968447062025429,0.4396205428849973,0.23042684147433637,0.39864442555154045,0.4234701451584216,0.585852429582937,0.6910389777956468,0.6000340024070523,0.3669833504015524,0.23430080803995226,0.185555568758596,0.10274733092316796,0.08481775176519728,0.25654092078814417,0.40471405070423894,0.5097371311551988,0.4226389964304373,0.3253174965032797,0.6197915991065992,0.7552899029725909,0.6639357061006379,0.21187340057537737,0.04554843454453165,0.0,0.0,0.0,0.0,0.0,0.0,0.0,0.0,0.0
mp-8058,0.004776190171543599,0.0062621491051912245,0.04582021326868828,0.11578552414027851,0.1903322725959062,0.4766043178861315,0.7663112855605854,0.8601709324635612,0.8151268188918432,0.6716576309553534,0.6262077359641142,0.6442043965272797,0.8296126861715016,1.0,0.7912592664317161,0.38085831045605684,0.25709687992956815,0.26009013337040837,0.292729489662359,0.3674097862596387,0.5163489656876636,0.5090502645070575,0.27981471448882744,0.20694785926276002,0.29126783965936026,0.2824301793201154,0.12510121225077012,0.0,0.0,0.0,0.0,0.0,0.0,0.0,0.0,0.0,0.0,0.05437952892936414,0.24336206059810772,0.46871147856193823,0.44111394431809403,0.5923062906148806,0.6185743790345021,0.4905065421133935,0.2550938125893009,0.08899389905648555,0.08696988692260767,0.005228796328954768,0.0,0.0,0.0
mp-8062,2.374266502334332e-05,0.00036785555438324243,0.001509044036575144,0.003443539479352298,0.006211653266965424,0.010019793610704,0.015140678021149432,0.021956323760014475,0.031062851574599946,0.04315893156108598,0.058916844399368014,0.08319386948405505,0.12845530934284455,0.1787755828774599,0.21954070685225988,0.24496819817375365,0.2825962097787742,0.31217991554338936,0.29586517547167596,0.23559061180830354,0.1786119668934913,0.17458841534032493,0.1488389743718405,0.10404468441351492,0.06816267511805416,0.10800108528718132,0.20303541692251054,0.23458531883453088,0.1845516132133273,0.08416905642105722,0.03635534621909376,0.01143279740888504,0.0,0.0,0.0,0.0,0.0,0.572352324641751,1.0,0.8480951675997531,0.19382114210374596,0.03572322668154944,0.3243080016728268,0.37318621567254234,0.23808958454533688,0.07254184881590228,0.07553764752316358,0.04402741158141624,0.015638866182545133,0.0,0.0
mp-8145,0.0,0.07954148182983514,0.0,0.3526644629578362,0.8714303062220893,1.0,0.8996231363586789,0.4393092558107609,0.4975307235520826,0.5681970681902776,0.652414633664035,0.5586414926730041,0.36230330296845814,0.3586510737722622,0.591492878618669,0.8230159699894841,0.852239948656821,0.8575568498208558,0.7363143475559303,0.6646526581055753,0.6018171210256237,0.6078170472321408,0.3762878766047309,0.2047913210281693,0.08886035229712243,0.23627081686086254,0.37450678889362593,0.3942397538753905,0.2462095746611898,0.094510735673555,0.0,0.0,0.0,0.0,2.7735951927856596e-18,8.812570947929735e-20,0.0,0.0,0.0,0.0,0.0,0.0,0.0,0.0,0.0,0.0,0.0,0.0,0.0,0.0,0.0
mp-8176,0.15736844955521564,0.0,0.20287185466793817,0.7443107178743125,1.0,0.9986324037760259,0.6363820621586979,0.37872540263861165,0.1369829608327352,0.0,0.07167804388611525,0.17637334203985514,0.34450187963531875,0.4583105939573939,0.5254419949948756,0.4423787268097622,0.2862089588370649,0.29551516426607843,0.30026790519144003,0.43211131114246576,0.4491063444351885,0.25027748642179687,0.10027919623854314,0.0,0.04235517389935246,0.0,0.0,0.0,0.0,0.0,0.0,0.0,0.0,0.0,0.0,0.0,0.0,0.0,0.0,0.0,0.0,0.0,0.0,0.0,0.0,0.0,0.0,0.0,0.0,0.0,0.0
mp-8192,0.009956982070940914,0.09822404475864713,0.4104698798327673,0.8652509505798976,1.0,0.6688755661096566,0.1975783599152376,0.0,0.04428022386054064,0.22090128399589629,0.4035525411276649,0.4754077505820972,0.45265088563109523,0.4682837254897,0.292185704572748,0.0742693768839281,0.0,0.0,0.0,0.0,0.0,0.0,0.0,0.0,0.0,0.0,0.018228937935465404,0.37529035170787495,0.6277107232513461,0.5385938047090512,0.1041266616937071,0.0,0.0,0.0,0.0,6.30346508043042e-20,0.0,0.0,0.0,0.0,0.0,0.0,0.0,0.0,0.0,0.0,0.0,0.0,0.0,0.0,0.0
mp-8207,0.0,0.05083631347052036,0.07458899919015205,0.1425649256187847,0.39557533298385333,0.7520616379789596,1.0,0.9758167133428367,0.86606403295508,0.7622922894617179,0.656518841173892,0.5352174219885989,0.2884240658956804,0.13086572786794062,0.14859269406196646,0.2186612044977663,0.2682932609151241,0.23874695726606043,0.2357840170732617,0.3151451351831414,0.35995855998414955,0.45896617492636077,0.5190868059971941,0.4836100374960754,0.3788041517993165,0.29690530770778256,0.41781597981351315,0.5401271040332438,0.5292273157702546,0.4442210403368923,0.6165967190961157,0.7293800589259055,0.5824049832804793,0.3554825225625925,0.3022048465974771,0.3881864271613776,0.49718441894717746,0.43011053520628567,0.25663349561994436,0.03448569417241877,0.0,0.0,0.0,0.0,0.0,0.0,0.0,0.0,0.0,0.0,0.0
mp-8248,0.06898518827332245,0.22838876064822358,0.598034270157223,0.8784844495010172,1.0,0.9217832744868739,0.6185773313710955,0.3155687152387153,0.040902588825268,0.027925087436187344,0.0,0.0,0.0894637644223612,0.30337688992263456,0.3251983272967019,0.2937104343996224,0.13215445175688886,0.13853893355211208,0.027361852238282244,0.0,0.0,0.0,0.0,0.0,0.0,0.0,0.0,0.0,0.0,0.0,0.0,0.0,0.0,0.006329430463596604,0.1936871338917015,0.3004597836466745,0.40059674821716346,0.23095233974567841,0.14901891954660698,0.0,0.0,0.013222187907559933,0.0,0.0,0.0,0.0,0.0,0.0,0.0,0.0,0.0
mp-8256,0.045675150164353515,0.0064088696808259175,0.224539040087587,0.4397452485347292,0.6260377266863745,0.7439267898393471,0.6404806949162364,0.7627934938758083,0.6878934596868941,0.5190117673294328,0.3685981496665079,0.6053661843462157,1.0,0.9396984032933807,0.5888488285558859,0.5885761995060766,0.6231821449362045,0.4835223364114959,0.11649748738467823,0.0,0.0,0.0,0.0,0.0,0.0,0.0,0.09063844605729006,0.46333459810633226,0.896970970647042,0.908986326367741,0.6556517757393606,0.2801351775976023,0.11274729300041167,0.0,0.0,0.0,0.0,1.0005194722571387e-34,6.253227450058905e-35,0.0,0.0,0.0,0.0,0.0,0.0,0.0,0.0,0.0,0.0,0.0,0.0
mp-961706,0.0,0.03632038740935182,0.046881656884011844,0.14846445591923363,0.5013467732601059,0.6901089435576916,0.85446544612849,0.5864283168827947,0.27299994221277957,0.019046988951227167,0.0,0.2619321271873709,0.7845762752173682,1.0,0.9655336805675306,0.8564251003613955,0.9569882055452461,0.8577999405548845,0.457858165744222,0.15274081210261786,0.024180661446610893,0.0,0.0,0.0,0.0,0.0,0.0,0.0,0.0,0.0,0.0,0.0,0.0,0.0,0.0,0.0,0.0,0.0,0.0,0.0,0.0,0.0,0.0,0.0,0.0,0.0,0.0,0.0,0.0,0.0,0.0
mp-961711,0.026449776058412384,0.0,0.05474120978583559,0.3859675050463897,0.7044728281601892,0.7156674545920461,0.5679466032730582,0.25674991060208585,0.19543255938293774,0.2995683751540465,0.9493234768006151,0.9881648720784261,0.5698702287087715,0.4581016393880364,0.8828560195904844,1.0,0.4519030509922388,0.0714054971050331,0.0,0.0,0.0,0.0,0.0,0.0,0.0,0.0,0.0,0.0,0.0,0.0,0.0,0.0,0.0,0.0,0.0,0.0,0.0,0.0,0.0,0.0,0.0,0.0,0.0,0.0,0.0,0.0,0.0,0.0,0.0,0.0,0.0
mp-961713,0.015001150858779842,0.006583929724099815,0.0754734191215306,0.3658363264112394,0.5574942359599595,0.7789499682621344,0.8034181342420311,0.9997399059072076,0.8837224327727446,0.9548047145631875,1.0,0.8494719680327812,0.1856177528735331,0.0,0.0,0.0,0.0,0.0,0.0,0.0,0.0,0.0,0.0,0.0,0.0,0.0,0.0,0.0,0.0,0.0,0.0,0.0,0.0,0.0,0.0,0.0,0.0,0.0,0.0,0.0,0.0,0.0,0.0,0.0,0.0,0.0,0.0,0.0,0.0,0.0,0.0
mp-972937,0.011157066898309313,0.00041079827794177916,0.06443806308449633,0.1438466306814542,0.2047161359965793,0.25686818783050824,0.230237175132187,0.2078141693159807,0.35234103585734555,0.5517009016891079,0.5810135335916081,0.49995223526721616,0.5282006765614456,0.7324698718731927,0.7934608054467005,0.7192808897186458,0.894652934856172,0.8966376668391812,1.0,0.9756286847942194,0.9196346762373859,0.6656711588282966,0.3106638527974417,0.3411292887428706,0.30149450336129785,0.36796704427482535,0.37426988158316915,0.33620128990519665,0.1633135935267154,0.32986990856923065,0.6085116766553487,0.8834354270236394,0.7982994886170567,0.40680072049812477,0.3659441152395343,0.4047824597529113,0.46652223533375925,0.35830713480773513,0.22656644518139873,0.07820379986169042,0.0005014218722416056,0.0,0.0,0.0,0.0,0.0,0.0,0.0,0.0,0.0,0.0
mp-973185,0.17241102870060462,0.0,0.36637030554007577,0.764006597686063,0.7082447396618784,0.3554819446394863,0.25480535053517367,0.34459049343507747,0.3255349743132576,0.32574897566344463,0.2837896190860053,0.23746788101534622,0.20012369777289643,0.16227939541336875,0.1328296153115125,0.06670185730025298,0.16113820599776477,0.3813999339259337,0.9317458107512679,1.0,0.6022460036397772,0.13717849024976767,0.0,0.09246605479083825,0.2237547036942016,0.3429393020986922,0.3942574215814183,0.3518335184454861,0.3485309894830593,0.24589546609254245,0.20680535231611663,0.14457632316274138,0.10034462707878292,0.048826016461637346,0.009900253528585253,0.0,0.0,0.0,0.0,2.5780096972349685e-51,4.767244316057154e-49,0.0,0.0,0.0,0.0,0.0,0.0,0.0,0.0,0.0,0.0
mp-974381,0.0,0.009642084838211823,0.024722805333790496,0.056828022198000434,0.13224726312555665,0.24801856714190307,0.3814321898106139,0.5159697232120793,0.5466187319209164,0.5615884286813287,0.532222122735674,0.37846924701817913,0.058079593450094835,0.0,0.41041499378798585,0.6167835786816119,0.6154505917075438,0.6327217081718386,0.7357929867270511,1.0,0.7312497312273852,0.3949204123258322,0.10289170408439254,0.0,0.0,0.005788617640470363,0.0,0.0,0.0,0.0,0.0,0.0,0.0,0.0,0.0,0.0,0.0,0.0,0.0,0.0,0.0,0.0,0.0,0.0,0.0,0.0,0.0,0.0,0.0,0.0,0.0
mp-978846,0.5043848692394917,1.0,0.9980346811205741,0.8973235173345585,0.8698604588937825,0.7908405011676687,0.4070313788824616,0.08550567690109562,0.0,0.0,0.0,0.0,0.0,0.0,0.0,0.0,0.0,0.0,0.0,0.0,0.0,0.0,0.0,0.0,0.0,0.0,0.0,0.0,0.0,0.0,0.0,0.0,0.0,0.0,0.0,0.0,0.0,0.0,0.0,0.0,0.0,0.0,0.0,0.0,0.0,0.0,0.0,0.0,0.0,0.0,0.0
mp-978847,0.09566684565447296,0.0,0.1114314078278417,0.47638505236901074,0.8032505818600965,1.0,0.8490877373944871,0.6207776331476003,0.3697962487929023,0.256044077330881,0.21946562733514946,0.4839169822537078,0.5055765977633692,0.3161571324759401,0.0,0.0,0.0,0.0,0.0,0.0,0.0,0.0,0.0,0.0,0.0,0.0,0.0,0.0,0.0,0.0,0.0,0.0,0.0,0.0,0.0,0.0,0.0,0.0,0.0,0.0,0.0,0.19195072462802665,0.42392885269604796,0.48478513249228444,0.2416273529264481,0.06369437271049155,0.0,0.0,0.0,0.0,0.0
mp-978852,0.03915577942925518,0.0,0.35900727691337875,0.7301091389388958,1.0,0.922801480381708,0.672788519798733,0.4371833035491329,0.15186897325775184,0.4887857394037008,0.5530479038139081,0.45467357989957347,0.11928231737308785,0.0,0.0,0.0,0.0,0.0,0.0,0.0,0.0,0.0,0.0,0.0,0.0,0.0,0.0,0.0,0.0,0.0,0.0,0.0,0.0,0.0,0.17961781369806742,0.36565634364459026,0.4581744277186401,0.2594686695849159,0.11037901573605137,0.0,0.0,0.0,0.0,0.0,0.0,0.0,0.0,0.0,0.0,0.0,0.0
mp-979137,0.004510992723654015,0.007169941581889374,0.03806216181137155,0.3130534499478474,0.7723076446458707,0.9424352604238032,1.0,0.8275114708682221,0.6338133053838929,0.37573778618645637,0.3746523018410425,0.28683297145465636,0.13695848806494484,0.0,0.0,0.007242970378168019,0.4441176200350148,0.6587256766830035,0.4972460841333776,0.10816237649039573,0.0,0.0,0.0,0.0,0.0,0.0,0.0,0.0,0.0,0.0,0.0,0.0,0.0,0.0,0.0,0.0,0.0,0.0,0.0,0.0,0.0,0.0,0.0,0.25038945285843717,0.5350225112669375,0.5829225162859146,0.25932931545779025,0.0730964720220778,0.0,0.0,0.0
mp-980057,0.03579765578058735,0.0,0.05452664689113768,0.2900573205878257,0.6852103641904882,1.0,0.9157426316340039,0.6800631302764436,0.381372502562316,0.1294557918810388,0.0735936622758749,0.13531592013487254,0.27002514597566146,0.2088880288729106,0.012617236092408005,0.05262191420067875,0.47579217835486015,0.5809162202490419,0.3638882803352755,0.0,0.0,0.0,0.0,0.0,0.0,0.0,0.0,0.0,0.0,0.0,0.0,0.0,0.0,0.0,0.0,0.0,0.0,0.0,0.0,0.0,0.12475198498225443,0.34608307007117567,0.5016578087175719,0.3735660249165664,0.10577420719580631,0.008455255545088506,0.0,0.0,0.0,0.0,0.0
mp-981,0.0,0.025930060286241688,0.047842720981710544,0.14425845762513845,0.37531915081061284,0.5881839612680457,0.5640427814930399,0.4518245213604558,0.4828794945318863,0.8002010357137678,1.0,0.9266834631636579,0.6991364881580551,0.8606655607268441,0.7827754618941166,0.5181548369123747,0.31597525064370147,0.34374218658594147,0.313821702788903,0.06347059990069592,0.0,0.0,0.008140771848293246,0.0,0.0,0.0,0.0,0.0,0.0,0.0,0.0,0.0,0.0,0.0,0.0,0.0,0.0,0.0,0.0,0.0,0.0,0.0,0.0,0.0,0.0,0.0,0.0,0.0,0.0,0.0,0.0
mp-9812,0.0,0.011445550839609752,0.03047569569590529,0.06065465856458297,0.18854192079459847,0.49461289159938837,0.7149268968827429,0.8046507207715177,0.7731898580176932,0.803802574110571,0.7925374283054966,0.7243526153984738,0.6360338617860289,0.680268319402346,0.7612798127807271,0.8410305509114152,0.7787168235384195,0.6241043080925431,0.4702812272431151,0.2888744842877647,0.029192153762135506,0.0,0.0,0.0,0.0,0.0,0.0,0.0,0.0,0.0,0.0,0.0,0.0,0.0,0.6661928042777301,1.0,0.7893700348553123,0.06476845332092056,0.0,0.0,0.35059734991032077,0.5144769024609592,0.4061378487038761,0.0256830374579536,0.0,0.0,0.0,0.0,0.0,0.0,0.0
mp-989407,0.0,0.03178329199556619,0.05125028807385567,0.17887312557452867,0.4594046835911414,0.8076536026009965,0.9967394422310959,1.0,0.8958609849007453,0.7654837636736028,0.6743674727730864,0.4982321133465547,0.36456489356617466,0.37616882907838733,0.4671781857782305,0.6267124975214208,0.4236846086940784,0.36228521646395423,0.44413127206852865,0.679198115357137,0.656154563473706,0.30624900941416944,0.2465110990337133,0.37682984270228553,0.4022579961729794,0.17219421313314032,0.024637497177570626,0.07660592588351794,0.34652000202730077,0.4115052243267679,0.2665450742618149,0.01061149527063286,0.0,0.060748512059436786,0.1615398898236962,0.25336190536001013,0.3290956556565461,0.3968307209268322,0.3635454533100072,0.2585656459872622,0.18376584654838002,0.130566003688691,0.08595398272621733,0.03140863006541744,0.02271601188898512,0.09515881501170494,0.20007999907173257,0.30245465785830045,0.2941609446534053,0.1636857189806183,0.032952421015658685
mp-989513,0.03631768386395162,0.0,0.14639341384481583,0.4023035205234345,0.6891496041055174,0.8965724397041394,1.0,0.9373120219429891,0.8447022227854345,0.5751016973598788,0.37191962562066583,0.26593009967252745,0.24422597166474477,0.411387598930415,0.33354525931065115,0.33565248038520146,0.4415096612012212,0.5432530261385776,0.4714398022805938,0.3769474331220888,0.29773511446059137,0.3502990487703796,0.27636977813594954,0.13421684510823317,0.0,0.017471245904178475,0.142545690157783,0.2967501758327042,0.2938498609856596,0.28653082023731,0.35472338206977916,0.34215591471713036,0.22168160746482418,0.04777366169499394,0.048731498670746755,0.08149645144370371,0.11248123632149168,0.14948527581020393,0.24521853490138007,0.21842742302939766,0.10792054419046819,0.0,0.0,0.0,0.0,0.326600247289548,0.575891088250423,0.5141310300654685,0.12817107981906098,0.0,0.0
mp-989625,0.025256049976938207,0.0,0.10500829603840922,0.32037399276175244,0.6351770757170602,0.9515766946050345,1.0,0.973274383236603,0.8790606082580961,0.6708521160959455,0.2826991716276126,0.09542974824571937,0.1266460741846489,0.2979559318685099,0.24688231364823185,0.36814141858933475,0.5489028619203072,0.6228546357061164,0.46362089337370416,0.39296622332240927,0.4655092290110695,0.4973953858464809,0.378520699021327,0.3719777868011283,0.288216815305964,0.1631840504337723,0.0,0.13083085137502118,0.21117373240721016,0.15504485109375646,0.0,0.13146773098366793,0.20726642978994897,0.15925158988505833,0.0038326987805580963,0.0,0.02530396637975226,0.022549793534708623,0.11534700122028586,0.14773842975879273,0.1529168778210941,0.21079963961462556,0.15826157100350927,0.1499026672513101,0.12449835809654371,0.17754526907336743,0.17225423592057734,0.13699301914402573,0.21345785721953087,0.2744313134870867,0.20249369899140177
mp-991652,0.0,0.19309249415858765,0.5222041046619822,0.740664256904156,0.6176481516726291,0.3999566526395453,0.3839537710036087,0.32289735185992535,0.6915453187235018,1.0,0.9505300684965547,0.39761829760422673,0.0,0.1616457947449598,0.3556423851914554,0.3498903764959527,0.06768644579806848,0.0,0.0,0.0,0.0,0.0,0.0,0.0,0.0,0.0,0.0,0.0,0.0,0.0,0.0,0.0,0.0,0.0,0.0,0.0,0.0,0.0,0.0,0.0,0.0,0.0,0.0,0.0,0.0,0.0,0.0,0.0,0.0,0.0,0.0
mp-997086,0.0017545878505319046,0.04008413253880806,0.2788892280844962,0.6684617572654308,0.9090107874367566,1.0,0.8763779023588134,0.6771684641046165,0.6444108154927899,0.50910529866313,0.2675172564964342,0.033153907457645904,0.0,0.16939466329920183,0.44757023848118077,0.5883009160020068,0.5235532970064348,0.5308489861961122,0.6530103584328553,0.7206754810305213,0.4709580953265706,0.3279098526662232,0.23724905966330806,0.26397936055222715,0.2722340129814215,0.2636197659640883,0.259984851546423,0.1500734280046186,0.02781023872079518,0.0,0.0,0.0,0.00012039100867683453,0.0,0.0,0.0,0.0,0.0,0.0,0.0,0.0,0.0,0.0,0.0,0.0,0.0,0.0,0.0,0.0,0.0,0.0
mp-999549,0.0,0.0031293012745192117,0.011615582524255168,0.026676068613015393,0.049588639598298956,0.09113199490858837,0.1461181225697874,0.20410814611551728,0.29383893918778425,0.482747715114095,0.7277110402658012,0.7873164424335517,0.7286754874935589,0.48677998269186545,0.23672951292326838,0.0,0.0,0.0,0.0,0.0,0.0,0.0,0.0,0.0,0.0,0.0705755104952747,0.5785049952538921,1.0,0.8975404206962816,0.33227070901290423,0.060567036191658555,0.2627101254041445,0.7786577245191342,0.9504510732675285,0.7834894759119156,0.6017418838366198,0.517663282959616,0.3380686487222685,0.0,0.0,0.0,0.0,0.0,0.0,0.0,0.0,0.0,0.0,0.04665687219694754,0.14202033230371458,0.2640512831421629
mp-8276,0.0,0.010676018471668288,0.03254141297153732,0.16290496565041668,0.42504295437310363,0.9201351199203573,1.0,0.7755886955665549,0.3564223958525876,0.12434966835274688,0.0,0.05995602018805041,0.19234797772213286,0.47351582230764744,0.7022137277840856,0.6961471645780846,0.3558170440326102,0.08257432416760146,0.0,0.01913056384649238,0.0,0.0,0.0,0.0,0.0,0.0,0.0,0.0,0.0,0.0,0.0,0.0,0.0,0.0,0.0,0.0,0.0,0.0,0.0,0.0,0.0,0.0,0.0,0.0,0.0,0.0,0.0,0.0,0.0,0.0,0.0
mp-8277,0.050127552149874306,0.0,0.18237705586653843,0.5850646069548123,1.0,0.9943416065568517,0.6949739465295013,0.2546654430212811,0.06874144723318357,0.027160403409920045,0.16561418422898067,0.3167369076074225,0.4678733864167189,0.6483407242334019,0.5794015591274664,0.2838351236125772,0.0,0.0,0.0,0.0,0.0,0.0,0.0,0.0,0.0,0.0,0.0,0.0,0.0,0.0,0.0,0.0,0.0,0.0,0.0,0.0,0.0,0.0,0.0,0.0,0.0,0.0,0.0,0.0,0.0,0.0,0.0,0.0,0.0,0.0,0.0
mp-8289,0.3307988793262936,0.4459804832579495,0.5527402537707877,0.4695601356511572,0.513048406368711,0.9462278302709465,1.0,0.5239587146980551,0.22539452595596884,0.4309999525985116,0.8136142873511204,0.8456472543190171,0.3635548384509913,0.15329619859004034,0.0,0.0,0.0,0.0,0.041555743473939484,0.1461305964814523,0.255771965300347,0.2413493894966063,0.14640798414422254,0.251934859830385,0.28463327913830855,0.39147334771391074,0.3108652660309837,0.3032155419343863,0.23722055064829498,0.03713190127492286,0.02056705801598025,0.0,0.0,0.0,0.0,0.0,0.0,0.0,0.0,0.0,0.0,0.0,0.0,0.0,0.0,0.0,0.0,0.0,0.0,0.0,0.0
mp-8298,0.05323205559550722,0.299067320039903,0.680685034345364,0.9302582675110669,0.8719451713339424,0.6831090136196653,0.8047527376335705,0.9652664076529016,1.0,0.6515408653944502,0.42622103867616296,0.429793972621836,0.428033626614924,0.25976003131050923,0.02755866748127385,0.0,0.0,0.0,0.04255853076496476,0.1084939288155957,0.14636362182672036,0.14020504651904486,0.20005596405501425,0.18621170025351313,0.08388303312839483,0.0,0.0,0.0,0.0,0.0,0.0,0.0,0.0,0.0,0.0,0.0,0.0,0.0,0.0,0.0,0.0,0.0,0.0,0.0,0.0,0.0,0.0,0.0,0.0,0.0,0.0
mp-8299,0.037485505224271826,0.14231164226657012,0.4560659205044295,0.7405349098636054,0.9902040702804055,1.0,0.9505645409233591,0.7419149719775401,0.5323852808018175,0.36114631202147235,0.18388897275201743,0.11744045392417558,0.05345014647362269,0.004124298417359969,0.0,0.0,0.0,0.03872482324066569,0.08770018723071447,0.1127558360668995,0.11256917574135228,0.15136840871412188,0.1311576793485305,0.051047464361635944,0.0,0.0,0.0,0.0,0.0,0.0,0.0,0.0,0.0,0.0,0.0,0.0,0.0,0.0,0.0,0.0,0.0,0.0,0.0,0.0,0.0,0.0,0.0,0.0,0.0,0.0,0.0
mp-8311,0.0,0.012317182926254834,0.012293474214403279,0.03553719073430863,0.1368565954811958,0.3629863154636331,0.5623188454419417,0.6271332408992852,0.5813456722094461,0.43865894242662995,0.2684535721397608,0.11910936109957346,0.06570046364431895,0.1585128540013321,0.28078368973511586,0.3646237510737631,0.25799625789303793,0.21947873563168369,0.3402249325471352,0.4055789466028391,0.13829559011784362,0.25505872160288295,0.7192894590694277,1.0,0.8604337262860069,0.42024448463976427,0.16656479496799495,0.0,0.0,8.700587181979774e-07,5.163281236519329e-06,0.0,0.0,0.0,0.0,0.0,0.0,0.0,0.0,0.0,0.0,0.0,0.0,0.0,0.0,0.0,0.0,0.0,0.0,0.0,0.0
mp-8377,0.0,0.1034018998076403,0.41317201658233826,0.6849076413910103,0.6604131991332116,0.5451808871533315,0.6416358279058868,0.8518403583276852,1.0,0.9270357200934012,0.5964621900891804,0.3961779636861854,0.39474687911171225,0.5365288803710946,0.5508121571110275,0.5389253869705343,0.5069302262220068,0.3343283484530253,0.15929527365694415,0.0,0.058894958278796705,0.34414749934791494,0.5275115528510257,0.4477506640970612,0.2043517370502927,0.033574732390369164,0.0,0.06791381784037843,0.18059218630505905,0.2669597310021249,0.3238915261565699,0.38796487185241435,0.3036114523149302,0.325701416745805,0.2401702014272506,0.3743229303526856,0.3677339453488699,0.2965113306203456,0.1961796603206882,0.0016761547588357716,0.0,0.0,0.0,0.0,0.0,1.5758263084493196e-95,3.4287586851205374e-96,0.0,0.0,0.0,0.0
mp-8402,0.0,0.0826624449107034,0.014445417404071426,0.11414539551946576,0.7706167995301368,0.9177027146393274,0.7435693588084561,0.5876743595974627,0.8163066600181944,1.0,0.7728162221618936,0.7096112529966951,0.7181044081375411,0.7817623049130191,0.8262337561110668,0.5010139218437555,0.31792463123057557,0.3678640812766994,0.7137020358870516,0.7515188300526061,0.500811086415986,0.2158332727729671,0.16677407343414122,0.3199786340021106,0.2403517431827813,0.05707225873926165,0.0,0.0,0.001058296937912671,0.0025267708697720745,0.0,0.0,0.0,0.0,0.0,0.0,0.0,0.0,0.0,0.0,0.0,0.0,0.0,0.0,0.0,0.0,0.0,0.0,0.0,0.0,0.0
mp-856,0.0,0.014686758214855287,0.034769252730110424,0.09070428138075254,0.29324489713332125,0.5855458855638714,0.694445788810615,0.7145350223381968,0.6699807089933422,0.6732261288710706,0.7912938792791395,1.0,0.9768740438638636,0.6532388191091215,0.5480107421798721,0.5483923574316533,0.42836349262671913,0.16247675713043683,0.0034903953128009872,0.0,0.0,0.00577422523309435,0.10673406276945772,0.38637301622304093,0.6836518914364397,0.8071608402192103,0.7850428748364007,0.54976385974279,0.5128787303445489,0.4985282075232132,0.5624864266422432,0.3245764706802766,0.12131854514502298,0.12719925181157282,0.35291260457111934,0.5868377197502327,0.5007216278622868,0.21012021038530201,0.005430223051192965,0.0,0.0,0.0,0.0,2.1322645228472494e-79,1.3312515475280506e-79,0.0,0.0,0.0,0.0,0.0,0.0
mp-8622,0.009272981015449315,0.09226031105768305,0.5196537591909766,0.9318252779461029,1.0,0.6636428478999271,0.33457495081711236,0.06616522519055897,0.03475026622209194,0.29111184188673606,0.5144205304337377,0.42048596268420263,0.10006176263077549,0.0,0.0,0.0,0.0,0.0,0.0,0.0,0.0,0.0,0.0,0.0,0.0,0.0,0.0,0.0,0.0,0.0,0.0,0.0,0.0,0.0,0.0,0.0,0.0,0.0,0.0,0.0,0.0,0.0,0.0,0.0,0.0,0.0,0.0,0.0,0.0,0.0,0.0
mp-8630,0.0,0.018150367800405222,0.04850401119130243,0.14585713623100516,0.3523444792148886,0.7343240235407624,0.8423562142617367,0.9655005706104445,0.5191813170816656,0.4545511127004193,0.7382941996955702,0.8308079754723706,0.5189882560771113,0.0,0.07777834497976709,0.4985293099272613,0.9728625159366064,1.0,0.4818814155306644,0.1362345595534685,0.0,0.0,0.0,0.0,0.0,0.0,0.0,0.0,0.0,0.0,0.0,0.0,0.0,0.0,0.0,0.0,0.0,0.0,0.0,0.0,0.0,0.0,0.0,0.0,0.0,0.0,0.0,0.0,0.0,0.0,0.0
mp-866141,0.0,0.001602757041558355,0.0061803369364743345,0.014307559939747418,0.02658279555080174,0.04388303249416631,0.06770206898214802,0.09986118331742928,0.15098925819147105,0.24332397672405412,0.2758918053917409,0.43694963281772375,0.6247578560443678,0.8864793638564417,1.0,0.8521941026910032,0.5145253555840313,0.42691758617231607,0.5122474863229821,0.4950582843004328,0.2887756671748139,0.17340415985030339,0.10919452152121606,0.03534104586538492,0.0,0.0,0.0017615531727890607,0.0024196661813919414,0.0,0.0,0.0,0.0,0.0,0.0,0.0,0.0,0.0,0.0,0.0,0.0,0.0,0.0,0.0,0.0,0.0,0.0,0.0,0.0,0.0,0.0,0.0
mp-867169,0.0,0.50741676367852,0.7777269319108462,0.8531267739488738,0.6858193416494439,1.0,0.8530620500143087,0.44782921672477555,0.0,0.0,0.0,0.0,0.0,0.0,0.0,0.0,0.0,0.0,0.0,0.0,0.0,0.0,0.0,0.0,0.0,0.0,0.0,0.0,0.0,0.0,0.0,0.0,0.0,0.0,0.0,0.0,0.0,0.0,0.0,0.0,0.0,0.0,0.0,0.0,0.0,0.0,0.0,0.0,0.0,0.0,0.0
mp-867193,0.0,0.7903619057741438,1.0,0.8571313515349547,0.5091680363210568,0.7984460450073734,0.7041807995783803,0.35555022569501815,0.009254552777586843,0.0,0.0,0.0,0.0,0.0,0.0,0.0,0.0,0.0,0.0,0.0,0.0,0.0,0.0,0.0,0.0,0.0,0.0,0.0,0.0,0.0,0.0,0.0,0.0,0.0,0.0,0.0,0.0,0.0,0.0,0.0,0.0,0.0,0.0,0.0,0.0,0.0,0.0,0.0,0.0,0.0,0.0
mp-867219,0.028934736474959893,0.0,0.10144013684999809,0.36269382911601766,0.7515621079934961,0.9989156762338188,1.0,0.794958646372516,0.44718699097465375,0.08873411569260223,0.059718958270427974,0.3442670527652267,0.5342438487651858,0.451021990882635,0.1766865415214741,0.15693200773092267,0.12235945642142271,0.051420542242787706,0.0,0.0,0.0,0.0,0.0,0.0,0.0,0.0,0.0,0.0,0.0,0.0892799190694249,0.17259980628015897,0.16366289134038833,0.04969523181386344,0.0,0.0,0.0,0.0,0.0,1.0713217903672665e-34,0.0,0.0,0.0,0.0,0.0,0.0,0.0,0.0,0.0,0.0,0.0,0.0
mp-8697,0.0,0.003956179123892827,0.01436497287729858,0.03461615747599648,0.05503391432368214,0.15646944066095297,0.334993819960529,0.5858017097176318,0.6477774921803515,0.6726540801432911,0.7674772776584702,0.8019982515260806,0.7544532482377386,0.7464911987608094,0.8498941790826575,0.6927528778846974,0.6506789452857324,0.8411109146960842,1.0,0.8328787399856713,0.5140633535009945,0.3489753437146568,0.3291987666437421,0.14991493510238904,0.07546196448771889,0.011834133719447996,0.0,0.0,0.07498195107145986,0.40976068955937756,0.8542952198632573,0.8804352791364881,0.3689787495008556,0.21033869344500855,0.3496067490084104,0.5094227469531469,0.33023586649865233,0.006129072283404388,0.0028433199230083295,0.0,0.0,0.0,0.0,0.0,0.0,0.39923105213127086,0.5816739076624573,0.45692559464790666,0.02504739476488875,0.0,0.0
mp-8751,0.23406261767711856,0.0,0.30202020530159557,0.9451696829275515,1.0,0.5973777566917142,0.25914685506526924,0.45876746464978135,0.5940018664545031,0.5760088594829836,0.48637395548712453,0.31617665744635104,0.07165052747980766,0.07874056091976127,0.29321688786722117,0.5847547472482827,0.5841305759050227,0.49746170496969405,0.308055490424255,0.26220813356916045,0.14325744053927628,0.0,0.0,0.0,0.0020081518347467592,0.0,0.0,0.0,0.0,0.0,0.0,0.0,0.0,0.0,0.0,0.0,0.0,0.0,0.0,0.0,0.0,0.0,0.0,0.0,0.0,0.0,0.0,0.0,0.0,0.0,0.0
mp-8799,0.08267688725533835,0.0,0.5649775568123472,1.0,0.8882520849012323,0.5580215836950861,0.52857468288101,0.578115830347635,0.7138682310862505,0.8703780085181688,0.8971027036846829,0.665025742999758,0.23797014420306653,0.10200532553558092,0.0,0.010976908022476318,0.0,0.0,0.0,0.0,0.0,0.0,0.0,0.0,0.0,0.0,0.0,0.0,0.0,0.0,0.0,0.0,0.0,0.0,0.0,0.0,0.0,0.0,0.0,0.0,0.0,0.0,0.0,0.0,0.0,0.0,0.0,0.0,0.0,0.0,0.0
mp-8861,0.1386257255743019,0.0,0.09925453646617748,0.5700044598833409,1.0,0.9656748396180369,0.7334039373761828,0.5662322310119131,0.7100673710542241,0.6176291789705702,0.5902929050308748,0.3880606475077933,0.3121945753210041,0.5006024967803577,0.620284996674277,0.45698817183402124,0.23891452722919984,0.14725628722616546,0.14663188891986795,0.3028955553247647,0.3546185420780381,0.3446890176052526,0.2878538979262677,0.16180001584395462,0.10491410240301488,0.0,0.0,0.0,5.310982520096713e-06,1.494178810791518e-05,0.0,0.0,0.0,0.0,0.0,0.0,0.0,0.0,0.0,0.0,0.0,0.0,0.0,0.0,0.0,0.0,0.0,0.0,0.0,0.0,0.0
mp-8884,0.0,0.13388591061880026,0.5184098534363717,0.6602962995515181,0.41658213335824523,0.20551304633978482,0.20848273267946568,0.21062096747968836,0.7893292603392783,1.0,0.6839712663752932,0.0,0.0,0.0,0.0,0.0,0.0,0.0,0.0,0.0,0.0,0.0,0.0,0.0,0.0,0.0,0.0,0.0,0.0,0.0,0.0,0.0,0.0,0.0,0.0,0.0,0.0,0.0,0.0,0.0,0.0,0.0,0.0,0.0,0.0,0.0,0.0,0.0,0.0,0.0,0.0
mp-8931,0.0,0.3239342334601138,0.7153586007169482,1.0,0.8069799994474248,0.4588670421357628,0.09311600345201594,0.005112779247460808,0.22409792172292659,0.28343935142041976,0.3728764493829209,0.23049444534116054,0.13101089429655738,0.05005347199996461,0.0,0.0,0.0,0.0,0.0,0.0,0.0,0.0,0.0,0.0,0.0,0.0,0.0,0.0,0.0,0.0,0.0,0.0,0.0,0.0,0.0,0.0,0.0,0.0,0.0,0.0,0.0,0.0,0.0,0.0,0.0,0.0,0.0,0.0,0.0,0.0,0.0
mp-8962,0.24957932464464477,0.3670427774215105,0.6956843675635508,0.9163593084882913,1.0,0.842082861505531,0.6522566207166096,0.4173225415861153,0.2632452083597213,0.11499765464170551,0.005093592156523528,0.05739653476591622,0.11805019415516632,0.126465145724761,0.0788207827761158,0.041730566385495056,0.11705795101482154,0.2309021676219781,0.2149393415633573,0.12227477555687134,0.07599481584764375,0.14793654111912707,0.09594561086097962,0.00864194336690944,0.0,0.0,0.0,0.0,0.0,0.0,0.0,0.0,0.0,0.0,0.0,0.0,0.0,0.0,0.0,0.0,0.0,0.0,0.0,0.0,0.0,0.0,0.0,0.0,0.0,0.0,0.0
mp-8979,0.01853075559376315,0.003433683227809989,0.10296543453009666,0.36887949610393744,0.7462949951520192,1.0,0.9649544630809341,0.8111017718777507,0.7685094938402341,0.8989445901300522,0.9486172457114862,0.9737443050814644,0.8532386399771259,0.8274476485975997,0.743141218928833,0.7114303320551453,0.6137847342801132,0.4964057300325345,0.4424577263569991,0.49103343220488804,0.5603347773275181,0.5475577808086379,0.5957353012851323,0.6610955841017374,0.7217011255153788,0.5687002934232748,0.3555417183798026,0.27736780121722554,0.30235930264334165,0.3738805332669559,0.40301053593523295,0.4635527110436122,0.4354922819899587,0.3440400808643223,0.20995591654610274,0.2467876574366059,0.17970879904751602,0.10935180275459784,0.3054890904075689,0.5155256862429426,0.457473750447088,0.1726881484979252,0.0,0.0,0.0,0.0,0.0,0.0,0.0,0.0,0.0
mp-9008,0.0,0.365434996340214,0.8497571540435045,1.0,0.6783717411667057,0.2637903109482995,0.09240769992166523,0.13998336421533583,0.12494019082548483,0.167041100422137,0.13511449671903075,0.05894042592001967,0.0,0.0,0.0,0.0,0.0,0.0,0.0,0.0,0.0,0.0,0.0,0.0,0.0,0.0,0.0,0.0,0.0,0.0,0.0,0.0,0.0,0.0,0.0,0.0,0.0,0.0,0.0,0.0,0.0,0.0,0.0,0.0,0.0,0.0,0.0,0.0,0.0,0.0,0.0
mp-9010,0.0,0.4010345927085049,0.8339263312723751,1.0,0.6831702171655939,0.32581984889506255,0.029287387462322654,0.17322541061334187,0.17235446407145036,0.07876690697244675,0.008002846381831174,0.0,0.0,0.0,0.0,0.1851061534921354,0.4323811301859842,0.4308034291909135,0.18036935977040344,0.0,0.0,0.0,0.0,0.0,0.0,0.0,0.0,0.0,0.0,0.0,0.0,0.0,0.0,0.0,0.0,0.0,0.0,0.0,0.0,0.0,0.0,0.0,0.0,0.0,0.0,0.0,0.0,0.0,0.0,0.0,0.0
mp-9062,0.011632956517593166,0.09217375471192589,0.5968978196129799,1.0,0.9240893204492684,0.5153429549108844,0.6662192766834797,0.7637976562361691,0.5636780392085871,0.11432813327269133,0.0,0.0,0.0,0.0,0.0,0.0,0.0,0.0,0.0,0.0,0.0,0.0,0.08788255044121634,0.1881044333079322,0.1778859482652886,0.057096772329559474,0.002065239477497148,0.0,0.010233807441472627,0.0,0.0,0.0,0.0,0.0,0.0,0.0,0.0,0.0,0.0,0.0,0.0,0.0,0.0,0.0,0.0,0.0,0.0,0.0,0.0,0.0,0.0
mp-9063,0.0,0.2419194920056031,0.6735375406320109,0.9500806377004749,1.0,0.675116802924361,0.2889740440025114,0.014100836958444343,0.0,0.0,0.0,0.025231795291136977,0.12821269838881363,0.15005602302789023,0.06552166661891584,0.0,0.047095217604664855,0.0,0.0,0.0,0.0,0.0,0.0,0.0,0.0,0.0,0.0,0.0,0.0,0.0,0.0,0.0,0.0,0.0,0.0,0.0,0.0,0.0,0.0,0.0,0.0,0.0,0.0,0.0,0.0,0.0,0.0,0.0,0.0,0.0,0.0
mp-9064,0.21753204292507347,0.45960284910346416,0.7480306179919906,1.0,0.8572696158135267,0.4203164339450469,0.0012953683960366914,0.032163272462256004,0.23192744809350493,0.14485285502185014,0.0,0.0,0.0,0.0,0.0,0.0,0.0,0.0,0.0,0.0,0.0,0.0,0.0,0.0,0.0,0.0,0.0,0.0,0.0,0.0,0.0,0.0,0.0,0.0,0.0,0.0,0.0,0.0,0.0,0.0,0.0,0.0,0.0,0.0,0.0,0.0,0.0,0.0,0.0,0.0,0.0
mp-9126,0.05901508352665244,0.0,0.14801197578568953,0.34035587379387905,0.54276210078731,0.7479031668369037,0.796867291612874,0.6047191175530107,0.28237999452634643,0.40669167998165134,0.5071438868947828,0.5296502718912949,0.4896893447422731,0.646064992015065,0.6129981842403778,0.41891749943862194,0.34361804002240226,0.2881674256881632,0.15929701122211337,0.06861845274917434,0.0,0.0,0.008892749973607866,0.17651408707494654,0.28332533004184923,0.6087564484040042,0.7231850890872541,0.8816086268612744,0.6612689695886607,0.2907796433349102,0.3582897390782537,0.8223984588149429,1.0,0.590522994292676,0.0,0.0,0.0,0.0,9.625355255140979e-42,1.84559957374627e-39,0.0,0.0,0.0,0.0,0.0,0.0,0.0,0.0,0.0,0.0,0.0
mp-924129,0.0,0.014535782259467004,0.02919555599045561,0.04563052970909152,0.2654408186765638,0.5350265975628454,0.5972661164051017,0.47247823479387224,0.5600483558829236,0.5910627248453694,0.9482129074112782,1.0,0.7964952658756413,0.3987491315050672,0.0,0.0,0.0,0.0,0.0,0.0,0.0,0.0,0.0,0.0,0.0,0.0,0.0,0.0,0.0,0.0,0.0,0.0,0.0,0.0,0.0,0.0,0.0,0.0,0.0,0.0,0.0,0.0,0.0,0.0,0.0,0.0,0.0,0.0,0.0,0.0,0.0
mp-924130,0.0,0.010862102505859497,0.02281396347910305,0.034045768663024376,0.23362107957585146,0.4532547096838421,0.5678903315118994,0.39634499206820195,0.03515484061670863,0.12523554890473482,0.4704400120492873,0.8401984060637465,1.0,0.7849624323861301,0.4835821466006586,0.050711900523634786,0.0,0.006528371858076283,0.0,0.0,0.0,0.0,0.0,0.0,0.0,0.0,0.0,0.0,0.0,0.0,0.0,0.0,0.0,0.0,0.0,0.0,0.0,0.0,0.0,0.0,0.0,0.0,0.0,0.0,0.0,0.0,0.0,0.0,0.0,0.0,0.0
mp-9250,0.06684552218934338,0.0,0.3345569564432901,0.7636174806390758,1.0,0.9789156240690241,0.6598131738282386,0.2688430386398381,0.026750211368574923,0.0,0.0,0.0,0.08146091290971541,0.2456819233672516,0.4894284157860118,0.4614051444189484,0.4010116336544152,0.18632200860345471,0.16012781939290796,0.036964963183434126,0.0,0.012206654850141118,0.005628701238647629,0.0,0.0,0.0,0.0,0.0,0.0,0.0,0.0,0.0,0.0,0.0,0.0,0.0,0.0,0.0,0.0,0.0,0.0,0.0,0.0,0.0,0.0,0.0,0.0,0.0,0.0,0.0,0.0
mp-9270,0.0,0.020045951301576163,0.04774880852626813,0.13411678765532298,0.3602852088375387,0.6816165776337425,0.8487214522844723,1.0,0.6280073248630627,0.5662568098027824,0.6764983289718045,0.775691284750883,0.40995703026073005,0.010770632764082307,0.08999249797249793,0.5237787304769463,0.8324234732887593,0.9246750128336586,0.5616606680289173,0.22580462584878153,0.0,0.0,0.0,0.0,0.0,0.0,0.0,0.0,0.0,0.0,0.0,0.0,0.0,0.0,0.0,0.0,0.0,0.0,0.0,0.0,0.0,0.0,0.0,0.0,0.0,0.0,0.0,0.0,0.0,0.0,0.0
mp-9274,0.0,0.7666292194143606,1.0,0.8811384157232264,0.5281689492897353,0.3359549899614526,0.19410209540986206,0.2479739956762253,0.27415957800369833,0.20700160835088774,0.0872518406698981,0.0,0.0,0.0,0.0,0.0,0.0,0.0,0.0,0.0,0.0,0.0,0.0,0.0,0.0,0.0,0.0,0.0,0.0,0.0,0.0,0.0,0.0,0.0,0.0,0.0,0.0,0.0,0.0,0.0,0.0,0.0,0.0,0.0,0.0,0.0,0.0,0.0,0.0,0.0,0.0
mp-9295,0.0,0.21125736354204855,0.5374495678756658,0.7566068149352266,0.6923313840176885,0.5135929946570496,0.5174100590026854,0.6050693740434504,1.0,0.8842519010501664,0.7361815078573631,0.26732183342233096,0.3780020299568604,0.1496715623298683,0.0,0.0,0.0,0.0,0.0,0.0,0.0,0.0,0.0,0.0,0.0,0.0,0.0,0.0,0.0,0.0,0.0,0.0,0.0,0.0,0.0,0.0,0.0,0.0,0.0,0.0,0.0,0.0,0.0,0.0,0.0,0.0,0.0,0.0,0.0,0.0,0.0
mp-9306,0.0,0.030790828240484725,0.050209526430986036,0.14083369202745885,0.41210784469312783,0.7614594119559307,1.0,0.8736234760967744,0.700246882449303,0.4613333136514738,0.33251247522880867,0.14625225399611433,0.16074112075607416,0.2504627214356982,0.3167045862545823,0.3229825138807701,0.2711110915374284,0.2163037857028921,0.16629197864504547,0.0783527286986216,0.013646484874871549,0.0,0.0,0.0,0.0,0.0,0.0,0.0,0.0,0.0,0.0,0.039966679783018086,0.22249829415721067,0.34293277554197316,0.28573616402231633,0.11246206697802423,0.02776780074810529,0.018018879785445998,0.005123351932966273,0.0,0.0,0.0,0.0,0.0,4.357215828538549e-90,2.35177905155724e-89,0.0,0.0,0.0,0.0,0.0
mp-9361,0.15947094634684994,0.0,0.30381671143001093,0.8450144307058177,1.0,0.7095308152082905,0.28426552849066267,0.01518158045464566,0.5012313325866474,0.9513475574520122,0.9736848080009571,0.5070106386221078,0.22798314261556285,0.24289138083887596,0.12839093911345187,0.0,0.0,0.0,0.0,0.0,0.0,0.0,0.0,0.0,0.0,0.0,0.0,0.0,0.0,0.0,0.0,0.0,0.0,0.0,0.0,0.0,0.0,0.0,0.0,0.0,0.0,0.0,0.0,0.0,0.0,0.0,0.0,0.0,0.0,0.0,0.0
mp-9382,0.0014620303824491668,0.0045846944149645266,0.033153585312812234,0.14683594219562304,0.30950004231028116,0.6375814385431938,0.927403481443394,1.0,0.7399340336674058,0.5776664653910283,0.5867430088776561,0.5634628343251906,0.48329021877965506,0.3162530847860371,0.30887528137125164,0.35420748920880096,0.4246636015112988,0.41699878809598867,0.42356268687507415,0.6067572776231249,0.7177875446369812,0.5869828096937445,0.402069920797294,0.31981582460830266,0.27968652156333557,0.20497076173439976,0.08638328007665147,0.1881882642766665,0.43745991747673046,0.44456334780498924,0.2431572545630466,0.0,0.0,0.0,0.0,0.0,0.0,0.0,0.0,0.0,0.0,0.0,0.0,0.0,0.0,0.0,0.0,0.0,0.0,0.0,0.0
mp-9383,0.03027258380537331,0.0,0.09992091737174341,0.2672242880960746,0.5613645232268093,0.8090015442175741,1.0,0.878320614006769,0.6933440284932727,0.7333232067949931,0.7321503409772534,0.5065285698805622,0.0964555437576404,0.01422621074459891,0.10792573685122384,0.24266601896624526,0.367388165570419,0.38188678967767203,0.3361125100976074,0.42127316482140326,0.6416387361091962,0.6981322444360866,0.5006391613635243,0.36348161884271274,0.32380893261744587,0.28098478483084977,0.2068251206818296,0.06283342069142683,0.27869770791661896,0.43301576280314835,0.39014203848704093,0.14284602097554017,0.0,0.0,0.0,1.0630612627927044e-18,2.3290351180843265e-19,0.0,0.0,0.0,0.0,0.0,0.0,0.0,0.0,0.0,0.0,0.0,0.0,0.0,0.0
mp-9385,0.0,0.6236005365140677,1.0,0.8844432281325383,0.41389165887873286,0.003870752600582706,0.0,0.12490198299054846,0.2644337911326921,0.31611484582770666,0.22448710160630853,0.24042839871335703,0.16156834749543808,0.09249287233990057,0.0,0.026667504995701162,0.0,0.0,0.0,0.0,0.0,0.0,0.0,0.0,0.0,0.0,0.0,0.0,0.0,0.0,0.0,0.0,0.0,0.0,0.0,0.0,0.0,0.0,0.0,0.0,0.0,0.0,0.0,0.0,0.0,0.0,0.0,0.0,0.0,0.0,0.0
mp-9517,0.0,0.026270390568622754,0.03611857254577468,0.07067544304342951,0.4405246313306244,0.7896268739513562,1.0,0.9515244477879206,0.7731538043148981,0.5888500570468953,0.1970462183857412,0.19612577656069677,0.383011606131362,0.4364232457635039,0.4993568745778292,0.6151623036168075,0.7415321029311858,0.6517975402501516,0.4783363770469427,0.4231509342920576,0.2733942570643267,0.2975831712601725,0.28709410375348554,0.3312382562525366,0.3061023158962781,0.24676125071439498,0.18877550984760422,0.13088363688657567,0.11143186798686186,0.10801670673256474,0.11049985851494384,0.12102483909211616,0.171863486768202,0.3297061825647513,0.36678695054262495,0.2416349069137251,0.07794456996556563,0.1391991399102796,0.3566830979001,0.3798286061226085,0.21809355511827055,0.037346626145322054,0.0,0.0,0.0,0.0,0.0,0.0,0.0,0.0,0.0
mp-9566,0.0865886808614746,0.0,0.24958784860825628,0.5793939995225761,0.866385825725336,1.0,0.7329028474515948,0.3189497730275456,0.0,0.2790053948320711,0.5564075367850086,0.6757646290027837,0.5108534416177103,0.37184002710982444,0.1144835500819708,0.0,0.0,0.0,0.0,0.0,0.0,0.0,0.0,0.0,0.0,0.0,0.0,0.0,0.0,0.0,0.0,0.0,0.0,0.0,0.0,0.0,0.0,0.0,0.0,0.0,0.0,0.0,0.0,0.0,0.0,0.0,0.0,0.0,0.0,0.0,0.0
mp-961646,0.0,0.0354031610740427,0.054886393112483806,0.28110907976555355,0.53521598401925,0.5344631866637526,0.49453481856592496,0.2658585000143054,0.7996564509982341,1.0,0.7668925995953573,0.6659850864790846,0.468368576588202,0.8287333199358363,0.4837239572570981,0.18929288970395403,0.02212403615608355,0.0,0.0,0.0,0.0,0.0,0.0,0.0,0.0,0.0,0.0,0.0,0.0,0.0,0.0,0.0,0.0,0.0,0.0,0.0,0.0,0.0,0.0,0.0,0.0,0.0,0.0,0.0,0.0,0.0,0.0,0.0,0.0,0.0,0.0
mp-961649,0.0,0.013084131628956578,0.027557461150911487,0.04212127278042789,0.22470835108567988,0.4370606486402324,0.5516573541285661,0.4322720982510329,0.30469147190962936,0.5298497361219818,0.7796888731691414,1.0,0.7545464261394547,0.4466727454488913,0.15619801700051364,0.21194660922579603,0.08152321552448118,0.007503589059191272,0.0,0.005020953413583508,0.0,0.0,0.0,0.0,0.0,0.0,0.0,0.0,0.0,0.0,0.0,0.0,0.0,0.0,0.0,0.0,0.0,0.0,0.0,0.0,0.0,0.0,0.0,0.0,0.0,0.0,0.0,0.0,0.0,0.0,0.0
mp-961657,0.03543241706819229,0.0,0.0635755632639527,0.33650047493581114,0.6236259042565734,0.5604212707607146,0.32209900487140586,0.2236259283328579,0.3030103268420147,0.47181369425135994,0.872290721340705,0.872744514768905,0.8028336447593011,0.7869151266281266,1.0,0.5392579662516287,0.006493721798778815,0.0,0.10177072771334998,0.0,0.0,0.0,0.0,0.0,0.0,0.0,0.0,0.0,0.0,0.0,0.0,0.0,0.0,0.0,0.0,0.0,0.0,0.0,0.0,0.0,0.0,0.0,0.0,0.0,0.0,0.0,0.0,0.0,0.0,0.0,0.0
mp-961659,0.0,0.011194153374385188,0.03324366877907592,0.07287076471746462,0.1923248531830271,0.4247612362699883,0.5490380324599918,0.5687839518541034,0.48146954282072085,0.30504840418198303,0.20411053326469783,0.35567900538055636,0.8737030266034019,0.7939340272306031,0.7166081646652207,0.8217946181072101,1.0,0.7275289694165658,0.14697981661451276,0.0,0.0,0.0,0.0,0.0,0.0,0.0,0.0,0.0,0.0,0.0,0.0,0.0,0.0,0.0,0.0,0.0,0.0,0.0,0.0,0.0,0.0,0.0,0.0,0.0,0.0,0.0,0.0,0.0,0.0,0.0,0.0
mp-961660,0.0,0.004694047829937847,0.017926786851142712,0.04074630731365973,0.07400291341504824,0.1162294862107181,0.20170023614128488,0.4493877793297731,0.5733349603366016,0.4434955913647807,0.3166350474137852,0.6047847191305508,0.7072239250621069,1.0,0.84321265833497,0.6631325148046806,0.3754371214148162,0.18794975263050406,0.1753471571819891,0.0792929081343035,0.016934380228226107,0.0,0.0007349845900914307,0.0,0.0,0.0,0.0,0.0,0.0,0.0,0.0,0.0,0.0,0.0,0.0,0.0,0.0,0.0,0.0,0.0,0.0,0.0,0.0,0.0,0.0,0.0,0.0,0.0,0.0,0.0,0.0
mp-961661,0.0,0.028875716331107845,0.03786485583192838,0.11327119749264614,0.41011732217009833,0.6205817396054324,0.488780090106822,0.3861084360264386,0.3041309615544294,0.4795015653101407,0.9065351731976549,0.9466877216073522,0.47211253129365044,0.44451334049475294,0.9935405418127334,1.0,0.3741117567521422,0.0,0.0,0.0,0.0,0.0,0.0,0.0,0.0,0.0,0.0,0.0,0.0,0.0,0.0,0.0,0.0,0.0,0.0,0.0,0.0,0.0,0.0,0.0,0.0,0.0,0.0,0.0,0.0,0.0,0.0,0.0,0.0,0.0,0.0
mp-961673,0.0,0.007874310571648021,0.02226581967910051,0.046374877861800876,0.12469007474003743,0.36557165493690696,0.5010345552397469,0.5049540094979338,0.2915132996459081,0.0318021689120692,0.15341503643997711,0.46214702768649324,0.9709019371202887,1.0,0.6453382822820699,0.3545160442101259,0.18918347473490044,0.16827579001578688,0.07043276434838573,0.009686367371787189,0.0,0.00021712338846706087,0.0,0.0,0.0,0.0,0.0,0.0,0.0,0.0,0.0,0.0,0.0,0.0,0.0,0.0,0.0,0.0,0.0,0.0,0.0,0.0,0.0,0.0,0.0,0.0,0.0,0.0,0.0,0.0,0.0
mp-961675,0.0,0.004986438584699529,0.01676996971908371,0.04092531287148823,0.07674713672001933,0.18272844227571794,0.5210000622664613,0.643819215529308,0.41342686054109706,0.2758109445160658,0.340485654841244,0.5228515861186813,0.7502219380886938,0.8519279806701485,0.8950762563128745,0.8627658168769567,1.0,0.7535933716945392,0.2924061375483535,0.0,0.006551532836939743,0.03523955094944839,0.0,0.0,0.0,0.0,0.0,0.0,0.0,0.0,0.0,0.0,0.0,0.0,0.0,0.0,0.0,0.0,0.0,0.0,0.0,0.0,0.0,0.0,0.0,0.0,0.0,0.0,0.0,0.0,0.0
mp-961678,0.0,0.010629991078486866,0.032854021524150984,0.07209082306526417,0.16797837468854604,0.5131701085451738,0.7666213886795993,0.5520094857385667,0.4081017039022794,0.7250778247882189,0.8479673195077311,1.0,0.8162432438586236,0.8999765608877409,0.5870881116382785,0.09119779913722424,0.0,0.003531693821846799,0.0,0.0,0.0,0.0,0.0,0.0,0.0,0.0,0.0,0.0,0.0,0.0,0.0,0.0,0.0,0.0,0.0,0.0,0.0,0.0,0.0,0.0,0.0,0.0,0.0,0.0,0.0,0.0,0.0,0.0,0.0,0.0,0.0
mp-961682,0.0,0.028631154460004877,0.04412710643366958,0.3580594121898923,0.572599066994714,0.6200567044546178,0.38807859410419715,0.2524057668953916,0.7048951404238264,0.7156802639319886,0.9380227178492285,1.0,0.8749508561291457,0.43943974259807317,0.0,0.1326478464584607,0.0,0.0,0.0,0.0,0.0,0.0,0.0,0.0,0.0,0.0,0.0,0.0,0.0,0.0,0.0,0.0,0.0,0.0,0.0,0.0,0.0,0.0,0.0,0.0,0.0,0.0,0.0,0.0,0.0,0.0,0.0,0.0,0.0,0.0,0.0
mp-961687,0.0,0.026728181369010843,0.049858394278009414,0.16514338548802934,0.44125138214544274,0.5527204078711676,0.7373106875928901,0.8300060072357263,0.7335041588443989,1.0,0.9989591898211675,0.7110789945222298,0.17683578970386543,0.0,0.0,0.0,0.0,0.0,0.0,0.0,0.0,0.0,0.0,0.0,0.0,0.0,0.0,0.0,0.0,0.0,0.0,0.0,0.0,0.0,0.0,0.0,0.0,0.0,0.0,0.0,0.0,0.0,0.0,0.0,0.0,0.0,0.0,0.0,0.0,0.0,0.0
mp-961693,0.1473781477793593,0.0,0.16706796443823624,0.4453003609102,0.6647007373127135,0.7146277936601758,0.8450843206758254,0.7936937594675105,0.8714599645878998,1.0,0.8164769536988635,0.4378040262246144,0.0,0.0,0.0,0.0,0.0,0.0,0.0,0.0,0.0,0.0,0.0,0.0,0.0,0.0,0.0,0.0,0.0,0.0,0.0,0.0,0.0,0.0,0.0,0.0,0.0,0.0,0.0,0.0,0.0,0.0,0.0,0.0,0.0,0.0,0.0,0.0,0.0,0.0,0.0
mp-22903,0.0014852018350617687,0.3063520119572383,0.7859021378359057,1.0,0.7085926529513283,0.23908900577048647,0.0,0.0,0.0,0.0,0.0,0.0,0.0,0.0,0.0,0.0,0.0,0.0,0.0,0.0,0.0,0.0,0.0,0.0,0.0,0.0,0.0,0.0,0.0,0.0,0.0,0.0,0.0,0.0,0.0,0.0,0.0,0.0,0.0,0.0,0.0,0.0,0.0,0.0,0.0,0.0,0.0,0.0,0.0,0.0,0.0
mp-22909,0.0,0.3444878793771735,0.6921688105239281,0.9268240641091531,1.0,0.9149620474397743,0.49965523125153116,0.13308829507903075,0.0,0.0,0.05123127057792225,0.1565180037727331,0.37928862181192524,0.7125844648562029,0.9544169540438696,0.8492703575069078,0.38186042176482443,0.06422051745030956,0.0,0.0673379596445785,0.0,0.0,0.0,0.0,0.0,0.0,0.0,0.0,0.0,0.0,0.0,0.0,0.0,0.0,0.0,0.0,0.0,0.0,0.0,0.0,0.0,0.0,0.0,0.0,0.0,0.0,0.0,0.0,0.0,0.0,0.0
mp-22916,0.1063507764256147,0.0,0.4194167750276094,1.0,0.9783794906704072,0.6533788168913923,0.7966698935105799,0.9664822656588616,0.9104337705124884,0.24353156573579468,0.1428682379702977,0.03764318642471671,0.0,0.0,0.0,0.0,0.0,0.0,0.0,0.0,0.0,0.0,0.0,0.0,0.0,0.0,0.0,0.0,0.0,0.0,0.0,0.0,0.0,0.0,0.0,0.0,0.0,0.0,0.0,0.0,0.0,0.0,0.0,0.0,0.0,0.0,0.0,0.0,0.0,0.0,0.0
mp-22937,0.0,0.24167890793462304,0.7024328502886785,1.0,0.9214552788569309,0.6464527947884529,0.838887208443816,0.5598783976092543,0.4528418995687514,0.539995435746558,0.5751028748984187,0.38329712268091115,0.13060740837381588,0.10416227319094783,0.02533107212057691,0.10524084223923387,0.3098766783545589,0.42219063763571896,0.2898005977202027,0.1085257949147802,0.0,0.000790174799355547,0.0,0.0004964042187999998,0.0010388209205085294,0.0,0.0,0.0,0.0,0.0,0.0,0.0,0.0,0.0,0.0,0.0,0.0,0.0,0.0,0.0,0.0,0.0,0.0,0.0,0.0,0.0,0.0,0.0,0.0,0.0,0.0
mp-22957,0.0,0.03020927000138561,0.07572837482697975,0.21980275408232067,0.45083294274653235,0.7887137621008252,0.9487460862411095,1.0,0.9694217803431635,0.6865453232032318,0.3490258190402219,0.31213420691826693,0.47621633975824795,0.5084734582245402,0.45540474986719365,0.4120922382256865,0.3222537983088618,0.13396976449960563,0.0,0.0017253584591181831,0.0,0.0,0.0003819603313065037,0.0,0.0,0.0,0.0,0.0,0.0,0.0,0.0,0.0,0.0,0.0,0.0,0.0,0.0,0.0,0.0,0.0,0.0,0.0,0.0,0.0,0.0,0.0,0.0,0.0,0.0,0.0,0.0
mp-22975,0.06924019892423221,0.6689269463056097,1.0,0.8891946229861407,0.4957887408459202,0.6893724111863883,0.6389272843933674,0.32957495478639726,0.0,0.0,0.0,0.19424620006122864,0.362039261543343,0.46571183518436804,0.3018709150110959,0.09152080174500364,0.0,0.0,0.0,0.0,0.0,0.0,0.0,0.0,0.0,0.0,0.0,0.0,0.0,0.0,0.0,0.0,0.0,0.0,0.0,0.0,0.0,0.0,0.0,0.0,0.0,0.0,0.0,0.0,0.0,0.0,0.0,0.0,0.0,0.0,0.0
mp-22984,0.0,0.08020715584734382,0.4095318577768445,0.5169790736131715,0.42174925129513124,0.3004689012870266,0.26213634918794665,0.681020966587723,0.9116527790804027,1.0,0.5861695588233307,0.336168698082334,0.2700190861377523,0.34070922891507105,0.2605214802044301,0.21139967884294067,0.16484863470329353,0.27067314384345337,0.33281842746726215,0.33874342626196247,0.22793435849673685,0.21529172591501822,0.16758133343139783,0.14750378452701163,0.1545380814464697,0.15908186250631745,0.17944495317541342,0.11175600587039225,0.05460464796459708,0.0,0.0,0.0,0.0,0.0,0.0,0.0,0.0,0.0,0.0,0.0,0.0,0.0,0.0,0.0,0.0,0.0,0.0,0.0,0.0,0.0,0.0
mp-23024,0.06365983395047849,0.0,0.11436641170757647,0.3968672257598181,0.7762293333618739,1.0,0.7101504631440184,0.48635001759225643,0.20965786814504128,0.2014255463908959,0.1542732353221724,0.3413396095070259,0.4182632709027787,0.38616459871194403,0.29802166900020244,0.2352649278456834,0.10077785464918268,0.0,0.0008595133770003404,0.00023664527328201546,0.0,0.00010213164280818995,0.0,0.0,0.0,0.0,0.0,0.0,0.0,0.0,0.0,0.0,0.0,0.0,0.0,0.0,0.0,0.0,0.0,0.0,0.0,0.0,0.0,0.0,0.0,0.0,0.0,0.0,0.0,0.0,0.0
mp-23033,0.0,0.02090515643621541,0.06961514486423216,0.14979542676717858,0.3915939238707593,0.715845750753875,0.9367593964517518,1.0,0.8287783220278037,0.5126070866674646,0.1418924952711883,0.0,0.1726046536320338,0.2601816412558717,0.2369359776967113,0.08929534315366199,0.11339877585718351,0.09455307655861601,0.06162862321983106,0.15956462807665842,0.2053893200029744,0.16233766758326068,0.04402323087829522,0.0,0.0,0.0,0.00102108184144283,0.0,0.0,0.0,0.0,0.0,0.0,0.0,0.0,0.0,0.0,0.0,0.0,0.0,0.0,0.0,0.0,0.0,0.0,0.0,0.0,0.0,0.0,0.0,0.0
mp-23054,0.0,0.05733335377610938,0.3364511995607564,0.5152074036696725,0.42839892868017454,0.29425480675182664,0.39700441869153724,0.7206775620316054,1.0,0.9561839086211149,0.8974585467156049,0.8058933319268778,0.6649840761690605,0.34501578215832374,0.1962016304063755,0.14244529609049858,0.12882405165260064,0.0,0.008817213142081854,0.21388563986559359,0.4010480044427962,0.49057680119242153,0.4861805835589912,0.6219618636583611,0.5507605529686189,0.33646039372804093,0.6918688257916165,0.8873553491155652,0.6773317673451892,0.07367395075035708,0.0,0.0,2.7241755123255037e-10,2.364731536369566e-10,0.0,0.0,0.0,0.0,0.0,0.0,0.0,0.0,0.0,0.0,0.0,0.0,0.0,0.0,0.0,0.0,0.0
mp-23056,0.014452890777116381,0.0038346265343884808,0.08202348536025764,0.32608770093111816,0.7188772113761496,1.0,0.8196855856201914,0.5375711465576085,0.3599617822375079,0.28738812953398785,0.0755802418897004,0.04999291231469334,0.1972731218212299,0.23400711217820463,0.1736795465289114,0.07692706866445137,0.10208392159499462,0.061134613662317226,0.10191123974768712,0.17664395466442337,0.16889688196094554,0.08497470948623852,0.0,0.0,0.0,0.0008775272170728149,0.0,0.0,0.0,0.0,0.0,0.0,0.0,0.0,0.0,0.0,0.0,0.0,0.0,0.0,0.0,0.0,0.0,0.0,0.0,0.0,0.0,0.0,0.0,0.0,0.0
mp-23059,0.0,0.6645410867560545,1.0,0.8133252334080452,0.4628302440541615,0.056721966973192664,0.37319502146844286,0.5026624240158502,0.5156433610927363,0.25677672595647677,0.0,0.10144325381130105,0.17201475690924387,0.16151007046127153,0.2600230129818186,0.3338661155633645,0.27637874386651734,0.010534828889958842,0.0021145306792271484,0.022360260606951878,0.0,0.0,0.0,0.0,0.0,0.0,0.0,0.0,0.0,0.0,0.0,0.0,0.0,0.0,0.0,0.0,0.0,0.0,0.0,0.0,0.0,0.0,0.0,0.0,0.0,0.0,0.0,0.0,0.0,0.0,0.0
mp-23167,0.0,0.8823005012194941,1.0,0.821246626268314,0.6591144110964606,0.6222122031567856,0.5107358509508585,0.3300233567159695,0.16015388945108894,0.007590244186629791,0.012732566929749174,0.0,0.0,0.0,0.0,0.0,0.0,0.0,0.0,0.0,0.0,0.0,0.0,0.0,0.0,0.0,0.0,0.0,0.0,0.0,0.0,0.0,0.0,0.0,0.0,0.0,0.0,0.0,0.0,0.0,0.0,0.0,0.0,0.0,0.0,0.0,0.0,0.0,0.0,0.0,0.0
mp-2319,0.0,0.007492499999584907,0.02369913228986789,0.050028244986734485,0.11335981126424818,0.35122858072595864,0.586436195602134,0.8671172477586625,0.9370565211759104,0.8462196822665095,0.5368134710605813,0.11698963481173776,0.4580824623825613,0.8052311760188616,0.9387775889726105,0.6233008434128284,0.502391552871663,0.54338553975926,0.4404742356785737,0.5257607448103834,0.5809153220421039,0.5989347986828326,0.8424107449350713,1.0,0.9049978530152373,0.3585977911262133,0.04307423872393682,0.020786256048261884,0.0,0.0,0.0,1.5855593863239012e-09,3.5317664794970736e-10,0.0,0.0,0.0,0.0,0.0,0.0,0.0,0.0,0.0,0.0,0.0,0.0,0.0,0.0,0.0,0.0,0.0,0.0
mp-23197,0.0,0.7887486933329274,1.0,0.7036696057950055,0.19770966498613798,0.015015270136833578,0.0,0.0,0.0,0.0,0.0,0.0,0.0,0.0,0.0,0.0,0.0,0.0,0.0,0.0,0.0,0.0,0.0,0.0,0.0,0.0,0.0,0.0,0.0,0.0,0.0,0.0,0.0,0.0,0.0,0.0,0.0,0.0,0.0,0.0,0.0,0.0,0.0,0.0,0.0,0.0,0.0,0.0,0.0,0.0,0.0
mp-23209,0.11691475979817459,0.0,0.23037683230438766,0.5557767663468817,0.6766641634779336,0.8163727567443309,0.9175025768922033,0.9978742199001563,1.0,0.9480255192005694,0.7331383131598397,0.26979148593958696,0.0,0.0,0.0,0.0,0.0,0.0,0.0,0.0,0.0,0.0,0.0,0.0,0.0,0.0,0.0,0.0,0.0,0.0,0.0,0.0,0.0,0.0,0.0,0.0,0.0,0.0,0.0,0.0,0.0,0.0,0.0,0.0,0.0,0.0,0.0,0.0,0.0,0.0,0.0
mp-23268,0.0,0.4052546973218385,0.9431729446483661,1.0,0.43461946488104825,0.5319413290765622,0.8986863104962742,0.9023134023172918,0.293137920260725,0.0,0.006556615899707556,0.0,0.0,0.0,0.0,0.0,0.0,0.0,0.0,0.0,0.0,0.0,0.0,0.0,0.0,0.0,0.0,0.0,0.0,0.0,0.0,0.0,0.0,0.0,0.0,0.0,0.0,0.0,0.0,0.0,0.0,0.0,0.0,0.0,0.0,0.0,0.0,0.0,0.0,0.0,0.0
mp-23295,0.009532676469530928,0.09922611166030308,0.6012551738632669,0.806297077520162,0.8980045417240158,0.9811533540540935,1.0,0.6919447405950118,0.0879351501309719,0.0,0.1011817873155711,0.0,0.0,0.0,0.0,0.0,0.0,0.0,0.0,0.0,0.0,0.0,0.0,0.0,0.0,0.0,0.0,0.0,0.0,0.0,0.0,0.0,0.0,0.0,0.0,0.0,0.0,0.0,0.0,0.0,0.0,0.0,0.0,0.0,0.0,0.0,0.0,0.0,0.0,0.0,0.0
mp-23299,0.0019651163939341586,0.0736434165298058,0.43396084262497175,0.8588947303784711,1.0,0.9138442167804732,0.711422682627499,0.4545073301369483,0.1974993365670444,0.0,0.03207763830272638,0.0,0.0,0.0,0.0,0.0,0.0,0.0,0.0,0.0,0.0,0.0,0.0,0.0,0.0,0.0,0.0,0.0,0.0,0.0,0.0,0.0,0.0,0.0,0.0,0.0,0.0,0.0,0.0,0.0,0.0,0.0,0.0,0.0,0.0,0.0,0.0,0.0,0.0,0.0,0.0
mp-23302,0.0,0.256571982206183,0.8020913564791129,1.0,0.548262576243923,0.02620706866761581,0.0,0.0,0.0,0.0,0.0,0.0,0.0,0.0,0.0,0.0,0.0,0.0,0.0,0.0,0.0,0.0,0.0,0.0,0.0,0.0,0.0,0.0,0.0,0.0,0.0,0.0,0.0,0.0,0.0,0.0,0.0,0.0,0.0,0.0,0.0,0.0,0.0,0.0,0.0,0.0,0.0,0.0,0.0,0.0,0.0
mp-23303,0.08722942907189533,0.0034235371253246837,0.522084468555803,1.0,0.9427489134987594,0.4369172599462199,0.0,0.031147540373040412,0.0,0.0,0.0,0.0,0.0,0.0,0.0,0.0,0.0,0.0,0.0,0.0,0.0,0.0,0.0,0.0,0.0,0.0,0.0,0.0,0.0,0.0,0.0,0.0,0.0,0.0,0.0,0.0,0.0,0.0,0.0,0.0,0.0,0.0,0.0,0.0,0.0,0.0,0.0,0.0,0.0,0.0,0.0
mp-23350,0.0,0.29834729839472696,0.8529792993232401,1.0,0.5672753643166477,0.0,0.25862661374231066,0.6325029074072954,0.7506857348379171,0.40177491616966937,0.09044189618931504,0.0,0.0,0.0,0.0,0.3023461277670526,0.5480240424322227,0.4821646814521891,0.1110874354479561,0.0,0.0,0.0,0.0,0.0,0.0,0.0,0.0,0.0,0.0,0.0,0.0,0.0,0.0,0.0,0.0,0.0,0.0,0.0,0.0,0.0,0.0,0.0,0.0,0.0,0.0,0.0,0.0,0.0,0.0,0.0,0.0
mp-2340,0.0,0.007902655808649184,0.026499327266505026,0.06042161299385024,0.12689008024466047,0.2148979236177122,0.43969393561194225,0.6913252617457747,0.9551049225170118,0.9598650003097345,0.8745061601748122,0.784519533984396,0.8125684789568451,0.829628175214339,0.9160501520954577,1.0,0.8097265352656432,0.4667650408232027,0.13381530382108014,0.08171355879625727,0.041937369975504006,0.010500127069308012,0.0,0.0,0.0,0.0,0.0,0.0,0.0,0.0,0.0,0.0,0.0,0.0,0.0,0.0,0.0,0.0,0.0,0.08681944070398605,0.24733336893071756,0.24060578666958263,0.2277190946339683,0.04712850415431271,0.10847750575990647,0.0077581935847021765,0.0,0.0,0.0,0.0,0.0
mp-23475,0.024194279027416037,0.7119850729284541,1.0,0.9372271525417748,0.32707395408663603,0.525269040340794,0.6398535005323184,0.48170761683610125,0.12992504209904876,0.0,0.07199922985637876,0.11095039297604224,0.37955282810863267,0.4609019244075912,0.34849490808367883,0.07154215902449838,0.0,0.0,0.0,0.0,0.0,0.0,0.0,0.0,0.0,0.0,0.0,0.0,0.0,0.0,0.0,0.0,0.0,0.0,0.0,0.0,0.0,0.0,0.0,0.0,0.0,0.0,0.0,0.0,0.0,0.0,0.0,0.0,0.0,0.0,0.0
mp-2352,0.0,0.00724071758146557,0.0191571673299951,0.023850541630697525,0.13756607589703712,0.37640892827822225,0.5493482308880845,0.5545003424516123,0.41029717807634664,0.38132353563838645,0.40308570116325715,0.5938011772136014,0.6393836896183633,0.972558207620391,1.0,0.710704726707853,0.3030564260850779,0.15776250629298677,0.2155845582901459,0.22745408191548827,0.1431573439079537,0.058431806355032694,0.006791570231155104,0.0,0.005364404398579632,0.0001665867134175936,0.0,0.0,0.0,0.0,0.0,0.0,0.0,0.0,0.0,0.0,0.0,0.0,0.0,0.0,0.0,0.0,0.0,0.0,0.0,0.0,0.0,0.0,0.0,0.0,0.0
mp-23710,0.0,0.00971635481494637,0.020688685189986056,0.04897079399072743,0.12391324178544093,0.2817926183344958,0.6872532954655418,1.0,0.9527938576303177,0.8364039482738744,0.8152520838432286,0.9170782184000108,0.8093212661453749,0.6490198814498194,0.4650303829742024,0.2874553737013966,0.3054408600603134,0.45682381562603547,0.43692223807191816,0.2812615347733461,0.09984415925859685,0.09645891955889474,0.15112111756964103,0.20813619384107285,0.34049908189012057,0.5602675258736307,0.6246492052584735,0.7077909598437171,0.6236675188447391,0.5041511301337592,0.34040127552460026,0.23911774863002566,0.24120327254992996,0.25730975467524836,0.29604973352731195,0.28772007183135373,0.185852880162893,0.06089464161443166,0.0,0.0,0.0,0.0,0.0,0.0,0.0072372313569095195,0.033686524932094376,0.07748588726862822,0.14274786972481723,0.23247572084717452,0.30006386946177155,0.5902418782562395
mp-23804,0.0,0.0026717201426209383,0.009953979656763059,0.023192585155148448,0.043739435180955355,0.07322975121166637,0.11908106457587828,0.2952845009455786,0.4514750077476803,0.539280974772999,0.8093774718612958,1.0,0.9867342896767459,0.6105822747494586,0.2622412470244184,0.11927190532028023,0.13801578193424197,0.2306939922210722,0.19758865597797984,0.11382881921118733,0.09621833482002384,0.13374181224345044,0.1522720421751699,0.184193167613244,0.2694053320734519,0.31371352014931053,0.28716617109008197,0.2079281773525876,0.15807116667835586,0.09833891429016496,0.03466379010635849,0.0,0.0,0.0,0.0,0.0,0.0,0.0031775809109804505,0.49824362258693944,0.8031962212196709,0.5688642261552624,0.2652472767760105,0.39142831599354233,0.7892178201981537,0.6116596022908606,0.02907267049310466,0.14759603369890262,0.7190032903450323,0.8179479305384112,0.44953619664070205,0.0
mp-23860,0.0,0.019535425167711076,0.0593581128612506,0.21605188985162047,0.46407851364768615,0.6476317051692236,0.9340352931992896,1.0,0.9925143303825387,0.5881446357288846,0.2444329257978967,0.020821622318708058,0.0,0.0,0.0,0.0,0.0,0.0,0.0,0.0,0.0,0.0,0.0,0.0,0.0,0.0,0.0,0.0,0.0,0.0,0.0,0.0,0.0,0.0,0.0,0.0,0.0,0.0,0.01023676057341577,0.1278767160946703,0.21585135140211434,0.17261258006458044,0.24322879116841073,0.4156149767041293,0.4324828408374538,0.31376920532801994,0.25490169100938365,0.21842055213142697,0.12983685573971104,0.025332204201371403,0.002763017079157575
mp-23870,0.0,0.007714957053145219,0.021318418965599793,0.05319219013779491,0.08925062561071292,0.4356833831329383,0.8808063465972201,1.0,0.7423165272304405,0.5581627423751745,0.5577120524341681,0.3694935765132612,0.037977207446692536,0.0,0.0,0.0,0.0,0.0,0.0,0.0,0.0,0.0,0.0,0.0,0.0,0.0003540009337634446,0.03828167258483047,0.103974390459387,0.21477127580266345,0.3250002536490012,0.4013752607350944,0.4182275046529258,0.41112957000606365,0.3789032394550772,0.3036239521478815,0.22013807624650533,0.16203021420066063,0.11494866761786772,0.06600323695908375,0.07399113826934757,0.16507000754739962,0.2777187847753407,0.3726917641354128,0.3802285347740515,0.2435408561364928,0.08090235999361389,0.0,0.0,0.0,0.0,0.0
mp-23949,0.07802267439153264,0.0,0.6297065128755422,1.0,0.7774227664652184,0.23205095529880856,0.337188213698332,0.46915333487501076,0.5811806405150085,0.547808914662021,0.3538626888806148,0.0911821579979517,0.08859614682151616,0.11728017611796104,0.13095846726843088,0.14766707684926353,0.1678410038542067,0.18890132321391254,0.24592060361919496,0.3240484122924707,0.4072543194200536,0.4077920050309177,0.31403072723648895,0.25229831376611467,0.21994730605496984,0.23291221725577055,0.1962517715677356,0.16079591256187528,0.13494020339669588,0.09201179401499704,0.045741853179025224,0.015256784434834754,0.2400472787831809,0.32558070096313824,0.2361547765167063,0.024760341270066957,0.0,0.0,0.0,0.0,0.0,0.0,0.0,0.0,0.0,0.0,0.0,0.0,0.0,0.0,0.0
mp-2400,0.06822320692622454,0.0,0.0896131505491353,0.345436415417941,0.4932347034719406,0.7571543090558892,0.8265127611419044,1.0,0.9632964362407346,0.6312571307928623,0.5911820693926857,0.4983667282243047,0.40254102750380205,0.12521450864236966,0.0,0.0,0.0,0.0,0.0,0.0,0.07646041193988286,0.23925456419366598,0.260013755547684,0.13873701916483105,0.0,0.03217534702025541,0.04515618792317773,0.0,0.0,0.0,0.0,0.0,0.0,0.0,0.0,0.0,0.0,0.0,0.0,0.0,0.0,0.0,0.0,0.0,0.0,0.0,0.0,0.0,0.0,0.0,0.0
mp-24007,0.0,0.09229620254262623,0.588761297552504,1.0,0.9582640683228941,0.5109442518080756,0.07032018025553788,0.021371353821932552,0.16398717712489583,0.23893604849119138,0.27784219973047003,0.22314013529938656,0.1191503731668334,0.0257707154477866,0.0,0.0,0.0,0.0,0.0,0.0,0.0,0.0,0.0,0.0,0.007866944507908761,0.0808108817953132,0.14300537903230714,0.0779995248980836,0.12618627472717667,0.13726863373361525,0.1374078028986262,0.035532570507171596,0.0,0.0,0.0,0.0,0.0,0.0,0.0,0.0,0.0,0.0,0.0,0.0,0.0,0.0,0.0,0.0,0.0,0.0,0.0
mp-24066,0.047434783082281155,0.0,0.29042009799074897,0.5484604503405601,0.5154572206295663,0.6534430382958888,0.7603023862660886,1.0,0.7337934073227679,0.42152287412233946,0.063066663211477,0.0,0.03162468877872371,0.4888989473866013,0.6151557075701385,0.6798428856179274,0.4367505830891774,0.22103156033561916,0.0813143280970991,0.0,0.0,0.0,0.0,0.0,0.0,0.0,0.0,0.0,0.0,0.2327998654810167,0.3183540692640039,0.49295961120405357,0.3679345733176136,0.2625444770885017,0.08690281099379185,0.0,0.0,0.0,0.0,0.0,0.0,0.0,0.0,0.0,0.0,0.0,0.0,0.0,0.0,0.0,0.0
mp-24292,0.01567161566815733,0.0,0.041569498384878,0.19591166763615112,0.33933461165738776,0.4918717499549825,0.6643147166784862,0.7201675500247051,0.5836347263566182,0.2896958300289165,0.04094160177877354,0.054410316795940904,0.008750179765857161,0.0,0.0,0.0,0.0,0.0,0.0,0.0,0.0,0.0,0.0,0.0,0.0,0.10181678475923474,0.42660652942746796,0.48482285794177243,0.2762892556904196,0.0,0.0,0.0,0.0,0.0,0.0,0.0,0.0,0.0,0.40482626841426306,0.863857771135566,1.0,0.7614374663931959,0.3473046379055387,0.28138049865792264,0.0,0.0,0.0,0.0,0.0,0.0,0.0
mp-24423,0.09101627699429461,0.0,0.1387826833792942,0.4913096560493871,0.8243142943814198,1.0,0.8642076829566874,0.6263323575087755,0.2634637653479757,0.09640200869799698,0.0,0.0,0.0,0.0,0.0,0.0,0.0,0.0,0.0,0.0,0.0,0.0,0.0,0.0,0.0,0.0,0.0,0.0,0.0,0.0,0.0,0.0,0.0,0.0,0.0,0.0,0.0,0.02664787905790386,0.13126138752111213,0.17269903663102998,0.22585416691547683,0.3118604559270094,0.3734886438257483,0.317143438333925,0.18296331070201757,0.19808062674905186,0.14834746983490715,0.044399451905367524,0.0015528914791352855,0.006049949822231342,0.003781784251347122
mp-2472,0.0,0.01653721549616692,0.028909964580087277,0.06608284347270948,0.31707812310917505,0.7309466687146771,0.9051834824014148,0.6722324302015871,0.4961073133106587,0.4856407767419331,0.44534241750048775,0.4050852418189982,0.8001006954973321,1.0,0.7117103782179667,0.24492379752809293,0.02940657803661368,0.15598792917864787,0.1804790224475884,0.2133790623980734,0.2500755220250795,0.24211636696449146,0.1597680578979997,0.05518304288298517,0.0,0.0,0.002384430467233325,0.003515449672680071,0.0,0.0,0.0,0.0,0.0,0.0,0.0,0.0,0.0,0.0,0.0,0.0,0.0,0.0,0.0,0.0,0.0,0.0,0.0,0.0,0.0,0.0,0.0
mp-24721,0.0021081787534235493,0.07784843301218743,0.6206092196050482,1.0,0.782286560180267,0.19672918533628367,0.0,0.0,0.0,0.0,0.0,0.0,0.0,0.0,0.0,0.0,0.0,0.0,0.0,0.0,0.0,0.0028583114778392617,0.03674658876458983,0.20163505095821074,0.4819066878791673,0.5716745597280173,0.4063576546319121,0.11665512116037959,0.051634135674364645,0.05356202997239198,0.08078207176047847,0.0859894412253641,0.09766985402631687,0.11142639272730057,0.13966472047404138,0.15701267147336226,0.11224617255181307,0.04139173293192589,0.0,0.0,0.0,0.0,1.814618582971649e-73,1.9442813741005972e-72,0.0,0.0,0.0,0.0,0.0,0.0,0.0
mp-2488,0.06432337781098238,0.0,0.10126503288584345,0.2579890302691805,0.4791830962728305,0.6459914077132035,0.7455333481051329,0.8639248345126176,0.9586356486557845,1.0,0.6809532600505203,0.20201313391233217,0.0,0.2773894945307293,0.6657383375780344,0.9465838790498371,0.7446429675063483,0.6243390859797452,0.5805059254572321,0.21427247716871514,0.0,0.04489693751319874,0.34071860591659164,0.33500682073024957,0.5389972874188466,0.36623580225626684,0.34129071102044056,0.05318112138553489,0.0,3.085587600011157e-05,0.00011595496316636426,0.0,0.0,0.0,0.0,0.0,0.0,0.0,0.0,0.0,0.0,0.0,0.0,0.0,0.0,0.0,0.0,0.0,0.0,0.0,0.0
mp-25305,0.0,0.007817622399003299,0.025922204078525676,0.06333501967917653,0.16072282399374602,0.3779067529761471,0.6086578476179069,0.8364444693028105,0.8690522385470227,0.6552976839929484,0.5938000124454594,0.8230044271377599,1.0,0.8418395550480157,0.5574984162492859,0.5167511329601624,0.5348482769251413,0.5467543650394987,0.4482705714236262,0.3588192536319558,0.2338877281274783,0.20142974504901823,0.2020112334315091,0.44031573157232823,0.565883928338951,0.47318753616563963,0.2243223311083495,0.07301362628091733,0.05146352478810607,0.09371623782624586,0.11959073175627713,0.08876022670266816,0.029180971476418113,0.005009093149777795,0.005653003417955827,0.026495070086302856,0.06292042351970524,0.08438995759788852,0.10016994645161222,0.06649376155006803,0.009869372181482929,0.05888375529886608,0.12944497057111276,0.1462765142902681,0.07554622760322764,0.0014610531590789654,0.0062812456751744905,0.004684426806809933,0.003408684696791701,0.002597576704366164,0.001551691726639085
mp-2552,0.0,0.009393032937354868,0.025826642999149437,0.08664265302133713,0.2088959789911467,0.30957648862303894,0.33961157045421564,0.30807144533117764,0.2878327004896136,0.5736894339004213,0.9098332959049196,1.0,0.6789244115886532,0.6339492149767364,0.5958976656951169,0.5255879838598884,0.29116722275133977,0.2048300442728612,0.2954254942061189,0.3240084172835381,0.4542714016739216,0.569933397314456,0.6942314669289121,0.6799766783146771,0.3674879398937309,0.11598447404877507,0.0,0.0,0.0,0.03718240673628807,0.19056738128789463,0.3486990962403071,0.5147365748765887,0.601986957211582,0.48628184585723866,0.2098661819827131,0.0,0.1436160618434947,0.4492178252580628,0.4778233390509385,0.23664834836317392,0.0,0.0,0.0,0.0,0.0,0.0,0.0,0.0,0.0,0.0
mp-2574,0.0,0.012300382986469164,0.055477903995865205,0.13300039284581694,0.31105593417179056,0.6983534210294319,0.9069648128743332,0.9893967667444257,0.8898454318627866,0.79057760543714,0.7575262176695525,0.9165358223331864,1.0,0.8996211095231776,0.6962582834889628,0.6206052121535751,0.5105291979218568,0.3786435966608244,0.32769390542835664,0.42144741888652,0.6217756319950146,0.7447384285170261,0.642588179597013,0.41134116251441444,0.32481169667393417,0.38999234150617484,0.5298611174624209,0.7112675375038392,0.880440012898855,0.7906768727466236,0.4826896940326093,0.16678469281479294,0.06665017963114958,0.5265200856250255,0.8649582194464415,0.7305769893507101,0.21379707998338582,0.0,0.0,0.0,0.0,0.0,9.015369814416923e-64,1.023682135010607e-63,0.0,0.0,0.0,0.0,0.0,0.0,0.0
mp-2576,0.0,0.08327554440113923,0.3864298123045351,0.685230564712226,0.8552470047920068,0.9095229346358161,1.0,0.8483541312567415,0.4297174470480845,0.043190917954397834,0.0,0.0,0.0,0.0,0.0,0.0,0.0,0.0,0.0,0.0,0.0,0.0,0.0,0.0,0.0,0.0,0.0,0.0,0.0,0.0,0.0,0.0,0.0,0.0,0.0,0.0,0.0,0.0,0.0,0.0,0.0,0.0,0.0,0.0,0.0,0.0,0.0,0.0,0.0,0.0,0.0
mp-2646,0.0,0.1563711668317388,0.5664986994184694,0.8840236201747526,1.0,0.8375880815275811,0.8326721716275757,0.6895233859283272,0.6306419452032308,0.5991713591142546,0.6398491902680367,0.8311008557088702,0.7287724881561677,0.6456601484398691,0.40562311627940045,0.020825867496689267,0.0,0.01605067677170416,0.0,0.0,0.0,0.0,0.0,0.0,0.0,0.0,0.0,0.0,0.0,0.0,0.0,0.0,0.0,0.0,0.0,0.0,0.0,0.0,0.0,0.0,0.0,0.0,0.0,0.0,0.0,0.0,0.0,0.0,0.0,0.0,0.0
mp-2657,0.0133042279172429,0.02377603983482192,0.2505007426591334,0.5160113788992372,0.6329400656310736,0.49630440859317204,0.2568726361074898,0.15627619863104533,0.2389919924205981,0.5051111283070435,0.6765835642216778,0.7094447730935819,0.591010956784051,0.6669537790638972,0.7631975282407049,0.7556926169113757,0.6779179889206984,0.6138962747472613,0.7133154266930336,0.7335940773307855,0.5531255114503232,0.5532065447854864,0.8845346692129543,1.0,0.8511823056502271,0.4648452193437987,0.4990497204837356,0.4422135449578021,0.29333766485276713,0.13338498903583082,0.02143523155148068,0.0,0.0,0.07069036931924907,0.21451548354712294,0.3173636655498251,0.31805669044590495,0.32401266479057766,0.35705865062522407,0.2741013620301692,0.12020475658279513,0.0,0.0,0.0,0.0,0.0,0.0,0.0,0.0,0.0,0.0
mp-2659,0.0,0.015343203773487458,0.046339569913549365,0.09559250773054548,0.14521160204767083,0.35423897517620556,0.671081111722477,0.8855072318903,0.8265028199995302,0.6786925542742194,0.8977778424088172,1.0,0.8127547276567463,0.477136460634841,0.39561829478751126,0.4038776947109741,0.3042461775959513,0.17634917122095378,0.22253251605314994,0.19763882229972174,0.12879359518327152,0.05021333409220245,0.022613840304703793,0.01892281244988399,0.009698148417323004,0.00222511792960697,0.0,0.0,0.0,0.0,0.0,0.6999044668336153,0.9490912743025072,0.6839954258995934,0.0,0.0,0.0,0.0,0.0,0.0,0.0,0.0,0.0,0.0,0.0,0.0,0.0,0.0,0.0,0.0,0.0
mp-267,0.006007856963628467,0.010144136777020614,0.05594117258936496,0.23670303439316953,0.4267412929456441,0.5986334093669077,0.8106937936846029,0.9353635058627237,0.9405739234104882,0.7866416656719695,0.8448564425204644,1.0,0.8461372737655378,0.3899618019323744,0.0,0.017530062013047645,0.03268543110700671,0.0,0.0,0.0,0.0,0.0,0.0,0.0,0.0,0.0,0.0,0.0,0.0,0.0,0.0,0.0,0.0,0.0,0.0,0.0,0.0,0.0,0.0,0.0,0.0,0.0,0.0,0.0,0.0,0.0,0.0,0.0,0.0,0.0,0.0
mp-2693,0.04650696393582167,0.005112185543638765,0.41180747209286417,0.8502285512842022,1.0,0.972715024746268,0.8539256498574673,0.5322234562036783,0.11322148403808122,0.0,0.0,0.0,0.0,0.0,0.0,0.0,0.0,0.0,0.0,0.0,0.0,0.0,0.0,0.0,0.0,0.0,0.0,0.0,0.0,0.0,0.0,0.0,0.0,0.0,0.0,0.0,0.0,0.0,0.0,0.0,0.0,0.0,0.0,0.0,0.0,0.0,0.0,0.0,0.0,0.0,0.0
mp-2695,0.05111745934890456,0.0,0.06605539639150672,0.23203862541210257,0.45309128641775354,0.6711507447439321,0.7423145656052232,0.6496077631692437,0.5629373170722395,0.8365731228559972,1.0,0.7557929205232585,0.24535346025395743,0.0,0.0,0.0,0.0,0.0,0.0,0.0,0.0,0.0,0.0,0.0,0.0,0.0,0.0,0.0,0.0,0.0,0.0,0.0,0.0,0.0,0.0,0.0,0.0,0.0,0.0,0.0,0.0,0.0,0.0,0.0,0.0,0.0,0.0,0.0,0.0,0.0,0.0
mp-2697,0.04357529320119887,0.06019782242556776,0.1260482110643019,0.48355175399919714,0.7855495768929706,1.0,0.885991617507527,0.7331237316180798,0.5724538579295066,0.5828037937313842,0.8601313826986751,0.89261220294572,0.6681365659081872,0.2707414861353113,0.15051323376540837,0.24835574385913697,0.28795928929832865,0.23996377157112123,0.13319785083654193,0.037865954463969946,0.0013222147092618111,0.0,0.0,0.0,0.0,0.0,0.0,0.0,0.0,0.0,0.0,0.0,0.0,0.0,0.0,0.0,0.0,0.0,0.0,0.0,0.0,0.0,0.0,0.0,0.0,0.2825401490325711,0.5188981781776985,0.4735344249100624,0.14644889364543906,0.0,0.18674629734113712
mp-27193,0.15438289174270942,0.0,0.37770031066543813,0.8671416703565039,1.0,0.7396332804035985,0.2878133811742059,0.37705076868339704,0.39793457164171786,0.35143975357351653,0.07897566226183345,0.0,0.0,0.21816714974625925,0.37727365809018437,0.4329155371039666,0.2980281624366405,0.15078072522517508,0.10637779188265614,0.0,0.0,0.0,0.0,0.0,0.0,0.0,0.0,0.0,0.0,0.0,0.0,0.0,0.05575520421637652,0.2066937614296094,0.3641877480371891,0.23677566154160593,0.21612374271266788,0.18783179069982062,0.19702343949666146,0.0789459998923233,0.0,0.0,0.0,0.0,2.00506520724784e-85,4.363335849341166e-86,0.0,0.0,0.0,0.0,0.0
mp-27300,0.0,0.6770115415274477,1.0,0.9624769581783883,0.6188493903942933,0.2648203696771616,0.12770056058542842,0.029352785538230904,0.13528190658876876,0.11810691082320382,0.17008509144406903,0.19425703584746698,0.1478449480732461,0.03847205181074547,0.0,0.0,0.0,0.0,0.0,0.0,0.0,0.0,0.0,0.0,0.0,0.0,0.0,0.0,0.0,0.0,0.0,0.0,0.0,0.0,0.0,0.0,0.0,0.0,0.0,0.0,0.0,0.0,0.0,0.0,0.0,0.0,0.0,0.0,0.0,0.0,0.0
mp-27303,0.0,0.1983011794757327,0.5539321774035347,0.8669718030642154,1.0,0.8640869804723649,0.5421668493089352,0.1898186215285316,0.04010024615069093,0.12776614064741054,0.3646388694856091,0.4428701448386675,0.3252691928337985,0.12181276936312589,0.019765643318123343,0.0,0.008576133160991066,0.1306603446345857,0.15618147845113428,0.19541771175353914,0.29071481102358177,0.41969968249512657,0.38236254375481493,0.3406373209395962,0.3950557495989054,0.3506034885243796,0.18113354603793674,0.008800175996431858,0.0,0.0,0.0,7.730739555508655e-08,6.860739787719202e-08,0.0,0.0,0.0,0.0,0.0,0.0,0.0,0.0,0.0,0.0,0.0,0.0,0.0,0.0,0.0,0.0,0.0,0.0
mp-27369,0.08577623782756459,0.42607584791648,0.7869634921332506,1.0,0.6869206793464222,0.41934291701331977,0.2875783019882531,0.40536890102420253,0.3453300514681497,0.047371087368211925,0.0,0.0,0.13968964832100236,0.26935656671739694,0.30414917983278394,0.25148657636976085,0.16944619702186225,0.08016304649389791,0.0,0.0,0.0,0.0,0.0,0.0,0.0,0.0,0.0,0.0,0.0,0.0,0.0,0.0,0.0,0.0,0.0,0.0,0.0,0.0,0.0,0.0,0.0,0.0,0.0,0.0,0.0,0.0,0.0,0.0,0.0,0.0,0.0
mp-27420,0.0,0.5586331806848686,0.9248955810555554,0.8560817148407467,0.286771262460608,0.25281605348240327,0.4781923074467218,0.76735488143352,0.6537705194832724,0.7541933034017089,1.0,0.9522563647383046,0.5178593082182094,0.08637685417703683,0.0,0.0,0.0,0.0,0.0,0.0,0.0,0.0,0.0,0.0,0.2217309391101254,0.3539189618883988,0.7419977273711279,0.7694645550788896,0.5794116963997994,0.09795282774663001,0.0013795154370587828,0.0,0.0,4.251625991185686e-16,6.297785903523817e-16,0.0,0.0,0.0,0.0,0.0,0.0,0.0,0.0,0.0,0.0,0.0,0.0,0.0,0.0,0.0,0.0
mp-27421,0.0,0.3909640973166121,0.8846589436168923,1.0,0.5266192606008556,0.2002207314553479,0.29338969486726446,0.36964882506413976,0.30529214510882857,0.2456014158094436,0.7077373977020143,0.6861863212634597,0.3314560652454039,0.0,0.0,0.0,0.0,0.0,0.0,0.0,0.0,0.0,0.0,0.013568404602854271,0.12602466749260907,0.42978623719666104,0.65152678703638,0.4942307960046399,0.3005370233541746,0.0,0.0,0.0,1.291100735615946e-11,3.3201233641004074e-11,0.0,0.0,0.0,0.0,0.0,0.0,0.0,0.0,0.0,0.0,0.0,0.0,0.0,0.0,0.0,0.0,0.0
mp-27562,0.0072294640999799676,0.012719316098814373,0.06971472615800949,0.14507679589784564,0.21626774433872317,0.30606259249745826,0.41285979094714087,0.5084869499962298,0.8382406588721196,1.0,0.9337666207652636,0.7545353981299662,0.5217099760048279,0.32966570252468813,0.07987094704541381,0.008006808320483649,0.09888276100308212,0.2393715583783352,0.2731453683749312,0.23118745339090802,0.18981752863255166,0.21690085281762944,0.25173607838987605,0.34471239340141696,0.37718203750207707,0.5114584611867159,0.507638944216572,0.7080010160431033,0.6030425253288308,0.3231192400564209,0.06591360362990505,0.0,0.0,0.0,2.408352013163542e-08,9.066393971275499e-10,0.0,0.0,0.0,0.0,0.0,0.0,0.0,0.0,0.0,0.0,0.0,0.0,0.0,0.0,0.0
mp-2758,0.02042377829836779,0.0,0.10054268220146667,0.36253629890374744,0.5564838912842679,0.7152060502840958,1.0,0.9376558622472595,0.6258769277812524,0.13109490672710655,0.023666013727987205,0.0762757340637361,0.0,0.0,0.0,0.0,0.0,0.0,0.0,0.0,0.0,0.0,0.0,0.0,0.0,0.0,0.0,0.0,0.0,0.0,0.0,0.0,0.0,0.0,0.0,0.0,0.0,0.0,0.0,0.0,0.0,0.0,0.0,0.0,0.0,0.0,0.0,0.0,0.0,0.0,0.0
mp-27678,0.0,0.06887568521948116,0.166802774550228,0.31065303009161144,0.5587982627199503,0.6858683684576335,0.7365073983048983,0.745107737353754,0.7680531867656822,0.885640215781367,1.0,0.9731346921893959,0.732244034773089,0.3197628421187569,0.08280786588787524,0.0,0.0,0.0,0.0,0.0,0.0,0.0,0.0,0.0,0.0,0.0,0.0,0.0,0.0,0.0,0.0,0.0,0.0,0.0,0.0,0.0,0.0,0.0,0.0,0.0,0.0,0.0,0.0,0.0,0.0,0.0,0.0,0.0,0.0,0.0,0.0
mp-27791,0.0,0.024322196032638552,0.010596377171162522,0.04174004585665284,0.36506955295748283,0.6919584853118782,1.0,0.9559306971320184,0.6780358202179102,0.48217222882231736,0.36314505684573756,0.36928358076100787,0.47063507390745385,0.5235886578613802,0.4709745260986403,0.4326392098502316,0.4077533421651489,0.45403890469742736,0.43362691829044386,0.5151988821411995,0.47595839357602937,0.3452805307967359,0.23222303658813742,0.3639690182612107,0.4399186070505664,0.45784009607643894,0.3857427193786608,0.48660752679005065,0.49973190016891245,0.43301770967293046,0.2936907144279805,0.2237250466599237,0.20260177575768282,0.2575809065528959,0.6197158975816455,0.777016602359053,0.8929805219460757,0.6703699842512753,0.5717134387861742,0.20871336756899256,0.13690311990896242,0.435023818316422,0.5333734578197157,0.5068627737854818,0.444805737330084,0.3130830803563418,0.1482184843081291,0.018436002815316,0.0,0.03807043963459368,0.23112476482966776
mp-27827,0.0,0.39804168124431955,0.9359455118180474,1.0,0.7574268762146114,0.31101910239567643,0.1675056081444895,0.1044908863327292,0.5014223081723234,0.612671440068336,0.3564758871298173,0.0,0.198487091498333,0.16962706657464174,0.012271873568911372,0.16761442535062246,0.3014705792543674,0.2947991471571525,0.1199390334211439,0.05196627286689842,0.027325387116782136,0.0,0.0,0.002488208635971493,0.0,0.0,0.0,0.0,0.0,0.0,0.0,0.0,0.0,0.0,0.0,0.0,0.0,0.0,0.0,0.0,0.0,0.0,0.0,0.0,0.0,0.0,0.0,0.0,0.0,0.0,0.0
mp-27829,0.0,0.43919699119785344,1.0,0.9633520275786763,0.6531807284141657,0.07179401761527877,0.5805532701494555,0.7102734359924092,0.49382503558469165,0.16780272490056042,0.0,0.11469226505141335,0.3189425073457651,0.44778531376431596,0.34280748666006605,0.19959373186538085,0.03961909466358307,0.024795632508515637,0.0,0.0,0.0,0.0,0.0,0.0,0.0,0.0,0.0,0.0,0.0,0.0,0.0,0.0,0.0,0.0,0.0,0.0,0.0,0.0,0.0,0.0,0.0,0.0,0.0,0.0,0.0,0.0,0.0,0.0,0.0,0.0,0.0
mp-27831,0.0,0.658080226895801,0.9575406791004231,1.0,0.5144043567845253,0.05040373640382022,0.35108688518630665,0.5208577122962964,0.49472748747210055,0.13274999928121,0.0,0.0,0.10363471718428807,0.1436756367292121,0.2508518061272301,0.30700481733405316,0.31602007989684366,0.19559693631744646,0.0,0.021309484109886166,0.0,0.0,0.0,0.0,0.0,0.0,0.0,0.0,0.0,0.0,0.0,0.0,0.0,0.0,0.0,0.0,0.0,0.0,0.0,0.0,0.0,0.0,0.0,0.0,0.0,0.0,0.0,0.0,0.0,0.0,0.0
mp-2784,0.01893426992443535,0.04835693009020843,0.3752163620459237,0.5966365258836887,0.4793534939932754,0.4667190548858127,0.7661815268952622,1.0,0.8486036611262522,0.4840401740140509,0.1449488861178728,0.0,0.03411255493682189,0.0,0.0,0.0,0.0,0.0,0.0,0.0,0.0,0.0,0.0,0.0,0.0,0.0,0.0,0.0,0.0,0.0,0.0,0.0,0.0,0.0,0.0,0.0,0.0,0.0,0.0,0.0,0.0,0.0,0.0,0.0,0.0,0.0,0.0,0.0,0.0,0.0,0.0
